reference,subtype,gene,donors,effect,positive_fraction,p,loo_min,q
all,HRGC10,ENPP2,8,-0.39130457460550727,0.25,0.12348527214454895,-0.555814550637401,0.17409782220613645
all,HRGC10,GDF6,8,0.8388744555242251,0.375,0.3454475304692257,0.40093734201351233,0.42046172449919594
all,HRGC10,GNAI1,8,0.18484837067752463,0.625,0.5754030229127536,0.04547212394854627,0.6337354945722443
all,HRGC10,CHRNB2,8,0.053576209961752275,0.75,0.6744240722352938,-0.08655515194894337,0.7211338803973979
all,HRGC10,GLDN,8,-1.8709403431822715,0.125,0.017290280592906247,-2.262699645026988,0.031898211576011526
all,HRGC10,DLGAP1,8,-0.5408408281886818,0.0,0.011718685599768632,-0.5963416485568221,0.023122070241695956
all,HRGC10,DTX3L,8,-0.25939517602872075,0.25,0.39802471950693774,-0.45238376529819657,0.46532515706725897
all,HRGC10,LPAR1,8,-0.5467068002079973,0.375,0.32698934959801507,-0.9607619439576123,0.40132584051081344
all,HRGC10,PDLIM5,8,-2.2985462235456735,0.0,0.011718685599768632,-2.554364106168373,0.023122070241695956
all,HRGC10,KIAA1217,8,-1.0410707212720536,0.25,0.03569190011680441,-1.211620023310729,0.059826423052929296
all,HRGC10,FGF18,8,0.27864576268751,0.5,0.5754030229127536,-0.05831008879387799,0.6337354945722443
all,HRGC10,MAN1A2,8,0.04326128283656805,0.5,0.5754030229127536,0.002961388479304589,0.6337354945722443
all,HRGC10,IGF1,8,0.606169156146348,0.375,0.49896229860376107,0.3326021079982463,0.564378949577519
all,HRGC10,IGFBP5,8,-2.057227450794122,0.0,0.011718685599768632,-2.3298780590548764,0.023122070241695956
all,HRGC10,IL1RAPL2,8,-2.852477546696469,0.0,0.011718685599768632,-3.047895383638521,0.023122070241695956
all,HRGC10,IRX1,8,-1.4199122383920537,0.0,0.011718685599768632,-1.6085929766661253,0.023122070241695956
all,HRGC10,SLC16A2,8,0.5806411809631955,0.625,0.40081416938293446,0.10581359965804989,0.46532515706725897
all,HRGC10,OPN4,8,-0.692578268959032,0.25,0.20757844233562428,-1.0335889039798007,0.27427782170472875
all,HRGC10,OSTF1,8,-0.6260328068051257,0.125,0.0687035743228782,-0.8018095552064005,0.1055133427646297
all,HRGC10,KSR1,8,-0.5286801461545321,0.0,0.011718685599768632,-0.5976981491752744,0.023122070241695956
all,HRGC10,SLC7A8,8,0.2729637744439125,0.875,0.025061844343883612,0.2102925653131727,0.04410884604523516
all,HRGC10,KCNC4,8,0.5021742485332599,0.875,0.025061844343883612,0.3905743911355074,0.04410884604523516
all,HRGC10,PLEKHA2,8,1.0157577099746204,0.875,0.04994997645474642,0.8249394533586537,0.08035828021970173
all,HRGC10,TMEM200A,8,0.5471355356964034,0.75,0.20757844233562428,0.25227338318617354,0.27427782170472875
all,HRGC10,SRPX2,8,0.5446228121048454,0.25,0.8657723749926214,0.2866921713954481,0.8879716666590989
all,HRGC10,TGFBR3,8,0.21306754937429467,0.5,0.5754030229127536,0.06716191337438669,0.6337354945722443
all,HRGC10,SLC44A5,8,0.4863662515860434,0.75,0.16142946236708322,0.29963432065988566,0.21821494144859177
all,HRGC10,SDK1,8,0.061768113413824155,0.625,0.6744240722352938,-0.05149847489842355,0.7211338803973979
all,HRGC10,CAV2,8,0.25525983307598543,0.625,0.2626182904425206,0.1278861418026819,0.33062102373307317
all,HRGC10,TMEM144,8,-1.6454198677633187,0.0,0.011718685599768632,-1.8395269153393596,0.023122070241695956
all,HRGC10,RBMS3,8,0.6197870931222542,0.625,0.09289194088370531,0.4920313386949923,0.13715588586855817
all,HRGC10,VAT1L,8,-0.16135678035925705,0.5,0.40081416938293446,-0.271354838123322,0.46532515706725897
all,HRGC10,HFE,8,-0.14045428196575555,0.0,0.027707849358079868,-0.1605191793894349,0.04790355095306539
all,HRGC10,BRINP1,8,-0.5965091227290362,0.0,0.011718685599768632,-0.6660112750569779,0.023122070241695956
all,HRGC10,PARM1,8,-1.1055063091010031,0.0,0.011718685599768632,-1.2075272517866047,0.023122070241695956
all,HRGC10,VEGFC,8,0.6099467654178765,0.25,0.6744240722352938,0.21610247956017162,0.7211338803973979
all,HRGC10,ITGA7,8,0.4854387062688548,0.625,0.09289194088370531,0.378116502058979,0.13715588586855817
all,HRGC10,PTPRT,8,-2.264048934145624,0.0,0.011718685599768632,-2.5388894502138832,0.023122070241695956
all,HRGC10,SHROOM3,8,0.35209243824747405,0.625,0.6744240722352938,0.07592542919948528,0.7211338803973979
all,HRGC10,CTXN3,8,-0.2061523047690318,0.0,0.017960477526078763,-0.2356026340217506,0.032996284390290835
all,HRGC10,DDX60,8,0.2461624923689527,0.625,0.8886378608950078,-0.19965097535288415,0.9030038309325714
all,HRGC10,KBTBD11,8,-0.03390378769250374,0.25,0.8657723749926214,-0.2738340239256732,0.8879716666590989
all,HRGC10,MAN1A1,8,0.143053980725778,0.625,0.8886378608950078,-0.0767714512029842,0.9030038309325714
all,HRGC10,RASGRP1,8,0.2662217599526638,0.375,0.8886378608950078,-0.1488138156329955,0.9030038309325714
all,HRGC11,ENPP2,10,0.257188382543052,0.5,0.7212766990291557,-0.00029513156152259786,0.758331535418945
all,HRGC11,GDF6,10,-0.022063529683348678,0.0,0.06788915486182899,-0.02451503298149853,0.1055133427646297
all,HRGC11,GNAI1,10,-0.08604618725691085,0.4,0.5750621301739497,-0.14352105568837606,0.6337354945722443
all,HRGC11,CHRNB2,10,-0.08240850157557053,0.5,0.7212766990291557,-0.1826299314317724,0.758331535418945
all,HRGC11,GLDN,10,-0.9298419917739761,0.1,0.02841686417486375,-1.1298422176001648,0.04884148530054707
all,HRGC11,DLGAP1,10,-0.17848211433067043,0.1,0.012515318690073973,-0.21221615798083113,0.02436610718421481
all,HRGC11,DTX3L,10,-0.40237245049735443,0.2,0.012515318690073973,-0.4569691909740307,0.02436610718421481
all,HRGC11,LPAR1,10,0.0696248560800097,0.5,0.5750621301739497,-0.06314811990244329,0.6337354945722443
all,HRGC11,PDLIM5,10,0.13221490748330816,0.6,0.24112136827741837,0.08881007712058232,0.3093102100351723
all,HRGC11,KIAA1217,10,-0.43920132803326634,0.5,0.4445867389117455,-0.6554908581953682,0.5100864801073481
all,HRGC11,FGF18,10,-0.2465940269574216,0.3,0.24112136827741837,-0.42705933896912474,0.3093102100351723
all,HRGC11,MAN1A2,10,-0.0101688902985007,0.5,0.9593536340401635,-0.045773127673370655,0.9670460457678624
all,HRGC11,IGF1,10,-0.4925095676630451,0.3,0.1688069535565081,-0.6737919439124841,0.2274886969827368
all,HRGC11,IGFBP5,10,-1.0997177685673272,0.2,0.036657928672214506,-1.393952806197753,0.061212480515272796
all,HRGC11,IL1RAPL2,10,-0.32478963559490576,0.0,0.005062032126267864,-0.35714204030469315,0.012305492461645636
all,HRGC11,IRX1,10,-0.49505464654023645,0.5,0.4445867389117455,-0.6222791715146092,0.5100864801073481
all,HRGC11,SLC16A2,10,-0.010786000830492637,0.5,0.9593536340401635,-0.18193218272776263,0.9670460457678624
all,HRGC11,OPN4,10,-0.5683926342433098,0.5,0.5750621301739497,-0.7319110463296538,0.6337354945722443
all,HRGC11,OSTF1,10,0.019874644436788592,0.6,0.6464622026641696,-0.033112392768020506,0.7031974516000857
all,HRGC11,KSR1,10,0.17355430932204213,0.7,0.11412832776223866,0.13339220435296628,0.16464414496847543
all,HRGC11,SLC7A8,10,-0.4042230234430232,0.1,0.0069104298078148,-0.4620935823750463,0.016087773097558267
all,HRGC11,KCNC4,10,0.31042673688819905,0.7,0.09260069782067576,0.20124549431199698,0.13715588586855817
all,HRGC11,PLEKHA2,10,-0.7446156566048484,0.3,0.036657928672214506,-0.8711081508824433,0.061212480515272796
all,HRGC11,TMEM200A,10,-0.1457485021565355,0.4,0.3328797545683888,-0.22604775554678794,0.40741889293488476
all,HRGC11,SRPX2,10,-0.07731417642871181,0.0,0.027707849358079868,-0.08590464047634645,0.04790355095306539
all,HRGC11,TGFBR3,10,-0.5316501363693595,0.2,0.20262160771231197,-0.7682707021449283,0.270162143616416
all,HRGC11,SLC44A5,10,2.423292173534704,0.9,0.0069104298078148,2.268004462897949,0.016087773097558267
all,HRGC11,SDK1,10,-0.3498966653517382,0.2,0.012515318690073973,-0.40281649383604484,0.02436610718421481
all,HRGC11,CAV2,10,-0.5355357514702039,0.4,0.09260069782067576,-0.6341400705762587,0.13715588586855817
all,HRGC11,TMEM144,10,-0.17240073689458052,0.3,0.2845026979112075,-0.2518442321392463,0.354483067518621
all,HRGC11,RBMS3,10,-0.2926398183734005,0.2,0.02841686417486375,-0.3532871816919117,0.04884148530054707
all,HRGC11,VAT1L,10,-0.5303167491973414,0.2,0.016604878103722732,-0.5984053212213203,0.03183506041672332
all,HRGC11,HFE,10,-0.18156217446826123,0.0,0.011718685599768632,-0.20173574940917913,0.023122070241695956
all,HRGC11,BRINP1,10,-0.2261111240012216,0.2,0.07446183141740548,-0.28021705781149986,0.11336749419951007
all,HRGC11,PARM1,10,-0.1312803855033427,0.3,0.3328797545683888,-0.19898354632214005,0.40741889293488476
all,HRGC11,VEGFC,10,0.013655375280160902,0.3,0.7212766990291557,-0.14952125483418896,0.758331535418945
all,HRGC11,ITGA7,10,-0.06694180831237126,0.5,0.7212766990291557,-0.1305509902650247,0.758331535418945
all,HRGC11,PTPRT,10,-0.5815196481016267,0.3,0.24112136827741837,-0.9785788095694853,0.3093102100351723
all,HRGC11,SHROOM3,10,1.9994077365340595,1.0,0.005062032126267864,1.7926206188818332,0.012305492461645636
all,HRGC11,CTXN3,10,-0.15670371856346138,0.1,0.07446183141740548,-0.27841426419222925,0.11336749419951007
all,HRGC11,DDX60,10,0.4455091804774038,0.7,0.1688069535565081,0.2797567492349773,0.2274886969827368
all,HRGC11,KBTBD11,10,1.7973536262675065,0.9,0.0069104298078148,1.6945743291853104,0.016087773097558267
all,HRGC11,MAN1A1,10,-0.09356553481990168,0.7,0.3862707203664827,-0.3954228042833859,0.46100409795315045
all,HRGC11,RASGRP1,10,0.15618831667707492,0.6,0.20262160771231197,0.0723046846401071,0.270162143616416
all,HRGC12,ENPP2,8,-0.4188616824235273,0.25,0.32698934959801507,-0.5922841140652254,0.40132584051081344
all,HRGC12,GDF6,8,-0.06255510026888715,0.0,0.011718685599768632,-0.06762839621435722,0.023122070241695956
all,HRGC12,GNAI1,8,0.317309783549802,0.75,0.12348527214454895,0.2109809315322298,0.17409782220613645
all,HRGC12,CHRNB2,8,-0.5625692810988036,0.5,0.6744240722352938,-0.8419764558960706,0.7211338803973979
all,HRGC12,GLDN,8,-1.604656911581799,0.125,0.025061844343883612,-2.0147534507197085,0.04410884604523516
all,HRGC12,DLGAP1,8,-0.46978031197380066,0.0,0.011718685599768632,-0.5108855522428042,0.023122070241695956
all,HRGC12,DTX3L,8,-0.12036954610971494,0.5,0.6744240722352938,-0.3395221416614163,0.7211338803973979
all,HRGC12,LPAR1,8,-1.1817714568924986,0.25,0.04994997645474642,-1.5150209353944064,0.08035828021970173
all,HRGC12,PDLIM5,8,-3.7504802144568763,0.0,0.011718685599768632,-3.9657241715031204,0.023122070241695956
all,HRGC12,KIAA1217,8,-2.181716995579913,0.125,0.017290280592906247,-2.559576328281544,0.031898211576011526
all,HRGC12,FGF18,8,1.2882917948207508,0.75,0.03569190011680441,0.9510224371414192,0.059826423052929296
all,HRGC12,MAN1A2,8,0.1263246311880657,0.75,0.16142946236708322,0.06981912410814152,0.21821494144859177
all,HRGC12,IGF1,8,-0.025103534814100992,0.125,0.16142946236708322,-0.40672428410990624,0.21821494144859177
all,HRGC12,IGFBP5,8,1.5355689404385116,0.75,0.03569190011680441,1.3516426927653402,0.059826423052929296
all,HRGC12,IL1RAPL2,8,-5.493003903875602,0.0,0.011718685599768632,-5.9847016936053175,0.023122070241695956
all,HRGC12,IRX1,8,-2.9359787399332653,0.0,0.011718685599768632,-3.268910151857928,0.023122070241695956
all,HRGC12,SLC16A2,8,0.6322454518760653,0.75,0.16142946236708322,0.4271032520631857,0.21821494144859177
all,HRGC12,OPN4,8,-0.29417523563311204,0.5,0.5754030229127536,-0.40378268045687266,0.6337354945722443
all,HRGC12,OSTF1,8,-0.29096571066168886,0.25,0.12348527214454895,-0.37450699118509956,0.17409782220613645
all,HRGC12,KSR1,8,-0.10652624765109586,0.375,0.40081416938293446,-0.17239500007141828,0.46532515706725897
all,HRGC12,SLC7A8,8,0.3902284858575672,0.75,0.03569190011680441,0.3142391129588796,0.059826423052929296
all,HRGC12,KCNC4,8,-0.1253399761335381,0.5,0.4838398513935682,-0.2514507442731752,0.5479782100725097
all,HRGC12,PLEKHA2,8,2.289133755396438,1.0,0.011718685599768632,2.1849384666178,0.023122070241695956
all,HRGC12,TMEM200A,8,-1.9805758867109697,0.0,0.011718685599768632,-2.24491681893534,0.023122070241695956
all,HRGC12,SRPX2,8,-0.03926983189884771,0.0,0.011718685599768632,-0.042939183137407175,0.023122070241695956
all,HRGC12,TGFBR3,8,-0.3663820668198137,0.25,0.40081416938293446,-0.6607136671974292,0.46532515706725897
all,HRGC12,SLC44A5,8,0.169320030490389,0.625,0.6744240722352938,-0.15581329090625254,0.7211338803973979
all,HRGC12,SDK1,8,1.5812427640913622,1.0,0.011718685599768632,1.4424447202096375,0.023122070241695956
all,HRGC12,CAV2,8,0.18962094330069695,0.625,0.40081416938293446,0.03457321698284309,0.46532515706725897
all,HRGC12,TMEM144,8,0.23521763865607864,0.5,0.40081416938293446,0.10465650155555073,0.46532515706725897
all,HRGC12,RBMS3,8,1.0307831240392504,1.0,0.011718685599768632,0.927825085048326,0.023122070241695956
all,HRGC12,VAT1L,8,-2.17165089132713,0.0,0.011718685599768632,-2.3500553809292413,0.023122070241695956
all,HRGC12,HFE,8,-0.08832654025520639,0.0,0.011718685599768632,-0.09846257645974353,0.023122070241695956
all,HRGC12,BRINP1,8,-0.14507175581638432,0.25,0.20757844233562428,-0.20726033116253223,0.27427782170472875
all,HRGC12,PARM1,8,0.5459131790904658,0.875,0.025061844343883612,0.4659073946017501,0.04410884604523516
all,HRGC12,VEGFC,8,0.05090664787767166,0.125,0.16142946236708322,-0.17658602994201417,0.21821494144859177
all,HRGC12,ITGA7,8,-0.05625962884311575,0.625,1.0,-0.1752021827626069,1.0
all,HRGC12,PTPRT,8,0.7917974983038929,0.75,0.2626182904425206,0.3576463536746048,0.33062102373307317
all,HRGC12,SHROOM3,8,-0.731567683628228,0.25,0.12348527214454895,-1.022998301698705,0.17409782220613645
all,HRGC12,CTXN3,8,-0.24140832655134237,0.0,0.011718685599768632,-0.2637735559048941,0.023122070241695956
all,HRGC12,DDX60,8,1.3387443482210557,0.875,0.017290280592906247,1.1526735279923987,0.031898211576011526
all,HRGC12,KBTBD11,8,-0.14769041240772676,0.25,0.5754030229127536,-0.42809610337247955,0.6337354945722443
all,HRGC12,MAN1A1,8,1.3401030560732405,0.875,0.0687035743228782,0.9805537494726169,0.1055133427646297
all,HRGC12,RASGRP1,8,0.26057806226947855,0.75,0.16142946236708322,0.11742256941244276,0.21821494144859177
all,HRGC7,ENPP2,36,1.370488687404359,0.8888888888888888,1.4131109819913214e-06,1.3323384353460412,8.074919897093265e-06
all,HRGC7,GDF6,36,-0.02791180393404881,0.027777777777777776,0.0003182171803150673,-0.03632805780218041,0.0012728687212602695
all,HRGC7,GNAI1,36,-0.06875809018468435,0.3055555555555556,0.2579871672986084,-0.09612472641518714,0.32713070205010863
all,HRGC7,CHRNB2,36,-0.23610283197142762,0.3055555555555556,0.024664820843721597,-0.27077777871158415,0.043937332677074906
all,HRGC7,GLDN,36,-1.9899496835108015,0.0,1.680295787277147e-07,-2.0220484823523677,1.8716997688066983e-06
all,HRGC7,DLGAP1,36,-0.3581020853522736,0.1111111111111111,3.884841524874758e-07,-0.36981580983275375,2.670828548351396e-06
all,HRGC7,DTX3L,36,0.380874420864435,0.6944444444444444,0.0038432886698952663,0.3439845797052082,0.00974666867293324
all,HRGC7,LPAR1,36,-1.2378870702969917,0.027777777777777776,1.990738731181765e-07,-1.2794552454473502,1.9251099818021462e-06
all,HRGC7,PDLIM5,36,0.23585933736378412,0.8333333333333334,6.5153863633941635e-06,0.21749899075948306,3.352947368296411e-05
all,HRGC7,KIAA1217,36,2.856384975208124,0.9722222222222222,1.829161137697455e-07,2.797365459830002,1.8716997688066983e-06
all,HRGC7,FGF18,36,0.05006294348774342,0.6111111111111112,0.6829250190202224,0.01750345698196542,0.7284533536215706
all,HRGC7,MAN1A2,36,0.06916191628535501,0.6388888888888888,0.04601638154088445,0.05833722486211115,0.07611732284958331
all,HRGC7,IGF1,36,-0.2627179995435127,0.19444444444444445,0.004039824419099393,-0.3246057781000654,0.010157272825164189
all,HRGC7,IGFBP5,36,1.3495633214365041,0.8611111111111112,3.314040340449873e-06,1.2374873769705972,1.8114009314260175e-05
all,HRGC7,IL1RAPL2,36,-5.342939986579008,0.0,1.680295787277147e-07,-5.388877416249645,1.8716997688066983e-06
all,HRGC7,IRX1,36,-1.6674634245683655,0.0,1.680295787277147e-07,-1.7100483839211758,1.8716997688066983e-06
all,HRGC7,SLC16A2,36,0.32380730761993193,0.7777777777777778,0.024664820843721597,0.2729616832228248,0.043937332677074906
all,HRGC7,OPN4,36,-1.0127985237211488,0.1111111111111111,1.3500638564519358e-05,-1.0878460889475068,6.600312187098353e-05
all,HRGC7,OSTF1,36,0.09881341661616072,0.6388888888888888,0.07329240566298952,0.0851275259350939,0.11197450865178954
all,HRGC7,KSR1,36,-0.12486461617584076,0.3055555555555556,0.003141029515924252,-0.13666785967558323,0.008608608017394083
all,HRGC7,SLC7A8,36,0.7786977661822025,1.0,1.680295787277147e-07,0.7599810746800206,1.8716997688066983e-06
all,HRGC7,KCNC4,36,-0.5674836820519584,0.19444444444444445,4.1232960387148044e-05,-0.597105500507769,0.00018607694943943733
all,HRGC7,PLEKHA2,36,0.7740165332847142,0.8888888888888888,6.593803249100275e-05,0.7252772923626436,0.0002886839233436936
all,HRGC7,TMEM200A,36,-4.086328816030093,0.0,1.680295787277147e-07,-4.15640669792493,1.8716997688066983e-06
all,HRGC7,SRPX2,36,0.0006465163819187387,0.1111111111111111,0.018554892252216026,-0.01989680540688448,0.03396385542116069
all,HRGC7,TGFBR3,36,-1.2983809496789378,0.027777777777777776,1.829161137697455e-07,-1.33862480037542,1.8716997688066983e-06
all,HRGC7,SLC44A5,36,0.05695378340791852,0.5,0.8504636310822052,-0.017327291097027925,0.8763559664547315
all,HRGC7,SDK1,36,1.6060604517248607,1.0,1.680295787277147e-07,1.5729713989261211,1.8716997688066983e-06
all,HRGC7,CAV2,36,-2.2727715604357823,0.0,1.680295787277147e-07,-2.315213889557039,1.8716997688066983e-06
all,HRGC7,TMEM144,36,0.9320757946711632,1.0,1.680295787277147e-07,0.9012801611572375,1.8716997688066983e-06
all,HRGC7,RBMS3,36,-1.091621091756045,0.027777777777777776,1.829161137697455e-07,-1.1235361592792243,1.8716997688066983e-06
all,HRGC7,VAT1L,36,-1.228271757650495,0.0,1.680295787277147e-07,-1.252101118964705,1.8716997688066983e-06
all,HRGC7,HFE,36,-0.1279186934560509,0.05555555555555555,1.59544581241863e-05,-0.14436148699634904,7.672089152614175e-05
all,HRGC7,BRINP1,36,-0.003006812920502718,0.5555555555555556,0.9373882722307465,-0.017177938002119638,0.9471597837875754
all,HRGC7,PARM1,36,-1.3151127310542472,0.0,1.680295787277147e-07,-1.3526690415882108,1.8716997688066983e-06
all,HRGC7,VEGFC,36,0.05954684546871866,0.2222222222222222,0.2852805156605517,0.0024201954901412748,0.354483067518621
all,HRGC7,ITGA7,36,0.04699856041566027,0.5555555555555556,0.36218297344598505,0.006561266747825949,0.43660413237324225
all,HRGC7,PTPRT,36,-1.7247857418484256,0.08333333333333333,6.350144758453308e-07,-1.7950015673086765,3.991519562456365e-06
all,HRGC7,SHROOM3,36,-0.3864610067699658,0.3055555555555556,0.004039824419099393,-0.4321015010072677,0.010157272825164189
all,HRGC7,CTXN3,36,-0.27309265349916056,0.0,1.680295787277147e-07,-0.27911878805347623,1.8716997688066983e-06
all,HRGC7,DDX60,36,-0.12995831342394892,0.4722222222222222,0.43214362272072593,-0.18591873569716946,0.4971063895349527
all,HRGC7,KBTBD11,36,0.10964406815682165,0.5555555555555556,0.6374142004818293,0.046781778034968115,0.6950737254324781
all,HRGC7,MAN1A1,36,-0.9210300799370583,0.16666666666666666,5.3996741764633145e-05,-1.0136522858418673,0.0002399855189539251
all,HRGC7,RASGRP1,36,-0.8354300875488827,0.05555555555555555,2.3562813823626276e-07,-0.8614900541512848,2.1947377237923977e-06
all,HRGC8,ENPP2,12,-0.010209640319940169,0.3333333333333333,0.6948866023724733,-0.22964710207362024,0.7358606619588165
all,HRGC8,GDF6,12,-0.029608282339335334,0.0,0.011718685599768632,-0.032299944370184,0.023122070241695956
all,HRGC8,GNAI1,12,-0.5202833977526594,0.4166666666666667,0.38818640520827785,-0.6210258678800511,0.46100409795315045
all,HRGC8,CHRNB2,12,-0.5042394529482376,0.3333333333333333,0.20942675696103719,-0.6453856367876107,0.2754791421909009
all,HRGC8,GLDN,12,-0.624681163291747,0.5833333333333334,0.38818640520827785,-0.7367104461014837,0.46100409795315045
all,HRGC8,DLGAP1,12,-0.13379162257081179,0.3333333333333333,0.03417047269222941,-0.15359573738205673,0.05827522474643776
all,HRGC8,DTX3L,12,-0.5610606647462487,0.25,0.04986020375690695,-0.6883801018785962,0.08035828021970173
all,HRGC8,LPAR1,12,0.1280227850078881,0.4166666666666667,0.7536837177261574,-0.09443168770593485,0.7876979472672428
all,HRGC8,PDLIM5,12,-0.3573894929857711,0.16666666666666666,0.009632975772588676,-0.40342865142435913,0.0217359453330206
all,HRGC8,KIAA1217,12,2.681264548310464,1.0,0.00221772146423705,2.555861966544758,0.006593225974758797
all,HRGC8,FGF18,12,0.0990664915706342,0.5833333333333334,0.8139453463016609,-0.075315932843644,0.8406947238796497
all,HRGC8,MAN1A2,12,-0.021596667832697314,0.5,0.7536837177261574,-0.05808600983396255,0.7876979472672428
all,HRGC8,IGF1,12,3.2041372188477744,1.0,0.00221772146423705,3.063246677145213,0.006593225974758797
all,HRGC8,IGFBP5,12,0.08719286334807891,0.6666666666666666,0.38818640520827785,-0.039500196412569126,0.46100409795315045
all,HRGC8,IL1RAPL2,12,-0.550746857522224,0.08333333333333333,0.00764908205529392,-0.6211630978123367,0.017529146376715234
all,HRGC8,IRX1,12,-0.6002040295882921,0.08333333333333333,0.015022338553107785,-0.7131273007400982,0.0290541932455711
all,HRGC8,SLC16A2,12,0.6220666426983575,0.6666666666666666,0.1823383541807685,0.48062415792460916,0.24385676546972077
all,HRGC8,OPN4,12,-0.5402170035711585,0.3333333333333333,0.23931654122149526,-0.7040721301989856,0.30834342060749026
all,HRGC8,OSTF1,12,-0.10130887642739965,0.4166666666666667,0.5829195472688132,-0.1555673378363905,0.6404109882603691
all,HRGC8,KSR1,12,-0.2050722546721444,0.4166666666666667,0.09948088075636445,-0.2404276873493526,0.14614887323138684
all,HRGC8,SLC7A8,12,0.04399767990139739,0.4166666666666667,0.7536837177261574,-0.020778164483646385,0.7876979472672428
all,HRGC8,KCNC4,12,-0.14902835065722583,0.5,0.7536837177261574,-0.2196853938802337,0.7876979472672428
all,HRGC8,PLEKHA2,12,-0.39580594957493004,0.4166666666666667,0.38818640520827785,-0.6064922941163626,0.46100409795315045
all,HRGC8,TMEM200A,12,0.09389758837055717,0.5,0.6948866023724733,-0.009543176563346386,0.7358606619588165
all,HRGC8,SRPX2,12,-0.02724248037208683,0.0,0.017960477526078763,-0.029719069496821994,0.032996284390290835
all,HRGC8,TGFBR3,12,-0.6471766061997498,0.3333333333333333,0.272095182736126,-0.7914124262220823,0.34108797835867644
all,HRGC8,SLC44A5,12,2.3150274526802743,1.0,0.00221772146423705,2.1862024423837734,0.006593225974758797
all,HRGC8,SDK1,12,0.09617294074290388,0.5833333333333334,0.5302845968336095,-0.003498348616847512,0.5967396997616066
all,HRGC8,CAV2,12,0.08604700165434591,0.5,0.5829195472688132,0.004815902229007498,0.6404109882603691
all,HRGC8,TMEM144,12,-0.22518761209630303,0.3333333333333333,0.13609738111439365,-0.29361459032119286,0.18980300377284692
all,HRGC8,RBMS3,12,-0.316376288636718,0.4166666666666667,0.13609738111439365,-0.38022826093191936,0.18980300377284692
all,HRGC8,VAT1L,12,0.489804521109175,0.9166666666666666,0.00764908205529392,0.4305112889806628,0.017529146376715234
all,HRGC8,HFE,12,0.06348122933704224,0.16666666666666666,0.5146697234497355,-0.025937378613126203,0.5806530213279066
all,HRGC8,BRINP1,12,-0.17749889504749686,0.4166666666666667,0.20942675696103719,-0.21914798444318395,0.2754791421909009
all,HRGC8,PARM1,12,-0.4391635310609833,0.16666666666666666,0.015022338553107785,-0.5044091463775774,0.0290541932455711
all,HRGC8,VEGFC,12,0.8142778201869962,0.4166666666666667,0.38818640520827785,0.5594510177200077,0.46100409795315045
all,HRGC8,ITGA7,12,-0.16269257330788922,0.5,1.0,-0.2743602954556431,1.0
all,HRGC8,PTPRT,12,2.435123107509886,1.0,0.00221772146423705,2.1958878305304115,0.006593225974758797
all,HRGC8,SHROOM3,12,2.2298967647595975,1.0,0.00221772146423705,2.110844142121373,0.006593225974758797
all,HRGC8,CTXN3,12,-0.18806273852739472,0.08333333333333333,0.03417047269222941,-0.292319368303142,0.05827522474643776
all,HRGC8,DDX60,12,-0.35581348524014295,0.3333333333333333,0.23931654122149526,-0.49493997423846997,0.30834342060749026
all,HRGC8,KBTBD11,12,1.118122728208426,0.8333333333333334,0.018602929901135743,0.966998578602027,0.03396385542116069
all,HRGC8,MAN1A1,12,2.35408841851454,0.9166666666666666,0.0037017494066892416,2.1797251694662494,0.00941485398233102
all,HRGC8,RASGRP1,12,0.0733598626466871,0.6666666666666666,0.38818640520827785,0.006324760326382638,0.46100409795315045
all,HRGC9,ENPP2,11,-0.13672873819957135,0.36363636363636365,0.6566419342620566,-0.2782529102499695,0.712509127189408
all,HRGC9,GDF6,11,0.08895128474807497,0.09090909090909091,0.050460608611093596,-0.04582690133319981,0.08073697377774976
all,HRGC9,GNAI1,11,0.07645940866972384,0.6363636363636364,0.5336947142111965,-0.011251914640012472,0.5982819726189209
all,HRGC9,CHRNB2,11,0.2673215334336971,0.6363636363636364,0.24774620591207197,0.15105088165834513,0.31550891635690786
all,HRGC9,GLDN,11,-1.655492804878231,0.09090909090909091,0.0058470757973204815,-1.865091186712318,0.013944245803907924
all,HRGC9,DLGAP1,11,-0.5932881117568303,0.0,0.003345618115850882,-0.6332777770877108,0.008608608017394083
all,HRGC9,DTX3L,11,-0.15443716557134288,0.45454545454545453,0.4235963177660037,-0.274705515341902,0.4879119890498472
all,HRGC9,LPAR1,11,1.7078980832622692,0.9090909090909091,0.0058470757973204815,1.4473154052558457,0.013944245803907924
all,HRGC9,PDLIM5,11,-3.2444962949036564,0.0,0.003345618115850882,-3.3172245574080974,0.008608608017394083
all,HRGC9,KIAA1217,11,-1.6677244078125584,0.18181818181818182,0.009925485845323259,-1.8902660379797762,0.02222500647298847
all,HRGC9,FGF18,11,0.5429196430987807,0.5454545454545454,0.21322298815094953,0.3716473005146138,0.2788056903013902
all,HRGC9,MAN1A2,11,0.368534950347326,0.9090909090909091,0.009925485845323259,0.2897659816841999,0.02222500647298847
all,HRGC9,IGF1,11,-0.43108495745794323,0.0,0.003345618115850882,-0.44803956225932434,0.008608608017394083
all,HRGC9,IGFBP5,11,-2.277763103697066,0.09090909090909091,0.004439092656792155,-2.516204266846734,0.01103503259315564
all,HRGC9,IL1RAPL2,11,-5.1663240814407585,0.0,0.003345618115850882,-5.369782699012395,0.008608608017394083
all,HRGC9,IRX1,11,-3.042049138907144,0.0,0.003345618115850882,-3.2097864513064507,0.008608608017394083
all,HRGC9,SLC16A2,11,0.06713647272445429,0.5454545454545454,0.8588630128278887,-0.07643409983756669,0.8839759664193474
all,HRGC9,OPN4,11,0.0010421013557657878,0.5454545454545454,0.9291527647091152,-0.25503282454183485,0.9419981946359693
all,HRGC9,OSTF1,11,0.11262626372296608,0.8181818181818182,0.21322298815094953,0.06820583972360014,0.2788056903013902
all,HRGC9,KSR1,11,-0.3510064014874014,0.18181818181818182,0.026231237263180107,-0.4345294399797754,0.04589162781629919
all,HRGC9,SLC7A8,11,1.257208083604266,1.0,0.003345618115850882,1.1971913264142269,0.008608608017394083
all,HRGC9,KCNC4,11,1.3591885232602035,1.0,0.003345618115850882,1.2862227396612476,0.008608608017394083
all,HRGC9,PLEKHA2,11,2.2289621934975274,1.0,0.003345618115850882,2.1195277464330378,0.008608608017394083
all,HRGC9,TMEM200A,11,0.3528146627369747,0.8181818181818182,0.009925485845323259,0.2966368125254789,0.02222500647298847
all,HRGC9,SRPX2,11,-0.03508820539576601,0.0,0.005062032126267864,-0.03859702593534261,0.012305492461645636
all,HRGC9,TGFBR3,11,0.06737676640693441,0.5454545454545454,0.789675102094056,-0.024177685766671918,0.8185089397441334
all,HRGC9,SLC44A5,11,0.5140952779247614,0.8181818181818182,0.07536823868947248,0.409918510328961,0.11415499147458828
all,HRGC9,SDK1,11,1.11085209799361,1.0,0.003345618115850882,1.0426185284758684,0.008608608017394083
all,HRGC9,CAV2,11,-0.06844355383317388,0.45454545454545453,0.5937116848746408,-0.15560481944820084,0.6498336849374178
all,HRGC9,TMEM144,11,-1.8184741880349378,0.0,0.003345618115850882,-1.9584723733971188,0.008608608017394083
all,HRGC9,RBMS3,11,0.9077964394583614,1.0,0.003345618115850882,0.8806935317679541,0.008608608017394083
all,HRGC9,VAT1L,11,-2.4041505128661558,0.0,0.003345618115850882,-2.55820198212533,0.008608608017394083
all,HRGC9,HFE,11,-0.1051382122711427,0.0,0.003345618115850882,-0.11391450098482618,0.008608608017394083
all,HRGC9,BRINP1,11,-0.7604075359199829,0.0,0.003345618115850882,-0.8071890184730167,0.008608608017394083
all,HRGC9,PARM1,11,1.205487437487486,1.0,0.003345618115850882,1.1557158191688253,0.008608608017394083
all,HRGC9,VEGFC,11,0.08037102836974656,0.18181818181818182,0.2860033840207056,-0.04704400121550554,0.354483067518621
all,HRGC9,ITGA7,11,0.5558869324070502,0.9090909090909091,0.007645761692991625,0.4950375169000619,0.017529146376715234
all,HRGC9,PTPRT,11,-0.8099120479616577,0.2727272727272727,0.24774620591207197,-1.264249701478562,0.31550891635690786
all,HRGC9,SHROOM3,11,-0.40293483092737836,0.45454545454545453,0.24774620591207197,-0.5873922670479284,0.31550891635690786
all,HRGC9,CTXN3,11,-0.2408166231302298,0.0,0.003345618115850882,-0.2564126179035752,0.008608608017394083
all,HRGC9,DDX60,11,-0.6196326794996551,0.2727272727272727,0.06188375105213765,-0.7579495078709911,0.09741985854361562
all,HRGC9,KBTBD11,11,-0.42959775813169704,0.2727272727272727,0.09116079400519664,-0.5374608974390863,0.13689675550268438
all,HRGC9,MAN1A1,11,-1.2393927271076024,0.18181818181818182,0.026231237263180107,-1.574958231937816,0.04589162781629919
all,HRGC9,RASGRP1,11,1.0088137578237444,1.0,0.003345618115850882,0.9200818691962647,0.008608608017394083
all,MG_OFF,ENPP2,87,-0.2612922086397468,0.27586206896551724,0.00010563308719464546,-0.2840129453473211,0.0004512481394722719
all,MG_OFF,GDF6,87,-0.03797553562481586,0.08045977011494253,0.00031123555160823704,-0.042713653047477824,0.001250626874042231
all,MG_OFF,GNAI1,87,-0.4365317132734988,0.034482758620689655,1.6215407011781738e-14,-0.4503220452839343,1.0192541550262807e-12
all,MG_OFF,CHRNB2,87,0.26075356682514583,0.7471264367816092,2.8097670619993894e-08,0.2464119886006014,6.030719547706006e-07
all,MG_OFF,GLDN,87,-2.016783213873752,0.011494252873563218,8.275258596382193e-16,-2.0402481512126482,1.1950302334934718e-13
all,MG_OFF,DLGAP1,87,0.05754903260588954,0.6781609195402298,0.00037164696810242835,0.049426060329874184,0.0014665889324221389
all,MG_OFF,DTX3L,87,0.4647092866973583,0.8505747126436781,1.3496144132156033e-10,0.452194132796459,4.398743272702707e-09
all,MG_OFF,LPAR1,87,1.3358347897641125,0.7931034482758621,1.6144267558652063e-12,1.3007601708370744,6.176937152875572e-11
all,MG_OFF,PDLIM5,87,0.15556085545160364,0.7816091954022989,1.571912936235807e-07,0.14877228950979166,1.8716997688066983e-06
all,MG_OFF,KIAA1217,87,-1.6195139372130634,0.022988505747126436,1.0539209292115727e-14,-1.6826853966487627,7.134233982355262e-13
all,MG_OFF,FGF18,87,-0.34895595413257774,0.22988505747126436,5.794426162530871e-09,-0.36238740625226495,1.307460262314658e-07
all,MG_OFF,MAN1A2,87,-0.09738400175963227,0.25287356321839083,5.7655679119497506e-08,-0.10344885116275347,1.1799301773292512e-06
all,MG_OFF,IGF1,87,-0.20595985611309314,0.3333333333333333,0.00019061044539084017,-0.22916184032285333,0.0007838186539436418
all,MG_OFF,IGFBP5,87,-0.22698405512218253,0.40229885057471265,0.028352238946716006,-0.2694510051076142,0.04884148530054707
all,MG_OFF,IL1RAPL2,87,1.1228817738074128,0.9885057471264368,5.853462648440117e-16,1.0966101686910632,1.1950302334934718e-13
all,MG_OFF,IRX1,87,0.4921269244690998,0.9310344827586207,4.563762476482021e-15,0.4837321882680076,4.0161109793041786e-13
all,MG_OFF,SLC16A2,87,0.3036231288994979,0.7471264367816092,5.653744161331608e-07,0.2840159805322802,3.5793488215624567e-06
all,MG_OFF,OPN4,87,-1.0075849064219753,0.08045977011494253,3.552708631663377e-14,-1.027865565639212,1.953989747414857e-12
all,MG_OFF,OSTF1,87,-0.5412078017590882,0.034482758620689655,1.2521363007511987e-15,-0.5507760587831972,1.3773499308263184e-13
all,MG_OFF,KSR1,87,0.09810987178251013,0.7011494252873564,4.662102430997499e-06,0.09104747537309929,2.4566767301064667e-05
all,MG_OFF,SLC7A8,87,-0.4292475823166675,0.022988505747126436,1.5920225184702365e-15,-0.4377257652698114,1.556644240282009e-13
all,MG_OFF,KCNC4,87,0.4186582188021659,0.9310344827586207,7.04135956526215e-14,0.40672480783870646,3.644939069076878e-12
all,MG_OFF,PLEKHA2,87,0.05575228847692217,0.5517241379310345,0.35120819942298875,0.026586549321361664,0.4254267792791238
all,MG_OFF,TMEM200A,87,-0.11396130896345079,0.3333333333333333,0.0013961098024777314,-0.12854274440043498,0.00448385629992848
all,MG_OFF,SRPX2,87,-0.024288404557741373,0.22988505747126436,0.23593767831556445,-0.030544506769236226,0.3066841313407632
all,MG_OFF,TGFBR3,87,0.31503671291210866,0.8045977011494253,6.207447944559072e-09,0.29883116714559055,1.3656385478029957e-07
all,MG_OFF,SLC44A5,87,-0.24176691379545995,0.3563218390804598,0.0035925600654282542,-0.27004834982392445,0.009190269934816465
all,MG_OFF,SDK1,87,-0.30998825868738245,0.27586206896551724,3.175417461884875e-07,-0.32081751236552664,2.5511850852911936e-06
all,MG_OFF,CAV2,87,0.24669085077329247,0.8505747126436781,8.411298341125945e-10,0.22213856788163322,2.1770419235855388e-08
all,MG_OFF,TMEM144,87,-0.24954664228422163,0.21839080459770116,2.36931913363952e-07,-0.2597808062485525,2.1947377237923977e-06
all,MG_OFF,RBMS3,87,-1.0265129387645784,0.0,5.460181414946209e-16,-1.035272786218245,1.1950302334934718e-13
all,MG_OFF,VAT1L,87,0.43949413253517516,0.9080459770114943,2.487443590107073e-14,0.4278709539257904,1.4593002395294828e-12
all,MG_OFF,HFE,87,0.07955886024003275,0.4367816091954023,0.03816051231053636,0.0640641251658279,0.06360085385089392
all,MG_OFF,BRINP1,87,-0.023467730559166244,0.41379310344827586,0.09208680891989511,-0.03204079992813294,0.13715588586855817
all,MG_OFF,PARM1,87,0.13705250310604528,0.6781609195402298,2.4185090714952854e-06,0.12946127507984892,1.3301799893224069e-05
all,MG_OFF,VEGFC,87,-0.16024145033748205,0.22988505747126436,0.0005498515537486427,-0.17606930429829595,0.002131583115853769
all,MG_OFF,ITGA7,87,0.0808498687073544,0.5747126436781609,0.009951061379074241,0.07112038656973789,0.022225720846663282
all,MG_OFF,PTPRT,87,-1.45773034068839,0.05747126436781609,5.688000912987213e-13,-1.5098637709557456,2.383543239727975e-11
all,MG_OFF,SHROOM3,87,-0.24159593763578294,0.25287356321839083,9.183996116903812e-06,-0.2638440873488644,4.644779645330664e-05
all,MG_OFF,CTXN3,87,-0.08331784522496355,0.3103448275862069,0.007558823326157816,-0.09752278633100983,0.017529146376715234
all,MG_OFF,DDX60,87,0.5164619839824229,0.8390804597701149,1.5447769082012004e-09,0.49265333430948444,3.77612133115849e-08
all,MG_OFF,KBTBD11,87,-0.06737485857405416,0.47126436781609193,0.3556756843465596,-0.09193984779656353,0.4293478768518141
all,MG_OFF,MAN1A1,87,-0.9297976815548058,0.14942528735632185,1.7428439380782607e-10,-0.9704233040828284,5.477509519674534e-09
all,MG_OFF,RASGRP1,87,-0.2572680424262666,0.22988505747126436,4.940546392795276e-09,-0.26770265971196205,1.1441265330683797e-07
all,MG_ON,ENPP2,87,-0.07706950502527703,0.39080459770114945,0.05893259466077678,-0.09674582101694353,0.09361134169942881
all,MG_ON,GDF6,87,0.02517127256725052,0.20689655172413793,0.1363985378158136,0.01734184069785523,0.18992201468024678
all,MG_ON,GNAI1,87,0.44154666269019854,0.9540229885057471,9.50592231187989e-16,0.4357476006923919,1.1950302334934718e-13
all,MG_ON,CHRNB2,87,-0.314186535703093,0.20689655172413793,6.102764587914273e-10,-0.3233789940429755,1.6782602616764252e-08
all,MG_ON,GLDN,87,2.0804184984863716,0.9885057471264368,7.989098714773312e-16,2.061605058329936,1.1950302334934718e-13
all,MG_ON,DLGAP1,87,0.11219110395725716,0.7701149425287356,2.173052993619357e-10,0.10682850387373162,6.374288781283447e-09
all,MG_ON,DTX3L,87,-0.47019812657829774,0.13793103448275862,3.265080241451189e-10,-0.49691501258030985,9.268614878958214e-09
all,MG_ON,LPAR1,87,-1.5596195849869978,0.14942528735632185,1.0860686619413974e-13,-1.5888772199406744,5.030212750044367e-12
all,MG_ON,PDLIM5,87,-0.0313312031488778,0.41379310344827586,0.2711486088030829,-0.036768032624165795,0.3408725367810185
all,MG_ON,KIAA1217,87,0.7048246944771902,0.7471264367816092,4.243310135420902e-07,0.6714324825966135,2.8288734236139345e-06
all,MG_ON,FGF18,87,0.21455358899622526,0.5862068965517241,0.00026720126628085604,0.2019394767105765,0.0010835811720145314
all,MG_ON,MAN1A2,87,0.0758593073823987,0.6896551724137931,1.207159391190462e-05,0.06823044291284262,5.967979012627003e-05
all,MG_ON,IGF1,87,-0.046312048546112955,0.45977011494252873,0.6809092386283413,-0.05975897593363475,0.7271846237778402
all,MG_ON,IGFBP5,87,-1.2183198654715444,0.12643678160919541,1.5185896151497698e-13,-1.241783465135542,6.681794306658988e-12
all,MG_ON,IL1RAPL2,87,-0.8733801268427422,0.022988505747126436,7.997590837256303e-16,-0.8861556017143621,1.1950302334934718e-13
all,MG_ON,IRX1,87,-0.34861357024435696,0.14942528735632185,1.1929702005748397e-12,-0.35727577384570625,4.771880802299358e-11
all,MG_ON,SLC16A2,87,-0.510839261671013,0.16091954022988506,1.8418621496073123e-10,-0.5511320716193392,5.589098936739431e-09
all,MG_ON,OPN4,87,0.13622916765280785,0.6551724137931034,0.02260618311476902,0.1125000997051513,0.040933006462956244
all,MG_ON,OSTF1,87,0.529645069016173,0.9655172413793104,9.537678465970217e-15,0.5144358118829122,7.134233982355262e-13
all,MG_ON,KSR1,87,-0.10262707982647032,0.3103448275862069,8.741654162324659e-07,-0.10816502587279826,5.2368915990090475e-06
all,MG_ON,SLC7A8,87,0.30187363589813243,0.8850574712643678,8.819936932573594e-14,0.2951981256066702,4.311969167035979e-12
all,MG_ON,KCNC4,87,-0.5612077140316469,0.011494252873563218,1.0539209292115727e-14,-0.5961822303809087,7.134233982355262e-13
all,MG_ON,PLEKHA2,87,-0.7275421609477981,0.13793103448275862,1.9480611010176752e-12,-0.747935474266238,7.142890703731475e-11
all,MG_ON,TMEM200A,87,0.31990350980499693,0.8390804597701149,1.1262288805807314e-09,0.30206542945637554,2.831661185460125e-08
all,MG_ON,SRPX2,87,-0.004617201939373023,0.2413793103448276,0.7032346265233438,-0.012418412898046682,0.7429129307809634
all,MG_ON,TGFBR3,87,-0.22724901192326613,0.25287356321839083,3.883214477798111e-06,-0.2704142806742293,2.0710477214923258e-05
all,MG_ON,SLC44A5,87,-0.20207799145727381,0.3448275862068966,0.003008138119361097,-0.23287658079985676,0.008608608017394083
all,MG_ON,SDK1,87,-0.22200322606718706,0.28735632183908044,1.950517833064967e-05,-0.23553371059700526,9.22825641450092e-05
all,MG_ON,CAV2,87,-0.2201360610980514,0.16091954022988506,3.5439767450295385e-09,-0.22868921738719214,8.428917663854038e-08
all,MG_ON,TMEM144,87,0.14058064086464406,0.6666666666666666,0.00181299064442485,0.12802546690522948,0.005738963190985137
all,MG_ON,RBMS3,87,0.9097605084453122,0.9885057471264368,5.853462648440117e-16,0.898143247313051,1.1950302334934718e-13
all,MG_ON,VAT1L,87,-0.37176246393598117,0.10344827586206896,2.3314556789104436e-12,-0.38226830478825935,8.206723989764762e-11
all,MG_ON,HFE,87,-0.08123411564792304,0.2988505747126437,0.02463992613945145,-0.09112193590927063,0.043937332677074906
all,MG_ON,BRINP1,87,0.037381065706621114,0.6436781609195402,0.01698336301164942,0.03185706970921819,0.031898211576011526
all,MG_ON,PARM1,87,-0.0696415670002891,0.367816091954023,0.00650008409834108,-0.07845499484010526,0.015294315525508423
all,MG_ON,VEGFC,87,-0.02720732249131107,0.41379310344827586,0.2738698434815138,-0.048773152631846575,0.34282427064542265
all,MG_ON,ITGA7,87,-0.22228718999423033,0.25287356321839083,3.17082034668994e-08,-0.2320650907781763,6.643623583540827e-07
all,MG_ON,PTPRT,87,-0.7478952045175018,0.3333333333333333,1.98787199667995e-05,-0.7788693607528622,9.35469174908212e-05
all,MG_ON,SHROOM3,87,-0.002289214684451378,0.5977011494252874,0.451230403953525,-0.015609451889763778,0.5170348378634141
all,MG_ON,CTXN3,87,0.11524890216899088,0.5747126436781609,0.000569835690762352,0.10403263696149025,0.002189761606423012
all,MG_ON,DDX60,87,-0.6154463086534081,0.13793103448275862,4.796045569023217e-11,-0.6391516355224703,1.6232769618232425e-09
all,MG_ON,KBTBD11,87,-0.16156056052243054,0.2988505747126437,0.0005669523355632669,-0.18468863761681628,0.0021882370846301527
all,MG_ON,MAN1A1,87,-0.9030819006563291,0.22988505747126436,8.19018053522225e-10,-0.9306752013069843,2.1770419235855388e-08
all,MG_ON,RASGRP1,87,0.07995851169026628,0.6436781609195402,0.0025470615957034915,0.07003256732161964,0.007521524175231787
all,PG_OFF,ENPP2,34,1.1283445530714344,0.8529411764705882,6.12498825505202e-06,1.0842892849420154,3.189342996713478e-05
all,PG_OFF,GDF6,34,0.05424087069643711,0.029411764705882353,0.00046925417321687634,-0.03720231046828486,0.001835305210803783
all,PG_OFF,GNAI1,34,0.5262310668031075,1.0,3.6528331903033e-07,0.5128000024223227,2.5511850852911936e-06
all,PG_OFF,CHRNB2,34,-0.27328748450681956,0.3235294117647059,0.023494996380650893,-0.3109751730637059,0.042195095540760785
all,PG_OFF,GLDN,34,-2.2258531251941265,0.0,3.6528331903033e-07,-2.265623267401899,2.5511850852911936e-06
all,PG_OFF,DLGAP1,34,-1.9552269547866643,0.0,3.6528331903033e-07,-1.9731355978398748,2.5511850852911936e-06
all,PG_OFF,DTX3L,34,-0.0018169194944822674,0.5,0.764795830662324,-0.044094545248555723,0.7983633819488081
all,PG_OFF,LPAR1,34,-1.294271385074543,0.058823529411764705,9.674239368716006e-07,-1.3506784659722497,5.675553762980057e-06
all,PG_OFF,PDLIM5,34,-1.5178741932496047,0.0,3.6528331903033e-07,-1.5502329828958645,2.5511850852911936e-06
all,PG_OFF,KIAA1217,34,0.3056497862199244,0.7352941176470589,0.06864047892735296,0.2292220616702243,0.1055133427646297
all,PG_OFF,FGF18,34,0.2208040498960982,0.5588235294117647,0.17409178999509678,0.1675167427341302,0.2342519498404972
all,PG_OFF,MAN1A2,34,0.0419145700515116,0.5882352941176471,0.23475155099841394,0.02617428376427864,0.3055937350275211
all,PG_OFF,IGF1,34,-0.21543101932976222,0.2647058823529412,0.021477624946801208,-0.24693703464593567,0.03896971124368054
all,PG_OFF,IGFBP5,34,1.3671456223161693,0.9411764705882353,6.815882778478537e-07,1.2674755653685308,4.194389402140638e-06
all,PG_OFF,IL1RAPL2,34,-5.344446120418024,0.0,3.6528331903033e-07,-5.4284311070666895,2.5511850852911936e-06
all,PG_OFF,IRX1,34,-2.311892272711703,0.0,3.6528331903033e-07,-2.362111196033983,2.5511850852911936e-06
all,PG_OFF,SLC16A2,34,0.6726921721063502,0.8529411764705882,2.505640798264295e-05,0.6363519308773649,0.00011605073170908314
all,PG_OFF,OPN4,34,-0.7361241755451268,0.20588235294117646,6.094213954657031e-05,-0.7875807963866197,0.0002694928783968938
all,PG_OFF,OSTF1,34,0.2670599876135699,0.7647058823529411,0.00029929094797299607,0.24517327384610038,0.0012081469459460394
all,PG_OFF,KSR1,34,0.21460481577220736,0.7352941176470589,0.00016339047291728134,0.19327874038101134,0.0006782246045622999
all,PG_OFF,SLC7A8,34,0.6135515739108935,1.0,3.6528331903033e-07,0.5974730440193292,2.5511850852911936e-06
all,PG_OFF,KCNC4,34,-1.065167020108268,0.029411764705882353,3.996660616397183e-07,-1.1011266203728876,2.6847796507095576e-06
all,PG_OFF,PLEKHA2,34,2.5916093964644094,1.0,3.6528331903033e-07,2.5691633657062787,2.5511850852911936e-06
all,PG_OFF,TMEM200A,34,-4.184128031427146,0.0,3.6528331903033e-07,-4.273374032982565,2.5511850852911936e-06
all,PG_OFF,SRPX2,34,-0.03635063453887934,0.0,1.8215297148968006e-05,-0.037452168918845376,8.664573778968565e-05
all,PG_OFF,TGFBR3,34,-1.0670576030954853,0.029411764705882353,8.124840823396329e-07,-1.1134758737354036,4.965180503186645e-06
all,PG_OFF,SLC44A5,34,-0.15354537733543303,0.5588235294117647,0.7004807462037999,-0.21578102616291556,0.7408930969463268
all,PG_OFF,SDK1,34,2.451330692073236,1.0,3.6528331903033e-07,2.423791850134199,2.5511850852911936e-06
all,PG_OFF,CAV2,34,-0.9438516479126439,0.029411764705882353,4.780391939239684e-07,-0.9804066449805349,3.1161073381710535e-06
all,PG_OFF,TMEM144,34,-0.07772266092022236,0.47058823529411764,0.9931795603343961,-0.12212875672611061,0.9999977266524812
all,PG_OFF,RBMS3,34,0.07692298010497722,0.47058823529411764,0.40700200392188557,0.046292157209550586,0.47126547822534115
all,PG_OFF,VAT1L,34,-2.002952364261343,0.0,3.6528331903033e-07,-2.0348557291565457,2.5511850852911936e-06
all,PG_OFF,HFE,34,-0.1110934805912294,0.058823529411764705,0.0002613430922667152,-0.13771196904074132,0.0010647311166421729
all,PG_OFF,BRINP1,34,-0.1028571294338065,0.5588235294117647,0.4167431646669484,-0.1153622867316792,0.4806474245175814
all,PG_OFF,PARM1,34,-2.471236374121694,0.0,3.6528331903033e-07,-2.5148644534155222,2.5511850852911936e-06
all,PG_OFF,VEGFC,34,0.02190857674706778,0.20588235294117646,0.1138088015653574,-0.06779792200221417,0.164452783871124
all,PG_OFF,ITGA7,34,0.3146365279687908,0.7941176470588235,0.0003196687233778696,0.2826051502007325,0.00127288903426482
all,PG_OFF,PTPRT,34,-2.2056308302587246,0.029411764705882353,3.996660616397183e-07,-2.2743048868610476,2.6847796507095576e-06
all,PG_OFF,SHROOM3,34,-0.5555627808934646,0.29411764705882354,0.000939058825595261,-0.6061686126589271,0.003142097971573497
all,PG_OFF,CTXN3,34,-0.15479309731082025,0.11764705882352941,0.000830666417232141,-0.1952719942456779,0.0027900246074972677
all,PG_OFF,DDX60,34,-0.09570919436860785,0.5294117647058824,0.8307759897121659,-0.1438580433337235,0.8570725333490107
all,PG_OFF,KBTBD11,34,0.3930893979490497,0.7352941176470589,0.006732426799731627,0.3351009085691116,0.01579876155670355
all,PG_OFF,MAN1A1,34,-1.3325144388401033,0.08823529411764706,7.195054420722183e-06,-1.4325522162254563,3.6599120752806476e-05
all,PG_OFF,RASGRP1,34,-0.7191318034274159,0.029411764705882353,4.37161410332884e-07,-0.7466060647613212,2.892496549570962e-06
all,PG_ON,ENPP2,36,0.06961327090378476,0.5833333333333334,0.3962313621824406,0.03446709031677365,0.46532515706725897
all,PG_ON,GDF6,36,-0.039629736619148606,0.0,2.7015948487105505e-05,-0.04076201480826713,0.0001244713856997531
all,PG_ON,GNAI1,36,-1.0930988519820697,0.027777777777777776,1.990738731181765e-07,-1.1293821776673862,1.9251099818021462e-06
all,PG_ON,CHRNB2,36,0.0335093801853025,0.5555555555555556,0.38754305444549786,0.003091695028306063,0.46100409795315045
all,PG_ON,GLDN,36,-1.1850151485127327,0.1111111111111111,1.528783915447347e-06,-1.2461198405688174,8.62390926662606e-06
all,PG_ON,DLGAP1,36,-3.366282502055184,0.0,1.680295787277147e-07,-3.391413862095491,1.8716997688066983e-06
all,PG_ON,DTX3L,36,-0.7042281140420537,0.16666666666666666,2.216796732388737e-05,-0.7538640817089574,0.00010321593251333801
all,PG_ON,LPAR1,36,-1.5929256151428557,0.0,1.680295787277147e-07,-1.6269535684493601,1.8716997688066983e-06
all,PG_ON,PDLIM5,36,-1.4591843651426677,0.0,1.680295787277147e-07,-1.482334963450265,1.8716997688066983e-06
all,PG_ON,KIAA1217,36,-0.7485325421339996,0.2777777777777778,0.001769580216687318,-0.8263621207665464,0.005621771085504837
all,PG_ON,FGF18,36,0.22428546829028922,0.75,0.06839026760462898,0.19200568527005335,0.1055133427646297
all,PG_ON,MAN1A2,36,0.013350916010729044,0.5555555555555556,0.41395706157368684,0.004476956872687156,0.47806064853654123
all,PG_ON,IGF1,36,-0.17148447453206497,0.3055555555555556,0.008305865832545832,-0.20819770927508402,0.01893565267523402
all,PG_ON,IGFBP5,36,4.688889072433479,1.0,1.680295787277147e-07,4.6158365239366015,1.8716997688066983e-06
all,PG_ON,IL1RAPL2,36,-5.509777013789012,0.0,1.680295787277147e-07,-5.560464748234439,1.8716997688066983e-06
all,PG_ON,IRX1,36,-0.4094514954798681,0.1111111111111111,1.0116346411886599e-05,-0.43196170895298025,5.087077052834404e-05
all,PG_ON,SLC16A2,36,0.18296761161520705,0.6666666666666666,0.10904980658896168,0.13820862652461285,0.15884092450225606
all,PG_ON,OPN4,36,0.4140448536345559,0.75,0.030154171915371796,0.3469032246819011,0.051726454747616335
all,PG_ON,OSTF1,36,-0.5906935887343154,0.08333333333333333,3.884841524874758e-07,-0.6093712101816356,2.670828548351396e-06
all,PG_ON,KSR1,36,0.16454314726694522,0.8055555555555556,0.0001734609648926875,0.147716927507789,0.00071664623993223
all,PG_ON,SLC7A8,36,0.2413700205192081,0.8611111111111112,5.3996741764633145e-05,0.21988848930782143,0.0002399855189539251
all,PG_ON,KCNC4,36,1.0865927065251666,0.9722222222222222,1.829161137697455e-07,1.0573993548046883,1.8716997688066983e-06
all,PG_ON,PLEKHA2,36,1.8551647982493096,1.0,1.680295787277147e-07,1.8258899212397839,1.8716997688066983e-06
all,PG_ON,TMEM200A,36,-3.3015711040185383,0.0,1.680295787277147e-07,-3.3750994593974917,1.8716997688066983e-06
all,PG_ON,SRPX2,36,0.004057056475658649,0.027777777777777776,0.0001464592067024292,-0.03724807353516664,0.0006166703440102282
all,PG_ON,TGFBR3,36,-0.4532704184762125,0.3611111111111111,0.005971347508398796,-0.4852677171007345,0.0142021238037593
all,PG_ON,SLC44A5,36,-0.1636705812277565,0.4722222222222222,0.2853765978030359,-0.2764322842362634,0.354483067518621
all,PG_ON,SDK1,36,0.876882734776526,0.9444444444444444,2.3562813823626276e-07,0.8539960975458465,2.1947377237923977e-06
all,PG_ON,CAV2,36,0.6599288285491925,0.9722222222222222,1.990738731181765e-07,0.6429207627526342,1.9251099818021462e-06
all,PG_ON,TMEM144,36,0.7025315506909491,0.9166666666666666,3.576364843288816e-07,0.6792469875985956,2.5511850852911936e-06
all,PG_ON,RBMS3,36,0.8075248365240512,0.9722222222222222,1.990738731181765e-07,0.7848595851736206,1.9251099818021462e-06
all,PG_ON,VAT1L,36,-0.5113967258408548,0.2222222222222222,7.524379527214649e-05,-0.5447225118949722,0.000326179999209305
all,PG_ON,HFE,36,-0.12696924811468954,0.05555555555555555,0.0001005008638023731,-0.1404586493338579,0.00043141834217604063
all,PG_ON,BRINP1,36,-0.10882892856092886,0.3611111111111111,0.023677467374288427,-0.12123558429396318,0.04243619407204443
all,PG_ON,PARM1,36,0.24691396664437637,0.6666666666666666,0.0029848033947216072,0.21579432397170908,0.008608608017394083
all,PG_ON,VEGFC,36,0.24319916117100876,0.3611111111111111,0.40700200392188557,0.1778242015396847,0.47126547822534115
all,PG_ON,ITGA7,36,0.6049766858177854,0.8888888888888888,3.5759443469322924e-06,0.5784834145846635,1.9187994056709862e-05
all,PG_ON,PTPRT,36,5.052792027553725,1.0,1.680295787277147e-07,4.988526380747357,1.8716997688066983e-06
all,PG_ON,SHROOM3,36,0.3311588041020541,0.75,0.02568764508493112,0.2860055666580566,0.04512001531884109
all,PG_ON,CTXN3,36,-0.11210650637958958,0.2222222222222222,0.02674695290138831,-0.1577883581460309,0.04670102887543991
all,PG_ON,DDX60,36,0.6882700705320068,0.8611111111111112,1.1144121679011336e-06,0.6648202754950653,6.451859919427615e-06
all,PG_ON,KBTBD11,36,0.8625614196706848,0.8611111111111112,3.1367755209638417e-05,0.8155028874878498,0.0001437688780441761
all,PG_ON,MAN1A1,36,5.461278319574036,1.0,1.680295787277147e-07,5.422595032847517,1.8716997688066983e-06
all,PG_ON,RASGRP1,36,-0.006747576770511459,0.5,0.9124299753769707,-0.03445553940364687,0.9261111630123808
all,ipRGC,ENPP2,15,-0.6089214794495897,0.06666666666666667,0.0008052762369668133,-0.6742112962779235,0.0027255503405030604
all,ipRGC,GDF6,15,0.15858689278635438,0.06666666666666667,0.10974463874701328,-0.02146690500022611,0.15884092450225606
all,ipRGC,GNAI1,15,0.3367206323648657,0.8,0.046826465481518996,0.2865004968956414,0.07702297125932096
all,ipRGC,CHRNB2,15,-0.3168150251687564,0.4666666666666667,0.39424586721077726,-0.4075189618512078,0.46532515706725897
all,ipRGC,GLDN,15,1.793874349085349,1.0,0.0006549583433856956,1.5835655804826405,0.0022691470164543782
all,ipRGC,DLGAP1,15,-0.603622608922191,0.0,0.0006549583433856956,-0.6209286146574444,0.0022691470164543782
all,ipRGC,DTX3L,15,-1.0039678518719097,0.06666666666666667,0.0012063162374293,-1.1109051613526577,0.003902787826977147
all,ipRGC,LPAR1,15,-1.4177082709829862,0.13333333333333333,0.002162232660801691,-1.5622487932689666,0.006593225974758797
all,ipRGC,PDLIM5,15,-3.010332343308327,0.0,0.0006549583433856956,-3.0987077825677836,0.0022691470164543782
all,ipRGC,KIAA1217,15,3.7955861868792935,1.0,0.0006549583433856956,3.632106881909142,0.0022691470164543782
all,ipRGC,FGF18,15,0.07330334865888645,0.4666666666666667,0.6909447568979337,-0.06975150847845267,0.7343374227900744
all,ipRGC,MAN1A2,15,0.4044998766517206,1.0,0.0006549583433856956,0.359396854328283,0.0022691470164543782
all,ipRGC,IGF1,15,-0.1959227080275152,0.2,0.2329791081812148,-0.30365908520899676,0.30373572622143563
all,ipRGC,IGFBP5,15,-2.0666408746970744,0.13333333333333333,0.0012063162374293,-2.2293467675213994,0.003902787826977147
all,ipRGC,IL1RAPL2,15,-5.334799596239666,0.0,0.0006549583433856956,-5.509026091703233,0.0022691470164543782
all,ipRGC,IRX1,15,-0.3649984116160262,0.3333333333333333,0.035600712158880415,-0.4220237815503706,0.059826423052929296
all,ipRGC,SLC16A2,15,-0.4446070445405885,0.3333333333333333,0.13975586593901426,-0.5963912787921999,0.19428935549183657
all,ipRGC,OPN4,15,4.328378895697385,1.0,0.0006549583433856956,4.209138086992358,0.0022691470164543782
all,ipRGC,OSTF1,15,1.3909203417862943,1.0,0.0006549583433856956,1.3297316170949784,0.0022691470164543782
all,ipRGC,KSR1,15,-0.7130071822792563,0.06666666666666667,0.0008052762369668133,-0.7683851834372218,0.0027255503405030604
all,ipRGC,SLC7A8,15,0.05450136174850506,0.5333333333333333,0.5700608835629815,0.009646676670119916,0.6337354945722443
all,ipRGC,KCNC4,15,-0.023450214788466747,0.4,0.8647045760375567,-0.1215955822180551,0.8879716666590989
all,ipRGC,PLEKHA2,15,0.22724101385944037,0.6666666666666666,0.39424586721077726,0.030454891825930832,0.46532515706725897
all,ipRGC,TMEM200A,15,-0.6849758014869017,0.13333333333333333,0.0053856650166407526,-0.7569999667233187,0.013020289051219401
all,ipRGC,SRPX2,15,-0.03733067048756291,0.0,0.00221772146423705,-0.03999714695096026,0.006593225974758797
all,ipRGC,TGFBR3,15,-0.8100201218209295,0.26666666666666666,0.05347436715448431,-1.0623136174707528,0.08509483380822096
all,ipRGC,SLC44A5,15,-1.2078145675057794,0.2,0.004514052854917142,-1.3420740794578567,0.011127077065341974
all,ipRGC,SDK1,15,-3.391707088001224,0.0,0.0006549583433856956,-3.5189626056976917,0.0022691470164543782
all,ipRGC,CAV2,15,0.4649216728676324,0.8666666666666667,0.023095732617466554,0.41236913754376164,0.04162418445332584
all,ipRGC,TMEM144,15,-0.4213345819558248,0.4,0.046826465481518996,-0.49000056340515413,0.07702297125932096
all,ipRGC,RBMS3,15,1.4754141912794794,1.0,0.0006549583433856956,1.4324685414401996,0.0022691470164543782
all,ipRGC,VAT1L,15,-0.9359091361270819,0.06666666666666667,0.002162232660801691,-1.0402527736121896,0.006593225974758797
all,ipRGC,HFE,15,0.07109251187174258,0.13333333333333333,0.10942115881922926,-0.05947714665729818,0.15884092450225606
all,ipRGC,BRINP1,15,-0.4850152127412792,0.06666666666666667,0.0014697736899423489,-0.5521455093332033,0.004699011386268569
all,ipRGC,PARM1,15,0.42141761867450284,0.8666666666666667,0.008984997655215593,0.3415357667726631,0.02043100242012848
all,ipRGC,VEGFC,15,-0.10076039429135068,0.06666666666666667,0.015653550837455003,-0.20038151834287826,0.030208606879299132
all,ipRGC,ITGA7,15,-0.6587302892389055,0.3333333333333333,0.15563546075803855,-0.8053377701343976,0.21602398338655193
all,ipRGC,PTPRT,15,6.725204738608628,1.0,0.0006549583433856956,6.643073910409563,0.0022691470164543782
all,ipRGC,SHROOM3,15,-0.6814968377611023,0.4,0.06914397389751893,-0.843443735247944,0.10600469865821718
all,ipRGC,CTXN3,15,-0.2871940306974495,0.0,0.0009815397525216685,-0.3077078900329816,0.003271799175072228
all,ipRGC,DDX60,15,-1.1754963107648515,0.2,0.006406490222167371,-1.345301094638755,0.01511450776275412
all,ipRGC,KBTBD11,15,-0.5820997615627906,0.06666666666666667,0.0012063162374293,-0.6538270731183339,0.003902787826977147
all,ipRGC,MAN1A1,15,3.708561507494784,1.0,0.0006549583433856956,3.591758546559661,0.0022691470164543782
all,ipRGC,RASGRP1,15,3.3607755722303874,1.0,0.0006549583433856956,3.311033608970561,0.0022691470164543782
nonmidget,HRGC10,ENPP2,8,-0.8793751472612258,0.125,0.23672357063785732,-1.4859797063588025,0.307251832096334
nonmidget,HRGC10,GDF6,8,0.6783291488354005,0.375,0.3454475304692257,0.21745699151199846,0.42046172449919594
nonmidget,HRGC10,GNAI1,8,0.20727200942003615,0.625,0.40081416938293446,0.040477994474140404,0.46532515706725897
nonmidget,HRGC10,CHRNB2,8,-0.17636762220182958,0.625,0.8886378608950078,-0.3775264619059721,0.9030038309325714
nonmidget,HRGC10,GLDN,8,-1.295508082478837,0.125,0.04994997645474642,-1.6904706795924516,0.08035828021970173
nonmidget,HRGC10,DLGAP1,8,0.3978211121001869,0.875,0.017290280592906247,0.33798803594112314,0.031898211576011526
nonmidget,HRGC10,DTX3L,8,-0.16426107019655198,0.25,0.39802471950693774,-0.30362924766580923,0.46532515706725897
nonmidget,HRGC10,LPAR1,8,0.032238877425890766,0.625,0.779434528427275,-0.3203460249429422,0.8088471521415117
nonmidget,HRGC10,PDLIM5,8,-1.1892574385656636,0.125,0.017290280592906247,-1.3753360432482022,0.031898211576011526
nonmidget,HRGC10,KIAA1217,8,-2.9331245096120577,0.0,0.011718685599768632,-3.3063934695660704,0.023122070241695956
nonmidget,HRGC10,FGF18,8,-0.10621913409858041,0.5,0.6120898800892568,-0.31846156787829544,0.6691168875509887
nonmidget,HRGC10,MAN1A2,8,-0.1592651063171795,0.25,0.12348527214454895,-0.22505748960299687,0.17409782220613645
nonmidget,HRGC10,IGF1,8,0.15573494286524087,0.375,0.7353166906373405,-0.1293697832653183,0.772170271791002
nonmidget,HRGC10,IGFBP5,8,-4.3763228769264115,0.0,0.011718685599768632,-4.65719948403946,0.023122070241695956
nonmidget,HRGC10,IL1RAPL2,8,0.3674482975768911,0.75,0.40081416938293446,0.1522006761855383,0.46532515706725897
nonmidget,HRGC10,IRX1,8,-0.2101777938452161,0.5,0.5754030229127536,-0.3609055979151817,0.6337354945722443
nonmidget,HRGC10,SLC16A2,8,0.07115637462657615,0.25,0.5754030229127536,-0.47645475044094365,0.6337354945722443
nonmidget,HRGC10,OPN4,8,-2.794876168370461,0.125,0.017290280592906247,-3.315209264811973,0.031898211576011526
nonmidget,HRGC10,OSTF1,8,-0.7402643055423233,0.125,0.04994997645474642,-0.9225426752638326,0.08035828021970173
nonmidget,HRGC10,KSR1,8,-0.6383207568876066,0.0,0.011718685599768632,-0.7241711636644925,0.023122070241695956
nonmidget,HRGC10,SLC7A8,8,-0.16276078817565254,0.25,0.16142946236708322,-0.23358318460173866,0.21821494144859177
nonmidget,HRGC10,KCNC4,8,0.1364594720169791,0.75,0.20757844233562428,0.03437278503041398,0.27427782170472875
nonmidget,HRGC10,PLEKHA2,8,-0.4652133247352732,0.25,0.16142946236708322,-0.6314658708201399,0.21821494144859177
nonmidget,HRGC10,TMEM200A,8,2.1655948371203166,1.0,0.011718685599768632,1.9799031291123375,0.023122070241695956
nonmidget,HRGC10,SRPX2,8,0.5374291933880999,0.25,0.28504940740261275,0.2732073875609878,0.354483067518621
nonmidget,HRGC10,TGFBR3,8,0.8836770311438757,0.875,0.04994997645474642,0.7330091042412613,0.08035828021970173
nonmidget,HRGC10,SLC44A5,8,-0.38389046709987357,0.375,0.40081416938293446,-0.570514925160675,0.46532515706725897
nonmidget,HRGC10,SDK1,8,-1.2012846046004515,0.125,0.017290280592906247,-1.4032609531368627,0.031898211576011526
nonmidget,HRGC10,CAV2,8,0.6672024446625342,0.75,0.09289194088370531,0.28153754155406613,0.13715588586855817
nonmidget,HRGC10,TMEM144,8,-2.0849956494354194,0.0,0.011718685599768632,-2.2400278015275132,0.023122070241695956
nonmidget,HRGC10,RBMS3,8,0.21315548171862642,0.75,0.2626182904425206,0.07359724854803648,0.33062102373307317
nonmidget,HRGC10,VAT1L,8,0.6117791752489125,0.875,0.017290280592906247,0.47234109801991536,0.031898211576011526
nonmidget,HRGC10,HFE,8,-0.14430434554347973,0.0,0.10880943004054569,-0.16491925204969113,0.1587931980691214
nonmidget,HRGC10,BRINP1,8,-0.3797646779539079,0.125,0.017290280592906247,-0.4362728085878703,0.031898211576011526
nonmidget,HRGC10,PARM1,8,-0.9305326720388383,0.0,0.011718685599768632,-1.0625410685443348,0.023122070241695956
nonmidget,HRGC10,VEGFC,8,0.21235120522433748,0.25,0.6744240722352938,-0.23829244637530156,0.7211338803973979
nonmidget,HRGC10,ITGA7,8,0.05164519640713783,0.625,1.0,-0.05793792480457295,1.0
nonmidget,HRGC10,PTPRT,8,-5.134993265060185,0.0,0.011718685599768632,-5.463698806970505,0.023122070241695956
nonmidget,HRGC10,SHROOM3,8,-0.04483420912969793,0.625,0.779434528427275,-0.33514433393040477,0.8088471521415117
nonmidget,HRGC10,CTXN3,8,-0.23173308362732747,0.0,0.027707849358079868,-0.2648378098598028,0.04790355095306539
nonmidget,HRGC10,DDX60,8,0.09447960880688366,0.625,0.8886378608950078,-0.3730028422809631,0.9030038309325714
nonmidget,HRGC10,KBTBD11,8,-0.5112742770440089,0.25,0.17629637444051116,-0.7564557288689799,0.2368561977216028
nonmidget,HRGC10,MAN1A1,8,-2.4186971694638593,0.125,0.017290280592906247,-2.854074006204241,0.031898211576011526
nonmidget,HRGC10,RASGRP1,8,-0.3862753731429969,0.125,0.16142946236708322,-0.7871930223752336,0.21821494144859177
nonmidget,HRGC11,ENPP2,8,-0.12888240887431585,0.375,0.6744240722352938,-0.5678035947386013,0.7211338803973979
nonmidget,HRGC11,GDF6,8,-0.022739536412907508,0.0,0.31731050786291415,-0.025988041614751437,0.39163148235534984
nonmidget,HRGC11,GNAI1,8,-0.1985689452542645,0.25,0.2626182904425206,-0.29968612176715365,0.33062102373307317
nonmidget,HRGC11,CHRNB2,8,-0.18626636932044108,0.375,0.5754030229127536,-0.40422204284229984,0.6337354945722443
nonmidget,HRGC11,GLDN,8,0.26816273196614177,0.75,0.4838398513935682,-0.0789268083401595,0.5479782100725097
nonmidget,HRGC11,DLGAP1,8,0.49165004067765694,0.75,0.03569190011680441,0.43394243880404637,0.059826423052929296
nonmidget,HRGC11,DTX3L,8,-0.6231746837680996,0.125,0.07473549830588248,-0.7670677011728151,0.11358763127664348
nonmidget,HRGC11,LPAR1,8,0.4151782909921256,0.5,0.6744240722352938,0.04181627400801239,0.7211338803973979
nonmidget,HRGC11,PDLIM5,8,0.6443065319498736,0.875,0.017290280592906247,0.5829390354384891,0.031898211576011526
nonmidget,HRGC11,KIAA1217,8,-1.948214694784716,0.125,0.017290280592906247,-2.2630868482633972,0.031898211576011526
nonmidget,HRGC11,FGF18,8,-0.8985745389514773,0.125,0.09289194088370531,-1.2446076064312999,0.13715588586855817
nonmidget,HRGC11,MAN1A2,8,-0.15132071241210698,0.375,0.4838398513935682,-0.2472563017150017,0.5479782100725097
nonmidget,HRGC11,IGF1,8,-1.6757009064509152,0.0,0.011718685599768632,-1.8681691793896487,0.023122070241695956
nonmidget,HRGC11,IGFBP5,8,-2.761842445442972,0.0,0.011718685599768632,-2.9977305968574974,0.023122070241695956
nonmidget,HRGC11,IL1RAPL2,8,1.8941718810191843,1.0,0.011718685599768632,1.606489794668287,0.023122070241695956
nonmidget,HRGC11,IRX1,8,0.13764910289596347,0.625,0.32698934959801507,-0.03899323847688474,0.40132584051081344
nonmidget,HRGC11,SLC16A2,8,-0.8161643225825423,0.25,0.0687035743228782,-1.033827104169989,0.1055133427646297
nonmidget,HRGC11,OPN4,8,-0.8816834486814233,0.125,0.12348527214454895,-1.3079143973310632,0.17409782220613645
nonmidget,HRGC11,OSTF1,8,0.1394216703527279,0.625,0.4838398513935682,-0.11168304242932374,0.5479782100725097
nonmidget,HRGC11,KSR1,8,0.2439145938071976,0.75,0.16142946236708322,0.18013014814153674,0.21821494144859177
nonmidget,HRGC11,SLC7A8,8,-0.8604395712282462,0.0,0.011718685599768632,-0.9186570803569324,0.023122070241695956
nonmidget,HRGC11,KCNC4,8,0.4528974435887055,0.75,0.03569190011680441,0.39210183339261784,0.059826423052929296
nonmidget,HRGC11,PLEKHA2,8,-2.2741859211329962,0.0,0.011718685599768632,-2.5285810199956034,0.023122070241695956
nonmidget,HRGC11,TMEM200A,8,1.2390644779331104,0.75,0.04994997645474642,0.9845747836852111,0.08035828021970173
nonmidget,HRGC11,SRPX2,8,-0.04344429146630127,0.0,0.10880943004054569,-0.049650618818630025,0.1587931980691214
nonmidget,HRGC11,TGFBR3,8,-0.6544680042587447,0.375,0.09289194088370531,-0.7917749684576156,0.13715588586855817
nonmidget,HRGC11,SLC44A5,8,1.6704943708478954,0.875,0.025061844343883612,1.4885578943695355,0.04410884604523516
nonmidget,HRGC11,SDK1,8,-1.5153833305741569,0.0,0.011718685599768632,-1.6129207005324537,0.023122070241695956
nonmidget,HRGC11,CAV2,8,-0.44572374423375616,0.375,0.20757844233562428,-0.5989955426602636,0.27427782170472875
nonmidget,HRGC11,TMEM144,8,-0.5394613522405656,0.25,0.0687035743228782,-0.6706218225757998,0.1055133427646297
nonmidget,HRGC11,RBMS3,8,-0.3855788341994033,0.25,0.09289194088370531,-0.492841957061748,0.13715588586855817
nonmidget,HRGC11,VAT1L,8,-0.3163191851658078,0.25,0.16142946236708322,-0.5066114622972648,0.21821494144859177
nonmidget,HRGC11,HFE,8,-0.19474382761778308,0.0,0.10880943004054569,-0.22256437442032354,0.1587931980691214
nonmidget,HRGC11,BRINP1,8,0.03230231431914099,0.375,0.779434528427275,-0.053113285884215725,0.8088471521415117
nonmidget,HRGC11,PARM1,8,0.2140836546156739,0.75,0.12348527214454895,0.11790556814637185,0.17409782220613645
nonmidget,HRGC11,VEGFC,8,-0.6131191577930987,0.25,0.16142946236708322,-0.9521334738711694,0.21821494144859177
nonmidget,HRGC11,ITGA7,8,-0.34875336755021513,0.375,0.20757844233562428,-0.48341678253565673,0.27427782170472875
nonmidget,HRGC11,PTPRT,8,-3.3270897080620596,0.0,0.011718685599768632,-3.778489033503671,0.023122070241695956
nonmidget,HRGC11,SHROOM3,8,1.021807256875479,0.625,0.12348527214454895,0.6471186311251999,0.17409782220613645
nonmidget,HRGC11,CTXN3,8,-0.18696775145251224,0.0,0.06788915486182899,-0.21367743023144256,0.1055133427646297
nonmidget,HRGC11,DDX60,8,-0.04240185879877148,0.5,0.779434528427275,-0.2816156177543313,0.8088471521415117
nonmidget,HRGC11,KBTBD11,8,1.502924420203156,0.875,0.025061844343883612,1.3075147772449753,0.04410884604523516
nonmidget,HRGC11,MAN1A1,8,-2.1729393644330623,0.0,0.011718685599768632,-2.434979453537409,0.023122070241695956
nonmidget,HRGC11,RASGRP1,8,-0.002993906532101298,0.625,0.8886378608950078,-0.1354867930295535,0.9030038309325714
nonmidget,HRGC12,ENPP2,8,-1.5462816163363013,0.0,0.011718685599768632,-1.7563274966861577,0.023122070241695956
nonmidget,HRGC12,GDF6,8,-0.14367370713527292,0.0,0.06788915486182899,-0.1641985224403119,0.1055133427646297
nonmidget,HRGC12,GNAI1,8,0.2973697270565535,0.75,0.12348527214454895,0.19458721924968778,0.17409782220613645
nonmidget,HRGC12,CHRNB2,8,-0.7184017298264342,0.5,0.40081416938293446,-0.9422403418361994,0.46532515706725897
nonmidget,HRGC12,GLDN,8,-0.9719116474604719,0.125,0.12348527214454895,-1.372936255871368,0.17409782220613645
nonmidget,HRGC12,DLGAP1,8,0.7309843540181584,1.0,0.011718685599768632,0.6575592540173439,0.023122070241695956
nonmidget,HRGC12,DTX3L,8,-0.1934520255998258,0.375,0.5754030229127536,-0.3465448656234279,0.6337354945722443
nonmidget,HRGC12,LPAR1,8,-0.8515698495929668,0.25,0.12348527214454895,-1.1204605477597558,0.17409782220613645
nonmidget,HRGC12,PDLIM5,8,-2.7888543625320255,0.0,0.011718685599768632,-3.0468422773817037,0.023122070241695956
nonmidget,HRGC12,KIAA1217,8,-3.737166614611307,0.0,0.011718685599768632,-3.989445187042101,0.023122070241695956
nonmidget,HRGC12,FGF18,8,0.8111459499547689,0.75,0.16142946236708322,0.528048480965712,0.21821494144859177
nonmidget,HRGC12,MAN1A2,8,-0.003807409171380449,0.5,1.0,-0.03240634511838384,1.0
nonmidget,HRGC12,IGF1,8,-0.4465973228416001,0.125,0.16142946236708322,-0.8356250942820795,0.21821494144859177
nonmidget,HRGC12,IGFBP5,8,-0.7584285666020437,0.125,0.09289194088370531,-0.9938114769370348,0.13715588586855817
nonmidget,HRGC12,IL1RAPL2,8,-1.9526414322314456,0.125,0.017290280592906247,-2.3526332690311853,0.031898211576011526
nonmidget,HRGC12,IRX1,8,-1.7533908335278805,0.125,0.017290280592906247,-2.0608869369070835,0.031898211576011526
nonmidget,HRGC12,SLC16A2,8,-0.10053092340048697,0.625,0.8886378608950078,-0.297534487119353,0.9030038309325714
nonmidget,HRGC12,OPN4,8,-2.19950566347757,0.125,0.017290280592906247,-2.537999834861806,0.031898211576011526
nonmidget,HRGC12,OSTF1,8,-0.33546100931065925,0.25,0.16142946236708322,-0.4442847248268022,0.21821494144859177
nonmidget,HRGC12,KSR1,8,-0.09540335575388426,0.375,0.4838398513935682,-0.14595461691450495,0.5479782100725097
nonmidget,HRGC12,SLC7A8,8,-0.22341187023824238,0.25,0.12348527214454895,-0.30201511352652816,0.17409782220613645
nonmidget,HRGC12,KCNC4,8,-0.4684752053379912,0.25,0.0687035743228782,-0.554614745996836,0.1055133427646297
nonmidget,HRGC12,PLEKHA2,8,0.529524804609546,0.875,0.017290280592906247,0.41784004376619244,0.031898211576011526
nonmidget,HRGC12,TMEM200A,8,-0.11787996107877596,0.75,0.6744240722352938,-0.32800984862439986,0.7211338803973979
nonmidget,HRGC12,SRPX2,8,-0.029267542757347973,0.0,0.17971249487899976,-0.03344862029411197,0.24071079983792967
nonmidget,HRGC12,TGFBR3,8,0.2983094745866003,0.625,0.4838398513935682,0.004675375385819335,0.5479782100725097
nonmidget,HRGC12,SLC44A5,8,-0.6612035518681314,0.5,0.40081416938293446,-1.030084797306071,0.46532515706725897
nonmidget,HRGC12,SDK1,8,0.013779280820330086,0.5,0.6744240722352938,-0.021970943087884214,0.7211338803973979
nonmidget,HRGC12,CAV2,8,0.28053793281564887,0.625,0.32698934959801507,0.11963328356318252,0.40132584051081344
nonmidget,HRGC12,TMEM144,8,-0.41663842260784856,0.25,0.0687035743228782,-0.5467489939129095,0.1055133427646297
nonmidget,HRGC12,RBMS3,8,0.6439618883388755,1.0,0.011718685599768632,0.506175715835326,0.023122070241695956
nonmidget,HRGC12,VAT1L,8,-1.2256212512321305,0.0,0.011718685599768632,-1.384654625506968,0.023122070241695956
nonmidget,HRGC12,HFE,8,-0.07976938321888749,0.0,0.043114446783075355,-0.09116500939301428,0.07145143722995538
nonmidget,HRGC12,BRINP1,8,-0.06983260471165953,0.25,0.2626182904425206,-0.14647113137919604,0.33062102373307317
nonmidget,HRGC12,PARM1,8,0.9545023689530545,1.0,0.011718685599768632,0.891711436319303,0.023122070241695956
nonmidget,HRGC12,VEGFC,8,-0.2720673107596463,0.125,0.16142946236708322,-0.5414194516427667,0.21821494144859177
nonmidget,HRGC12,ITGA7,8,-0.41220114861981527,0.375,0.40081416938293446,-0.5227478927975682,0.46532515706725897
nonmidget,HRGC12,PTPRT,8,-1.8850340341878644,0.25,0.04994997645474642,-2.332305556624828,0.08035828021970173
nonmidget,HRGC12,SHROOM3,8,-1.0680371109102398,0.25,0.04994997645474642,-1.353480961392693,0.08035828021970173
nonmidget,HRGC12,CTXN3,8,-0.20288005554784486,0.0,0.027707849358079868,-0.23186292062610842,0.04790355095306539
nonmidget,HRGC12,DDX60,8,0.9340444065764306,0.75,0.03569190011680441,0.7103511896028113,0.059826423052929296
nonmidget,HRGC12,KBTBD11,8,-0.8037958126153787,0.125,0.04994997645474642,-1.0720650930492472,0.08035828021970173
nonmidget,HRGC12,MAN1A1,8,-1.3328864388713806,0.125,0.04994997645474642,-1.6754312742617112,0.08035828021970173
nonmidget,HRGC12,RASGRP1,8,-0.13220927387857018,0.625,0.779434528427275,-0.2158034394443654,0.8088471521415117
nonmidget,HRGC7,ENPP2,36,0.39333789434572164,0.6944444444444444,0.010442432848504721,0.33724659286312997,0.023122070241695956
nonmidget,HRGC7,GDF6,36,-0.10789824701694277,0.027777777777777776,0.010862224704815628,-0.11534817021959748,0.023122070241695956
nonmidget,HRGC7,GNAI1,36,-0.0791029032749808,0.4444444444444444,0.3539660363660794,-0.098999877351474,0.427871032969986
nonmidget,HRGC7,CHRNB2,36,-0.28370390958050784,0.25,0.004245440731658124,-0.3336247300001983,0.010643840010994728
nonmidget,HRGC7,GLDN,36,-1.241548001371827,0.05555555555555555,3.291596073353219e-07,-1.2974282288932109,2.5511850852911936e-06
nonmidget,HRGC7,DLGAP1,36,1.215204254138259,0.9722222222222222,1.829161137697455e-07,1.1966288442651263,1.8716997688066983e-06
nonmidget,HRGC7,DTX3L,36,0.47790110213624093,0.6944444444444444,0.0019682400460226917,0.44289644951128715,0.006163883418149356
nonmidget,HRGC7,LPAR1,36,-1.2196445784330054,0.027777777777777776,1.9209211049031396e-06,-1.2564948031116865,1.0698801090599765e-05
nonmidget,HRGC7,PDLIM5,36,1.6163214090656892,1.0,1.680295787277147e-07,1.5966081392793028,1.8716997688066983e-06
nonmidget,HRGC7,KIAA1217,36,1.4956297272104968,0.8611111111111112,3.5759443469322924e-06,1.4366507763941316,1.9187994056709862e-05
nonmidget,HRGC7,FGF18,36,-0.517029788716209,0.2777777777777778,0.0013508252535537715,-0.5966894403517554,0.004354308509623878
nonmidget,HRGC7,MAN1A2,36,-0.041868102970274976,0.3888888888888889,0.13556690743699396,-0.055969611898680514,0.18980300377284692
nonmidget,HRGC7,IGF1,36,-0.9492719201415566,0.1111111111111111,3.6464809783275064e-05,-1.0379961868802499,0.00016626441766467388
nonmidget,HRGC7,IGFBP5,36,-1.4086039248977038,0.08333333333333333,5.615928245373209e-06,-1.5113715587803915,2.941676699957395e-05
nonmidget,HRGC7,IL1RAPL2,36,-2.1090918866686037,0.027777777777777776,1.829161137697455e-07,-2.172476102842377,1.8716997688066983e-06
nonmidget,HRGC7,IRX1,36,-0.6495905359845452,0.1388888888888889,1.2565388657627836e-05,-0.7006581643414808,6.177397775817036e-05
nonmidget,HRGC7,SLC16A2,36,-0.3005256732420564,0.3611111111111111,0.08118109511086911,-0.3707143329264783,0.12253750205414204
nonmidget,HRGC7,OPN4,36,-2.848627189772399,0.0,2.477027639365237e-07,-2.9300165380516106,2.270608669418134e-06
nonmidget,HRGC7,OSTF1,36,0.05153906862527915,0.5833333333333334,0.41395706157368684,0.026264463804167987,0.47806064853654123
nonmidget,HRGC7,KSR1,36,-0.16286296803944944,0.25,0.0007736246114213244,-0.19656857034701847,0.0026697633649049625
nonmidget,HRGC7,SLC7A8,36,0.3208142954407616,0.8333333333333334,2.257583667112356e-06,0.30330041217174875,1.2494802685904863e-05
nonmidget,HRGC7,KCNC4,36,-0.9745880724929038,0.05555555555555555,3.291596073353219e-07,-1.0127622945864765,2.5511850852911936e-06
nonmidget,HRGC7,PLEKHA2,36,-1.2355397931302947,0.027777777777777776,1.990738731181765e-07,-1.275139775380565,1.9251099818021462e-06
nonmidget,HRGC7,TMEM200A,36,-2.3370783037388136,0.0,1.680295787277147e-07,-2.3808554465588943,1.8716997688066983e-06
nonmidget,HRGC7,SRPX2,36,-0.07575011648341211,0.1111111111111111,0.08437944259396048,-0.09847619921122477,0.12714710527857057
nonmidget,HRGC7,TGFBR3,36,-0.8684776268427208,0.1388888888888889,3.564245603154823e-06,-0.9135265040821752,1.9187994056709862e-05
nonmidget,HRGC7,SLC44A5,36,-0.7078238046476845,0.3055555555555556,0.003942462507876213,-0.7840226085619213,0.009969445422215712
nonmidget,HRGC7,SDK1,36,0.08805414560440969,0.5833333333333334,0.12364902145322192,0.06517012621324168,0.17409782220613645
nonmidget,HRGC7,CAV2,36,-2.378593553444643,0.0,1.680295787277147e-07,-2.4344715753339528,1.8716997688066983e-06
nonmidget,HRGC7,TMEM144,36,0.6195006770987708,0.9722222222222222,3.028778024406556e-07,0.5885284770684652,2.5511850852911936e-06
nonmidget,HRGC7,RBMS3,36,-1.6577967511218525,0.0,1.680295787277147e-07,-1.6919177431355203,1.8716997688066983e-06
nonmidget,HRGC7,VAT1L,36,-0.49987354995499356,0.2222222222222222,6.170429385609796e-05,-0.5381494814039066,0.000271498892966831
nonmidget,HRGC7,HFE,36,-0.09590638671555977,0.05555555555555555,0.023129802497359468,-0.11225605760238982,0.04162418445332584
nonmidget,HRGC7,BRINP1,36,0.15576631605534702,0.75,0.0005165250270560988,0.14234621022514124,0.0020112478929618007
nonmidget,HRGC7,PARM1,36,-0.9816455118892612,0.027777777777777776,2.5625819970960283e-07,-1.0181656182581187,2.3248166571592836e-06
nonmidget,HRGC7,VEGFC,36,-0.43722694442096294,0.1388888888888889,0.002255123890787091,-0.5113213547104966,0.006681848565295085
nonmidget,HRGC7,ITGA7,36,-0.40016658493030455,0.2222222222222222,0.00022251049619084406,-0.4426571550140956,0.0009107406355718269
nonmidget,HRGC7,PTPRT,36,-5.066461416606189,0.0,1.680295787277147e-07,-5.154490510312851,1.8716997688066983e-06
nonmidget,HRGC7,SHROOM3,36,-0.9112069360027818,0.1388888888888889,4.72074645909561e-05,-1.0101645829885335,0.00021195188183694577
nonmidget,HRGC7,CTXN3,36,-0.18709779949997535,0.027777777777777776,0.00035153256850746316,-0.19317650743671685,0.0013934624337232774
nonmidget,HRGC7,DDX60,36,-0.5195166144138159,0.19444444444444445,0.0011162867043455296,-0.5760410384004675,0.0036929785707671653
nonmidget,HRGC7,KBTBD11,36,-0.6427908012920647,0.2222222222222222,0.000162896006079879,-0.6981488328219232,0.0006782246045622999
nonmidget,HRGC7,MAN1A1,36,-4.003806132703106,0.027777777777777776,1.829161137697455e-07,-4.132640151420619,1.8716997688066983e-06
nonmidget,HRGC7,RASGRP1,36,-1.3620556505071528,0.0,1.680295787277147e-07,-1.395888697606316,1.8716997688066983e-06
nonmidget,HRGC8,ENPP2,12,-0.8304004311616909,0.08333333333333333,0.050460608611093596,-1.187101080823795,0.08073697377774976
nonmidget,HRGC8,GDF6,12,-0.18804999974839678,0.0,0.06788915486182899,-0.20514545427097833,0.1055133427646297
nonmidget,HRGC8,GNAI1,12,-0.5467071242532866,0.3333333333333333,0.480176889906077,-0.659924070191219,0.5479782100725097
nonmidget,HRGC8,CHRNB2,12,-0.4959223902260375,0.3333333333333333,0.11666446478102341,-0.6209047325644548,0.16802737971734957
nonmidget,HRGC8,GLDN,12,0.4963528170687051,0.6666666666666666,0.23931654122149526,0.36641836596604643,0.30834342060749026
nonmidget,HRGC8,DLGAP1,12,0.7768031606687966,1.0,0.00221772146423705,0.7302035094190842,0.006593225974758797
nonmidget,HRGC8,DTX3L,12,-0.5072690439086934,0.16666666666666666,0.0593361198809086,-0.6421460142751432,0.09408249638774697
nonmidget,HRGC8,LPAR1,12,0.23847396999967121,0.4166666666666667,0.6464622026641696,-0.0533095207636397,0.7031974516000857
nonmidget,HRGC8,PDLIM5,12,0.16984876900717394,0.6666666666666666,0.20942675696103719,0.11758347848115096,0.2754791421909009
nonmidget,HRGC8,KIAA1217,12,0.6978148249449531,0.8333333333333334,0.018602929901135743,0.5983971798570628,0.03396385542116069
nonmidget,HRGC8,FGF18,12,-0.39098575837975424,0.5,0.34652171170610724,-0.5665804168147592,0.42060566386396464
nonmidget,HRGC8,MAN1A2,12,-0.10615187819363991,0.4166666666666667,0.480176889906077,-0.1446429563487744,0.5479782100725097
nonmidget,HRGC8,IGF1,12,3.2831852289304475,1.0,0.00221772146423705,3.1072197154143213,0.006593225974758797
nonmidget,HRGC8,IGFBP5,12,-2.4009811020484393,0.0,0.00221772146423705,-2.5563708714096705,0.006593225974758797
nonmidget,HRGC8,IL1RAPL2,12,2.2264511661129434,1.0,0.00221772146423705,1.9850036761759378,0.006593225974758797
nonmidget,HRGC8,IRX1,12,0.4307322640415903,0.8333333333333334,0.15793931050013033,0.28992572977611614,0.21821494144859177
nonmidget,HRGC8,SLC16A2,12,0.3210877965163469,0.6666666666666666,0.34652171170610724,0.09454740018242697,0.42060566386396464
nonmidget,HRGC8,OPN4,12,-2.0506791337583743,0.16666666666666666,0.009632975772588676,-2.374192243354767,0.0217359453330206
nonmidget,HRGC8,OSTF1,12,-0.1452234735862791,0.4166666666666667,0.38818640520827785,-0.21325963164488052,0.46100409795315045
nonmidget,HRGC8,KSR1,12,-0.268062043972197,0.3333333333333333,0.07118923429208963,-0.33777770680521346,0.1089504803078937
nonmidget,HRGC8,SLC7A8,12,-0.39856187927958436,0.16666666666666666,0.012063323418854825,-0.45279653004097226,0.023695813858464834
nonmidget,HRGC8,KCNC4,12,-0.20991429864830347,0.4166666666666667,0.480176889906077,-0.4148102225363592,0.5479782100725097
nonmidget,HRGC8,PLEKHA2,12,-2.307526485828356,0.08333333333333333,0.0028734139278525223,-2.537286197900713,0.00840067859305721
nonmidget,HRGC8,TMEM200A,12,2.0106244477984974,1.0,0.00221772146423705,1.8352632696420308,0.006593225974758797
nonmidget,HRGC8,SRPX2,12,-0.025814095525085182,0.0,0.17971249487899976,-0.02816083148191111,0.24071079983792967
nonmidget,HRGC8,TGFBR3,12,-0.19671414615562333,0.5,0.8139453463016609,-0.38352213493326326,0.8406947238796497
nonmidget,HRGC8,SLC44A5,12,1.6228707626563008,0.9166666666666666,0.006039559048656823,1.3464988341613917,0.01432563871379516
nonmidget,HRGC8,SDK1,12,-1.0880122965494563,0.16666666666666666,0.004741768038406972,-1.1970152445841704,0.011655742664240602
nonmidget,HRGC8,CAV2,12,0.36855979179584986,0.75,0.09948088075636445,0.3137476588777595,0.14614887323138684
nonmidget,HRGC8,TMEM144,12,-0.5305918489276266,0.25,0.012063323418854825,-0.5946263824006435,0.023695813858464834
nonmidget,HRGC8,RBMS3,12,-0.4272644269226416,0.4166666666666667,0.38818640520827785,-0.518104295716343,0.46100409795315045
nonmidget,HRGC8,VAT1L,12,0.8441224408674207,0.8333333333333334,0.015022338553107785,0.7255726229343223,0.0290541932455711
nonmidget,HRGC8,HFE,12,0.11493176719843345,0.16666666666666666,0.6858304344516057,0.004843336640657584,0.7297832917985647
nonmidget,HRGC8,BRINP1,12,-0.14160312169693645,0.3333333333333333,0.23931654122149526,-0.1944194234820939,0.30834342060749026
nonmidget,HRGC8,PARM1,12,0.13523909080834404,0.6666666666666666,0.272095182736126,-0.017940897006582555,0.34108797835867644
nonmidget,HRGC8,VEGFC,12,0.23280707358670025,0.4166666666666667,0.875329249147922,-0.09731470168912647,0.8967284508151006
nonmidget,HRGC8,ITGA7,12,-0.46237197899605337,0.25,0.3078214719088427,-0.583984252018866,0.3804535046064348
nonmidget,HRGC8,PTPRT,12,-0.5036611755046471,0.3333333333333333,0.23931654122149526,-0.7150668519164601,0.30834342060749026
nonmidget,HRGC8,SHROOM3,12,1.6054348531976095,0.9166666666666666,0.0028734139278525223,1.4822144556023125,0.00840067859305721
nonmidget,HRGC8,CTXN3,12,-0.061376508788518934,0.08333333333333333,0.3454475304692257,-0.17858278334121105,0.42046172449919594
nonmidget,HRGC8,DDX60,12,-0.4720233476190292,0.3333333333333333,0.2860033840207056,-0.6198482971983232,0.354483067518621
nonmidget,HRGC8,KBTBD11,12,0.6592650792918611,0.6666666666666666,0.13609738111439365,0.4336572597127717,0.18980300377284692
nonmidget,HRGC8,MAN1A1,12,0.042540339915923986,0.5833333333333334,0.9374729223624751,-0.22295527805170268,0.9471597837875754
nonmidget,HRGC8,RASGRP1,12,-0.4431700513626034,0.25,0.009632975772588676,-0.5010794821445448,0.0217359453330206
nonmidget,HRGC9,ENPP2,11,-1.2837572452329922,0.09090909090909091,0.007645761692991625,-1.452974144498933,0.017529146376715234
nonmidget,HRGC9,GDF6,11,0.02479970934053801,0.09090909090909091,0.5001842570707944,-0.08247173224141477,0.565034847525416
nonmidget,HRGC9,GNAI1,11,0.09461206743593378,0.6363636363636364,0.5937116848746408,-0.011343088839470017,0.6498336849374178
nonmidget,HRGC9,CHRNB2,11,0.14275690764567453,0.5454545454545454,0.5336947142111965,0.019816424560554057,0.5982819726189209
nonmidget,HRGC9,GLDN,11,-0.9966687565389635,0.2727272727272727,0.020795215853599117,-1.163527428438036,0.03780948337018022
nonmidget,HRGC9,DLGAP1,11,0.6058068690638042,1.0,0.003345618115850882,0.5723928688319638,0.008608608017394083
nonmidget,HRGC9,DTX3L,11,-0.23419510560038745,0.45454545454545453,0.24774620591207197,-0.3411318048088493,0.31550891635690786
nonmidget,HRGC9,LPAR1,11,2.328129738623432,1.0,0.003345618115850882,2.11125543097493,0.008608608017394083
nonmidget,HRGC9,PDLIM5,11,-2.3385393733973547,0.0,0.003345618115850882,-2.4253570501579023,0.008608608017394083
nonmidget,HRGC9,KIAA1217,11,-3.3613459445451515,0.0,0.003345618115850882,-3.545423149707331,0.008608608017394083
nonmidget,HRGC9,FGF18,11,0.007164739631981529,0.36363636363636365,1.0,-0.19243195257429935,1.0
nonmidget,HRGC9,MAN1A2,11,0.24351797835676933,0.7272727272727273,0.07536823868947248,0.16409590753527023,0.11415499147458828
nonmidget,HRGC9,IGF1,11,-0.8213265311628892,0.0,0.003345618115850882,-0.8774674665235169,0.008608608017394083
nonmidget,HRGC9,IGFBP5,11,-4.6381243799301615,0.0,0.003345618115850882,-4.881424403874671,0.008608608017394083
nonmidget,HRGC9,IL1RAPL2,11,-1.7666845447103225,0.09090909090909091,0.004439092656792155,-1.9520151046696435,0.01103503259315564
nonmidget,HRGC9,IRX1,11,-1.9579635868634035,0.0,0.003345618115850882,-2.14668148691434,0.008608608017394083
nonmidget,HRGC9,SLC16A2,11,-0.6654791391354901,0.36363636363636365,0.06188375105213765,-0.8158866582653281,0.09741985854361562
nonmidget,HRGC9,OPN4,11,-1.692988419518771,0.18181818181818182,0.01636853923002545,-1.9728194319906849,0.03145046838956855
nonmidget,HRGC9,OSTF1,11,0.05984136139227347,0.7272727272727273,0.5336947142111965,0.010839581117458908,0.5982819726189209
nonmidget,HRGC9,KSR1,11,-0.37769601346239,0.09090909090909091,0.01636853923002545,-0.4495036313436107,0.03145046838956855
nonmidget,HRGC9,SLC7A8,11,0.7494836307117996,1.0,0.003345618115850882,0.6970914070569456,0.008608608017394083
nonmidget,HRGC9,KCNC4,11,1.0400842290160002,0.9090909090909091,0.004439092656792155,0.9516454434036742,0.01103503259315564
nonmidget,HRGC9,PLEKHA2,11,0.44511278856951986,0.7272727272727273,0.06188375105213765,0.35793629802007854,0.09741985854361562
nonmidget,HRGC9,TMEM200A,11,2.479522488573174,1.0,0.003345618115850882,2.403301782144287,0.008608608017394083
nonmidget,HRGC9,SRPX2,11,-0.05011784639114308,0.0,0.06788915486182899,-0.055129631030257385,0.1055133427646297
nonmidget,HRGC9,TGFBR3,11,0.5619694304264512,0.7272727272727273,0.0328542199286437,0.4602121629234167,0.05624846991674408
nonmidget,HRGC9,SLC44A5,11,-0.331629069763329,0.45454545454545453,0.24774620591207197,-0.4243505780626743,0.31550891635690786
nonmidget,HRGC9,SDK1,11,-0.41879544192094154,0.0,0.003345618115850882,-0.4594665285119966,0.008608608017394083
nonmidget,HRGC9,CAV2,11,0.05341650412456673,0.6363636363636364,0.6566419342620566,-0.036181137445813104,0.712509127189408
nonmidget,HRGC9,TMEM144,11,-2.4016478643305974,0.0,0.003345618115850882,-2.5294784812368265,0.008608608017394083
nonmidget,HRGC9,RBMS3,11,0.5518741412022163,1.0,0.003345618115850882,0.4884031958061915,0.008608608017394083
nonmidget,HRGC9,VAT1L,11,-1.6065203161165356,0.18181818181818182,0.007645761692991625,-1.8239667979968026,0.017529146376715234
nonmidget,HRGC9,HFE,11,-0.06260549765259164,0.0,0.027707849358079868,-0.06886604741785081,0.04790355095306539
nonmidget,HRGC9,BRINP1,11,-0.7071945207009925,0.0,0.003345618115850882,-0.7606155748308588,0.008608608017394083
nonmidget,HRGC9,PARM1,11,1.72665570053843,1.0,0.003345618115850882,1.6929956653166276,0.008608608017394083
nonmidget,HRGC9,VEGFC,11,-0.3265426361274151,0.18181818181818182,0.21322298815094953,-0.4410675866426107,0.2788056903013902
nonmidget,HRGC9,ITGA7,11,0.22200823722748356,0.6363636363636364,0.21322298815094953,0.1590794615301033,0.2788056903013902
nonmidget,HRGC9,PTPRT,11,-3.60251485933801,0.0,0.003345618115850882,-3.9576595887636676,0.008608608017394083
nonmidget,HRGC9,SHROOM3,11,-0.8383023715214758,0.2727272727272727,0.06188375105213765,-0.995316492578057,0.09741985854361562
nonmidget,HRGC9,CTXN3,11,-0.2078510595034465,0.0,0.007685794055213263,-0.22863616545379117,0.017567529269058885
nonmidget,HRGC9,DDX60,11,-1.071276137495305,0.09090909090909091,0.0058470757973204815,-1.212516392863334,0.013944245803907924
nonmidget,HRGC9,KBTBD11,11,-1.1303989751486279,0.09090909090909091,0.0058470757973204815,-1.2538902475827327,0.013944245803907924
nonmidget,HRGC9,MAN1A1,11,-3.995220461119257,0.0,0.003345618115850882,-4.282932164521079,0.008608608017394083
nonmidget,HRGC9,RASGRP1,11,0.6720485078351717,1.0,0.003345618115850882,0.5632677429749972,0.008608608017394083
nonmidget,PG_OFF,ENPP2,34,0.1026465046800421,0.6470588235294118,0.21516137084866804,0.06088242681939959,0.280922858081347
nonmidget,PG_OFF,GDF6,34,0.021241899978431466,0.029411764705882353,0.10974463874701328,-0.07214558216597981,0.15884092450225606
nonmidget,PG_OFF,GNAI1,34,0.7028985928219836,0.9705882352941176,3.996660616397183e-07,0.6826699070985758,2.6847796507095576e-06
nonmidget,PG_OFF,CHRNB2,34,-0.37374653259880347,0.20588235294117646,0.001915583159661774,-0.432105513729424,0.006020404216079861
nonmidget,PG_OFF,GLDN,34,-1.5802368587792561,0.0,3.6528331903033e-07,-1.6042951641101355,2.5511850852911936e-06
nonmidget,PG_OFF,DLGAP1,34,-0.9530959615800969,0.0,3.6528331903033e-07,-0.9778190183133209,2.5511850852911936e-06
nonmidget,PG_OFF,DTX3L,34,0.014101817358477757,0.4117647058823529,0.7910125552405309,-0.07950203092593211,0.8189306454254909
nonmidget,PG_OFF,LPAR1,34,-1.4057228010974467,0.029411764705882353,1.4301944151301738e-06,-1.451366328872556,8.119813453642276e-06
nonmidget,PG_OFF,PDLIM5,34,-0.8513681078198165,0.029411764705882353,4.780391939239684e-07,-0.879805327018915,3.1161073381710535e-06
nonmidget,PG_OFF,KIAA1217,34,-1.7536107653965118,0.08823529411764706,8.867009639231229e-07,-1.8355950610584608,5.2368915990090475e-06
nonmidget,PG_OFF,FGF18,34,-0.2896129604346038,0.35294117647058826,0.04639915206676906,-0.35480520757178463,0.07660647996014404
nonmidget,PG_OFF,MAN1A2,34,-0.07565009548699544,0.35294117647058826,0.07970628861224237,-0.08993426774658134,0.12051809961988537
nonmidget,PG_OFF,IGF1,34,-0.8383702849575316,0.08823529411764706,1.4854398316921947e-05,-0.8912698954203141,7.18234643895127e-05
nonmidget,PG_OFF,IGFBP5,34,-1.4024932039045863,0.08823529411764706,1.3669392271481449e-06,-1.4592178701373406,7.862134116930507e-06
nonmidget,PG_OFF,IL1RAPL2,34,-2.0324143920541826,0.058823529411764705,1.622108940021512e-06,-2.132768165268684,9.092075587381723e-06
nonmidget,PG_OFF,IRX1,34,-1.4081563417072998,0.029411764705882353,8.867009639231229e-07,-1.475016181937498,5.2368915990090475e-06
nonmidget,PG_OFF,SLC16A2,34,0.11418740660222323,0.5588235294117647,0.3514605324271852,0.0612315342237341,0.4254267792791238
nonmidget,PG_OFF,OPN4,34,-2.6249958957981154,0.0,5.388790737562247e-07,-2.704541225973816,3.4363303254020127e-06
nonmidget,PG_OFF,OSTF1,34,0.27309224503138035,0.7352941176470589,0.0011264160993323922,0.2535875731516106,0.0037125324622191203
nonmidget,PG_OFF,KSR1,34,0.25057235014524926,0.8529411764705882,0.00011560473099447029,0.22179235193401586,0.0004914597259668302
nonmidget,PG_OFF,SLC7A8,34,0.06869097330927276,0.7058823529411765,0.0347362603255673,0.051893325516365205,0.05912554949032732
nonmidget,PG_OFF,KCNC4,34,-1.5383882449864474,0.0,3.6528331903033e-07,-1.578161913640118,2.5511850852911936e-06
nonmidget,PG_OFF,PLEKHA2,34,0.9548258050129251,1.0,3.6528331903033e-07,0.912722186222481,2.5511850852911936e-06
nonmidget,PG_OFF,TMEM200A,34,-2.4707439139107312,0.0,3.6528331903033e-07,-2.532092111251264,2.5511850852911936e-06
nonmidget,PG_OFF,SRPX2,34,-0.12743293199580555,0.0,0.00221772146423705,-0.13129453599567845,0.006593225974758797
nonmidget,PG_OFF,TGFBR3,34,-0.5632331724696648,0.23529411764705882,0.000417296685644411,-0.6295617823150339,0.0016393798364601859
nonmidget,PG_OFF,SLC44A5,34,-1.002351310000619,0.17647058823529413,9.362184220106845e-05,-1.1129742441859096,0.0004038589271418639
nonmidget,PG_OFF,SDK1,34,1.2196932743385442,1.0,3.6528331903033e-07,1.2055882042188013,2.5511850852911936e-06
nonmidget,PG_OFF,CAV2,34,-0.9192519682456775,0.058823529411764705,6.815882778478537e-07,-0.9499560174275166,4.194389402140638e-06
nonmidget,PG_OFF,TMEM144,34,-0.6635275600447907,0.11764705882352941,1.0551976875643734e-06,-0.687048612513789,6.149496457328799e-06
nonmidget,PG_OFF,RBMS3,34,-0.33704022912447273,0.2647058823529412,0.003367299875008554,-0.3784954775336673,0.008639136705561306
nonmidget,PG_OFF,VAT1L,34,-1.368412069844812,0.029411764705882353,5.225915161937345e-07,-1.4266734029657084,3.3567922208064693e-06
nonmidget,PG_OFF,HFE,34,-0.07294175014838056,0.058823529411764705,0.09948088075636445,-0.10591324685889497,0.14614887323138684
nonmidget,PG_OFF,BRINP1,34,0.021366736568093913,0.5588235294117647,0.2484941132397941,0.005792243103829867,0.3160040746402006
nonmidget,PG_OFF,PARM1,34,-2.2439228049601123,0.0,3.6528331903033e-07,-2.283979199990283,2.5511850852911936e-06
nonmidget,PG_OFF,VEGFC,34,-0.43439532853313745,0.11764705882352941,0.000815736363503868,-0.5415899994203235,0.0027503754784804746
nonmidget,PG_OFF,ITGA7,34,-0.08659804306420814,0.47058823529411764,0.2776432923583433,-0.12257523043135483,0.3470541154479291
nonmidget,PG_OFF,PTPRT,34,-5.504825891541871,0.0,3.6528331903033e-07,-5.572940491746068,2.5511850852911936e-06
nonmidget,PG_OFF,SHROOM3,34,-1.0894331017882908,0.14705882352941177,7.195054420722183e-06,-1.166061699048701,3.6599120752806476e-05
nonmidget,PG_OFF,CTXN3,34,-0.07392420344752286,0.08823529411764706,0.05262434185535095,-0.10708418484816322,0.0838938783201247
nonmidget,PG_OFF,DDX60,34,-0.46329800166405244,0.2647058823529412,0.005461935022195175,-0.5115679429732805,0.013168500875429461
nonmidget,PG_OFF,KBTBD11,34,-0.28286860692690224,0.35294117647058826,0.020526741887784226,-0.37168903495844374,0.037398618760352206
nonmidget,PG_OFF,MAN1A1,34,-4.439519900596572,0.0,3.6528331903033e-07,-4.537556814182619,2.5511850852911936e-06
nonmidget,PG_OFF,RASGRP1,34,-1.264422237804398,0.0,3.6528331903033e-07,-1.2931597451966168,2.5511850852911936e-06
nonmidget,PG_ON,ENPP2,36,-1.0930399446797865,0.027777777777777776,8.217826514754129e-07,-1.150044665254515,4.987370574471471e-06
nonmidget,PG_ON,GDF6,36,-0.1543531538435683,0.0,0.005062032126267864,-0.15876324395338454,0.012305492461645636
nonmidget,PG_ON,GNAI1,36,-1.2815976322212912,0.0,1.680295787277147e-07,-1.3147153207068454,1.8716997688066983e-06
nonmidget,PG_ON,CHRNB2,36,-0.08263558777088799,0.5555555555555556,0.9373882722307465,-0.1257030602506494,0.9471597837875754
nonmidget,PG_ON,GLDN,36,-0.3979015462813439,0.3888888888888889,0.051401648041625156,-0.4891920058295012,0.08209337618263182
nonmidget,PG_ON,DLGAP1,36,-2.5054980797371695,0.0,1.680295787277147e-07,-2.5350328171365533,1.8716997688066983e-06
nonmidget,PG_ON,DTX3L,36,-0.9008063485124094,0.08333333333333333,6.5153863633941635e-06,-0.9578855208257049,3.352947368296411e-05
nonmidget,PG_ON,LPAR1,36,-1.6861876552849295,0.027777777777777776,6.484785739349568e-07,-1.7408161741847543,4.047242163565687e-06
nonmidget,PG_ON,PDLIM5,36,-0.6547433922363332,0.1388888888888889,2.216796732388737e-05,-0.7223136159174067,0.00010321593251333801
nonmidget,PG_ON,KIAA1217,36,-2.945567852459806,0.0,1.680295787277147e-07,-3.0238901893634957,1.8716997688066983e-06
nonmidget,PG_ON,FGF18,36,-0.32723602793627865,0.4722222222222222,0.12364902145322192,-0.36334962353766365,0.17409782220613645
nonmidget,PG_ON,MAN1A2,36,-0.12497706066322199,0.2777777777777778,0.003141029515924252,-0.13431194127023488,0.008608608017394083
nonmidget,PG_ON,IGF1,36,-0.7648660302960224,0.16666666666666666,1.1115540281914786e-05,-0.8015982370112157,5.526370309652549e-05
nonmidget,PG_ON,IGFBP5,36,2.86809286523412,1.0,1.680295787277147e-07,2.8175799942996163,1.8716997688066983e-06
nonmidget,PG_ON,IL1RAPL2,36,-2.2886709909759286,0.05555555555555555,2.1660708397295836e-07,-2.357715380263421,2.0718938466978623e-06
nonmidget,PG_ON,IRX1,36,1.0721088344754457,0.9722222222222222,2.7862785379144005e-07,1.0405107252154586,2.501964401392523e-06
nonmidget,PG_ON,SLC16A2,36,-0.538596957687581,0.25,0.0011456013982430841,-0.58461415890927,0.0037616762330369927
nonmidget,PG_ON,OPN4,36,-1.6083142752311463,0.2222222222222222,0.00015293869910054607,-1.7151526791758025,0.0006408859771832407
nonmidget,PG_ON,OSTF1,36,-0.8431318963990971,0.027777777777777776,1.829161137697455e-07,-0.8684627727758514,1.8716997688066983e-06
nonmidget,PG_ON,KSR1,36,0.22864254365238143,0.8611111111111112,4.486114642395039e-06,0.20888530131351332,2.378181256209418e-05
nonmidget,PG_ON,SLC7A8,36,-0.37335735862301134,0.16666666666666666,1.0877037898755246e-05,-0.4009889871638954,5.438518949377623e-05
nonmidget,PG_ON,KCNC4,36,1.0381313106782757,1.0,1.680295787277147e-07,1.010792645510184,1.8716997688066983e-06
nonmidget,PG_ON,PLEKHA2,36,0.02697934004239118,0.5555555555555556,0.6262386140844808,-0.008172997883387361,0.6837344669905001
nonmidget,PG_ON,TMEM200A,36,-1.5214542039953716,0.1111111111111111,8.769677434012983e-07,-1.58813546017996,5.2368915990090475e-06
nonmidget,PG_ON,SRPX2,36,-0.022818108936566238,0.027777777777777776,0.050460608611093596,-0.06661781359885831,0.08073697377774976
nonmidget,PG_ON,TGFBR3,36,0.19981938290954604,0.6388888888888888,0.04775609085490419,0.14903117725206363,0.07840552229909643
nonmidget,PG_ON,SLC44A5,36,-1.0650075249965023,0.19444444444444445,0.00014355641038127362,-1.1606404200046283,0.000607354043920773
nonmidget,PG_ON,SDK1,36,-0.7507011427055493,0.05555555555555555,4.972161277661779e-07,-0.7843180085208775,3.217280826722327e-06
nonmidget,PG_ON,CAV2,36,1.116390543977084,0.9722222222222222,1.829161137697455e-07,1.0777417071086681,1.8716997688066983e-06
nonmidget,PG_ON,TMEM144,36,0.4033998154844255,0.8888888888888888,1.4502066411074273e-05,0.37290655111107185,7.05072842085379e-05
nonmidget,PG_ON,RBMS3,36,0.4669514087752851,0.8055555555555556,1.7948991286699215e-05,0.44105232211073986,8.584300180595276e-05
nonmidget,PG_ON,VAT1L,36,0.4761373579008132,0.7777777777777778,0.0025576993934751414,0.4242995654652646,0.007527677144676002
nonmidget,PG_ON,HFE,36,-0.06361092496664099,0.05555555555555555,0.09116079400519664,-0.07724189328809458,0.13689675550268438
nonmidget,PG_ON,BRINP1,36,-0.00024084886535676495,0.3888888888888889,0.6944935203887821,-0.022400951561873633,0.7358606619588165
nonmidget,PG_ON,PARM1,36,1.0248580724789804,0.9722222222222222,1.829161137697455e-07,0.9937206442388641,1.8716997688066983e-06
nonmidget,PG_ON,VEGFC,36,-0.04182779075388762,0.3055555555555556,0.3740434083783506,-0.11298482433617979,0.45028481446367785
nonmidget,PG_ON,ITGA7,36,0.32385579856363567,0.7777777777777778,0.003655478822612103,0.28627734534105476,0.009324119895358408
nonmidget,PG_ON,PTPRT,36,2.4360649285893876,0.9444444444444444,3.576364843288816e-07,2.3530797706618074,2.5511850852911936e-06
nonmidget,PG_ON,SHROOM3,36,0.020997249206877306,0.6111111111111112,0.5297268757576521,-0.02816101271956068,0.5967396997616066
nonmidget,PG_ON,CTXN3,36,0.02902543103758595,0.25,0.5861803873075235,-0.008999615814940963,0.6431904499134922
nonmidget,PG_ON,DDX60,36,0.5371727189087623,0.8055555555555556,7.044568712371233e-05,0.49990631842197236,0.00030689210232112305
nonmidget,PG_ON,KBTBD11,36,0.27749236886968054,0.4722222222222222,0.2997834215890085,0.20036163109884708,0.37103995921002464
nonmidget,PG_ON,MAN1A1,36,3.340066641296709,1.0,1.680295787277147e-07,3.302720777853777,1.8716997688066983e-06
nonmidget,PG_ON,RASGRP1,36,-0.6166206405795134,0.1388888888888889,3.852191644461084e-05,-0.6778527364600375,0.00017473859005802855
nonmidget,ipRGC,ENPP2,15,-1.4195702635699246,0.0,0.0014737808438751421,-1.520968139539205,0.004699011386268569
nonmidget,ipRGC,GDF6,15,0.04681321958331626,0.06666666666666667,0.3454475304692257,-0.15208778178640417,0.42046172449919594
nonmidget,ipRGC,GNAI1,15,0.48588510016024544,0.8666666666666667,0.010593539088689496,0.4291937115860563,0.023122070241695956
nonmidget,ipRGC,CHRNB2,15,-0.5936080738926571,0.2,0.023095732617466554,-0.6982569021496301,0.04162418445332584
nonmidget,ipRGC,GLDN,15,2.8738338081072454,1.0,0.0006549583433856956,2.7279905691920554,0.0022691470164543782
nonmidget,ipRGC,DLGAP1,15,0.5869528058942506,0.9333333333333333,0.0008052762369668133,0.5502930271028195,0.0027255503405030604
nonmidget,ipRGC,DTX3L,15,-1.1198176266716942,0.0,0.0006549583433856956,-1.181747746142388,0.0022691470164543782
nonmidget,ipRGC,LPAR1,15,-1.7286280238489866,0.06666666666666667,0.0018714329102470315,-1.8835299259501317,0.0059027274588436835
nonmidget,ipRGC,PDLIM5,15,-2.0420863708133052,0.0,0.0006549583433856956,-2.1467006942835742,0.0022691470164543782
nonmidget,ipRGC,KIAA1217,15,2.457119416617568,1.0,0.0006549583433856956,2.3225653052048414,0.0022691470164543782
nonmidget,ipRGC,FGF18,15,-0.5937502796345863,0.3333333333333333,0.10942115881922926,-0.7520759466904653,0.15884092450225606
nonmidget,ipRGC,MAN1A2,15,0.28593837153134033,0.9333333333333333,0.0012063162374293,0.2522993797952953,0.003902787826977147
nonmidget,ipRGC,IGF1,15,-0.8899325839653768,0.13333333333333333,0.01074678300534386,-1.0098664339870016,0.023122070241695956
nonmidget,ipRGC,IGFBP5,15,-4.702090810672427,0.0,0.0006549583433856956,-4.889667348140607,0.0022691470164543782
nonmidget,ipRGC,IL1RAPL2,15,-2.1130538164933053,0.06666666666666667,0.0008052762369668133,-2.274551830437819,0.0027255503405030604
nonmidget,ipRGC,IRX1,15,0.7323002346680744,0.9333333333333333,0.004514052854917142,0.630073611437189,0.011127077065341974
nonmidget,ipRGC,SLC16A2,15,-1.1539844996589594,0.13333333333333333,0.0053856650166407526,-1.3504508811726506,0.013020289051219401
nonmidget,ipRGC,OPN4,15,2.284996579939848,0.8666666666666667,0.003142928531165604,2.0110706812585337,0.008608608017394083
nonmidget,ipRGC,OSTF1,15,1.547988451967441,1.0,0.0006549583433856956,1.4572524029564422,0.0022691470164543782
nonmidget,ipRGC,KSR1,15,-0.6780671786204291,0.06666666666666667,0.0009870974388792306,-0.7291177127538376,0.0032779084762781996
nonmidget,ipRGC,SLC7A8,15,-0.418918900341174,0.2,0.006406490222167371,-0.475342537421516,0.01511450776275412
nonmidget,ipRGC,KCNC4,15,-0.4044171929029355,0.4,0.12515345696288432,-0.4938790858548754,0.17565397468474994
nonmidget,ipRGC,PLEKHA2,15,-1.4502986377845886,0.2,0.010593539088689496,-1.6879945408484844,0.023122070241695956
nonmidget,ipRGC,TMEM200A,15,1.1116340900417234,0.8666666666666667,0.004514052854917142,0.9741111405768167,0.011127077065341974
nonmidget,ipRGC,SRPX2,15,-0.052153962703307175,0.0,0.10880943004054569,-0.0558792457535434,0.1587931980691214
nonmidget,ipRGC,TGFBR3,15,-0.41185457816400467,0.4666666666666667,0.25598851167013814,-0.7095307113632658,0.3250647767239849
nonmidget,ipRGC,SLC44A5,15,-2.1575501696289794,0.0,0.0006549583433856956,-2.298464739261952,0.0022691470164543782
nonmidget,ipRGC,SDK1,15,-4.743613567229839,0.0,0.0006549583433856956,-4.899203247070772,0.0022691470164543782
nonmidget,ipRGC,CAV2,15,0.5293565099514067,0.8,0.01705871853149452,0.446882925551339,0.031898211576011526
nonmidget,ipRGC,TMEM144,15,-0.7013863026742099,0.13333333333333333,0.003142928531165604,-0.7880977174244721,0.008608608017394083
nonmidget,ipRGC,RBMS3,15,0.9762644029470733,1.0,0.0006549583433856956,0.9426467892083027,0.0022691470164543782
nonmidget,ipRGC,VAT1L,15,-0.025992561365086875,0.4,1.0,-0.16434934092351683,1.0
nonmidget,ipRGC,HFE,15,0.15448895064325266,0.13333333333333333,0.6858304344516057,0.023613240762492493,0.7297832917985647
nonmidget,ipRGC,BRINP1,15,-0.3953926935287387,0.06666666666666667,0.003142928531165604,-0.4570414319287902,0.008608608017394083
nonmidget,ipRGC,PARM1,15,0.9233394278678839,0.9333333333333333,0.0008052762369668133,0.8113623853880518,0.0027255503405030604
nonmidget,ipRGC,VEGFC,15,-0.37785854717202244,0.06666666666666667,0.0663160312989308,-0.49969810951869104,0.10421090632689124
nonmidget,ipRGC,ITGA7,15,-0.9337199618833466,0.2,0.01245330404618514,-1.075275318304141,0.02436610718421481
nonmidget,ipRGC,PTPRT,15,3.5515015598583797,1.0,0.0006549583433856956,3.4290650142311043,0.0022691470164543782
nonmidget,ipRGC,SHROOM3,15,-1.0791866448596623,0.3333333333333333,0.04088813291185591,-1.2703103224591181,0.06801806609155615
nonmidget,ipRGC,CTXN3,15,-0.09687093961394204,0.0,0.043114446783075355,-0.10379029244350933,0.07145143722995538
nonmidget,ipRGC,DDX60,15,-1.5902182868464572,0.13333333333333333,0.002162232660801691,-1.773379675113444,0.006593225974758797
nonmidget,ipRGC,KBTBD11,15,-1.4260111564583,0.0,0.0006549583433856956,-1.4944879031120024,0.0022691470164543782
nonmidget,ipRGC,MAN1A1,15,0.5601523261910697,0.6666666666666666,0.12515345696288432,0.33209276135209503,0.17565397468474994
nonmidget,ipRGC,RASGRP1,15,2.9995231815373904,1.0,0.0006549583433856956,2.9382075312905758,0.0022691470164543782
