cell,library
CtC57CD45CD90P1_AAACCTGCACGTAAGG-1,CtC57CD45CD90P1
CtC57CD45CD90P1_AAACCTGCAGACAAAT-1,CtC57CD45CD90P1
CtC57CD45CD90P1_AAACCTGTCCGCGGTA-1,CtC57CD45CD90P1
CtC57CD45CD90P1_AAACGGGAGCTCTCGG-1,CtC57CD45CD90P1
CtC57CD45CD90P1_AAACGGGCAAGCGATG-1,CtC57CD45CD90P1
CtC57CD45CD90P1_AAACGGGTCGGATGGA-1,CtC57CD45CD90P1
CtC57CD45CD90P1_AAAGCAACAACTGGCC-1,CtC57CD45CD90P1
CtC57CD45CD90P1_AAAGCAACAATCCGAT-1,CtC57CD45CD90P1
CtC57CD45CD90P1_AAAGCAAGTCTGCGGT-1,CtC57CD45CD90P1
CtC57CD45CD90P1_AAAGCAATCCTCGCAT-1,CtC57CD45CD90P1
CtC57CD45CD90P1_AAAGCAATCTGTCAAG-1,CtC57CD45CD90P1
CtC57CD45CD90P1_AAAGTAGAGTGGAGAA-1,CtC57CD45CD90P1
CtC57CD45CD90P1_AAAGTAGCATACCATG-1,CtC57CD45CD90P1
CtC57CD45CD90P1_AAAGTAGGTCATATGC-1,CtC57CD45CD90P1
CtC57CD45CD90P1_AAATGCCGTCCGTTAA-1,CtC57CD45CD90P1
CtC57CD45CD90P1_AAATGCCTCAACGGGA-1,CtC57CD45CD90P1
CtC57CD45CD90P1_AAATGCCTCGTGGTCG-1,CtC57CD45CD90P1
CtC57CD45CD90P1_AACACGTGTGGGTCAA-1,CtC57CD45CD90P1
CtC57CD45CD90P1_AACCATGCAGTTCCCT-1,CtC57CD45CD90P1
CtC57CD45CD90P1_AACCATGTCATGTAGC-1,CtC57CD45CD90P1
CtC57CD45CD90P1_AACGTTGCACCCTATC-1,CtC57CD45CD90P1
CtC57CD45CD90P1_AACGTTGGTAGAGCTG-1,CtC57CD45CD90P1
CtC57CD45CD90P1_AACTCCCCAAAGAATC-1,CtC57CD45CD90P1
CtC57CD45CD90P1_AACTCCCGTCCTCCAT-1,CtC57CD45CD90P1
CtC57CD45CD90P1_AACTCCCGTTCCCTTG-1,CtC57CD45CD90P1
CtC57CD45CD90P1_AACTCCCGTTTGGCGC-1,CtC57CD45CD90P1
CtC57CD45CD90P1_AACTCCCTCGACGGAA-1,CtC57CD45CD90P1
CtC57CD45CD90P1_AACTCTTCACCATCCT-1,CtC57CD45CD90P1
CtC57CD45CD90P1_AACTCTTCACTTAACG-1,CtC57CD45CD90P1
CtC57CD45CD90P1_AACTCTTGTACCAGTT-1,CtC57CD45CD90P1
CtC57CD45CD90P1_AACTCTTGTCAAACTC-1,CtC57CD45CD90P1
CtC57CD45CD90P1_AACTCTTTCATTGCGA-1,CtC57CD45CD90P1
CtC57CD45CD90P1_AACTGGTAGAGAGCTC-1,CtC57CD45CD90P1
CtC57CD45CD90P1_AACTGGTAGGCAATTA-1,CtC57CD45CD90P1
CtC57CD45CD90P1_AAGACCTCAACTGCTA-1,CtC57CD45CD90P1
CtC57CD45CD90P1_AAGGCAGGTCCGAGTC-1,CtC57CD45CD90P1
CtC57CD45CD90P1_AAGGCAGTCACCCGAG-1,CtC57CD45CD90P1
CtC57CD45CD90P1_AAGGCAGTCGCTGATA-1,CtC57CD45CD90P1
CtC57CD45CD90P1_AAGGCAGTCTCGTATT-1,CtC57CD45CD90P1
CtC57CD45CD90P1_AAGGTTCAGCCAGAAC-1,CtC57CD45CD90P1
CtC57CD45CD90P1_AAGGTTCGTCCGAATT-1,CtC57CD45CD90P1
CtC57CD45CD90P1_AAGGTTCGTGCACTTA-1,CtC57CD45CD90P1
CtC57CD45CD90P1_AAGTCTGTCACCACCT-1,CtC57CD45CD90P1
CtC57CD45CD90P1_AATCCAGTCGCATGGC-1,CtC57CD45CD90P1
CtC57CD45CD90P1_AATCGGTCACGCCAGT-1,CtC57CD45CD90P1
CtC57CD45CD90P1_AATCGGTGTGACTACT-1,CtC57CD45CD90P1
CtC57CD45CD90P1_ACACCAACAACTGGCC-1,CtC57CD45CD90P1
CtC57CD45CD90P1_ACACCAAGTATAGTAG-1,CtC57CD45CD90P1
CtC57CD45CD90P1_ACACCAAGTCTGGTCG-1,CtC57CD45CD90P1
CtC57CD45CD90P1_ACACCCTAGAGTCGGT-1,CtC57CD45CD90P1
CtC57CD45CD90P1_ACACCCTAGGGCATGT-1,CtC57CD45CD90P1
CtC57CD45CD90P1_ACACCGGAGCTAGTGG-1,CtC57CD45CD90P1
CtC57CD45CD90P1_ACACCGGGTATATCCG-1,CtC57CD45CD90P1
CtC57CD45CD90P1_ACACCGGTCGAGAACG-1,CtC57CD45CD90P1
CtC57CD45CD90P1_ACAGCCGAGCCACGCT-1,CtC57CD45CD90P1
CtC57CD45CD90P1_ACAGCCGAGGCTAGCA-1,CtC57CD45CD90P1
CtC57CD45CD90P1_ACAGCCGAGTGTACTC-1,CtC57CD45CD90P1
CtC57CD45CD90P1_ACAGCCGTCCAGTAGT-1,CtC57CD45CD90P1
CtC57CD45CD90P1_ACATACGAGGCCCTCA-1,CtC57CD45CD90P1
CtC57CD45CD90P1_ACATCAGAGAGAGCTC-1,CtC57CD45CD90P1
CtC57CD45CD90P1_ACATGGTAGTGAACGC-1,CtC57CD45CD90P1
CtC57CD45CD90P1_ACCAGTAAGAGGGATA-1,CtC57CD45CD90P1
CtC57CD45CD90P1_ACCAGTAAGCTCCTTC-1,CtC57CD45CD90P1
CtC57CD45CD90P1_ACCAGTACATCACGTA-1,CtC57CD45CD90P1
CtC57CD45CD90P1_ACCAGTATCCGTACAA-1,CtC57CD45CD90P1
CtC57CD45CD90P1_ACCCACTGTAACGCGA-1,CtC57CD45CD90P1
CtC57CD45CD90P1_ACCCACTTCTGTTTGT-1,CtC57CD45CD90P1
CtC57CD45CD90P1_ACCGTAAAGGACAGAA-1,CtC57CD45CD90P1
CtC57CD45CD90P1_ACCTTTAAGAAAGTGG-1,CtC57CD45CD90P1
CtC57CD45CD90P1_ACCTTTAGTGCACTTA-1,CtC57CD45CD90P1
CtC57CD45CD90P1_ACGAGCCAGATCTGAA-1,CtC57CD45CD90P1
CtC57CD45CD90P1_ACGAGCCAGGGAAACA-1,CtC57CD45CD90P1
CtC57CD45CD90P1_ACGAGCCGTCAACATC-1,CtC57CD45CD90P1
CtC57CD45CD90P1_ACGAGCCGTCACCTAA-1,CtC57CD45CD90P1
CtC57CD45CD90P1_ACGAGCCTCCGCGCAA-1,CtC57CD45CD90P1
CtC57CD45CD90P1_ACGCAGCGTTAGATGA-1,CtC57CD45CD90P1
CtC57CD45CD90P1_ACGCCAGAGCAGACTG-1,CtC57CD45CD90P1
CtC57CD45CD90P1_ACGCCAGAGCTGCAAG-1,CtC57CD45CD90P1
CtC57CD45CD90P1_ACGCCAGGTTGTCTTT-1,CtC57CD45CD90P1
CtC57CD45CD90P1_ACGCCGAAGCCCAATT-1,CtC57CD45CD90P1
CtC57CD45CD90P1_ACGCCGACAGGGTATG-1,CtC57CD45CD90P1
CtC57CD45CD90P1_ACGCCGATCTCGCTTG-1,CtC57CD45CD90P1
CtC57CD45CD90P1_ACGGAGAGTAATCGTC-1,CtC57CD45CD90P1
CtC57CD45CD90P1_ACGGAGATCAACACAC-1,CtC57CD45CD90P1
CtC57CD45CD90P1_ACGGAGATCGAACGGA-1,CtC57CD45CD90P1
CtC57CD45CD90P1_ACGGCCATCCTATTCA-1,CtC57CD45CD90P1
CtC57CD45CD90P1_ACGGGTCGTCAAAGCG-1,CtC57CD45CD90P1
CtC57CD45CD90P1_ACGTCAATCCAAGTAC-1,CtC57CD45CD90P1
CtC57CD45CD90P1_ACTATCTAGGTAGCCA-1,CtC57CD45CD90P1
CtC57CD45CD90P1_ACTATCTCACGAAGCA-1,CtC57CD45CD90P1
CtC57CD45CD90P1_ACTATCTGTGCAACGA-1,CtC57CD45CD90P1
CtC57CD45CD90P1_ACTATCTTCTTAACCT-1,CtC57CD45CD90P1
CtC57CD45CD90P1_ACTGAACCAATGTTGC-1,CtC57CD45CD90P1
CtC57CD45CD90P1_ACTGAACCAGCGATCC-1,CtC57CD45CD90P1
CtC57CD45CD90P1_ACTGAACGTGCAGTAG-1,CtC57CD45CD90P1
CtC57CD45CD90P1_ACTGAGTCAACAACCT-1,CtC57CD45CD90P1
CtC57CD45CD90P1_ACTGATGCAATCAGAA-1,CtC57CD45CD90P1
CtC57CD45CD90P1_ACTGCTCGTGTGCCTG-1,CtC57CD45CD90P1
CtC57CD45CD90P1_ACTGTCCGTTGATTCG-1,CtC57CD45CD90P1
CtC57CD45CD90P1_ACTTACTAGCGTGAGT-1,CtC57CD45CD90P1
CtC57CD45CD90P1_ACTTACTAGTTGAGTA-1,CtC57CD45CD90P1
CtC57CD45CD90P1_ACTTACTCACGGTTTA-1,CtC57CD45CD90P1
CtC57CD45CD90P1_ACTTACTGTAGCGCAA-1,CtC57CD45CD90P1
CtC57CD45CD90P1_ACTTGTTAGTGAATTG-1,CtC57CD45CD90P1
CtC57CD45CD90P1_ACTTGTTGTAGCAAAT-1,CtC57CD45CD90P1
CtC57CD45CD90P1_ACTTGTTGTGTCAATC-1,CtC57CD45CD90P1
CtC57CD45CD90P1_ACTTTCAAGTGTGAAT-1,CtC57CD45CD90P1
CtC57CD45CD90P1_ACTTTCACAGTCTTCC-1,CtC57CD45CD90P1
CtC57CD45CD90P1_AGAATAGAGTGGCACA-1,CtC57CD45CD90P1
CtC57CD45CD90P1_AGACGTTAGTCATGCT-1,CtC57CD45CD90P1
CtC57CD45CD90P1_AGACGTTCAAGCTGAG-1,CtC57CD45CD90P1
CtC57CD45CD90P1_AGAGCGACACGGCCAT-1,CtC57CD45CD90P1
CtC57CD45CD90P1_AGAGCGAGTAGCTGCC-1,CtC57CD45CD90P1
CtC57CD45CD90P1_AGAGCTTGTCAGCTAT-1,CtC57CD45CD90P1
CtC57CD45CD90P1_AGAGCTTTCACGATGT-1,CtC57CD45CD90P1
CtC57CD45CD90P1_AGAGTGGGTTCGCGAC-1,CtC57CD45CD90P1
CtC57CD45CD90P1_AGAGTGGTCGGTGTTA-1,CtC57CD45CD90P1
CtC57CD45CD90P1_AGATCTGAGGTGCTTT-1,CtC57CD45CD90P1
CtC57CD45CD90P1_AGATCTGCAGGATTGG-1,CtC57CD45CD90P1
CtC57CD45CD90P1_AGCAGCCAGTACGCCC-1,CtC57CD45CD90P1
CtC57CD45CD90P1_AGCAGCCTCACGAAGG-1,CtC57CD45CD90P1
CtC57CD45CD90P1_AGCAGCCTCATCGATG-1,CtC57CD45CD90P1
CtC57CD45CD90P1_AGCAGCCTCTTGCATT-1,CtC57CD45CD90P1
CtC57CD45CD90P1_AGCATACAGTGAAGAG-1,CtC57CD45CD90P1
CtC57CD45CD90P1_AGCATACGTAGATTAG-1,CtC57CD45CD90P1
CtC57CD45CD90P1_AGCCTAAAGAGTCTGG-1,CtC57CD45CD90P1
CtC57CD45CD90P1_AGCCTAAAGTGTCTCA-1,CtC57CD45CD90P1
CtC57CD45CD90P1_AGCCTAATCAACCAAC-1,CtC57CD45CD90P1
CtC57CD45CD90P1_AGCGGTCAGCTCAACT-1,CtC57CD45CD90P1
CtC57CD45CD90P1_AGCGGTCTCTACTCAT-1,CtC57CD45CD90P1
CtC57CD45CD90P1_AGCGTATCAATGCCAT-1,CtC57CD45CD90P1
CtC57CD45CD90P1_AGCGTATCATGGTAGG-1,CtC57CD45CD90P1
CtC57CD45CD90P1_AGCGTATCATTACGAC-1,CtC57CD45CD90P1
CtC57CD45CD90P1_AGCGTCGAGTGCTGCC-1,CtC57CD45CD90P1
CtC57CD45CD90P1_AGCTCCTTCAGTGCAT-1,CtC57CD45CD90P1
CtC57CD45CD90P1_AGCTCTCTCGAGGTAG-1,CtC57CD45CD90P1
CtC57CD45CD90P1_AGCTTGACAAGAAAGG-1,CtC57CD45CD90P1
CtC57CD45CD90P1_AGCTTGACAGATCCAT-1,CtC57CD45CD90P1
CtC57CD45CD90P1_AGGCCACAGCGCTTAT-1,CtC57CD45CD90P1
CtC57CD45CD90P1_AGGCCGTCAGGATCGA-1,CtC57CD45CD90P1
CtC57CD45CD90P1_AGGGAGTCAAACTGTC-1,CtC57CD45CD90P1
CtC57CD45CD90P1_AGGGAGTCAGGAATGC-1,CtC57CD45CD90P1
CtC57CD45CD90P1_AGGGAGTGTCTGCCAG-1,CtC57CD45CD90P1
CtC57CD45CD90P1_AGGGAGTGTGGTTTCA-1,CtC57CD45CD90P1
CtC57CD45CD90P1_AGGGAGTTCAAACCGT-1,CtC57CD45CD90P1
CtC57CD45CD90P1_AGGGATGCACAGAGGT-1,CtC57CD45CD90P1
CtC57CD45CD90P1_AGGGATGGTTACAGAA-1,CtC57CD45CD90P1
CtC57CD45CD90P1_AGGGTGACAACTGCGC-1,CtC57CD45CD90P1
CtC57CD45CD90P1_AGGGTGAGTTGTCTTT-1,CtC57CD45CD90P1
CtC57CD45CD90P1_AGGTCATCACGAGAGT-1,CtC57CD45CD90P1
CtC57CD45CD90P1_AGGTCATCACGTTGGC-1,CtC57CD45CD90P1
CtC57CD45CD90P1_AGGTCATGTAGTAGTA-1,CtC57CD45CD90P1
CtC57CD45CD90P1_AGGTCATTCCTCATTA-1,CtC57CD45CD90P1
CtC57CD45CD90P1_AGGTCCGCAAGCCATT-1,CtC57CD45CD90P1
CtC57CD45CD90P1_AGTAGTCAGTGTTTGC-1,CtC57CD45CD90P1
CtC57CD45CD90P1_AGTAGTCCACTTCTGC-1,CtC57CD45CD90P1
CtC57CD45CD90P1_AGTCTTTAGCAGACTG-1,CtC57CD45CD90P1
CtC57CD45CD90P1_AGTCTTTTCGCAAACT-1,CtC57CD45CD90P1
CtC57CD45CD90P1_AGTCTTTTCTCGCATC-1,CtC57CD45CD90P1
CtC57CD45CD90P1_AGTGAGGAGCAGGCTA-1,CtC57CD45CD90P1
CtC57CD45CD90P1_AGTGAGGGTCTAAAGA-1,CtC57CD45CD90P1
CtC57CD45CD90P1_AGTGGGACATGCAATC-1,CtC57CD45CD90P1
CtC57CD45CD90P1_AGTGGGATCCTATGTT-1,CtC57CD45CD90P1
CtC57CD45CD90P1_AGTTGGTGTCTCTCGT-1,CtC57CD45CD90P1
CtC57CD45CD90P1_ATAACGCCAGCATGAG-1,CtC57CD45CD90P1
CtC57CD45CD90P1_ATAAGAGAGAAACGCC-1,CtC57CD45CD90P1
CtC57CD45CD90P1_ATAAGAGCAAAGCGGT-1,CtC57CD45CD90P1
CtC57CD45CD90P1_ATAAGAGGTTGTTTGG-1,CtC57CD45CD90P1
CtC57CD45CD90P1_ATCACGAAGGTAGCTG-1,CtC57CD45CD90P1
CtC57CD45CD90P1_ATCATCTAGAACTCGG-1,CtC57CD45CD90P1
CtC57CD45CD90P1_ATCATCTAGTCAAGGC-1,CtC57CD45CD90P1
CtC57CD45CD90P1_ATCATCTCACCCAGTG-1,CtC57CD45CD90P1
CtC57CD45CD90P1_ATCATCTTCAGCTGGC-1,CtC57CD45CD90P1
CtC57CD45CD90P1_ATCATGGAGTACGACG-1,CtC57CD45CD90P1
CtC57CD45CD90P1_ATCATGGGTCCAACTA-1,CtC57CD45CD90P1
CtC57CD45CD90P1_ATCCACCAGGTTCCTA-1,CtC57CD45CD90P1
CtC57CD45CD90P1_ATCCACCGTAACGCGA-1,CtC57CD45CD90P1
CtC57CD45CD90P1_ATCCGAAAGCTACCTA-1,CtC57CD45CD90P1
CtC57CD45CD90P1_ATCGAGTGTGCTAGCC-1,CtC57CD45CD90P1
CtC57CD45CD90P1_ATCGAGTTCACTTCAT-1,CtC57CD45CD90P1
CtC57CD45CD90P1_ATCGAGTTCTGCTTGC-1,CtC57CD45CD90P1
CtC57CD45CD90P1_ATCTACTAGGCTCATT-1,CtC57CD45CD90P1
CtC57CD45CD90P1_ATCTACTTCCAAGTAC-1,CtC57CD45CD90P1
CtC57CD45CD90P1_ATCTACTTCGACCAGC-1,CtC57CD45CD90P1
CtC57CD45CD90P1_ATCTGCCCATACGCCG-1,CtC57CD45CD90P1
CtC57CD45CD90P1_ATCTGCCTCAGTTTGG-1,CtC57CD45CD90P1
CtC57CD45CD90P1_ATGAGGGAGAATTGTG-1,CtC57CD45CD90P1
CtC57CD45CD90P1_ATGAGGGGTTACCAGT-1,CtC57CD45CD90P1
CtC57CD45CD90P1_ATGAGGGTCTTGTACT-1,CtC57CD45CD90P1
CtC57CD45CD90P1_ATGCGATTCAATCACG-1,CtC57CD45CD90P1
CtC57CD45CD90P1_ATGGGAGGTGATGCCC-1,CtC57CD45CD90P1
CtC57CD45CD90P1_ATGGGAGTCAGCGACC-1,CtC57CD45CD90P1
CtC57CD45CD90P1_ATGTGTGAGTGTCCCG-1,CtC57CD45CD90P1
CtC57CD45CD90P1_ATGTGTGTCCTCAACC-1,CtC57CD45CD90P1
CtC57CD45CD90P1_ATTACTCAGGCGCTCT-1,CtC57CD45CD90P1
CtC57CD45CD90P1_ATTACTCCATCGTCGG-1,CtC57CD45CD90P1
CtC57CD45CD90P1_ATTACTCTCGGAAACG-1,CtC57CD45CD90P1
CtC57CD45CD90P1_ATTACTCTCTCTTGAT-1,CtC57CD45CD90P1
CtC57CD45CD90P1_ATTATCCGTCACTGGC-1,CtC57CD45CD90P1
CtC57CD45CD90P1_ATTATCCGTCTGCGGT-1,CtC57CD45CD90P1
CtC57CD45CD90P1_ATTATCCTCAAGCCTA-1,CtC57CD45CD90P1
CtC57CD45CD90P1_ATTATCCTCTTGGGTA-1,CtC57CD45CD90P1
CtC57CD45CD90P1_ATTCTACGTACAGTGG-1,CtC57CD45CD90P1
CtC57CD45CD90P1_ATTCTACGTTGAGTTC-1,CtC57CD45CD90P1
CtC57CD45CD90P1_ATTCTACTCTAAGCCA-1,CtC57CD45CD90P1
CtC57CD45CD90P1_ATTGGACCATGGTCTA-1,CtC57CD45CD90P1
CtC57CD45CD90P1_ATTGGACCATTCGACA-1,CtC57CD45CD90P1
CtC57CD45CD90P1_ATTGGACGTCGACTAT-1,CtC57CD45CD90P1
CtC57CD45CD90P1_ATTGGACTCATGCTCC-1,CtC57CD45CD90P1
CtC57CD45CD90P1_ATTGGTGGTACTTAGC-1,CtC57CD45CD90P1
CtC57CD45CD90P1_ATTGGTGTCCAAACTG-1,CtC57CD45CD90P1
CtC57CD45CD90P1_ATTTCTGAGATGTGGC-1,CtC57CD45CD90P1
CtC57CD45CD90P1_ATTTCTGGTTCGCTAA-1,CtC57CD45CD90P1
CtC57CD45CD90P1_CAACCTCGTGTAAGTA-1,CtC57CD45CD90P1
CtC57CD45CD90P1_CAACTAGAGATGCCTT-1,CtC57CD45CD90P1
CtC57CD45CD90P1_CAACTAGAGTATCGAA-1,CtC57CD45CD90P1
CtC57CD45CD90P1_CAACTAGGTTCAGACT-1,CtC57CD45CD90P1
CtC57CD45CD90P1_CAACTAGGTTGTGGCC-1,CtC57CD45CD90P1
CtC57CD45CD90P1_CAAGAAAAGGATGTAT-1,CtC57CD45CD90P1
CtC57CD45CD90P1_CAAGAAACAAGCCTAT-1,CtC57CD45CD90P1
CtC57CD45CD90P1_CAAGAAATCTGTCTCG-1,CtC57CD45CD90P1
CtC57CD45CD90P1_CAAGATCTCTTAGCCC-1,CtC57CD45CD90P1
CtC57CD45CD90P1_CAAGGCCTCGGTCTAA-1,CtC57CD45CD90P1
CtC57CD45CD90P1_CAAGTTGAGTGTACCT-1,CtC57CD45CD90P1
CtC57CD45CD90P1_CAAGTTGCACTGTGTA-1,CtC57CD45CD90P1
CtC57CD45CD90P1_CAAGTTGTCTCTTATG-1,CtC57CD45CD90P1
CtC57CD45CD90P1_CACAAACAGAGCCCAA-1,CtC57CD45CD90P1
CtC57CD45CD90P1_CACAAACAGATATACG-1,CtC57CD45CD90P1
CtC57CD45CD90P1_CACAAACCACAGGTTT-1,CtC57CD45CD90P1
CtC57CD45CD90P1_CACAAACTCTACTTAC-1,CtC57CD45CD90P1
CtC57CD45CD90P1_CACACAATCTTAGCCC-1,CtC57CD45CD90P1
CtC57CD45CD90P1_CACACCTAGCACCGCT-1,CtC57CD45CD90P1
CtC57CD45CD90P1_CACACCTAGTCACGCC-1,CtC57CD45CD90P1
CtC57CD45CD90P1_CACACCTGTATGCTTG-1,CtC57CD45CD90P1
CtC57CD45CD90P1_CACAGTAAGCAGATCG-1,CtC57CD45CD90P1
CtC57CD45CD90P1_CACAGTACACCCAGTG-1,CtC57CD45CD90P1
CtC57CD45CD90P1_CACAGTAGTGTGACCC-1,CtC57CD45CD90P1
CtC57CD45CD90P1_CACATAGGTGAGCGAT-1,CtC57CD45CD90P1
CtC57CD45CD90P1_CACATTTTCAACTCTT-1,CtC57CD45CD90P1
CtC57CD45CD90P1_CACCACTGTTTCCACC-1,CtC57CD45CD90P1
CtC57CD45CD90P1_CACCACTTCCAATGGT-1,CtC57CD45CD90P1
CtC57CD45CD90P1_CACCTTGCAGGAATGC-1,CtC57CD45CD90P1
CtC57CD45CD90P1_CACTCCACAAAGCAAT-1,CtC57CD45CD90P1
CtC57CD45CD90P1_CAGAATCAGGTGCACA-1,CtC57CD45CD90P1
CtC57CD45CD90P1_CAGAATCAGTGGAGAA-1,CtC57CD45CD90P1
CtC57CD45CD90P1_CAGAGAGAGTACGACG-1,CtC57CD45CD90P1
CtC57CD45CD90P1_CAGAGAGCAGGGTATG-1,CtC57CD45CD90P1
CtC57CD45CD90P1_CAGAGAGGTAAGTTCC-1,CtC57CD45CD90P1
CtC57CD45CD90P1_CAGAGAGTCGCCATAA-1,CtC57CD45CD90P1
CtC57CD45CD90P1_CAGATCACAAGCCTAT-1,CtC57CD45CD90P1
CtC57CD45CD90P1_CAGATCACATGCAACT-1,CtC57CD45CD90P1
CtC57CD45CD90P1_CAGATCACATTAGCCA-1,CtC57CD45CD90P1
CtC57CD45CD90P1_CAGATCATCCTGCCAT-1,CtC57CD45CD90P1
CtC57CD45CD90P1_CAGCAGCAGTGGTAAT-1,CtC57CD45CD90P1
CtC57CD45CD90P1_CAGCAGCCAATGGACG-1,CtC57CD45CD90P1
CtC57CD45CD90P1_CAGCATAAGGGCACTA-1,CtC57CD45CD90P1
CtC57CD45CD90P1_CAGCATAAGGTAAACT-1,CtC57CD45CD90P1
CtC57CD45CD90P1_CAGCCGAAGGCAGTCA-1,CtC57CD45CD90P1
CtC57CD45CD90P1_CAGCCGACACCACCAG-1,CtC57CD45CD90P1
CtC57CD45CD90P1_CAGCGACAGAAACCAT-1,CtC57CD45CD90P1
CtC57CD45CD90P1_CAGCGACGTGCGAAAC-1,CtC57CD45CD90P1
CtC57CD45CD90P1_CAGCGACTCACAGTAC-1,CtC57CD45CD90P1
CtC57CD45CD90P1_CAGCTAAAGAGTTGGC-1,CtC57CD45CD90P1
CtC57CD45CD90P1_CAGCTAAGTCTTGTCC-1,CtC57CD45CD90P1
CtC57CD45CD90P1_CAGCTAATCCAAGCCG-1,CtC57CD45CD90P1
CtC57CD45CD90P1_CAGCTGGAGGGTGTTG-1,CtC57CD45CD90P1
CtC57CD45CD90P1_CAGGTGCAGCTTTGGT-1,CtC57CD45CD90P1
CtC57CD45CD90P1_CAGGTGCAGGATGTAT-1,CtC57CD45CD90P1
CtC57CD45CD90P1_CAGGTGCCATTGCGGC-1,CtC57CD45CD90P1
CtC57CD45CD90P1_CAGTAACAGATATACG-1,CtC57CD45CD90P1
CtC57CD45CD90P1_CAGTAACAGCTGAAAT-1,CtC57CD45CD90P1
CtC57CD45CD90P1_CAGTAACAGGGCATGT-1,CtC57CD45CD90P1
CtC57CD45CD90P1_CAGTAACCAAGTACCT-1,CtC57CD45CD90P1
CtC57CD45CD90P1_CAGTCCTAGACCGGAT-1,CtC57CD45CD90P1
CtC57CD45CD90P1_CAGTCCTCAGTCCTTC-1,CtC57CD45CD90P1
CtC57CD45CD90P1_CAGTCCTTCAGCCTAA-1,CtC57CD45CD90P1
CtC57CD45CD90P1_CATATGGAGGACGAAA-1,CtC57CD45CD90P1
CtC57CD45CD90P1_CATATGGAGTAGCCGA-1,CtC57CD45CD90P1
CtC57CD45CD90P1_CATATGGCATCGTCGG-1,CtC57CD45CD90P1
CtC57CD45CD90P1_CATATGGCATTTGCCC-1,CtC57CD45CD90P1
CtC57CD45CD90P1_CATATGGTCAACCAAC-1,CtC57CD45CD90P1
CtC57CD45CD90P1_CATATTCAGACGACGT-1,CtC57CD45CD90P1
CtC57CD45CD90P1_CATATTCAGGTACTCT-1,CtC57CD45CD90P1
CtC57CD45CD90P1_CATATTCAGTGAAGTT-1,CtC57CD45CD90P1
CtC57CD45CD90P1_CATATTCTCTCTTATG-1,CtC57CD45CD90P1
CtC57CD45CD90P1_CATCAAGCATCTCCCA-1,CtC57CD45CD90P1
CtC57CD45CD90P1_CATCAAGGTATGAAAC-1,CtC57CD45CD90P1
CtC57CD45CD90P1_CATCAAGGTCTGGTCG-1,CtC57CD45CD90P1
CtC57CD45CD90P1_CATCAAGGTGAGGGTT-1,CtC57CD45CD90P1
CtC57CD45CD90P1_CATCAGAGTACCAGTT-1,CtC57CD45CD90P1
CtC57CD45CD90P1_CATCAGAGTGGCAAAC-1,CtC57CD45CD90P1
CtC57CD45CD90P1_CATCAGATCTTGTTTG-1,CtC57CD45CD90P1
CtC57CD45CD90P1_CATCGAACACAAGACG-1,CtC57CD45CD90P1
CtC57CD45CD90P1_CATCGAATCCCGGATG-1,CtC57CD45CD90P1
CtC57CD45CD90P1_CATCGGGGTACTCAAC-1,CtC57CD45CD90P1
CtC57CD45CD90P1_CATCGGGTCAGGCCCA-1,CtC57CD45CD90P1
CtC57CD45CD90P1_CATCGGGTCCAAGCCG-1,CtC57CD45CD90P1
CtC57CD45CD90P1_CATGACACAAGTAATG-1,CtC57CD45CD90P1
CtC57CD45CD90P1_CATGACACACCAGCAC-1,CtC57CD45CD90P1
CtC57CD45CD90P1_CATGACATCTGGCGTG-1,CtC57CD45CD90P1
CtC57CD45CD90P1_CATGCCTCACATCTTT-1,CtC57CD45CD90P1
CtC57CD45CD90P1_CATGCCTCAGGGCATA-1,CtC57CD45CD90P1
CtC57CD45CD90P1_CATGCCTTCATTCACT-1,CtC57CD45CD90P1
CtC57CD45CD90P1_CATGGCGAGACAGGCT-1,CtC57CD45CD90P1
CtC57CD45CD90P1_CATTATCGTCTAGTCA-1,CtC57CD45CD90P1
CtC57CD45CD90P1_CATTATCGTTCGTCTC-1,CtC57CD45CD90P1
CtC57CD45CD90P1_CATTCGCAGTGCTGCC-1,CtC57CD45CD90P1
CtC57CD45CD90P1_CATTCGCGTCTAGCGC-1,CtC57CD45CD90P1
CtC57CD45CD90P1_CATTCGCTCCTGTACC-1,CtC57CD45CD90P1
CtC57CD45CD90P1_CATTCGCTCTGAGGGA-1,CtC57CD45CD90P1
CtC57CD45CD90P1_CCAATCCAGGCCCGTT-1,CtC57CD45CD90P1
CtC57CD45CD90P1_CCAATCCAGTGGACGT-1,CtC57CD45CD90P1
CtC57CD45CD90P1_CCAATCCTCAACCAAC-1,CtC57CD45CD90P1
CtC57CD45CD90P1_CCAATCCTCTTGACGA-1,CtC57CD45CD90P1
CtC57CD45CD90P1_CCACCTAAGGCATGGT-1,CtC57CD45CD90P1
CtC57CD45CD90P1_CCACCTAGTCAAAGAT-1,CtC57CD45CD90P1
CtC57CD45CD90P1_CCACCTAGTCTAGGTT-1,CtC57CD45CD90P1
CtC57CD45CD90P1_CCACCTATCTTTACAC-1,CtC57CD45CD90P1
CtC57CD45CD90P1_CCACGGAGTGACTCAT-1,CtC57CD45CD90P1
CtC57CD45CD90P1_CCACTACAGAAGGGTA-1,CtC57CD45CD90P1
CtC57CD45CD90P1_CCACTACCACCATGTA-1,CtC57CD45CD90P1
CtC57CD45CD90P1_CCACTACTCAGTCAGT-1,CtC57CD45CD90P1
CtC57CD45CD90P1_CCAGCGAGTAACGACG-1,CtC57CD45CD90P1
CtC57CD45CD90P1_CCATGTCCATCTGGTA-1,CtC57CD45CD90P1
CtC57CD45CD90P1_CCATGTCGTAAAGGAG-1,CtC57CD45CD90P1
CtC57CD45CD90P1_CCATTCGAGGGCATGT-1,CtC57CD45CD90P1
CtC57CD45CD90P1_CCATTCGCATTATCTC-1,CtC57CD45CD90P1
CtC57CD45CD90P1_CCATTCGTCTAACGGT-1,CtC57CD45CD90P1
CtC57CD45CD90P1_CCCAATCGTTCAGTAC-1,CtC57CD45CD90P1
CtC57CD45CD90P1_CCCAGTTCAAGCTGTT-1,CtC57CD45CD90P1
CtC57CD45CD90P1_CCCAGTTTCGATAGAA-1,CtC57CD45CD90P1
CtC57CD45CD90P1_CCCATACCAGGCTGAA-1,CtC57CD45CD90P1
CtC57CD45CD90P1_CCCATACGTTAAGACA-1,CtC57CD45CD90P1
CtC57CD45CD90P1_CCCATACTCGGAATCT-1,CtC57CD45CD90P1
CtC57CD45CD90P1_CCCTCCTAGCATCATC-1,CtC57CD45CD90P1
CtC57CD45CD90P1_CCCTCCTGTACAAGTA-1,CtC57CD45CD90P1
CtC57CD45CD90P1_CCCTCCTGTAGTAGTA-1,CtC57CD45CD90P1
CtC57CD45CD90P1_CCCTCCTGTCCCTACT-1,CtC57CD45CD90P1
CtC57CD45CD90P1_CCCTCCTGTTCGCGAC-1,CtC57CD45CD90P1
CtC57CD45CD90P1_CCGGGATCACGAGGTA-1,CtC57CD45CD90P1
CtC57CD45CD90P1_CCGGTAGCATTCCTCG-1,CtC57CD45CD90P1
CtC57CD45CD90P1_CCGTACTCACAGGCCT-1,CtC57CD45CD90P1
CtC57CD45CD90P1_CCGTACTCACTTGGAT-1,CtC57CD45CD90P1
CtC57CD45CD90P1_CCGTGGATCATTATCC-1,CtC57CD45CD90P1
CtC57CD45CD90P1_CCGTTCACAAGCTGTT-1,CtC57CD45CD90P1
CtC57CD45CD90P1_CCGTTCATCAAGGTAA-1,CtC57CD45CD90P1
CtC57CD45CD90P1_CCTAAAGCATCTCCCA-1,CtC57CD45CD90P1
CtC57CD45CD90P1_CCTACACAGATCCGAG-1,CtC57CD45CD90P1
CtC57CD45CD90P1_CCTACACGTCTCTCTG-1,CtC57CD45CD90P1
CtC57CD45CD90P1_CCTACCAAGTTGTCGT-1,CtC57CD45CD90P1
CtC57CD45CD90P1_CCTACCACATTCACTT-1,CtC57CD45CD90P1
CtC57CD45CD90P1_CCTACCAGTGTCGCTG-1,CtC57CD45CD90P1
CtC57CD45CD90P1_CCTACCATCTTCAACT-1,CtC57CD45CD90P1
CtC57CD45CD90P1_CCTAGCTAGACAGACC-1,CtC57CD45CD90P1
CtC57CD45CD90P1_CCTAGCTCAACTTGAC-1,CtC57CD45CD90P1
CtC57CD45CD90P1_CCTAGCTGTCGAACAG-1,CtC57CD45CD90P1
CtC57CD45CD90P1_CCTAGCTGTTAAGATG-1,CtC57CD45CD90P1
CtC57CD45CD90P1_CCTAGCTTCAACGGCC-1,CtC57CD45CD90P1
CtC57CD45CD90P1_CCTAGCTTCTACTATC-1,CtC57CD45CD90P1
CtC57CD45CD90P1_CCTATTATCATTGCCC-1,CtC57CD45CD90P1
CtC57CD45CD90P1_CCTCAGTCACAGACAG-1,CtC57CD45CD90P1
CtC57CD45CD90P1_CCTCAGTGTTTCGCTC-1,CtC57CD45CD90P1
CtC57CD45CD90P1_CCTCAGTTCGTAGGTT-1,CtC57CD45CD90P1
CtC57CD45CD90P1_CCTCTGACACAGTCGC-1,CtC57CD45CD90P1
CtC57CD45CD90P1_CCTCTGATCGTCTGCT-1,CtC57CD45CD90P1
CtC57CD45CD90P1_CCTTACGCAGGCGATA-1,CtC57CD45CD90P1
CtC57CD45CD90P1_CCTTACGTCAACGGCC-1,CtC57CD45CD90P1
CtC57CD45CD90P1_CCTTCCCAGACACGAC-1,CtC57CD45CD90P1
CtC57CD45CD90P1_CCTTCCCGTCTGCGGT-1,CtC57CD45CD90P1
CtC57CD45CD90P1_CCTTCCCTCTGATACG-1,CtC57CD45CD90P1
CtC57CD45CD90P1_CCTTCGATCTGTCTAT-1,CtC57CD45CD90P1
CtC57CD45CD90P1_CCTTTCTAGAGCCTAG-1,CtC57CD45CD90P1
CtC57CD45CD90P1_CCTTTCTTCAGTCCCT-1,CtC57CD45CD90P1
CtC57CD45CD90P1_CGAACATCAATGAAAC-1,CtC57CD45CD90P1
CtC57CD45CD90P1_CGAACATCAGGTTTCA-1,CtC57CD45CD90P1
CtC57CD45CD90P1_CGAACATTCACTTCAT-1,CtC57CD45CD90P1
CtC57CD45CD90P1_CGAATGTTCTTGCAAG-1,CtC57CD45CD90P1
CtC57CD45CD90P1_CGACTTCTCTCGATGA-1,CtC57CD45CD90P1
CtC57CD45CD90P1_CGAGAAGCAGGATCGA-1,CtC57CD45CD90P1
CtC57CD45CD90P1_CGAGAAGCAGGGATTG-1,CtC57CD45CD90P1
CtC57CD45CD90P1_CGAGAAGTCATAACCG-1,CtC57CD45CD90P1
CtC57CD45CD90P1_CGAGCACAGACATAAC-1,CtC57CD45CD90P1
CtC57CD45CD90P1_CGAGCACCACCTCGTT-1,CtC57CD45CD90P1
CtC57CD45CD90P1_CGAGCACGTCACCCAG-1,CtC57CD45CD90P1
CtC57CD45CD90P1_CGAGCACTCGCTTGTC-1,CtC57CD45CD90P1
CtC57CD45CD90P1_CGATCGGTCTATGTGG-1,CtC57CD45CD90P1
CtC57CD45CD90P1_CGATGGCCACTTAACG-1,CtC57CD45CD90P1
CtC57CD45CD90P1_CGATGTACATCGATGT-1,CtC57CD45CD90P1
CtC57CD45CD90P1_CGATTGAGTCAAAGAT-1,CtC57CD45CD90P1
CtC57CD45CD90P1_CGATTGATCCATGCTC-1,CtC57CD45CD90P1
CtC57CD45CD90P1_CGCCAAGTCCGCGTTT-1,CtC57CD45CD90P1
CtC57CD45CD90P1_CGCGGTAAGCTGAACG-1,CtC57CD45CD90P1
CtC57CD45CD90P1_CGCGGTAAGGGCTTCC-1,CtC57CD45CD90P1
CtC57CD45CD90P1_CGCGGTACAGCGAACA-1,CtC57CD45CD90P1
CtC57CD45CD90P1_CGCGGTACATGTCTCC-1,CtC57CD45CD90P1
CtC57CD45CD90P1_CGCGGTAGTGTGACCC-1,CtC57CD45CD90P1
CtC57CD45CD90P1_CGCGGTATCCGCGCAA-1,CtC57CD45CD90P1
CtC57CD45CD90P1_CGCGTTTGTACCTACA-1,CtC57CD45CD90P1
CtC57CD45CD90P1_CGCTATCTCACGCATA-1,CtC57CD45CD90P1
CtC57CD45CD90P1_CGCTATCTCAGAAATG-1,CtC57CD45CD90P1
CtC57CD45CD90P1_CGCTGGACAAGCCCAC-1,CtC57CD45CD90P1
CtC57CD45CD90P1_CGCTGGACACTTCGAA-1,CtC57CD45CD90P1
CtC57CD45CD90P1_CGCTTCACAGACGTAG-1,CtC57CD45CD90P1
CtC57CD45CD90P1_CGGACACAGTGTCCCG-1,CtC57CD45CD90P1
CtC57CD45CD90P1_CGGACACCAAGGTGTG-1,CtC57CD45CD90P1
CtC57CD45CD90P1_CGGACACGTCCGACGT-1,CtC57CD45CD90P1
CtC57CD45CD90P1_CGGACACGTGAGTGAC-1,CtC57CD45CD90P1
CtC57CD45CD90P1_CGGACGTAGTTTGCGT-1,CtC57CD45CD90P1
CtC57CD45CD90P1_CGGACGTCACGGTTTA-1,CtC57CD45CD90P1
CtC57CD45CD90P1_CGGACGTCAGAAGCAC-1,CtC57CD45CD90P1
CtC57CD45CD90P1_CGGACGTGTCAGAGGT-1,CtC57CD45CD90P1
CtC57CD45CD90P1_CGGACGTTCCGCGTTT-1,CtC57CD45CD90P1
CtC57CD45CD90P1_CGGACTGCAAACTGTC-1,CtC57CD45CD90P1
CtC57CD45CD90P1_CGGACTGCAATGAATG-1,CtC57CD45CD90P1
CtC57CD45CD90P1_CGGACTGCACATCCGG-1,CtC57CD45CD90P1
CtC57CD45CD90P1_CGGAGCTAGTGCCATT-1,CtC57CD45CD90P1
CtC57CD45CD90P1_CGGAGCTGTATAATGG-1,CtC57CD45CD90P1
CtC57CD45CD90P1_CGGAGCTTCAACACAC-1,CtC57CD45CD90P1
CtC57CD45CD90P1_CGGAGTCCAGATCGGA-1,CtC57CD45CD90P1
CtC57CD45CD90P1_CGGCTAGCATACTCTT-1,CtC57CD45CD90P1
CtC57CD45CD90P1_CGGCTAGGTAAGGGCT-1,CtC57CD45CD90P1
CtC57CD45CD90P1_CGGCTAGGTCGAGATG-1,CtC57CD45CD90P1
CtC57CD45CD90P1_CGGGTCACATACTACG-1,CtC57CD45CD90P1
CtC57CD45CD90P1_CGGTTAAAGGGTTCCC-1,CtC57CD45CD90P1
CtC57CD45CD90P1_CGGTTAAAGTAGTGCG-1,CtC57CD45CD90P1
CtC57CD45CD90P1_CGGTTAATCCTACAGA-1,CtC57CD45CD90P1
CtC57CD45CD90P1_CGTAGCGAGTACGTTC-1,CtC57CD45CD90P1
CtC57CD45CD90P1_CGTAGCGCAGATGAGC-1,CtC57CD45CD90P1
CtC57CD45CD90P1_CGTAGCGCATGGTCAT-1,CtC57CD45CD90P1
CtC57CD45CD90P1_CGTAGGCAGGCCATAG-1,CtC57CD45CD90P1
CtC57CD45CD90P1_CGTAGGCGTACAAGTA-1,CtC57CD45CD90P1
CtC57CD45CD90P1_CGTCACTCACGACGAA-1,CtC57CD45CD90P1
CtC57CD45CD90P1_CGTCAGGCATCTACGA-1,CtC57CD45CD90P1
CtC57CD45CD90P1_CGTCAGGGTACCGAGA-1,CtC57CD45CD90P1
CtC57CD45CD90P1_CGTCCATAGTGTGAAT-1,CtC57CD45CD90P1
CtC57CD45CD90P1_CGTCCATGTTACGGAG-1,CtC57CD45CD90P1
CtC57CD45CD90P1_CGTCTACTCAACCATG-1,CtC57CD45CD90P1
CtC57CD45CD90P1_CGTGAGCCATTGGGCC-1,CtC57CD45CD90P1
CtC57CD45CD90P1_CGTGTAAAGGCAGTCA-1,CtC57CD45CD90P1
CtC57CD45CD90P1_CGTGTAAGTAGGAGTC-1,CtC57CD45CD90P1
CtC57CD45CD90P1_CGTGTCTCATTGGGCC-1,CtC57CD45CD90P1
CtC57CD45CD90P1_CGTGTCTGTGACTACT-1,CtC57CD45CD90P1
CtC57CD45CD90P1_CGTGTCTGTGGAAAGA-1,CtC57CD45CD90P1
CtC57CD45CD90P1_CGTTCTGGTAAAGGAG-1,CtC57CD45CD90P1
CtC57CD45CD90P1_CGTTCTGTCTGAGTGT-1,CtC57CD45CD90P1
CtC57CD45CD90P1_CTAAGACTCCAGAGGA-1,CtC57CD45CD90P1
CtC57CD45CD90P1_CTAATGGAGAAGGTTT-1,CtC57CD45CD90P1
CtC57CD45CD90P1_CTACACCCAAGGTGTG-1,CtC57CD45CD90P1
CtC57CD45CD90P1_CTACACCCATCACCCT-1,CtC57CD45CD90P1
CtC57CD45CD90P1_CTACATTAGTCTCGGC-1,CtC57CD45CD90P1
CtC57CD45CD90P1_CTACATTCATCGGTTA-1,CtC57CD45CD90P1
CtC57CD45CD90P1_CTACATTTCGAGCCCA-1,CtC57CD45CD90P1
CtC57CD45CD90P1_CTACATTTCTGCGACG-1,CtC57CD45CD90P1
CtC57CD45CD90P1_CTACATTTCTTGCCGT-1,CtC57CD45CD90P1
CtC57CD45CD90P1_CTACCCAAGGGTTTCT-1,CtC57CD45CD90P1
CtC57CD45CD90P1_CTACGTCAGTCCGGTC-1,CtC57CD45CD90P1
CtC57CD45CD90P1_CTACGTCGTCCGCTGA-1,CtC57CD45CD90P1
CtC57CD45CD90P1_CTAGAGTAGCACACAG-1,CtC57CD45CD90P1
CtC57CD45CD90P1_CTAGCCTAGGGTTCCC-1,CtC57CD45CD90P1
CtC57CD45CD90P1_CTAGCCTCATACGCCG-1,CtC57CD45CD90P1
CtC57CD45CD90P1_CTAGCCTGTGAGGGTT-1,CtC57CD45CD90P1
CtC57CD45CD90P1_CTAGCCTGTTTACTCT-1,CtC57CD45CD90P1
CtC57CD45CD90P1_CTAGCCTTCAGCTTAG-1,CtC57CD45CD90P1
CtC57CD45CD90P1_CTAGTGACAAAGGCGT-1,CtC57CD45CD90P1
CtC57CD45CD90P1_CTAGTGACATTTGCCC-1,CtC57CD45CD90P1
CtC57CD45CD90P1_CTAGTGATCACGACTA-1,CtC57CD45CD90P1
CtC57CD45CD90P1_CTAGTGATCCCATTTA-1,CtC57CD45CD90P1
CtC57CD45CD90P1_CTCACACTCGTCTGAA-1,CtC57CD45CD90P1
CtC57CD45CD90P1_CTCAGAACAAAGTGCG-1,CtC57CD45CD90P1
CtC57CD45CD90P1_CTCAGAACAATGCCAT-1,CtC57CD45CD90P1
CtC57CD45CD90P1_CTCAGAATCCGCATAA-1,CtC57CD45CD90P1
CtC57CD45CD90P1_CTCATTACAAGAGGCT-1,CtC57CD45CD90P1
CtC57CD45CD90P1_CTCCTAGCAGGGAGAG-1,CtC57CD45CD90P1
CtC57CD45CD90P1_CTCCTAGGTTGAACTC-1,CtC57CD45CD90P1
CtC57CD45CD90P1_CTCCTAGTCGAATCCA-1,CtC57CD45CD90P1
CtC57CD45CD90P1_CTCGAGGCACATCTTT-1,CtC57CD45CD90P1
CtC57CD45CD90P1_CTCGAGGGTCCATCCT-1,CtC57CD45CD90P1
CtC57CD45CD90P1_CTCGAGGGTCGAGATG-1,CtC57CD45CD90P1
CtC57CD45CD90P1_CTCGGAGAGACTGGGT-1,CtC57CD45CD90P1
CtC57CD45CD90P1_CTCGGAGAGATATACG-1,CtC57CD45CD90P1
CtC57CD45CD90P1_CTCGGAGAGCCGCCTA-1,CtC57CD45CD90P1
CtC57CD45CD90P1_CTCGGAGAGCTAGTTC-1,CtC57CD45CD90P1
CtC57CD45CD90P1_CTCGGAGCACAGATTC-1,CtC57CD45CD90P1
CtC57CD45CD90P1_CTCGGAGTCGCTTGTC-1,CtC57CD45CD90P1
CtC57CD45CD90P1_CTCGGGAGTACCGCTG-1,CtC57CD45CD90P1
CtC57CD45CD90P1_CTCGTACCACGCATCG-1,CtC57CD45CD90P1
CtC57CD45CD90P1_CTCGTACGTTCCTCCA-1,CtC57CD45CD90P1
CtC57CD45CD90P1_CTCGTCACAGGATCGA-1,CtC57CD45CD90P1
CtC57CD45CD90P1_CTCGTCAGTCAAAGAT-1,CtC57CD45CD90P1
CtC57CD45CD90P1_CTCGTCAGTCTAAACC-1,CtC57CD45CD90P1
CtC57CD45CD90P1_CTCGTCATCACCACCT-1,CtC57CD45CD90P1
CtC57CD45CD90P1_CTCGTCATCACTCCTG-1,CtC57CD45CD90P1
CtC57CD45CD90P1_CTCGTCATCTATGTGG-1,CtC57CD45CD90P1
CtC57CD45CD90P1_CTCTAATCAAGTTGTC-1,CtC57CD45CD90P1
CtC57CD45CD90P1_CTCTAATTCGCCCTTA-1,CtC57CD45CD90P1
CtC57CD45CD90P1_CTCTAATTCGGTCTAA-1,CtC57CD45CD90P1
CtC57CD45CD90P1_CTCTGGTTCCGATATG-1,CtC57CD45CD90P1
CtC57CD45CD90P1_CTGAAACCATAAGACA-1,CtC57CD45CD90P1
CtC57CD45CD90P1_CTGAAGTGTACAGTGG-1,CtC57CD45CD90P1
CtC57CD45CD90P1_CTGATAGAGAATCTCC-1,CtC57CD45CD90P1
CtC57CD45CD90P1_CTGATAGAGTGACTCT-1,CtC57CD45CD90P1
CtC57CD45CD90P1_CTGATAGCAAGTCATC-1,CtC57CD45CD90P1
CtC57CD45CD90P1_CTGATCCAGTCAAGGC-1,CtC57CD45CD90P1
CtC57CD45CD90P1_CTGCGGAGTTCCTCCA-1,CtC57CD45CD90P1
CtC57CD45CD90P1_CTGCTGTGTCTACCTC-1,CtC57CD45CD90P1
CtC57CD45CD90P1_CTGCTGTGTCTGATCA-1,CtC57CD45CD90P1
CtC57CD45CD90P1_CTGGTCTAGGTTACCT-1,CtC57CD45CD90P1
CtC57CD45CD90P1_CTGGTCTCAATCAGAA-1,CtC57CD45CD90P1
CtC57CD45CD90P1_CTGTGCTAGCGTGAAC-1,CtC57CD45CD90P1
CtC57CD45CD90P1_CTGTGCTAGGACCACA-1,CtC57CD45CD90P1
CtC57CD45CD90P1_CTGTGCTAGGATGCGT-1,CtC57CD45CD90P1
CtC57CD45CD90P1_CTGTGCTCACCATGTA-1,CtC57CD45CD90P1
CtC57CD45CD90P1_CTGTTTACACAAGACG-1,CtC57CD45CD90P1
CtC57CD45CD90P1_CTGTTTATCCTTAATC-1,CtC57CD45CD90P1
CtC57CD45CD90P1_CTTAACTCATACAGCT-1,CtC57CD45CD90P1
CtC57CD45CD90P1_CTTAACTGTTTGTTTC-1,CtC57CD45CD90P1
CtC57CD45CD90P1_CTTACCGCAGTACACT-1,CtC57CD45CD90P1
CtC57CD45CD90P1_CTTAGGAAGGATGTAT-1,CtC57CD45CD90P1
CtC57CD45CD90P1_CTTCTCTAGGCTATCT-1,CtC57CD45CD90P1
CtC57CD45CD90P1_CTTCTCTAGTATCGAA-1,CtC57CD45CD90P1
CtC57CD45CD90P1_CTTCTCTCAGCCTTTC-1,CtC57CD45CD90P1
CtC57CD45CD90P1_CTTCTCTTCGAGCCCA-1,CtC57CD45CD90P1
CtC57CD45CD90P1_CTTGGCTCAAGCTGAG-1,CtC57CD45CD90P1
CtC57CD45CD90P1_CTTGGCTGTAAGAGAG-1,CtC57CD45CD90P1
CtC57CD45CD90P1_CTTGGCTGTTGGTTTG-1,CtC57CD45CD90P1
CtC57CD45CD90P1_CTTTGCGCAAACGCGA-1,CtC57CD45CD90P1
CtC57CD45CD90P1_GAAACTCAGTGCGATG-1,CtC57CD45CD90P1
CtC57CD45CD90P1_GAAACTCGTGTAAGTA-1,CtC57CD45CD90P1
CtC57CD45CD90P1_GAAACTCTCTACTATC-1,CtC57CD45CD90P1
CtC57CD45CD90P1_GAAATGAGTGTGAATA-1,CtC57CD45CD90P1
CtC57CD45CD90P1_GAACATCGTGTGTGCC-1,CtC57CD45CD90P1
CtC57CD45CD90P1_GAACCTAGTTACAGAA-1,CtC57CD45CD90P1
CtC57CD45CD90P1_GAACCTAGTTAGTGGG-1,CtC57CD45CD90P1
CtC57CD45CD90P1_GAACGGAAGATCCGAG-1,CtC57CD45CD90P1
CtC57CD45CD90P1_GAACGGAGTATATGGA-1,CtC57CD45CD90P1
CtC57CD45CD90P1_GAAGCAGCAATTGCTG-1,CtC57CD45CD90P1
CtC57CD45CD90P1_GAAGCAGTCCCAAGTA-1,CtC57CD45CD90P1
CtC57CD45CD90P1_GAATGAAAGCTTTGGT-1,CtC57CD45CD90P1
CtC57CD45CD90P1_GACACGCAGCGTGTCC-1,CtC57CD45CD90P1
CtC57CD45CD90P1_GACACGCAGGGATCTG-1,CtC57CD45CD90P1
CtC57CD45CD90P1_GACACGCCAAGAAAGG-1,CtC57CD45CD90P1
CtC57CD45CD90P1_GACACGCCACGGCTAC-1,CtC57CD45CD90P1
CtC57CD45CD90P1_GACACGCCATTACCTT-1,CtC57CD45CD90P1
CtC57CD45CD90P1_GACCAATAGTACGTTC-1,CtC57CD45CD90P1
CtC57CD45CD90P1_GACCAATAGTTGTCGT-1,CtC57CD45CD90P1
CtC57CD45CD90P1_GACCAATGTCACAAGG-1,CtC57CD45CD90P1
CtC57CD45CD90P1_GACCAATGTGGCAAAC-1,CtC57CD45CD90P1
CtC57CD45CD90P1_GACCTGGGTAAGTAGT-1,CtC57CD45CD90P1
CtC57CD45CD90P1_GACCTGGTCAAACGGG-1,CtC57CD45CD90P1
CtC57CD45CD90P1_GACCTGGTCCGGCACA-1,CtC57CD45CD90P1
CtC57CD45CD90P1_GACGCGTAGTAATCCC-1,CtC57CD45CD90P1
CtC57CD45CD90P1_GACGCGTCAGGCTGAA-1,CtC57CD45CD90P1
CtC57CD45CD90P1_GACGCGTCATCGGACC-1,CtC57CD45CD90P1
CtC57CD45CD90P1_GACGCGTCATGCTGGC-1,CtC57CD45CD90P1
CtC57CD45CD90P1_GACGCGTGTCTCTCTG-1,CtC57CD45CD90P1
CtC57CD45CD90P1_GACGGCTAGGGTTTCT-1,CtC57CD45CD90P1
CtC57CD45CD90P1_GACGGCTCACGCCAGT-1,CtC57CD45CD90P1
CtC57CD45CD90P1_GACGGCTGTGTCCTCT-1,CtC57CD45CD90P1
CtC57CD45CD90P1_GACGTGCAGTACGATA-1,CtC57CD45CD90P1
CtC57CD45CD90P1_GACGTGCCAGGCAGTA-1,CtC57CD45CD90P1
CtC57CD45CD90P1_GACGTGCGTAGCGTAG-1,CtC57CD45CD90P1
CtC57CD45CD90P1_GACGTGCTCCGTCAAA-1,CtC57CD45CD90P1
CtC57CD45CD90P1_GACGTTACACGAAGCA-1,CtC57CD45CD90P1
CtC57CD45CD90P1_GACGTTACAGCTGCTG-1,CtC57CD45CD90P1
CtC57CD45CD90P1_GACGTTAGTCAGTGGA-1,CtC57CD45CD90P1
CtC57CD45CD90P1_GACGTTAGTCCGAGTC-1,CtC57CD45CD90P1
CtC57CD45CD90P1_GACGTTATCCTACAGA-1,CtC57CD45CD90P1
CtC57CD45CD90P1_GACTAACAGCTAAACA-1,CtC57CD45CD90P1
CtC57CD45CD90P1_GACTAACAGCTAGTTC-1,CtC57CD45CD90P1
CtC57CD45CD90P1_GACTAACCACCACGTG-1,CtC57CD45CD90P1
CtC57CD45CD90P1_GACTAACTCAATAAGG-1,CtC57CD45CD90P1
CtC57CD45CD90P1_GACTAACTCGACGGAA-1,CtC57CD45CD90P1
CtC57CD45CD90P1_GACTAACTCGCCAGCA-1,CtC57CD45CD90P1
CtC57CD45CD90P1_GACTACACAATTGCTG-1,CtC57CD45CD90P1
CtC57CD45CD90P1_GACTACACAGTTCCCT-1,CtC57CD45CD90P1
CtC57CD45CD90P1_GACTACAGTTACTGAC-1,CtC57CD45CD90P1
CtC57CD45CD90P1_GACTGCGCAGCTGTTA-1,CtC57CD45CD90P1
CtC57CD45CD90P1_GAGCAGATCACTATTC-1,CtC57CD45CD90P1
CtC57CD45CD90P1_GAGCAGATCGCGCCAA-1,CtC57CD45CD90P1
CtC57CD45CD90P1_GAGGTGATCGGAATCT-1,CtC57CD45CD90P1
CtC57CD45CD90P1_GAGTCCGAGGGTATCG-1,CtC57CD45CD90P1
CtC57CD45CD90P1_GAGTCCGTCCCAAGTA-1,CtC57CD45CD90P1
CtC57CD45CD90P1_GATCAGTGTGTTGAGG-1,CtC57CD45CD90P1
CtC57CD45CD90P1_GATCAGTTCGCCTGTT-1,CtC57CD45CD90P1
CtC57CD45CD90P1_GATCGATAGCCCGAAA-1,CtC57CD45CD90P1
CtC57CD45CD90P1_GATCGATGTCTAGTCA-1,CtC57CD45CD90P1
CtC57CD45CD90P1_GATCGATTCGACCAGC-1,CtC57CD45CD90P1
CtC57CD45CD90P1_GATCGCGAGAGTTGGC-1,CtC57CD45CD90P1
CtC57CD45CD90P1_GATCGCGTCGAACTGT-1,CtC57CD45CD90P1
CtC57CD45CD90P1_GATCGTACATTGGGCC-1,CtC57CD45CD90P1
CtC57CD45CD90P1_GATCGTAGTGCCTGGT-1,CtC57CD45CD90P1
CtC57CD45CD90P1_GATCGTATCGCTTGTC-1,CtC57CD45CD90P1
CtC57CD45CD90P1_GATCGTATCTGCTGTC-1,CtC57CD45CD90P1
CtC57CD45CD90P1_GATCTAGGTAGAGGAA-1,CtC57CD45CD90P1
CtC57CD45CD90P1_GATGAAACAAACAACA-1,CtC57CD45CD90P1
CtC57CD45CD90P1_GATGAGGGTCCAAGTT-1,CtC57CD45CD90P1
CtC57CD45CD90P1_GATGAGGGTTGCGCAC-1,CtC57CD45CD90P1
CtC57CD45CD90P1_GATGCTAAGGCGTACA-1,CtC57CD45CD90P1
CtC57CD45CD90P1_GATGCTAGTTAAGAAC-1,CtC57CD45CD90P1
CtC57CD45CD90P1_GATTCAGAGGTGGGTT-1,CtC57CD45CD90P1
CtC57CD45CD90P1_GATTCAGGTTTGGCGC-1,CtC57CD45CD90P1
CtC57CD45CD90P1_GCAAACTGTGTTCTTT-1,CtC57CD45CD90P1
CtC57CD45CD90P1_GCAATCATCGAGGTAG-1,CtC57CD45CD90P1
CtC57CD45CD90P1_GCACATAAGAGGACGG-1,CtC57CD45CD90P1
CtC57CD45CD90P1_GCACATAAGTCCGTAT-1,CtC57CD45CD90P1
CtC57CD45CD90P1_GCACATACATTAACCG-1,CtC57CD45CD90P1
CtC57CD45CD90P1_GCACATATCTCGCATC-1,CtC57CD45CD90P1
CtC57CD45CD90P1_GCAGCCACAGGAACGT-1,CtC57CD45CD90P1
CtC57CD45CD90P1_GCAGCCATCCTAGAAC-1,CtC57CD45CD90P1
CtC57CD45CD90P1_GCAGTTAAGGATCGCA-1,CtC57CD45CD90P1
CtC57CD45CD90P1_GCATACAGTTAGGGTG-1,CtC57CD45CD90P1
CtC57CD45CD90P1_GCATGATAGGAGTAGA-1,CtC57CD45CD90P1
CtC57CD45CD90P1_GCATGATAGTGATCGG-1,CtC57CD45CD90P1
CtC57CD45CD90P1_GCATGATCAGCCTTGG-1,CtC57CD45CD90P1
CtC57CD45CD90P1_GCATGATTCTCGCATC-1,CtC57CD45CD90P1
CtC57CD45CD90P1_GCATGCGTCCTGTACC-1,CtC57CD45CD90P1
CtC57CD45CD90P1_GCATGCGTCGCAAGCC-1,CtC57CD45CD90P1
CtC57CD45CD90P1_GCATGTACATTAACCG-1,CtC57CD45CD90P1
CtC57CD45CD90P1_GCATGTAGTACTTCTT-1,CtC57CD45CD90P1
CtC57CD45CD90P1_GCCTCTAAGGAATTAC-1,CtC57CD45CD90P1
CtC57CD45CD90P1_GCGACCAAGTACTTGC-1,CtC57CD45CD90P1
CtC57CD45CD90P1_GCGACCACAATACGCT-1,CtC57CD45CD90P1
CtC57CD45CD90P1_GCGACCATCGGTCCGA-1,CtC57CD45CD90P1
CtC57CD45CD90P1_GCGACCATCTCTTGAT-1,CtC57CD45CD90P1
CtC57CD45CD90P1_GCGAGAAAGCTAAGAT-1,CtC57CD45CD90P1
CtC57CD45CD90P1_GCGAGAAGTGACTCAT-1,CtC57CD45CD90P1
CtC57CD45CD90P1_GCGCAACCATCCGGGT-1,CtC57CD45CD90P1
CtC57CD45CD90P1_GCGCAACGTACCGCTG-1,CtC57CD45CD90P1
CtC57CD45CD90P1_GCGCAGTCAGCTCCGA-1,CtC57CD45CD90P1
CtC57CD45CD90P1_GCGCAGTGTCTAGAGG-1,CtC57CD45CD90P1
CtC57CD45CD90P1_GCGCAGTTCGGTGTCG-1,CtC57CD45CD90P1
CtC57CD45CD90P1_GCGCCAAGTCCCTACT-1,CtC57CD45CD90P1
CtC57CD45CD90P1_GCGCGATCACCCATTC-1,CtC57CD45CD90P1
CtC57CD45CD90P1_GCTCCTAAGCTTTGGT-1,CtC57CD45CD90P1
CtC57CD45CD90P1_GCTCCTACACGGCGTT-1,CtC57CD45CD90P1
CtC57CD45CD90P1_GCTCCTATCGTCGTTC-1,CtC57CD45CD90P1
CtC57CD45CD90P1_GCTCTGTCACGAGGTA-1,CtC57CD45CD90P1
CtC57CD45CD90P1_GCTCTGTGTTCGTCTC-1,CtC57CD45CD90P1
CtC57CD45CD90P1_GCTGCTTAGTGCGTGA-1,CtC57CD45CD90P1
CtC57CD45CD90P1_GCTGCTTTCCCTGACT-1,CtC57CD45CD90P1
CtC57CD45CD90P1_GCTGCTTTCGCTAGCG-1,CtC57CD45CD90P1
CtC57CD45CD90P1_GCTGCTTTCTGAAAGA-1,CtC57CD45CD90P1
CtC57CD45CD90P1_GCTGGGTGTCAACTGT-1,CtC57CD45CD90P1
CtC57CD45CD90P1_GCTTCCACAGACGTAG-1,CtC57CD45CD90P1
CtC57CD45CD90P1_GCTTCCACAGCAGTTT-1,CtC57CD45CD90P1
CtC57CD45CD90P1_GCTTCCAGTGGAAAGA-1,CtC57CD45CD90P1
CtC57CD45CD90P1_GCTTGAACATCGATGT-1,CtC57CD45CD90P1
CtC57CD45CD90P1_GCTTGAAGTTAAGGGC-1,CtC57CD45CD90P1
CtC57CD45CD90P1_GCTTGAAGTTCAGCGC-1,CtC57CD45CD90P1
CtC57CD45CD90P1_GCTTGAATCTGCGACG-1,CtC57CD45CD90P1
CtC57CD45CD90P1_GGAAAGCTCCTCAACC-1,CtC57CD45CD90P1
CtC57CD45CD90P1_GGAACTTAGTCGCCGT-1,CtC57CD45CD90P1
CtC57CD45CD90P1_GGAATAACACTGAAGG-1,CtC57CD45CD90P1
CtC57CD45CD90P1_GGACAAGCAGACGCCT-1,CtC57CD45CD90P1
CtC57CD45CD90P1_GGACAAGTCTGCCCTA-1,CtC57CD45CD90P1
CtC57CD45CD90P1_GGACAGAAGCCAGTTT-1,CtC57CD45CD90P1
CtC57CD45CD90P1_GGACATTCAGACAGGT-1,CtC57CD45CD90P1
CtC57CD45CD90P1_GGACGTCAGGCTAGAC-1,CtC57CD45CD90P1
CtC57CD45CD90P1_GGACGTCCATGAAGTA-1,CtC57CD45CD90P1
CtC57CD45CD90P1_GGACGTCGTTGATTGC-1,CtC57CD45CD90P1
CtC57CD45CD90P1_GGATGTTAGGATTCGG-1,CtC57CD45CD90P1
CtC57CD45CD90P1_GGATGTTAGGGCTTGA-1,CtC57CD45CD90P1
CtC57CD45CD90P1_GGATGTTGTCGGCATC-1,CtC57CD45CD90P1
CtC57CD45CD90P1_GGATTACGTTCCCTTG-1,CtC57CD45CD90P1
CtC57CD45CD90P1_GGCCGATCAGCGTAAG-1,CtC57CD45CD90P1
CtC57CD45CD90P1_GGCCGATCAGCGTCCA-1,CtC57CD45CD90P1
CtC57CD45CD90P1_GGCCGATCATGGTTGT-1,CtC57CD45CD90P1
CtC57CD45CD90P1_GGCCGATGTCCGAATT-1,CtC57CD45CD90P1
CtC57CD45CD90P1_GGCCGATTCCCACTTG-1,CtC57CD45CD90P1
CtC57CD45CD90P1_GGCCGATTCGGCATCG-1,CtC57CD45CD90P1
CtC57CD45CD90P1_GGCGACTTCATGTAGC-1,CtC57CD45CD90P1
CtC57CD45CD90P1_GGCGACTTCGGCCGAT-1,CtC57CD45CD90P1
CtC57CD45CD90P1_GGCGTGTAGTTAACGA-1,CtC57CD45CD90P1
CtC57CD45CD90P1_GGCGTGTCAACCGCCA-1,CtC57CD45CD90P1
CtC57CD45CD90P1_GGCGTGTGTATGCTTG-1,CtC57CD45CD90P1
CtC57CD45CD90P1_GGCTCGAAGACACGAC-1,CtC57CD45CD90P1
CtC57CD45CD90P1_GGCTCGAAGGAGTACC-1,CtC57CD45CD90P1
CtC57CD45CD90P1_GGCTCGACATCTACGA-1,CtC57CD45CD90P1
CtC57CD45CD90P1_GGCTGGTAGACAAGCC-1,CtC57CD45CD90P1
CtC57CD45CD90P1_GGCTGGTAGAGCTTCT-1,CtC57CD45CD90P1
CtC57CD45CD90P1_GGCTGGTAGGTGCACA-1,CtC57CD45CD90P1
CtC57CD45CD90P1_GGCTGGTCATGAAGTA-1,CtC57CD45CD90P1
CtC57CD45CD90P1_GGCTGGTGTAGGAGTC-1,CtC57CD45CD90P1
CtC57CD45CD90P1_GGGACCTAGGCATGGT-1,CtC57CD45CD90P1
CtC57CD45CD90P1_GGGACCTAGTGGAGAA-1,CtC57CD45CD90P1
CtC57CD45CD90P1_GGGAGATAGAACTGTA-1,CtC57CD45CD90P1
CtC57CD45CD90P1_GGGAGATGTTCCAACA-1,CtC57CD45CD90P1
CtC57CD45CD90P1_GGGAGATTCACTATTC-1,CtC57CD45CD90P1
CtC57CD45CD90P1_GGGAGATTCCAAGTAC-1,CtC57CD45CD90P1
CtC57CD45CD90P1_GGGATGACATTACCTT-1,CtC57CD45CD90P1
CtC57CD45CD90P1_GGGCACTCACGTCTCT-1,CtC57CD45CD90P1
CtC57CD45CD90P1_GGGCATCAGAGCAATT-1,CtC57CD45CD90P1
CtC57CD45CD90P1_GGGCATCAGTCTCAAC-1,CtC57CD45CD90P1
CtC57CD45CD90P1_GGGCATCCACGGCTAC-1,CtC57CD45CD90P1
CtC57CD45CD90P1_GGGCATCGTTGCTCCT-1,CtC57CD45CD90P1
CtC57CD45CD90P1_GGGTCTGAGGGCATGT-1,CtC57CD45CD90P1
CtC57CD45CD90P1_GGGTTGCAGAGGGCTT-1,CtC57CD45CD90P1
CtC57CD45CD90P1_GGGTTGCCATGCCCGA-1,CtC57CD45CD90P1
CtC57CD45CD90P1_GGGTTGCTCAGCGATT-1,CtC57CD45CD90P1
CtC57CD45CD90P1_GGGTTGCTCGTACCGG-1,CtC57CD45CD90P1
CtC57CD45CD90P1_GGGTTGCTCGTTGCCT-1,CtC57CD45CD90P1
CtC57CD45CD90P1_GGTATTGCAAGCGCTC-1,CtC57CD45CD90P1
CtC57CD45CD90P1_GGTATTGGTTACGGAG-1,CtC57CD45CD90P1
CtC57CD45CD90P1_GGTGAAGAGTAGCCGA-1,CtC57CD45CD90P1
CtC57CD45CD90P1_GGTGAAGCAGAAGCAC-1,CtC57CD45CD90P1
CtC57CD45CD90P1_GGTGAAGGTCGGCACT-1,CtC57CD45CD90P1
CtC57CD45CD90P1_GGTGCGTGTCCGAAGA-1,CtC57CD45CD90P1
CtC57CD45CD90P1_GGTGTTAGTTAAGACA-1,CtC57CD45CD90P1
CtC57CD45CD90P1_GTAACGTCACTTAACG-1,CtC57CD45CD90P1
CtC57CD45CD90P1_GTAACGTTCACCAGGC-1,CtC57CD45CD90P1
CtC57CD45CD90P1_GTAACTGCAATGGTCT-1,CtC57CD45CD90P1
CtC57CD45CD90P1_GTACGTATCGTGGTCG-1,CtC57CD45CD90P1
CtC57CD45CD90P1_GTACTCCGTCTCACCT-1,CtC57CD45CD90P1
CtC57CD45CD90P1_GTACTCCTCAGTCCCT-1,CtC57CD45CD90P1
CtC57CD45CD90P1_GTAGGCCAGATAGGAG-1,CtC57CD45CD90P1
CtC57CD45CD90P1_GTAGGCCAGGGCTCTC-1,CtC57CD45CD90P1
CtC57CD45CD90P1_GTAGGCCAGTCCATAC-1,CtC57CD45CD90P1
CtC57CD45CD90P1_GTAGGCCCATGTTGAC-1,CtC57CD45CD90P1
CtC57CD45CD90P1_GTAGGCCGTCCCTTGT-1,CtC57CD45CD90P1
CtC57CD45CD90P1_GTAGGCCGTGTCCTCT-1,CtC57CD45CD90P1
CtC57CD45CD90P1_GTAGGCCTCAGCCTAA-1,CtC57CD45CD90P1
CtC57CD45CD90P1_GTAGGCCTCTTATCTG-1,CtC57CD45CD90P1
CtC57CD45CD90P1_GTAGTCAAGCTACCGC-1,CtC57CD45CD90P1
CtC57CD45CD90P1_GTAGTCAGTCTGATCA-1,CtC57CD45CD90P1
CtC57CD45CD90P1_GTAGTCAGTGTTCTTT-1,CtC57CD45CD90P1
CtC57CD45CD90P1_GTAGTCATCTACGAGT-1,CtC57CD45CD90P1
CtC57CD45CD90P1_GTATCTTCAACTGGCC-1,CtC57CD45CD90P1
CtC57CD45CD90P1_GTATCTTGTTGTTTGG-1,CtC57CD45CD90P1
CtC57CD45CD90P1_GTATTCTCAGCTCCGA-1,CtC57CD45CD90P1
CtC57CD45CD90P1_GTCAAGTCATGAACCT-1,CtC57CD45CD90P1
CtC57CD45CD90P1_GTCAAGTTCAACGGGA-1,CtC57CD45CD90P1
CtC57CD45CD90P1_GTCACAATCACCGGGT-1,CtC57CD45CD90P1
CtC57CD45CD90P1_GTCACGGAGAGACGAA-1,CtC57CD45CD90P1
CtC57CD45CD90P1_GTCACGGAGCATCATC-1,CtC57CD45CD90P1
CtC57CD45CD90P1_GTCCTCAGTGAAGGCT-1,CtC57CD45CD90P1
CtC57CD45CD90P1_GTCCTCATCTAACTCT-1,CtC57CD45CD90P1
CtC57CD45CD90P1_GTCCTCATCTTATCTG-1,CtC57CD45CD90P1
CtC57CD45CD90P1_GTCGGGTAGTTCCACA-1,CtC57CD45CD90P1
CtC57CD45CD90P1_GTCGTAACATTAGCCA-1,CtC57CD45CD90P1
CtC57CD45CD90P1_GTCGTAAGTCTAGAGG-1,CtC57CD45CD90P1
CtC57CD45CD90P1_GTCGTAAGTGGCAAAC-1,CtC57CD45CD90P1
CtC57CD45CD90P1_GTCGTAAGTTACCGAT-1,CtC57CD45CD90P1
CtC57CD45CD90P1_GTCGTAATCAACACGT-1,CtC57CD45CD90P1
CtC57CD45CD90P1_GTCTCGTCATTCTTAC-1,CtC57CD45CD90P1
CtC57CD45CD90P1_GTCTCGTTCTGCAAGT-1,CtC57CD45CD90P1
CtC57CD45CD90P1_GTCTTCGTCTTGTATC-1,CtC57CD45CD90P1
CtC57CD45CD90P1_GTGCAGCAGCCAGTTT-1,CtC57CD45CD90P1
CtC57CD45CD90P1_GTGCAGCCACGAGAGT-1,CtC57CD45CD90P1
CtC57CD45CD90P1_GTGCAGCGTGGGTATG-1,CtC57CD45CD90P1
CtC57CD45CD90P1_GTGCATACATTGGCGC-1,CtC57CD45CD90P1
CtC57CD45CD90P1_GTGCATAGTTCCATGA-1,CtC57CD45CD90P1
CtC57CD45CD90P1_GTGCGGTAGAAAGTGG-1,CtC57CD45CD90P1
CtC57CD45CD90P1_GTGCGGTAGTAGGCCA-1,CtC57CD45CD90P1
CtC57CD45CD90P1_GTGCGGTAGTTCGCAT-1,CtC57CD45CD90P1
CtC57CD45CD90P1_GTGCGGTGTCGAGTTT-1,CtC57CD45CD90P1
CtC57CD45CD90P1_GTGCGGTTCTGCTTGC-1,CtC57CD45CD90P1
CtC57CD45CD90P1_GTGCTTCAGGCGCTCT-1,CtC57CD45CD90P1
CtC57CD45CD90P1_GTGCTTCCAAAGGCGT-1,CtC57CD45CD90P1
CtC57CD45CD90P1_GTGCTTCCAGATGGGT-1,CtC57CD45CD90P1
CtC57CD45CD90P1_GTGCTTCGTGGAAAGA-1,CtC57CD45CD90P1
CtC57CD45CD90P1_GTGCTTCGTTACGACT-1,CtC57CD45CD90P1
CtC57CD45CD90P1_GTGGGTCGTAAGAGGA-1,CtC57CD45CD90P1
CtC57CD45CD90P1_GTGGGTCTCAACGCTA-1,CtC57CD45CD90P1
CtC57CD45CD90P1_GTGTGCGAGTCATGCT-1,CtC57CD45CD90P1
CtC57CD45CD90P1_GTGTGCGGTGAGGCTA-1,CtC57CD45CD90P1
CtC57CD45CD90P1_GTGTTAGAGTACGATA-1,CtC57CD45CD90P1
CtC57CD45CD90P1_GTGTTAGCACGGCTAC-1,CtC57CD45CD90P1
CtC57CD45CD90P1_GTGTTAGTCCGATATG-1,CtC57CD45CD90P1
CtC57CD45CD90P1_GTTAAGCAGCCAGTTT-1,CtC57CD45CD90P1
CtC57CD45CD90P1_GTTAAGCAGCTAGTGG-1,CtC57CD45CD90P1
CtC57CD45CD90P1_GTTAAGCAGTCGAGTG-1,CtC57CD45CD90P1
CtC57CD45CD90P1_GTTAAGCCATCCTAGA-1,CtC57CD45CD90P1
CtC57CD45CD90P1_GTTAAGCGTCAGAAGC-1,CtC57CD45CD90P1
CtC57CD45CD90P1_GTTAAGCTCCCTCAGT-1,CtC57CD45CD90P1
CtC57CD45CD90P1_GTTACAGAGCTCAACT-1,CtC57CD45CD90P1
CtC57CD45CD90P1_GTTACAGCACTGCCAG-1,CtC57CD45CD90P1
CtC57CD45CD90P1_GTTACAGGTCTCGTTC-1,CtC57CD45CD90P1
CtC57CD45CD90P1_GTTACAGTCCAAGTAC-1,CtC57CD45CD90P1
CtC57CD45CD90P1_GTTCATTAGGTACTCT-1,CtC57CD45CD90P1
CtC57CD45CD90P1_GTTCATTGTTAAAGTG-1,CtC57CD45CD90P1
CtC57CD45CD90P1_GTTCATTTCAACTCTT-1,CtC57CD45CD90P1
CtC57CD45CD90P1_GTTCGGGCAGTCGATT-1,CtC57CD45CD90P1
CtC57CD45CD90P1_GTTCGGGCATTGGGCC-1,CtC57CD45CD90P1
CtC57CD45CD90P1_GTTCGGGGTCACTGGC-1,CtC57CD45CD90P1
CtC57CD45CD90P1_GTTCGGGGTTCGGCAC-1,CtC57CD45CD90P1
CtC57CD45CD90P1_GTTCTCGAGCAGATCG-1,CtC57CD45CD90P1
CtC57CD45CD90P1_GTTCTCGAGTACGTTC-1,CtC57CD45CD90P1
CtC57CD45CD90P1_GTTCTCGGTTATGTGC-1,CtC57CD45CD90P1
CtC57CD45CD90P1_GTTTCTATCCACGAAT-1,CtC57CD45CD90P1
CtC57CD45CD90P1_TAAACCGGTGTGCCTG-1,CtC57CD45CD90P1
CtC57CD45CD90P1_TAAACCGGTTCCACTC-1,CtC57CD45CD90P1
CtC57CD45CD90P1_TAAGAGATCAAACAAG-1,CtC57CD45CD90P1
CtC57CD45CD90P1_TAAGAGATCAAGGCTT-1,CtC57CD45CD90P1
CtC57CD45CD90P1_TAAGCGTAGTCCGTAT-1,CtC57CD45CD90P1
CtC57CD45CD90P1_TAAGCGTAGTTACGGG-1,CtC57CD45CD90P1
CtC57CD45CD90P1_TAAGCGTTCCACGTTC-1,CtC57CD45CD90P1
CtC57CD45CD90P1_TACACGAGTCGACTGC-1,CtC57CD45CD90P1
CtC57CD45CD90P1_TACAGTGAGGAGTCTG-1,CtC57CD45CD90P1
CtC57CD45CD90P1_TACAGTGGTAGCAAAT-1,CtC57CD45CD90P1
CtC57CD45CD90P1_TACAGTGGTATCAGTC-1,CtC57CD45CD90P1
CtC57CD45CD90P1_TACAGTGGTGCAACTT-1,CtC57CD45CD90P1
CtC57CD45CD90P1_TACCTTACACGAAACG-1,CtC57CD45CD90P1
CtC57CD45CD90P1_TACCTTACAGCTCGCA-1,CtC57CD45CD90P1
CtC57CD45CD90P1_TACCTTAGTCCATGAT-1,CtC57CD45CD90P1
CtC57CD45CD90P1_TACGGATAGTTCGATC-1,CtC57CD45CD90P1
CtC57CD45CD90P1_TACGGATCAAGTAGTA-1,CtC57CD45CD90P1
CtC57CD45CD90P1_TACGGATGTCAAAGAT-1,CtC57CD45CD90P1
CtC57CD45CD90P1_TACGGATGTCTTTCAT-1,CtC57CD45CD90P1
CtC57CD45CD90P1_TACGGATGTTATGTGC-1,CtC57CD45CD90P1
CtC57CD45CD90P1_TACGGGCCAGTCCTTC-1,CtC57CD45CD90P1
CtC57CD45CD90P1_TACGGGCGTAGATTAG-1,CtC57CD45CD90P1
CtC57CD45CD90P1_TACGGGCTCACAACGT-1,CtC57CD45CD90P1
CtC57CD45CD90P1_TACGGGCTCGTAGATC-1,CtC57CD45CD90P1
CtC57CD45CD90P1_TACTCGCGTCACAAGG-1,CtC57CD45CD90P1
CtC57CD45CD90P1_TACTCGCGTGCTTCTC-1,CtC57CD45CD90P1
CtC57CD45CD90P1_TACTTACCAGTCAGAG-1,CtC57CD45CD90P1
CtC57CD45CD90P1_TACTTACTCGCGCCAA-1,CtC57CD45CD90P1
CtC57CD45CD90P1_TACTTGTAGAATAGGG-1,CtC57CD45CD90P1
CtC57CD45CD90P1_TACTTGTAGACTGGGT-1,CtC57CD45CD90P1
CtC57CD45CD90P1_TACTTGTAGGTAAACT-1,CtC57CD45CD90P1
CtC57CD45CD90P1_TAGACCAAGATCCGAG-1,CtC57CD45CD90P1
CtC57CD45CD90P1_TAGACCAAGGAGTACC-1,CtC57CD45CD90P1
CtC57CD45CD90P1_TAGACCACAGGTCCAC-1,CtC57CD45CD90P1
CtC57CD45CD90P1_TAGACCAGTCTCAACA-1,CtC57CD45CD90P1
CtC57CD45CD90P1_TAGACCATCCTCAATT-1,CtC57CD45CD90P1
CtC57CD45CD90P1_TAGACCATCTTACCTA-1,CtC57CD45CD90P1
CtC57CD45CD90P1_TAGAGCTTCCTTTCGG-1,CtC57CD45CD90P1
CtC57CD45CD90P1_TAGAGCTTCGTCTGCT-1,CtC57CD45CD90P1
CtC57CD45CD90P1_TAGCCGGGTAAGAGAG-1,CtC57CD45CD90P1
CtC57CD45CD90P1_TAGCCGGTCCACTGGG-1,CtC57CD45CD90P1
CtC57CD45CD90P1_TAGGCATAGCCACGCT-1,CtC57CD45CD90P1
CtC57CD45CD90P1_TAGGCATCAATCACAC-1,CtC57CD45CD90P1
CtC57CD45CD90P1_TAGGCATGTATTACCG-1,CtC57CD45CD90P1
CtC57CD45CD90P1_TAGTGGTCATGCTAGT-1,CtC57CD45CD90P1
CtC57CD45CD90P1_TAGTGGTTCTGGTGTA-1,CtC57CD45CD90P1
CtC57CD45CD90P1_TATCAGGCAATGTAAG-1,CtC57CD45CD90P1
CtC57CD45CD90P1_TATCAGGGTGAGTATA-1,CtC57CD45CD90P1
CtC57CD45CD90P1_TATCTCACAGACGCTC-1,CtC57CD45CD90P1
CtC57CD45CD90P1_TATCTCAGTCCAACTA-1,CtC57CD45CD90P1
CtC57CD45CD90P1_TATCTCATCGGCATCG-1,CtC57CD45CD90P1
CtC57CD45CD90P1_TATGCCCTCGGAGGTA-1,CtC57CD45CD90P1
CtC57CD45CD90P1_TATTACCGTTATTCTC-1,CtC57CD45CD90P1
CtC57CD45CD90P1_TCAACGAAGTAAGTAC-1,CtC57CD45CD90P1
CtC57CD45CD90P1_TCAACGAAGTGCCAGA-1,CtC57CD45CD90P1
CtC57CD45CD90P1_TCAACGAGTGATGCCC-1,CtC57CD45CD90P1
CtC57CD45CD90P1_TCAATCTAGATGCCTT-1,CtC57CD45CD90P1
CtC57CD45CD90P1_TCAATCTAGTCTCCTC-1,CtC57CD45CD90P1
CtC57CD45CD90P1_TCAATCTCACCATCCT-1,CtC57CD45CD90P1
CtC57CD45CD90P1_TCAATCTTCATGTCTT-1,CtC57CD45CD90P1
CtC57CD45CD90P1_TCAATCTTCGTACGGC-1,CtC57CD45CD90P1
CtC57CD45CD90P1_TCACAAGAGGATTCGG-1,CtC57CD45CD90P1
CtC57CD45CD90P1_TCACAAGCACAAGTAA-1,CtC57CD45CD90P1
CtC57CD45CD90P1_TCACAAGTCCATGAAC-1,CtC57CD45CD90P1
CtC57CD45CD90P1_TCACGAAAGCCAGTAG-1,CtC57CD45CD90P1
CtC57CD45CD90P1_TCACGAAAGGTGATAT-1,CtC57CD45CD90P1
CtC57CD45CD90P1_TCACGAACATACGCTA-1,CtC57CD45CD90P1
CtC57CD45CD90P1_TCACGAAGTCATATCG-1,CtC57CD45CD90P1
CtC57CD45CD90P1_TCACGAAGTGCCTGCA-1,CtC57CD45CD90P1
CtC57CD45CD90P1_TCACGAAGTGTAAGTA-1,CtC57CD45CD90P1
CtC57CD45CD90P1_TCAGCAACAGCTGTAT-1,CtC57CD45CD90P1
CtC57CD45CD90P1_TCAGCTCGTAGGGTAC-1,CtC57CD45CD90P1
CtC57CD45CD90P1_TCAGCTCGTGGTAACG-1,CtC57CD45CD90P1
CtC57CD45CD90P1_TCAGCTCTCGATAGAA-1,CtC57CD45CD90P1
CtC57CD45CD90P1_TCAGGTAAGACGACGT-1,CtC57CD45CD90P1
CtC57CD45CD90P1_TCAGGTAAGCCACCTG-1,CtC57CD45CD90P1
CtC57CD45CD90P1_TCATTACGTCTGCAAT-1,CtC57CD45CD90P1
CtC57CD45CD90P1_TCATTACGTGAAATCA-1,CtC57CD45CD90P1
CtC57CD45CD90P1_TCATTACTCGTAGGTT-1,CtC57CD45CD90P1
CtC57CD45CD90P1_TCATTTGCACAAGACG-1,CtC57CD45CD90P1
CtC57CD45CD90P1_TCATTTGTCCTCAATT-1,CtC57CD45CD90P1
CtC57CD45CD90P1_TCATTTGTCTTGTCAT-1,CtC57CD45CD90P1
CtC57CD45CD90P1_TCCACACAGAAGGTGA-1,CtC57CD45CD90P1
CtC57CD45CD90P1_TCCACACCATAAGACA-1,CtC57CD45CD90P1
CtC57CD45CD90P1_TCCACACGTTGCTCCT-1,CtC57CD45CD90P1
CtC57CD45CD90P1_TCCCGATAGGTCGGAT-1,CtC57CD45CD90P1
CtC57CD45CD90P1_TCCCGATCACTAAGTC-1,CtC57CD45CD90P1
CtC57CD45CD90P1_TCCCGATCATATGAGA-1,CtC57CD45CD90P1
CtC57CD45CD90P1_TCCCGATGTCCGTTAA-1,CtC57CD45CD90P1
CtC57CD45CD90P1_TCCCGATGTTATCACG-1,CtC57CD45CD90P1
CtC57CD45CD90P1_TCCCGATTCAGGCCCA-1,CtC57CD45CD90P1
CtC57CD45CD90P1_TCGAGGCAGAACAATC-1,CtC57CD45CD90P1
CtC57CD45CD90P1_TCGAGGCAGGAGTTGC-1,CtC57CD45CD90P1
CtC57CD45CD90P1_TCGAGGCCAAGCGTAG-1,CtC57CD45CD90P1
CtC57CD45CD90P1_TCGAGGCCAGCATACT-1,CtC57CD45CD90P1
CtC57CD45CD90P1_TCGAGGCTCCTCCTAG-1,CtC57CD45CD90P1
CtC57CD45CD90P1_TCGCGAGGTAGCTGCC-1,CtC57CD45CD90P1
CtC57CD45CD90P1_TCGCGTTCAATGTAAG-1,CtC57CD45CD90P1
CtC57CD45CD90P1_TCGCGTTCACGAAAGC-1,CtC57CD45CD90P1
CtC57CD45CD90P1_TCGCGTTGTAAGGGCT-1,CtC57CD45CD90P1
CtC57CD45CD90P1_TCGGGACAGTCCAGGA-1,CtC57CD45CD90P1
CtC57CD45CD90P1_TCGGGACGTAGGAGTC-1,CtC57CD45CD90P1
CtC57CD45CD90P1_TCGGGACGTTCGCTAA-1,CtC57CD45CD90P1
CtC57CD45CD90P1_TCGGGACGTTTGCATG-1,CtC57CD45CD90P1
CtC57CD45CD90P1_TCGGTAACATGGATGG-1,CtC57CD45CD90P1
CtC57CD45CD90P1_TCGGTAATCGGTCTAA-1,CtC57CD45CD90P1
CtC57CD45CD90P1_TCGTACCAGCATCATC-1,CtC57CD45CD90P1
CtC57CD45CD90P1_TCGTACCAGTGTTAGA-1,CtC57CD45CD90P1
CtC57CD45CD90P1_TCGTACCCATTGGGCC-1,CtC57CD45CD90P1
CtC57CD45CD90P1_TCGTAGACAAACCTAC-1,CtC57CD45CD90P1
CtC57CD45CD90P1_TCGTAGACACTGTGTA-1,CtC57CD45CD90P1
CtC57CD45CD90P1_TCGTAGATCACGACTA-1,CtC57CD45CD90P1
CtC57CD45CD90P1_TCTATTGCAGTGAGTG-1,CtC57CD45CD90P1
CtC57CD45CD90P1_TCTCATAAGGAGTTGC-1,CtC57CD45CD90P1
CtC57CD45CD90P1_TCTCATAGTTCGGCAC-1,CtC57CD45CD90P1
CtC57CD45CD90P1_TCTGAGAGTGTTCGAT-1,CtC57CD45CD90P1
CtC57CD45CD90P1_TCTGAGATCCTCCTAG-1,CtC57CD45CD90P1
CtC57CD45CD90P1_TCTGGAAAGATATGGT-1,CtC57CD45CD90P1
CtC57CD45CD90P1_TCTGGAACAATAACGA-1,CtC57CD45CD90P1
CtC57CD45CD90P1_TCTGGAAGTGGGTATG-1,CtC57CD45CD90P1
CtC57CD45CD90P1_TCTTCGGCAAGCGATG-1,CtC57CD45CD90P1
CtC57CD45CD90P1_TCTTCGGGTCTAGTCA-1,CtC57CD45CD90P1
CtC57CD45CD90P1_TCTTCGGGTGTTTGGT-1,CtC57CD45CD90P1
CtC57CD45CD90P1_TCTTCGGTCAATCACG-1,CtC57CD45CD90P1
CtC57CD45CD90P1_TCTTCGGTCAGTTCGA-1,CtC57CD45CD90P1
CtC57CD45CD90P1_TCTTTCCCAGAGTGTG-1,CtC57CD45CD90P1
CtC57CD45CD90P1_TGAAAGAAGGGTATCG-1,CtC57CD45CD90P1
CtC57CD45CD90P1_TGACAACAGATCGGGT-1,CtC57CD45CD90P1
CtC57CD45CD90P1_TGACAACAGGGATCTG-1,CtC57CD45CD90P1
CtC57CD45CD90P1_TGACAACCATAAGACA-1,CtC57CD45CD90P1
CtC57CD45CD90P1_TGACAACCATCGGGTC-1,CtC57CD45CD90P1
CtC57CD45CD90P1_TGACAACCATGCCTAA-1,CtC57CD45CD90P1
CtC57CD45CD90P1_TGACAACTCTGTGCAA-1,CtC57CD45CD90P1
CtC57CD45CD90P1_TGACGGCCAGTCTTCC-1,CtC57CD45CD90P1
CtC57CD45CD90P1_TGACGGCGTCCAACTA-1,CtC57CD45CD90P1
CtC57CD45CD90P1_TGACGGCGTGAAAGAG-1,CtC57CD45CD90P1
CtC57CD45CD90P1_TGACGGCGTTTCCACC-1,CtC57CD45CD90P1
CtC57CD45CD90P1_TGACGGCTCACCTTAT-1,CtC57CD45CD90P1
CtC57CD45CD90P1_TGACTAGGTTAAAGTG-1,CtC57CD45CD90P1
CtC57CD45CD90P1_TGACTAGTCACCCTCA-1,CtC57CD45CD90P1
CtC57CD45CD90P1_TGACTAGTCCGCGTTT-1,CtC57CD45CD90P1
CtC57CD45CD90P1_TGACTAGTCTGCCAGG-1,CtC57CD45CD90P1
CtC57CD45CD90P1_TGACTTTAGTCAATAG-1,CtC57CD45CD90P1
CtC57CD45CD90P1_TGACTTTTCATCTGCC-1,CtC57CD45CD90P1
CtC57CD45CD90P1_TGAGAGGAGATATACG-1,CtC57CD45CD90P1
CtC57CD45CD90P1_TGAGAGGTCACTTCAT-1,CtC57CD45CD90P1
CtC57CD45CD90P1_TGAGAGGTCCAAAGTC-1,CtC57CD45CD90P1
CtC57CD45CD90P1_TGAGAGGTCCGCAGTG-1,CtC57CD45CD90P1
CtC57CD45CD90P1_TGAGCATCAGCGAACA-1,CtC57CD45CD90P1
CtC57CD45CD90P1_TGAGCATGTCGAATCT-1,CtC57CD45CD90P1
CtC57CD45CD90P1_TGAGCATTCTATCCCG-1,CtC57CD45CD90P1
CtC57CD45CD90P1_TGAGCCGAGAGGGCTT-1,CtC57CD45CD90P1
CtC57CD45CD90P1_TGAGCCGAGCCACTAT-1,CtC57CD45CD90P1
CtC57CD45CD90P1_TGAGCCGGTAACGCGA-1,CtC57CD45CD90P1
CtC57CD45CD90P1_TGAGGGAAGTTTCCTT-1,CtC57CD45CD90P1
CtC57CD45CD90P1_TGAGGGATCATTATCC-1,CtC57CD45CD90P1
CtC57CD45CD90P1_TGATTTCAGCAATATG-1,CtC57CD45CD90P1
CtC57CD45CD90P1_TGCACCTAGACCTAGG-1,CtC57CD45CD90P1
CtC57CD45CD90P1_TGCACCTCAGATTGCT-1,CtC57CD45CD90P1
CtC57CD45CD90P1_TGCACCTGTCCGTCAG-1,CtC57CD45CD90P1
CtC57CD45CD90P1_TGCACCTTCCGTAGGC-1,CtC57CD45CD90P1
CtC57CD45CD90P1_TGCCAAAAGTTACGGG-1,CtC57CD45CD90P1
CtC57CD45CD90P1_TGCCAAACAAAGCAAT-1,CtC57CD45CD90P1
CtC57CD45CD90P1_TGCCAAACAGGGTTAG-1,CtC57CD45CD90P1
CtC57CD45CD90P1_TGCCAAACAGTAACGG-1,CtC57CD45CD90P1
CtC57CD45CD90P1_TGCCAAAGTTCCGGCA-1,CtC57CD45CD90P1
CtC57CD45CD90P1_TGCCAAATCCAGAAGG-1,CtC57CD45CD90P1
CtC57CD45CD90P1_TGCCCATTCCGCTGTT-1,CtC57CD45CD90P1
CtC57CD45CD90P1_TGCCCTACATAGTAAG-1,CtC57CD45CD90P1
CtC57CD45CD90P1_TGCCCTATCTACTCAT-1,CtC57CD45CD90P1
CtC57CD45CD90P1_TGCGCAGTCAGAAATG-1,CtC57CD45CD90P1
CtC57CD45CD90P1_TGCGCAGTCCTAGGGC-1,CtC57CD45CD90P1
CtC57CD45CD90P1_TGCGTGGTCTACGAGT-1,CtC57CD45CD90P1
CtC57CD45CD90P1_TGCTGCTGTCTTTCAT-1,CtC57CD45CD90P1
CtC57CD45CD90P1_TGGACGCAGAGCTGCA-1,CtC57CD45CD90P1
CtC57CD45CD90P1_TGGACGCAGCGATGAC-1,CtC57CD45CD90P1
CtC57CD45CD90P1_TGGCCAGAGCATGGCA-1,CtC57CD45CD90P1
CtC57CD45CD90P1_TGGCCAGCATTACCTT-1,CtC57CD45CD90P1
CtC57CD45CD90P1_TGGCCAGGTGTGTGCC-1,CtC57CD45CD90P1
CtC57CD45CD90P1_TGGCCAGTCACGCGGT-1,CtC57CD45CD90P1
CtC57CD45CD90P1_TGGCGCACAGCAGTTT-1,CtC57CD45CD90P1
CtC57CD45CD90P1_TGGCGCAGTGATGATA-1,CtC57CD45CD90P1
CtC57CD45CD90P1_TGGCTGGAGCCGCCTA-1,CtC57CD45CD90P1
CtC57CD45CD90P1_TGGCTGGGTTGAGTTC-1,CtC57CD45CD90P1
CtC57CD45CD90P1_TGGGAAGAGCTGGAAC-1,CtC57CD45CD90P1
CtC57CD45CD90P1_TGGGCGTAGAAACCAT-1,CtC57CD45CD90P1
CtC57CD45CD90P1_TGGGCGTAGGATATAC-1,CtC57CD45CD90P1
CtC57CD45CD90P1_TGGGCGTCATCAGTCA-1,CtC57CD45CD90P1
CtC57CD45CD90P1_TGGGCGTCATTAGCCA-1,CtC57CD45CD90P1
CtC57CD45CD90P1_TGGGCGTGTAAATGTG-1,CtC57CD45CD90P1
CtC57CD45CD90P1_TGGTTAGAGTGGACGT-1,CtC57CD45CD90P1
CtC57CD45CD90P1_TGGTTAGGTGCCTGCA-1,CtC57CD45CD90P1
CtC57CD45CD90P1_TGGTTCCCACCAGTTA-1,CtC57CD45CD90P1
CtC57CD45CD90P1_TGGTTCCGTATGGTTC-1,CtC57CD45CD90P1
CtC57CD45CD90P1_TGGTTCCTCTAACTCT-1,CtC57CD45CD90P1
CtC57CD45CD90P1_TGTATTCAGAATGTTG-1,CtC57CD45CD90P1
CtC57CD45CD90P1_TGTATTCCACACGCTG-1,CtC57CD45CD90P1
CtC57CD45CD90P1_TGTATTCGTCAACATC-1,CtC57CD45CD90P1
CtC57CD45CD90P1_TGTATTCGTTGGTTTG-1,CtC57CD45CD90P1
CtC57CD45CD90P1_TGTCCCATCAAACAAG-1,CtC57CD45CD90P1
CtC57CD45CD90P1_TGTCCCATCTAACTCT-1,CtC57CD45CD90P1
CtC57CD45CD90P1_TGTCCCATCTTCTGGC-1,CtC57CD45CD90P1
CtC57CD45CD90P1_TGTGTTTCAAATACAG-1,CtC57CD45CD90P1
CtC57CD45CD90P1_TGTGTTTCAATGGACG-1,CtC57CD45CD90P1
CtC57CD45CD90P1_TGTGTTTCAGTATAAG-1,CtC57CD45CD90P1
CtC57CD45CD90P1_TGTGTTTCATCTGGTA-1,CtC57CD45CD90P1
CtC57CD45CD90P1_TGTGTTTTCTCTAGGA-1,CtC57CD45CD90P1
CtC57CD45CD90P1_TGTTCCGAGCGTGAGT-1,CtC57CD45CD90P1
CtC57CD45CD90P1_TGTTCCGGTAGCGATG-1,CtC57CD45CD90P1
CtC57CD45CD90P1_TTAGGACAGAATTCCC-1,CtC57CD45CD90P1
CtC57CD45CD90P1_TTAGGACAGGAGTTTA-1,CtC57CD45CD90P1
CtC57CD45CD90P1_TTAGGACAGGGCTCTC-1,CtC57CD45CD90P1
CtC57CD45CD90P1_TTAGGCAAGGGCTTCC-1,CtC57CD45CD90P1
CtC57CD45CD90P1_TTAGGCAAGTATGACA-1,CtC57CD45CD90P1
CtC57CD45CD90P1_TTAGGCAGTGTGAATA-1,CtC57CD45CD90P1
CtC57CD45CD90P1_TTAGTTCAGAGAGCTC-1,CtC57CD45CD90P1
CtC57CD45CD90P1_TTAGTTCCATCACGAT-1,CtC57CD45CD90P1
CtC57CD45CD90P1_TTAGTTCGTCATGCCG-1,CtC57CD45CD90P1
CtC57CD45CD90P1_TTAGTTCGTTCTCATT-1,CtC57CD45CD90P1
CtC57CD45CD90P1_TTAGTTCTCCAAAGTC-1,CtC57CD45CD90P1
CtC57CD45CD90P1_TTATGCTCAAGCTGGA-1,CtC57CD45CD90P1
CtC57CD45CD90P1_TTATGCTCAGCTCGAC-1,CtC57CD45CD90P1
CtC57CD45CD90P1_TTATGCTCATGGTCAT-1,CtC57CD45CD90P1
CtC57CD45CD90P1_TTCCCAGCAAGTCATC-1,CtC57CD45CD90P1
CtC57CD45CD90P1_TTCCCAGCATCACAAC-1,CtC57CD45CD90P1
CtC57CD45CD90P1_TTCCCAGTCATCGCTC-1,CtC57CD45CD90P1
CtC57CD45CD90P1_TTCGAAGAGAGTACAT-1,CtC57CD45CD90P1
CtC57CD45CD90P1_TTCGAAGAGCGCTCCA-1,CtC57CD45CD90P1
CtC57CD45CD90P1_TTCGGTCAGACCCACC-1,CtC57CD45CD90P1
CtC57CD45CD90P1_TTCGGTCTCATTCACT-1,CtC57CD45CD90P1
CtC57CD45CD90P1_TTCTACAAGAGAGCTC-1,CtC57CD45CD90P1
CtC57CD45CD90P1_TTCTACAGTTAAGACA-1,CtC57CD45CD90P1
CtC57CD45CD90P1_TTCTACATCGGATGGA-1,CtC57CD45CD90P1
CtC57CD45CD90P1_TTCTCAAAGGAGTTGC-1,CtC57CD45CD90P1
CtC57CD45CD90P1_TTCTCAACACCTCGGA-1,CtC57CD45CD90P1
CtC57CD45CD90P1_TTCTCAATCTAGAGTC-1,CtC57CD45CD90P1
CtC57CD45CD90P1_TTCTCCTAGAAGGTGA-1,CtC57CD45CD90P1
CtC57CD45CD90P1_TTCTCCTGTACGAAAT-1,CtC57CD45CD90P1
CtC57CD45CD90P1_TTCTTAGAGTGACATA-1,CtC57CD45CD90P1
CtC57CD45CD90P1_TTCTTAGAGTTGTAGA-1,CtC57CD45CD90P1
CtC57CD45CD90P1_TTCTTAGGTAGCCTCG-1,CtC57CD45CD90P1
CtC57CD45CD90P1_TTCTTAGGTCTGCCAG-1,CtC57CD45CD90P1
CtC57CD45CD90P1_TTCTTAGGTTGGGACA-1,CtC57CD45CD90P1
CtC57CD45CD90P1_TTCTTAGTCGTAGGTT-1,CtC57CD45CD90P1
CtC57CD45CD90P1_TTGAACGGTAGGGTAC-1,CtC57CD45CD90P1
CtC57CD45CD90P1_TTGACTTTCTACTTAC-1,CtC57CD45CD90P1
CtC57CD45CD90P1_TTGACTTTCTTAGAGC-1,CtC57CD45CD90P1
CtC57CD45CD90P1_TTGCCGTAGTCATGCT-1,CtC57CD45CD90P1
CtC57CD45CD90P1_TTGCCGTAGTTTAGGA-1,CtC57CD45CD90P1
CtC57CD45CD90P1_TTGCCGTTCGTTTATC-1,CtC57CD45CD90P1
CtC57CD45CD90P1_TTGCGTCAGCTGAACG-1,CtC57CD45CD90P1
CtC57CD45CD90P1_TTGCGTCAGGGTTCCC-1,CtC57CD45CD90P1
CtC57CD45CD90P1_TTGCGTCTCAACTCTT-1,CtC57CD45CD90P1
CtC57CD45CD90P1_TTGGAACAGAATTGTG-1,CtC57CD45CD90P1
CtC57CD45CD90P1_TTGGAACTCCGCAAGC-1,CtC57CD45CD90P1
CtC57CD45CD90P1_TTGGAACTCTCGGACG-1,CtC57CD45CD90P1
CtC57CD45CD90P1_TTGGCAATCTTGACGA-1,CtC57CD45CD90P1
CtC57CD45CD90P1_TTGTAGGCAATCCAAC-1,CtC57CD45CD90P1
CtC57CD45CD90P1_TTGTAGGGTTCAACCA-1,CtC57CD45CD90P1
CtC57CD45CD90P1_TTTACTGCAGGTCTCG-1,CtC57CD45CD90P1
CtC57CD45CD90P1_TTTACTGTCTGATACG-1,CtC57CD45CD90P1
CtC57CD45CD90P1_TTTATGCAGGTGGGTT-1,CtC57CD45CD90P1
CtC57CD45CD90P1_TTTATGCGTTGATTGC-1,CtC57CD45CD90P1
CtC57CD45CD90P1_TTTATGCTCCATGAAC-1,CtC57CD45CD90P1
CtC57CD45CD90P1_TTTATGCTCTGATACG-1,CtC57CD45CD90P1
CtC57CD45CD90P1_TTTCCTCCACATCCAA-1,CtC57CD45CD90P1
CtC57CD45CD90P1_TTTCCTCCATTGGCGC-1,CtC57CD45CD90P1
CtC57CD45CD90P1_TTTGCGCGTAGCTGCC-1,CtC57CD45CD90P1
CtC57CD45CD90P1_TTTGGTTAGTGGTAAT-1,CtC57CD45CD90P1
CtC57CD45CD90P1_TTTGTCACAATCAGAA-1,CtC57CD45CD90P1
CtC57CD45CD90P1_TTTGTCATCAGCTTAG-1,CtC57CD45CD90P1
CtC57CD45CD90P1_TTTGTCATCTGTTGAG-1,CtC57CD45CD90P1
CtC57CD45CD90P2_AAACGGGAGAATGTGT-1,CtC57CD45CD90P2
CtC57CD45CD90P2_AAACGGGAGACGACGT-1,CtC57CD45CD90P2
CtC57CD45CD90P2_AAAGATGAGGCTAGCA-1,CtC57CD45CD90P2
CtC57CD45CD90P2_AAAGCAAAGAATCTCC-1,CtC57CD45CD90P2
CtC57CD45CD90P2_AAAGCAAAGGGAGTAA-1,CtC57CD45CD90P2
CtC57CD45CD90P2_AAAGCAAGTAACGTTC-1,CtC57CD45CD90P2
CtC57CD45CD90P2_AAAGTAGCAGGATCGA-1,CtC57CD45CD90P2
CtC57CD45CD90P2_AAAGTAGCATTCACTT-1,CtC57CD45CD90P2
CtC57CD45CD90P2_AAATGCCAGTAGGTGC-1,CtC57CD45CD90P2
CtC57CD45CD90P2_AAATGCCGTCAGAGGT-1,CtC57CD45CD90P2
CtC57CD45CD90P2_AACACGTCAACTTGAC-1,CtC57CD45CD90P2
CtC57CD45CD90P2_AACCATGAGGACATTA-1,CtC57CD45CD90P2
CtC57CD45CD90P2_AACCATGGTGTGGTTT-1,CtC57CD45CD90P2
CtC57CD45CD90P2_AACCATGTCTTGAGGT-1,CtC57CD45CD90P2
CtC57CD45CD90P2_AACCGCGTCCACGTTC-1,CtC57CD45CD90P2
CtC57CD45CD90P2_AACGTTGCAGTCAGAG-1,CtC57CD45CD90P2
CtC57CD45CD90P2_AACGTTGTCAGTTCGA-1,CtC57CD45CD90P2
CtC57CD45CD90P2_AACTCAGCACGGATAG-1,CtC57CD45CD90P2
CtC57CD45CD90P2_AACTCAGTCTCGCTTG-1,CtC57CD45CD90P2
CtC57CD45CD90P2_AACTCCCAGGCTCAGA-1,CtC57CD45CD90P2
CtC57CD45CD90P2_AACTCCCAGTGTTTGC-1,CtC57CD45CD90P2
CtC57CD45CD90P2_AACTCCCTCGCGCCAA-1,CtC57CD45CD90P2
CtC57CD45CD90P2_AACTCTTAGCGACGTA-1,CtC57CD45CD90P2
CtC57CD45CD90P2_AACTCTTAGGCCCTTG-1,CtC57CD45CD90P2
CtC57CD45CD90P2_AACTCTTAGGGTATCG-1,CtC57CD45CD90P2
CtC57CD45CD90P2_AACTCTTAGTGACTCT-1,CtC57CD45CD90P2
CtC57CD45CD90P2_AACTCTTGTCTCCATC-1,CtC57CD45CD90P2
CtC57CD45CD90P2_AACTGGTAGATGGCGT-1,CtC57CD45CD90P2
CtC57CD45CD90P2_AACTGGTAGGAATCGC-1,CtC57CD45CD90P2
CtC57CD45CD90P2_AACTGGTGTTCCACGG-1,CtC57CD45CD90P2
CtC57CD45CD90P2_AACTTTCTCCAGAAGG-1,CtC57CD45CD90P2
CtC57CD45CD90P2_AACTTTCTCGGAAACG-1,CtC57CD45CD90P2
CtC57CD45CD90P2_AAGGAGCCAGGCAGTA-1,CtC57CD45CD90P2
CtC57CD45CD90P2_AAGGCAGCACCAGATT-1,CtC57CD45CD90P2
CtC57CD45CD90P2_AAGGTTCGTAATCACC-1,CtC57CD45CD90P2
CtC57CD45CD90P2_AAGTCTGAGGCCCTTG-1,CtC57CD45CD90P2
CtC57CD45CD90P2_AAGTCTGCATCCCATC-1,CtC57CD45CD90P2
CtC57CD45CD90P2_AAGTCTGTCATGCAAC-1,CtC57CD45CD90P2
CtC57CD45CD90P2_AATCCAGCAGCTGGCT-1,CtC57CD45CD90P2
CtC57CD45CD90P2_AATCCAGTCTGTACGA-1,CtC57CD45CD90P2
CtC57CD45CD90P2_AATCCAGTCTTGCATT-1,CtC57CD45CD90P2
CtC57CD45CD90P2_AATCGGTGTCACCCAG-1,CtC57CD45CD90P2
CtC57CD45CD90P2_ACACCAAAGAGTCGGT-1,CtC57CD45CD90P2
CtC57CD45CD90P2_ACACCAATCCCTCAGT-1,CtC57CD45CD90P2
CtC57CD45CD90P2_ACACCAATCTGTTTGT-1,CtC57CD45CD90P2
CtC57CD45CD90P2_ACACCCTGTTGATTCG-1,CtC57CD45CD90P2
CtC57CD45CD90P2_ACACCCTTCCTGCAGG-1,CtC57CD45CD90P2
CtC57CD45CD90P2_ACACCGGAGGCCCGTT-1,CtC57CD45CD90P2
CtC57CD45CD90P2_ACACTGAAGAGCAATT-1,CtC57CD45CD90P2
CtC57CD45CD90P2_ACACTGAGTGAGGGTT-1,CtC57CD45CD90P2
CtC57CD45CD90P2_ACACTGATCGCAGGCT-1,CtC57CD45CD90P2
CtC57CD45CD90P2_ACACTGATCTAACCGA-1,CtC57CD45CD90P2
CtC57CD45CD90P2_ACACTGATCTCTGCTG-1,CtC57CD45CD90P2
CtC57CD45CD90P2_ACAGCCGCAGCTGCTG-1,CtC57CD45CD90P2
CtC57CD45CD90P2_ACAGCCGCATCAGTCA-1,CtC57CD45CD90P2
CtC57CD45CD90P2_ACAGCTAGTCGAGATG-1,CtC57CD45CD90P2
CtC57CD45CD90P2_ACAGCTAGTCTAAAGA-1,CtC57CD45CD90P2
CtC57CD45CD90P2_ACAGCTAGTGCGATAG-1,CtC57CD45CD90P2
CtC57CD45CD90P2_ACATACGAGTGGGTTG-1,CtC57CD45CD90P2
CtC57CD45CD90P2_ACATACGGTTTGGCGC-1,CtC57CD45CD90P2
CtC57CD45CD90P2_ACATCAGAGCAGACTG-1,CtC57CD45CD90P2
CtC57CD45CD90P2_ACATCAGAGTATCTCG-1,CtC57CD45CD90P2
CtC57CD45CD90P2_ACATCAGTCTTGAGAC-1,CtC57CD45CD90P2
CtC57CD45CD90P2_ACATGGTCAGCCTGTG-1,CtC57CD45CD90P2
CtC57CD45CD90P2_ACATGGTGTTCCACTC-1,CtC57CD45CD90P2
CtC57CD45CD90P2_ACATGGTTCCAATGGT-1,CtC57CD45CD90P2
CtC57CD45CD90P2_ACATGGTTCTGCTGTC-1,CtC57CD45CD90P2
CtC57CD45CD90P2_ACCAGTACAAGTACCT-1,CtC57CD45CD90P2
CtC57CD45CD90P2_ACCAGTATCTTGTTTG-1,CtC57CD45CD90P2
CtC57CD45CD90P2_ACCCACTCAGTAGAGC-1,CtC57CD45CD90P2
CtC57CD45CD90P2_ACCCACTGTGCAACTT-1,CtC57CD45CD90P2
CtC57CD45CD90P2_ACCGTAAAGGTAAACT-1,CtC57CD45CD90P2
CtC57CD45CD90P2_ACCGTAACAGGGCATA-1,CtC57CD45CD90P2
CtC57CD45CD90P2_ACCGTAAGTCTAGCGC-1,CtC57CD45CD90P2
CtC57CD45CD90P2_ACCGTAATCCAAGCCG-1,CtC57CD45CD90P2
CtC57CD45CD90P2_ACCTTTAAGCGATGAC-1,CtC57CD45CD90P2
CtC57CD45CD90P2_ACCTTTAGTCCAAGTT-1,CtC57CD45CD90P2
CtC57CD45CD90P2_ACGAGCCGTTCCATGA-1,CtC57CD45CD90P2
CtC57CD45CD90P2_ACGAGGATCATAGCAC-1,CtC57CD45CD90P2
CtC57CD45CD90P2_ACGATACAGATGGGTC-1,CtC57CD45CD90P2
CtC57CD45CD90P2_ACGATACAGGCCGAAT-1,CtC57CD45CD90P2
CtC57CD45CD90P2_ACGATACCAAGTTAAG-1,CtC57CD45CD90P2
CtC57CD45CD90P2_ACGATACGTACGAAAT-1,CtC57CD45CD90P2
CtC57CD45CD90P2_ACGATACTCACAATGC-1,CtC57CD45CD90P2
CtC57CD45CD90P2_ACGATACTCTTTAGTC-1,CtC57CD45CD90P2
CtC57CD45CD90P2_ACGATGTCAAGGACAC-1,CtC57CD45CD90P2
CtC57CD45CD90P2_ACGATGTTCCTTGGTC-1,CtC57CD45CD90P2
CtC57CD45CD90P2_ACGCAGCCAGTATGCT-1,CtC57CD45CD90P2
CtC57CD45CD90P2_ACGCAGCGTAGCGCAA-1,CtC57CD45CD90P2
CtC57CD45CD90P2_ACGCAGCTCCTGCCAT-1,CtC57CD45CD90P2
CtC57CD45CD90P2_ACGCCAGTCAATAAGG-1,CtC57CD45CD90P2
CtC57CD45CD90P2_ACGCCAGTCTGCTTGC-1,CtC57CD45CD90P2
CtC57CD45CD90P2_ACGCCGACATATACGC-1,CtC57CD45CD90P2
CtC57CD45CD90P2_ACGCCGACATGCATGT-1,CtC57CD45CD90P2
CtC57CD45CD90P2_ACGGAGAGTACAGTGG-1,CtC57CD45CD90P2
CtC57CD45CD90P2_ACGGAGAGTACCCAAT-1,CtC57CD45CD90P2
CtC57CD45CD90P2_ACGGAGATCTTGGGTA-1,CtC57CD45CD90P2
CtC57CD45CD90P2_ACGGCCAAGTTCGCAT-1,CtC57CD45CD90P2
CtC57CD45CD90P2_ACGGCCATCACGCATA-1,CtC57CD45CD90P2
CtC57CD45CD90P2_ACGGCCATCTCAAACG-1,CtC57CD45CD90P2
CtC57CD45CD90P2_ACGGGCTAGATCCTGT-1,CtC57CD45CD90P2
CtC57CD45CD90P2_ACGGGCTCAGGAACGT-1,CtC57CD45CD90P2
CtC57CD45CD90P2_ACGGGCTCAGTAACGG-1,CtC57CD45CD90P2
CtC57CD45CD90P2_ACGGGCTGTTAGAACA-1,CtC57CD45CD90P2
CtC57CD45CD90P2_ACGGGCTTCATACGGT-1,CtC57CD45CD90P2
CtC57CD45CD90P2_ACGGGTCAGTCAAGGC-1,CtC57CD45CD90P2
CtC57CD45CD90P2_ACGGGTCCACCAGCAC-1,CtC57CD45CD90P2
CtC57CD45CD90P2_ACGGGTCCACGCCAGT-1,CtC57CD45CD90P2
CtC57CD45CD90P2_ACGGGTCGTTCAGTAC-1,CtC57CD45CD90P2
CtC57CD45CD90P2_ACGGGTCTCCTCAATT-1,CtC57CD45CD90P2
CtC57CD45CD90P2_ACGTCAAGTGAAATCA-1,CtC57CD45CD90P2
CtC57CD45CD90P2_ACTATCTCATACAGCT-1,CtC57CD45CD90P2
CtC57CD45CD90P2_ACTATCTGTAAGAGGA-1,CtC57CD45CD90P2
CtC57CD45CD90P2_ACTGAGTAGTAGTGCG-1,CtC57CD45CD90P2
CtC57CD45CD90P2_ACTGAGTCATTCACTT-1,CtC57CD45CD90P2
CtC57CD45CD90P2_ACTGAGTGTTAAGTAG-1,CtC57CD45CD90P2
CtC57CD45CD90P2_ACTGATGCACCGATAT-1,CtC57CD45CD90P2
CtC57CD45CD90P2_ACTGCTCCAAGGGTCA-1,CtC57CD45CD90P2
CtC57CD45CD90P2_ACTGTCCAGAAGATTC-1,CtC57CD45CD90P2
CtC57CD45CD90P2_ACTGTCCGTTTAGCTG-1,CtC57CD45CD90P2
CtC57CD45CD90P2_ACTTACTCAGCGTCCA-1,CtC57CD45CD90P2
CtC57CD45CD90P2_ACTTACTTCGCGCCAA-1,CtC57CD45CD90P2
CtC57CD45CD90P2_ACTTGTTCACTCTGTC-1,CtC57CD45CD90P2
CtC57CD45CD90P2_AGACGTTAGAGCCTAG-1,CtC57CD45CD90P2
CtC57CD45CD90P2_AGACGTTCATGAACCT-1,CtC57CD45CD90P2
CtC57CD45CD90P2_AGAGCTTCACGTGAGA-1,CtC57CD45CD90P2
CtC57CD45CD90P2_AGAGTGGAGTCTTGCA-1,CtC57CD45CD90P2
CtC57CD45CD90P2_AGAGTGGAGTTGTAGA-1,CtC57CD45CD90P2
CtC57CD45CD90P2_AGAGTGGTCACATGCA-1,CtC57CD45CD90P2
CtC57CD45CD90P2_AGATCTGGTCTGATTG-1,CtC57CD45CD90P2
CtC57CD45CD90P2_AGATCTGTCATAAAGG-1,CtC57CD45CD90P2
CtC57CD45CD90P2_AGATTGCCATGCTAGT-1,CtC57CD45CD90P2
CtC57CD45CD90P2_AGCAGCCCAGCTGTGC-1,CtC57CD45CD90P2
CtC57CD45CD90P2_AGCAGCCCATGTCGAT-1,CtC57CD45CD90P2
CtC57CD45CD90P2_AGCATACTCTGGCGTG-1,CtC57CD45CD90P2
CtC57CD45CD90P2_AGCCTAAAGAACTGTA-1,CtC57CD45CD90P2
CtC57CD45CD90P2_AGCCTAAAGACAAGCC-1,CtC57CD45CD90P2
CtC57CD45CD90P2_AGCGGTCAGCGTGTCC-1,CtC57CD45CD90P2
CtC57CD45CD90P2_AGCGGTCCACCGAATT-1,CtC57CD45CD90P2
CtC57CD45CD90P2_AGCGGTCTCAGTTTGG-1,CtC57CD45CD90P2
CtC57CD45CD90P2_AGCGGTCTCCGCAGTG-1,CtC57CD45CD90P2
CtC57CD45CD90P2_AGCGTATAGATGCCAG-1,CtC57CD45CD90P2
CtC57CD45CD90P2_AGCGTATCATTGTGCA-1,CtC57CD45CD90P2
CtC57CD45CD90P2_AGCGTATTCTGTCTCG-1,CtC57CD45CD90P2
CtC57CD45CD90P2_AGCGTCGTCAACGGGA-1,CtC57CD45CD90P2
CtC57CD45CD90P2_AGCTCCTAGATTACCC-1,CtC57CD45CD90P2
CtC57CD45CD90P2_AGCTCCTCACCACCAG-1,CtC57CD45CD90P2
CtC57CD45CD90P2_AGCTCCTGTCGCTTCT-1,CtC57CD45CD90P2
CtC57CD45CD90P2_AGCTCCTGTCTGATTG-1,CtC57CD45CD90P2
CtC57CD45CD90P2_AGCTCCTGTTCAGTAC-1,CtC57CD45CD90P2
CtC57CD45CD90P2_AGCTCTCGTGTCAATC-1,CtC57CD45CD90P2
CtC57CD45CD90P2_AGCTCTCTCCGTCAAA-1,CtC57CD45CD90P2
CtC57CD45CD90P2_AGCTTGAGTAAGGGCT-1,CtC57CD45CD90P2
CtC57CD45CD90P2_AGCTTGATCACAGGCC-1,CtC57CD45CD90P2
CtC57CD45CD90P2_AGCTTGATCAGGTAAA-1,CtC57CD45CD90P2
CtC57CD45CD90P2_AGGGATGAGAGCTTCT-1,CtC57CD45CD90P2
CtC57CD45CD90P2_AGGGATGAGTCTCCTC-1,CtC57CD45CD90P2
CtC57CD45CD90P2_AGGGATGCAAATTGCC-1,CtC57CD45CD90P2
CtC57CD45CD90P2_AGGGTGACATATACGC-1,CtC57CD45CD90P2
CtC57CD45CD90P2_AGGGTGAGTGATGATA-1,CtC57CD45CD90P2
CtC57CD45CD90P2_AGGTCATAGTACGCGA-1,CtC57CD45CD90P2
CtC57CD45CD90P2_AGGTCATGTGCCTGTG-1,CtC57CD45CD90P2
CtC57CD45CD90P2_AGGTCCGAGACAGACC-1,CtC57CD45CD90P2
CtC57CD45CD90P2_AGGTCCGAGCTAACTC-1,CtC57CD45CD90P2
CtC57CD45CD90P2_AGGTCCGCACACATGT-1,CtC57CD45CD90P2
CtC57CD45CD90P2_AGGTCCGCATATGCTG-1,CtC57CD45CD90P2
CtC57CD45CD90P2_AGGTCCGGTAACGTTC-1,CtC57CD45CD90P2
CtC57CD45CD90P2_AGTAGTCTCATCACCC-1,CtC57CD45CD90P2
CtC57CD45CD90P2_AGTCTTTAGATACACA-1,CtC57CD45CD90P2
CtC57CD45CD90P2_AGTCTTTAGGACATTA-1,CtC57CD45CD90P2
CtC57CD45CD90P2_AGTCTTTAGTTCGCAT-1,CtC57CD45CD90P2
CtC57CD45CD90P2_AGTGGGACACGGATAG-1,CtC57CD45CD90P2
CtC57CD45CD90P2_AGTGGGATCATCGCTC-1,CtC57CD45CD90P2
CtC57CD45CD90P2_AGTGGGATCGACGGAA-1,CtC57CD45CD90P2
CtC57CD45CD90P2_AGTGTCAAGCGATTCT-1,CtC57CD45CD90P2
CtC57CD45CD90P2_AGTGTCACATCGATTG-1,CtC57CD45CD90P2
CtC57CD45CD90P2_AGTGTCATCAATACCG-1,CtC57CD45CD90P2
CtC57CD45CD90P2_AGTTGGTTCGTCTGAA-1,CtC57CD45CD90P2
CtC57CD45CD90P2_ATAACGCCAGGGCATA-1,CtC57CD45CD90P2
CtC57CD45CD90P2_ATAACGCTCAATCACG-1,CtC57CD45CD90P2
CtC57CD45CD90P2_ATAACGCTCATGTAGC-1,CtC57CD45CD90P2
CtC57CD45CD90P2_ATAAGAGGTAGGACAC-1,CtC57CD45CD90P2
CtC57CD45CD90P2_ATAGACCAGGCATGTG-1,CtC57CD45CD90P2
CtC57CD45CD90P2_ATAGACCGTAGAGGAA-1,CtC57CD45CD90P2
CtC57CD45CD90P2_ATCACGAAGGCAATTA-1,CtC57CD45CD90P2
CtC57CD45CD90P2_ATCACGAAGTGTACCT-1,CtC57CD45CD90P2
CtC57CD45CD90P2_ATCACGATCCGTAGGC-1,CtC57CD45CD90P2
CtC57CD45CD90P2_ATCATCTAGAAACGAG-1,CtC57CD45CD90P2
CtC57CD45CD90P2_ATCATCTAGTTACGGG-1,CtC57CD45CD90P2
CtC57CD45CD90P2_ATCATCTCATGGGAAC-1,CtC57CD45CD90P2
CtC57CD45CD90P2_ATCATGGGTAGCTAAA-1,CtC57CD45CD90P2
CtC57CD45CD90P2_ATCATGGTCAGGCGAA-1,CtC57CD45CD90P2
CtC57CD45CD90P2_ATCCACCAGTGGGTTG-1,CtC57CD45CD90P2
CtC57CD45CD90P2_ATCCACCGTGTCCTCT-1,CtC57CD45CD90P2
CtC57CD45CD90P2_ATCCGAAAGATGTGGC-1,CtC57CD45CD90P2
CtC57CD45CD90P2_ATCCGAAAGCCGATTT-1,CtC57CD45CD90P2
CtC57CD45CD90P2_ATCCGAAAGGCATGGT-1,CtC57CD45CD90P2
CtC57CD45CD90P2_ATCGAGTAGAGAGCTC-1,CtC57CD45CD90P2
CtC57CD45CD90P2_ATCGAGTAGGCGATAC-1,CtC57CD45CD90P2
CtC57CD45CD90P2_ATCGAGTAGTCTCAAC-1,CtC57CD45CD90P2
CtC57CD45CD90P2_ATCTACTAGGAGCGTT-1,CtC57CD45CD90P2
CtC57CD45CD90P2_ATCTACTCAGATCGGA-1,CtC57CD45CD90P2
CtC57CD45CD90P2_ATCTACTGTTAAGATG-1,CtC57CD45CD90P2
CtC57CD45CD90P2_ATCTACTTCTACCTGC-1,CtC57CD45CD90P2
CtC57CD45CD90P2_ATCTGCCAGCCACGCT-1,CtC57CD45CD90P2
CtC57CD45CD90P2_ATCTGCCAGTCAAGCG-1,CtC57CD45CD90P2
CtC57CD45CD90P2_ATGAGGGTCGCTTGTC-1,CtC57CD45CD90P2
CtC57CD45CD90P2_ATGAGGGTCGGGAGTA-1,CtC57CD45CD90P2
CtC57CD45CD90P2_ATGGGAGTCAACACCA-1,CtC57CD45CD90P2
CtC57CD45CD90P2_ATGTGTGAGAAACCAT-1,CtC57CD45CD90P2
CtC57CD45CD90P2_ATTACTCAGTGCTGCC-1,CtC57CD45CD90P2
CtC57CD45CD90P2_ATTACTCCACGAAGCA-1,CtC57CD45CD90P2
CtC57CD45CD90P2_ATTATCCCAACCGCCA-1,CtC57CD45CD90P2
CtC57CD45CD90P2_ATTATCCGTAAGGGAA-1,CtC57CD45CD90P2
CtC57CD45CD90P2_ATTCTACAGCCGATTT-1,CtC57CD45CD90P2
CtC57CD45CD90P2_ATTCTACAGTGCTGCC-1,CtC57CD45CD90P2
CtC57CD45CD90P2_ATTCTACCATCCTAGA-1,CtC57CD45CD90P2
CtC57CD45CD90P2_ATTGGACCAAGCTGAG-1,CtC57CD45CD90P2
CtC57CD45CD90P2_ATTGGACTCAAACCAC-1,CtC57CD45CD90P2
CtC57CD45CD90P2_ATTGGACTCTCGTTTA-1,CtC57CD45CD90P2
CtC57CD45CD90P2_ATTGGTGTCCTGCCAT-1,CtC57CD45CD90P2
CtC57CD45CD90P2_ATTTCTGCAGATGGCA-1,CtC57CD45CD90P2
CtC57CD45CD90P2_CAACCAAAGCTGCAAG-1,CtC57CD45CD90P2
CtC57CD45CD90P2_CAACCAAAGGATCGCA-1,CtC57CD45CD90P2
CtC57CD45CD90P2_CAACCTCAGAATGTGT-1,CtC57CD45CD90P2
CtC57CD45CD90P2_CAACCTCTCAGGATCT-1,CtC57CD45CD90P2
CtC57CD45CD90P2_CAACCTCTCGGGAGTA-1,CtC57CD45CD90P2
CtC57CD45CD90P2_CAACCTCTCTAACCGA-1,CtC57CD45CD90P2
CtC57CD45CD90P2_CAACTAGAGCGGCTTC-1,CtC57CD45CD90P2
CtC57CD45CD90P2_CAACTAGGTAAAGGAG-1,CtC57CD45CD90P2
CtC57CD45CD90P2_CAAGAAAAGCTAGTCT-1,CtC57CD45CD90P2
CtC57CD45CD90P2_CAAGAAACACGTAAGG-1,CtC57CD45CD90P2
CtC57CD45CD90P2_CAAGAAAGTAGCAAAT-1,CtC57CD45CD90P2
CtC57CD45CD90P2_CAAGAAATCCGCTGTT-1,CtC57CD45CD90P2
CtC57CD45CD90P2_CAAGAAATCTTCTGGC-1,CtC57CD45CD90P2
CtC57CD45CD90P2_CAAGATCGTAACGTTC-1,CtC57CD45CD90P2
CtC57CD45CD90P2_CAAGTTGCATTAGGCT-1,CtC57CD45CD90P2
CtC57CD45CD90P2_CACAAACCACCAGGTC-1,CtC57CD45CD90P2
CtC57CD45CD90P2_CACAAACGTAAATACG-1,CtC57CD45CD90P2
CtC57CD45CD90P2_CACAAACTCATGCTCC-1,CtC57CD45CD90P2
CtC57CD45CD90P2_CACACAAAGAAGGTTT-1,CtC57CD45CD90P2
CtC57CD45CD90P2_CACACAAAGGCGACAT-1,CtC57CD45CD90P2
CtC57CD45CD90P2_CACACAAAGGCTCATT-1,CtC57CD45CD90P2
CtC57CD45CD90P2_CACACCTTCAACTCTT-1,CtC57CD45CD90P2
CtC57CD45CD90P2_CACACTCTCCAGTAGT-1,CtC57CD45CD90P2
CtC57CD45CD90P2_CACAGTAAGAATAGGG-1,CtC57CD45CD90P2
CtC57CD45CD90P2_CACAGTAGTTTGACTG-1,CtC57CD45CD90P2
CtC57CD45CD90P2_CACAGTATCACCCTCA-1,CtC57CD45CD90P2
CtC57CD45CD90P2_CACAGTATCCAGAGGA-1,CtC57CD45CD90P2
CtC57CD45CD90P2_CACATAGCACGTTGGC-1,CtC57CD45CD90P2
CtC57CD45CD90P2_CACATTTGTAAGAGAG-1,CtC57CD45CD90P2
CtC57CD45CD90P2_CACCACTCAAGACACG-1,CtC57CD45CD90P2
CtC57CD45CD90P2_CACCAGGGTAGGACAC-1,CtC57CD45CD90P2
CtC57CD45CD90P2_CACCAGGTCGAATCCA-1,CtC57CD45CD90P2
CtC57CD45CD90P2_CACCTTGCACAGCCCA-1,CtC57CD45CD90P2
CtC57CD45CD90P2_CACCTTGGTGCTAGCC-1,CtC57CD45CD90P2
CtC57CD45CD90P2_CACCTTGTCCGCATAA-1,CtC57CD45CD90P2
CtC57CD45CD90P2_CACTCCAAGCAATATG-1,CtC57CD45CD90P2
CtC57CD45CD90P2_CACTCCAGTATAGGGC-1,CtC57CD45CD90P2
CtC57CD45CD90P2_CACTCCATCAGCATGT-1,CtC57CD45CD90P2
CtC57CD45CD90P2_CAGAATCAGATGGCGT-1,CtC57CD45CD90P2
CtC57CD45CD90P2_CAGAATCGTCGCATAT-1,CtC57CD45CD90P2
CtC57CD45CD90P2_CAGAATCTCGCCTGTT-1,CtC57CD45CD90P2
CtC57CD45CD90P2_CAGATCAGTAGGGTAC-1,CtC57CD45CD90P2
CtC57CD45CD90P2_CAGCAGCAGCGTGAGT-1,CtC57CD45CD90P2
CtC57CD45CD90P2_CAGCAGCTCGAATCCA-1,CtC57CD45CD90P2
CtC57CD45CD90P2_CAGCATACAGTCCTTC-1,CtC57CD45CD90P2
CtC57CD45CD90P2_CAGCCGATCTGCTGCT-1,CtC57CD45CD90P2
CtC57CD45CD90P2_CAGCGACTCGTCGTTC-1,CtC57CD45CD90P2
CtC57CD45CD90P2_CAGCTAAAGCACAGGT-1,CtC57CD45CD90P2
CtC57CD45CD90P2_CAGCTAACACTTGGAT-1,CtC57CD45CD90P2
CtC57CD45CD90P2_CAGCTAAGTCGCGTGT-1,CtC57CD45CD90P2
CtC57CD45CD90P2_CAGCTGGAGCCCAATT-1,CtC57CD45CD90P2
CtC57CD45CD90P2_CAGCTGGCAGCCTATA-1,CtC57CD45CD90P2
CtC57CD45CD90P2_CAGCTGGGTGCGATAG-1,CtC57CD45CD90P2
CtC57CD45CD90P2_CAGCTGGTCTTGTACT-1,CtC57CD45CD90P2
CtC57CD45CD90P2_CAGTAACAGTACATGA-1,CtC57CD45CD90P2
CtC57CD45CD90P2_CAGTAACCACCCTATC-1,CtC57CD45CD90P2
CtC57CD45CD90P2_CAGTAACGTTGGTTTG-1,CtC57CD45CD90P2
CtC57CD45CD90P2_CAGTAACTCCCTGACT-1,CtC57CD45CD90P2
CtC57CD45CD90P2_CAGTCCTCAGAGTGTG-1,CtC57CD45CD90P2
CtC57CD45CD90P2_CATATGGCAATGAATG-1,CtC57CD45CD90P2
CtC57CD45CD90P2_CATATGGCATGCTGGC-1,CtC57CD45CD90P2
CtC57CD45CD90P2_CATATGGGTGCAACTT-1,CtC57CD45CD90P2
CtC57CD45CD90P2_CATATGGTCCCAGGTG-1,CtC57CD45CD90P2
CtC57CD45CD90P2_CATATTCAGTCAAGCG-1,CtC57CD45CD90P2
CtC57CD45CD90P2_CATCAAGAGAGCTGCA-1,CtC57CD45CD90P2
CtC57CD45CD90P2_CATCAAGAGATCCTGT-1,CtC57CD45CD90P2
CtC57CD45CD90P2_CATCAAGGTAGAAAGG-1,CtC57CD45CD90P2
CtC57CD45CD90P2_CATCAAGTCACTCCTG-1,CtC57CD45CD90P2
CtC57CD45CD90P2_CATCAAGTCCATTCTA-1,CtC57CD45CD90P2
CtC57CD45CD90P2_CATCAGAAGATAGGAG-1,CtC57CD45CD90P2
CtC57CD45CD90P2_CATCAGACAATTCCTT-1,CtC57CD45CD90P2
CtC57CD45CD90P2_CATCAGACACCAGATT-1,CtC57CD45CD90P2
CtC57CD45CD90P2_CATCCACCAATGGATA-1,CtC57CD45CD90P2
CtC57CD45CD90P2_CATCCACGTAACGTTC-1,CtC57CD45CD90P2
CtC57CD45CD90P2_CATCCACGTGTAAGTA-1,CtC57CD45CD90P2
CtC57CD45CD90P2_CATCCACGTTCACCTC-1,CtC57CD45CD90P2
CtC57CD45CD90P2_CATCCACTCCTGCCAT-1,CtC57CD45CD90P2
CtC57CD45CD90P2_CATCGAAGTCGGCACT-1,CtC57CD45CD90P2
CtC57CD45CD90P2_CATCGAAGTTGAACTC-1,CtC57CD45CD90P2
CtC57CD45CD90P2_CATCGGGGTGGTTTCA-1,CtC57CD45CD90P2
CtC57CD45CD90P2_CATCGGGTCAGGTAAA-1,CtC57CD45CD90P2
CtC57CD45CD90P2_CATGACAAGATGGCGT-1,CtC57CD45CD90P2
CtC57CD45CD90P2_CATGACAAGTACGTTC-1,CtC57CD45CD90P2
CtC57CD45CD90P2_CATGACAGTTATCACG-1,CtC57CD45CD90P2
CtC57CD45CD90P2_CATGCCTAGTCATGCT-1,CtC57CD45CD90P2
CtC57CD45CD90P2_CATGCCTGTCGCGGTT-1,CtC57CD45CD90P2
CtC57CD45CD90P2_CATGCCTGTCTTCTCG-1,CtC57CD45CD90P2
CtC57CD45CD90P2_CATGCCTTCACTTCAT-1,CtC57CD45CD90P2
CtC57CD45CD90P2_CATGCCTTCAGGTAAA-1,CtC57CD45CD90P2
CtC57CD45CD90P2_CATGCCTTCCAGTAGT-1,CtC57CD45CD90P2
CtC57CD45CD90P2_CATGCCTTCGGAGCAA-1,CtC57CD45CD90P2
CtC57CD45CD90P2_CATGGCGCATTAGGCT-1,CtC57CD45CD90P2
CtC57CD45CD90P2_CATGGCGGTAGGAGTC-1,CtC57CD45CD90P2
CtC57CD45CD90P2_CATGGCGGTTCCGGCA-1,CtC57CD45CD90P2
CtC57CD45CD90P2_CATTATCAGCCACGCT-1,CtC57CD45CD90P2
CtC57CD45CD90P2_CATTATCGTCCGAGTC-1,CtC57CD45CD90P2
CtC57CD45CD90P2_CATTATCGTGCACGAA-1,CtC57CD45CD90P2
CtC57CD45CD90P2_CATTATCTCACAACGT-1,CtC57CD45CD90P2
CtC57CD45CD90P2_CATTCGCAGTCCAGGA-1,CtC57CD45CD90P2
CtC57CD45CD90P2_CCAATCCCAGTCTTCC-1,CtC57CD45CD90P2
CtC57CD45CD90P2_CCAATCCCATCCGCGA-1,CtC57CD45CD90P2
CtC57CD45CD90P2_CCACCTAAGACTAGGC-1,CtC57CD45CD90P2
CtC57CD45CD90P2_CCACCTACAGCATACT-1,CtC57CD45CD90P2
CtC57CD45CD90P2_CCACCTACAGTGGAGT-1,CtC57CD45CD90P2
CtC57CD45CD90P2_CCACCTAGTGCACGAA-1,CtC57CD45CD90P2
CtC57CD45CD90P2_CCACCTATCTTACCGC-1,CtC57CD45CD90P2
CtC57CD45CD90P2_CCACGGAAGGATGGAA-1,CtC57CD45CD90P2
CtC57CD45CD90P2_CCACGGAAGTGTGGCA-1,CtC57CD45CD90P2
CtC57CD45CD90P2_CCACGGACATTTCAGG-1,CtC57CD45CD90P2
CtC57CD45CD90P2_CCACTACAGACGCAAC-1,CtC57CD45CD90P2
CtC57CD45CD90P2_CCACTACCACATGTGT-1,CtC57CD45CD90P2
CtC57CD45CD90P2_CCACTACGTGACAAAT-1,CtC57CD45CD90P2
CtC57CD45CD90P2_CCACTACTCCTAGAAC-1,CtC57CD45CD90P2
CtC57CD45CD90P2_CCAGCGACAGATCTGT-1,CtC57CD45CD90P2
CtC57CD45CD90P2_CCAGCGAGTACAGACG-1,CtC57CD45CD90P2
CtC57CD45CD90P2_CCAGCGAGTGAGGCTA-1,CtC57CD45CD90P2
CtC57CD45CD90P2_CCAGCGATCCCACTTG-1,CtC57CD45CD90P2
CtC57CD45CD90P2_CCAGCGATCTCCTATA-1,CtC57CD45CD90P2
CtC57CD45CD90P2_CCATGTCCATCCCATC-1,CtC57CD45CD90P2
CtC57CD45CD90P2_CCATGTCGTCAGAATA-1,CtC57CD45CD90P2
CtC57CD45CD90P2_CCATTCGCAGTCAGCC-1,CtC57CD45CD90P2
CtC57CD45CD90P2_CCATTCGGTGCCTGCA-1,CtC57CD45CD90P2
CtC57CD45CD90P2_CCATTCGGTTTACTCT-1,CtC57CD45CD90P2
CtC57CD45CD90P2_CCCAATCAGTAGATGT-1,CtC57CD45CD90P2
CtC57CD45CD90P2_CCCAATCCAGGGTACA-1,CtC57CD45CD90P2
CtC57CD45CD90P2_CCCAATCTCACGCGGT-1,CtC57CD45CD90P2
CtC57CD45CD90P2_CCCATACAGAGGGCTT-1,CtC57CD45CD90P2
CtC57CD45CD90P2_CCCATACCAGATAATG-1,CtC57CD45CD90P2
CtC57CD45CD90P2_CCCATACGTTCAGGCC-1,CtC57CD45CD90P2
CtC57CD45CD90P2_CCCTCCTAGCTTTGGT-1,CtC57CD45CD90P2
CtC57CD45CD90P2_CCCTCCTCACTCTGTC-1,CtC57CD45CD90P2
CtC57CD45CD90P2_CCGGGATTCTCTTGAT-1,CtC57CD45CD90P2
CtC57CD45CD90P2_CCGGTAGAGTGGAGTC-1,CtC57CD45CD90P2
CtC57CD45CD90P2_CCGGTAGCAGGCAGTA-1,CtC57CD45CD90P2
CtC57CD45CD90P2_CCGGTAGGTCTAGTGT-1,CtC57CD45CD90P2
CtC57CD45CD90P2_CCGGTAGGTTACAGAA-1,CtC57CD45CD90P2
CtC57CD45CD90P2_CCGTACTAGTACGCCC-1,CtC57CD45CD90P2
CtC57CD45CD90P2_CCGTACTGTCGTGGCT-1,CtC57CD45CD90P2
CtC57CD45CD90P2_CCGTGGACAAGTCTAC-1,CtC57CD45CD90P2
CtC57CD45CD90P2_CCGTGGACAATAAGCA-1,CtC57CD45CD90P2
CtC57CD45CD90P2_CCGTGGACAATCTGCA-1,CtC57CD45CD90P2
CtC57CD45CD90P2_CCGTTCAAGTCGAGTG-1,CtC57CD45CD90P2
CtC57CD45CD90P2_CCGTTCATCTGGTGTA-1,CtC57CD45CD90P2
CtC57CD45CD90P2_CCTAAAGCAACGATGG-1,CtC57CD45CD90P2
CtC57CD45CD90P2_CCTACACGTTATCGGT-1,CtC57CD45CD90P2
CtC57CD45CD90P2_CCTACACTCCCACTTG-1,CtC57CD45CD90P2
CtC57CD45CD90P2_CCTAGCTGTACCTACA-1,CtC57CD45CD90P2
CtC57CD45CD90P2_CCTAGCTGTGCAGACA-1,CtC57CD45CD90P2
CtC57CD45CD90P2_CCTAGCTTCTGCGACG-1,CtC57CD45CD90P2
CtC57CD45CD90P2_CCTATTAAGGACACCA-1,CtC57CD45CD90P2
CtC57CD45CD90P2_CCTATTACATGCTAGT-1,CtC57CD45CD90P2
CtC57CD45CD90P2_CCTCAGTAGCTCCTTC-1,CtC57CD45CD90P2
CtC57CD45CD90P2_CCTCAGTGTTCGTCTC-1,CtC57CD45CD90P2
CtC57CD45CD90P2_CCTCTGAAGAATTGTG-1,CtC57CD45CD90P2
CtC57CD45CD90P2_CCTCTGACATGTTCCC-1,CtC57CD45CD90P2
CtC57CD45CD90P2_CCTTCCCAGTAGCCGA-1,CtC57CD45CD90P2
CtC57CD45CD90P2_CCTTCGATCTGTTTGT-1,CtC57CD45CD90P2
CtC57CD45CD90P2_CCTTCGATCTTAGAGC-1,CtC57CD45CD90P2
CtC57CD45CD90P2_CCTTTCTCATGGATGG-1,CtC57CD45CD90P2
CtC57CD45CD90P2_CCTTTCTTCGGAGGTA-1,CtC57CD45CD90P2
CtC57CD45CD90P2_CGAACATTCACCACCT-1,CtC57CD45CD90P2
CtC57CD45CD90P2_CGAATGTAGGCCGAAT-1,CtC57CD45CD90P2
CtC57CD45CD90P2_CGAATGTAGGCTCTTA-1,CtC57CD45CD90P2
CtC57CD45CD90P2_CGAATGTGTGATAAGT-1,CtC57CD45CD90P2
CtC57CD45CD90P2_CGAATGTGTGTGGTTT-1,CtC57CD45CD90P2
CtC57CD45CD90P2_CGACCTTGTGTGGCTC-1,CtC57CD45CD90P2
CtC57CD45CD90P2_CGACCTTTCGCCTGAG-1,CtC57CD45CD90P2
CtC57CD45CD90P2_CGACTTCCAGGCAGTA-1,CtC57CD45CD90P2
CtC57CD45CD90P2_CGACTTCGTCTGGTCG-1,CtC57CD45CD90P2
CtC57CD45CD90P2_CGAGAAGAGAGGGCTT-1,CtC57CD45CD90P2
CtC57CD45CD90P2_CGAGCCAAGCCGATTT-1,CtC57CD45CD90P2
CtC57CD45CD90P2_CGAGCCACATAGAAAC-1,CtC57CD45CD90P2
CtC57CD45CD90P2_CGAGCCAGTTGCGCAC-1,CtC57CD45CD90P2
CtC57CD45CD90P2_CGAGCCATCTGTCCGT-1,CtC57CD45CD90P2
CtC57CD45CD90P2_CGATCGGCACTGAAGG-1,CtC57CD45CD90P2
CtC57CD45CD90P2_CGATCGGCAGCTGTAT-1,CtC57CD45CD90P2
CtC57CD45CD90P2_CGATCGGGTATAGGTA-1,CtC57CD45CD90P2
CtC57CD45CD90P2_CGATGGCAGGTGATTA-1,CtC57CD45CD90P2
CtC57CD45CD90P2_CGATGGCCACCCAGTG-1,CtC57CD45CD90P2
CtC57CD45CD90P2_CGATGTACAGGGAGAG-1,CtC57CD45CD90P2
CtC57CD45CD90P2_CGATTGAAGAAAGTGG-1,CtC57CD45CD90P2
CtC57CD45CD90P2_CGATTGACACCAGGTC-1,CtC57CD45CD90P2
CtC57CD45CD90P2_CGATTGACATTAGGCT-1,CtC57CD45CD90P2
CtC57CD45CD90P2_CGATTGATCACAAACC-1,CtC57CD45CD90P2
CtC57CD45CD90P2_CGCCAAGTCGTCCAGG-1,CtC57CD45CD90P2
CtC57CD45CD90P2_CGCGGTAAGGTGATAT-1,CtC57CD45CD90P2
CtC57CD45CD90P2_CGCGGTACAGACGCAA-1,CtC57CD45CD90P2
CtC57CD45CD90P2_CGCTATCCACCCTATC-1,CtC57CD45CD90P2
CtC57CD45CD90P2_CGCTATCTCCTCAACC-1,CtC57CD45CD90P2
CtC57CD45CD90P2_CGCTGGAAGGGCACTA-1,CtC57CD45CD90P2
CtC57CD45CD90P2_CGCTGGACAAGCGATG-1,CtC57CD45CD90P2
CtC57CD45CD90P2_CGCTGGACAGGATTGG-1,CtC57CD45CD90P2
CtC57CD45CD90P2_CGCTGGACATGCGCAC-1,CtC57CD45CD90P2
CtC57CD45CD90P2_CGCTGGAGTTTGACTG-1,CtC57CD45CD90P2
CtC57CD45CD90P2_CGGACACAGCCAGTAG-1,CtC57CD45CD90P2
CtC57CD45CD90P2_CGGACACGTTGTACAC-1,CtC57CD45CD90P2
CtC57CD45CD90P2_CGGACGTCACAAGTAA-1,CtC57CD45CD90P2
CtC57CD45CD90P2_CGGACTGAGGGTGTGT-1,CtC57CD45CD90P2
CtC57CD45CD90P2_CGGACTGAGTGTACTC-1,CtC57CD45CD90P2
CtC57CD45CD90P2_CGGAGCTTCTCTTGAT-1,CtC57CD45CD90P2
CtC57CD45CD90P2_CGGAGTCAGAATGTTG-1,CtC57CD45CD90P2
CtC57CD45CD90P2_CGGGTCATCGCAAGCC-1,CtC57CD45CD90P2
CtC57CD45CD90P2_CGGGTCATCGTTTATC-1,CtC57CD45CD90P2
CtC57CD45CD90P2_CGGTTAAAGGAGTAGA-1,CtC57CD45CD90P2
CtC57CD45CD90P2_CGGTTAAGTTCAGGCC-1,CtC57CD45CD90P2
CtC57CD45CD90P2_CGGTTAATCCAGATCA-1,CtC57CD45CD90P2
CtC57CD45CD90P2_CGTAGCGAGTTGTAGA-1,CtC57CD45CD90P2
CtC57CD45CD90P2_CGTAGGCAGGGTTCCC-1,CtC57CD45CD90P2
CtC57CD45CD90P2_CGTAGGCTCCAGGGCT-1,CtC57CD45CD90P2
CtC57CD45CD90P2_CGTCACTGTCCCGACA-1,CtC57CD45CD90P2
CtC57CD45CD90P2_CGTCAGGCAGCTTCGG-1,CtC57CD45CD90P2
CtC57CD45CD90P2_CGTCAGGGTAGCTTGT-1,CtC57CD45CD90P2
CtC57CD45CD90P2_CGTCAGGGTCTAAACC-1,CtC57CD45CD90P2
CtC57CD45CD90P2_CGTCAGGTCAAGAAGT-1,CtC57CD45CD90P2
CtC57CD45CD90P2_CGTCCATCACTGTCGG-1,CtC57CD45CD90P2
CtC57CD45CD90P2_CGTCCATCACTTGGAT-1,CtC57CD45CD90P2
CtC57CD45CD90P2_CGTCCATTCTCACATT-1,CtC57CD45CD90P2
CtC57CD45CD90P2_CGTGAGCGTAAATGAC-1,CtC57CD45CD90P2
CtC57CD45CD90P2_CGTGTAAAGAGTGAGA-1,CtC57CD45CD90P2
CtC57CD45CD90P2_CGTGTAAAGTGAATTG-1,CtC57CD45CD90P2
CtC57CD45CD90P2_CGTGTCTAGGATGCGT-1,CtC57CD45CD90P2
CtC57CD45CD90P2_CGTGTCTCAGTCGTGC-1,CtC57CD45CD90P2
CtC57CD45CD90P2_CGTGTCTTCGTTACAG-1,CtC57CD45CD90P2
CtC57CD45CD90P2_CGTTAGAGTAATCACC-1,CtC57CD45CD90P2
CtC57CD45CD90P2_CGTTAGAGTCTAGTCA-1,CtC57CD45CD90P2
CtC57CD45CD90P2_CGTTAGATCGTTACAG-1,CtC57CD45CD90P2
CtC57CD45CD90P2_CGTTCTGCAAATACAG-1,CtC57CD45CD90P2
CtC57CD45CD90P2_CGTTCTGGTTACCAGT-1,CtC57CD45CD90P2
CtC57CD45CD90P2_CGTTCTGGTTCCGTCT-1,CtC57CD45CD90P2
CtC57CD45CD90P2_CGTTGGGAGCTGAAAT-1,CtC57CD45CD90P2
CtC57CD45CD90P2_CGTTGGGTCCAGTATG-1,CtC57CD45CD90P2
CtC57CD45CD90P2_CTAACTTGTAAGGGAA-1,CtC57CD45CD90P2
CtC57CD45CD90P2_CTAACTTTCAACCAAC-1,CtC57CD45CD90P2
CtC57CD45CD90P2_CTAACTTTCGAACGGA-1,CtC57CD45CD90P2
CtC57CD45CD90P2_CTAAGACAGCTAGCCC-1,CtC57CD45CD90P2
CtC57CD45CD90P2_CTAAGACCAAGCCGTC-1,CtC57CD45CD90P2
CtC57CD45CD90P2_CTAAGACTCATCTGTT-1,CtC57CD45CD90P2
CtC57CD45CD90P2_CTAAGACTCTGTGCAA-1,CtC57CD45CD90P2
CtC57CD45CD90P2_CTAATGGGTACGCACC-1,CtC57CD45CD90P2
CtC57CD45CD90P2_CTAATGGGTACTCTCC-1,CtC57CD45CD90P2
CtC57CD45CD90P2_CTAATGGTCTGGTGTA-1,CtC57CD45CD90P2
CtC57CD45CD90P2_CTAATGGTCTTTACAC-1,CtC57CD45CD90P2
CtC57CD45CD90P2_CTACACCCAGACACTT-1,CtC57CD45CD90P2
CtC57CD45CD90P2_CTACATTAGCTAAACA-1,CtC57CD45CD90P2
CtC57CD45CD90P2_CTACATTCAGTAGAGC-1,CtC57CD45CD90P2
CtC57CD45CD90P2_CTACCCAAGTGGTAAT-1,CtC57CD45CD90P2
CtC57CD45CD90P2_CTACGTCCATGTTCCC-1,CtC57CD45CD90P2
CtC57CD45CD90P2_CTAGAGTAGTGGGATC-1,CtC57CD45CD90P2
CtC57CD45CD90P2_CTAGCCTTCTTGAGAC-1,CtC57CD45CD90P2
CtC57CD45CD90P2_CTAGTGAAGATATACG-1,CtC57CD45CD90P2
CtC57CD45CD90P2_CTAGTGACAACCGCCA-1,CtC57CD45CD90P2
CtC57CD45CD90P2_CTCACACCACGGACAA-1,CtC57CD45CD90P2
CtC57CD45CD90P2_CTCATTAGTAACGACG-1,CtC57CD45CD90P2
CtC57CD45CD90P2_CTCATTATCCAGAAGG-1,CtC57CD45CD90P2
CtC57CD45CD90P2_CTCCTAGAGAGGTTAT-1,CtC57CD45CD90P2
CtC57CD45CD90P2_CTCCTAGTCCACGCAG-1,CtC57CD45CD90P2
CtC57CD45CD90P2_CTCCTAGTCGGTCCGA-1,CtC57CD45CD90P2
CtC57CD45CD90P2_CTCGAGGCATGTCGAT-1,CtC57CD45CD90P2
CtC57CD45CD90P2_CTCGGAGAGTTCCACA-1,CtC57CD45CD90P2
CtC57CD45CD90P2_CTCGGAGGTATATGGA-1,CtC57CD45CD90P2
CtC57CD45CD90P2_CTCGGGACACCGGAAA-1,CtC57CD45CD90P2
CtC57CD45CD90P2_CTCGGGAGTAGAGGAA-1,CtC57CD45CD90P2
CtC57CD45CD90P2_CTCGTACAGACAAAGG-1,CtC57CD45CD90P2
CtC57CD45CD90P2_CTCGTACAGATACACA-1,CtC57CD45CD90P2
CtC57CD45CD90P2_CTCGTACGTAGCTTGT-1,CtC57CD45CD90P2
CtC57CD45CD90P2_CTCGTACTCCCAACGG-1,CtC57CD45CD90P2
CtC57CD45CD90P2_CTCGTACTCGTAGGTT-1,CtC57CD45CD90P2
CtC57CD45CD90P2_CTCGTCACAAGGTGTG-1,CtC57CD45CD90P2
CtC57CD45CD90P2_CTCGTCAGTTGCCTCT-1,CtC57CD45CD90P2
CtC57CD45CD90P2_CTCGTCATCTACTATC-1,CtC57CD45CD90P2
CtC57CD45CD90P2_CTCTAATCATGGAATA-1,CtC57CD45CD90P2
CtC57CD45CD90P2_CTCTACGGTACGCTGC-1,CtC57CD45CD90P2
CtC57CD45CD90P2_CTCTACGGTTAAGACA-1,CtC57CD45CD90P2
CtC57CD45CD90P2_CTCTGGTAGCCAACAG-1,CtC57CD45CD90P2
CtC57CD45CD90P2_CTCTGGTCAGCGAACA-1,CtC57CD45CD90P2
CtC57CD45CD90P2_CTCTGGTGTTGAGGTG-1,CtC57CD45CD90P2
CtC57CD45CD90P2_CTGAAACTCCTTTACA-1,CtC57CD45CD90P2
CtC57CD45CD90P2_CTGAAGTCAGTCCTTC-1,CtC57CD45CD90P2
CtC57CD45CD90P2_CTGAAGTTCACCATAG-1,CtC57CD45CD90P2
CtC57CD45CD90P2_CTGAAGTTCACGACTA-1,CtC57CD45CD90P2
CtC57CD45CD90P2_CTGATAGAGCTAGTGG-1,CtC57CD45CD90P2
CtC57CD45CD90P2_CTGATAGCAGGCTCAC-1,CtC57CD45CD90P2
CtC57CD45CD90P2_CTGATCCCACAAGACG-1,CtC57CD45CD90P2
CtC57CD45CD90P2_CTGATCCTCGGTTAAC-1,CtC57CD45CD90P2
CtC57CD45CD90P2_CTGATCCTCGTGGTCG-1,CtC57CD45CD90P2
CtC57CD45CD90P2_CTGCCTATCAGGCAAG-1,CtC57CD45CD90P2
CtC57CD45CD90P2_CTGCCTATCGTTTATC-1,CtC57CD45CD90P2
CtC57CD45CD90P2_CTGCGGACACAGCGTC-1,CtC57CD45CD90P2
CtC57CD45CD90P2_CTGCGGAGTACCATCA-1,CtC57CD45CD90P2
CtC57CD45CD90P2_CTGCGGATCCCAAGAT-1,CtC57CD45CD90P2
CtC57CD45CD90P2_CTGCTGTAGTCCGGTC-1,CtC57CD45CD90P2
CtC57CD45CD90P2_CTGCTGTCACCACGTG-1,CtC57CD45CD90P2
CtC57CD45CD90P2_CTGGTCTAGAGTCGGT-1,CtC57CD45CD90P2
CtC57CD45CD90P2_CTGTGCTCAAAGCGGT-1,CtC57CD45CD90P2
CtC57CD45CD90P2_CTGTGCTCAGCCTTTC-1,CtC57CD45CD90P2
CtC57CD45CD90P2_CTTAACTCAGTAAGCG-1,CtC57CD45CD90P2
CtC57CD45CD90P2_CTTAACTGTTGTCGCG-1,CtC57CD45CD90P2
CtC57CD45CD90P2_CTTACCGAGAATAGGG-1,CtC57CD45CD90P2
CtC57CD45CD90P2_CTTACCGAGAGCAATT-1,CtC57CD45CD90P2
CtC57CD45CD90P2_CTTACCGAGTGAACAT-1,CtC57CD45CD90P2
CtC57CD45CD90P2_CTTAGGAAGATCTGAA-1,CtC57CD45CD90P2
CtC57CD45CD90P2_CTTAGGATCACATGCA-1,CtC57CD45CD90P2
CtC57CD45CD90P2_CTTCTCTAGTCTCAAC-1,CtC57CD45CD90P2
CtC57CD45CD90P2_CTTCTCTCATGGTCTA-1,CtC57CD45CD90P2
CtC57CD45CD90P2_CTTCTCTTCCAAAGTC-1,CtC57CD45CD90P2
CtC57CD45CD90P2_CTTGGCTAGCAACGGT-1,CtC57CD45CD90P2
CtC57CD45CD90P2_CTTTGCGAGGGCACTA-1,CtC57CD45CD90P2
CtC57CD45CD90P2_CTTTGCGGTACTCTCC-1,CtC57CD45CD90P2
CtC57CD45CD90P2_CTTTGCGTCCACGCAG-1,CtC57CD45CD90P2
CtC57CD45CD90P2_GAACATCCACCAGCAC-1,CtC57CD45CD90P2
CtC57CD45CD90P2_GAACATCTCTGGAGCC-1,CtC57CD45CD90P2
CtC57CD45CD90P2_GAACCTACAGTGGAGT-1,CtC57CD45CD90P2
CtC57CD45CD90P2_GAACCTAGTAAATACG-1,CtC57CD45CD90P2
CtC57CD45CD90P2_GAACCTAGTCCAAGTT-1,CtC57CD45CD90P2
CtC57CD45CD90P2_GAACCTAGTTCTGAAC-1,CtC57CD45CD90P2
CtC57CD45CD90P2_GAACCTATCGCCAGCA-1,CtC57CD45CD90P2
CtC57CD45CD90P2_GAACGGAAGTCCCACG-1,CtC57CD45CD90P2
CtC57CD45CD90P2_GAACGGAGTCAAAGCG-1,CtC57CD45CD90P2
CtC57CD45CD90P2_GAACGGATCTCGTATT-1,CtC57CD45CD90P2
CtC57CD45CD90P2_GAAGCAGAGAGCCTAG-1,CtC57CD45CD90P2
CtC57CD45CD90P2_GAAGCAGGTACATGTC-1,CtC57CD45CD90P2
CtC57CD45CD90P2_GAAGCAGGTTCAGCGC-1,CtC57CD45CD90P2
CtC57CD45CD90P2_GAATAAGAGAGCCCAA-1,CtC57CD45CD90P2
CtC57CD45CD90P2_GAATAAGGTCAATACC-1,CtC57CD45CD90P2
CtC57CD45CD90P2_GAATAAGGTCGGCTCA-1,CtC57CD45CD90P2
CtC57CD45CD90P2_GAATAAGTCAACCAAC-1,CtC57CD45CD90P2
CtC57CD45CD90P2_GAATAAGTCAGTCAGT-1,CtC57CD45CD90P2
CtC57CD45CD90P2_GAATGAAAGGGCACTA-1,CtC57CD45CD90P2
CtC57CD45CD90P2_GAATGAACACACGCTG-1,CtC57CD45CD90P2
CtC57CD45CD90P2_GAATGAAGTCGAATCT-1,CtC57CD45CD90P2
CtC57CD45CD90P2_GAATGAAGTTGCGTTA-1,CtC57CD45CD90P2
CtC57CD45CD90P2_GACACGCAGATAGTCA-1,CtC57CD45CD90P2
CtC57CD45CD90P2_GACACGCCATCGGACC-1,CtC57CD45CD90P2
CtC57CD45CD90P2_GACAGAGCATTCACTT-1,CtC57CD45CD90P2
CtC57CD45CD90P2_GACAGAGTCACGGTTA-1,CtC57CD45CD90P2
CtC57CD45CD90P2_GACCTGGCATGTTGAC-1,CtC57CD45CD90P2
CtC57CD45CD90P2_GACCTGGTCATGCAAC-1,CtC57CD45CD90P2
CtC57CD45CD90P2_GACGCGTCAGTCACTA-1,CtC57CD45CD90P2
CtC57CD45CD90P2_GACGGCTAGGGCTTGA-1,CtC57CD45CD90P2
CtC57CD45CD90P2_GACGGCTGTAGAAGGA-1,CtC57CD45CD90P2
CtC57CD45CD90P2_GACGTGCGTAAAGTCA-1,CtC57CD45CD90P2
CtC57CD45CD90P2_GACGTGCGTTCCACTC-1,CtC57CD45CD90P2
CtC57CD45CD90P2_GACGTGCGTTCGTTGA-1,CtC57CD45CD90P2
CtC57CD45CD90P2_GACGTGCTCCGTCAAA-1,CtC57CD45CD90P2
CtC57CD45CD90P2_GACGTTAGTACGACCC-1,CtC57CD45CD90P2
CtC57CD45CD90P2_GACTAACAGCGCCTCA-1,CtC57CD45CD90P2
CtC57CD45CD90P2_GACTAACCACGAGAGT-1,CtC57CD45CD90P2
CtC57CD45CD90P2_GACTAACTCAATAAGG-1,CtC57CD45CD90P2
CtC57CD45CD90P2_GACTACAAGTACACCT-1,CtC57CD45CD90P2
CtC57CD45CD90P2_GACTACAGTAATTGGA-1,CtC57CD45CD90P2
CtC57CD45CD90P2_GACTACAGTTCACGGC-1,CtC57CD45CD90P2
CtC57CD45CD90P2_GACTGCGAGTTAACGA-1,CtC57CD45CD90P2
CtC57CD45CD90P2_GACTGCGCACTTACGA-1,CtC57CD45CD90P2
CtC57CD45CD90P2_GAGCAGACACCTCGTT-1,CtC57CD45CD90P2
CtC57CD45CD90P2_GAGCAGACACTACAGT-1,CtC57CD45CD90P2
CtC57CD45CD90P2_GAGGTGAAGAGAACAG-1,CtC57CD45CD90P2
CtC57CD45CD90P2_GAGGTGAAGCAGCCTC-1,CtC57CD45CD90P2
CtC57CD45CD90P2_GAGGTGAGTCCTCCAT-1,CtC57CD45CD90P2
CtC57CD45CD90P2_GAGTCCGAGTGTCTCA-1,CtC57CD45CD90P2
CtC57CD45CD90P2_GAGTCCGCACTTAACG-1,CtC57CD45CD90P2
CtC57CD45CD90P2_GAGTCCGCATCACGAT-1,CtC57CD45CD90P2
CtC57CD45CD90P2_GAGTCCGTCTCCTATA-1,CtC57CD45CD90P2
CtC57CD45CD90P2_GATCGATCAAGTTCTG-1,CtC57CD45CD90P2
CtC57CD45CD90P2_GATCGATCAGCTCGCA-1,CtC57CD45CD90P2
CtC57CD45CD90P2_GATCGATCATATGCTG-1,CtC57CD45CD90P2
CtC57CD45CD90P2_GATCGATGTGACAAAT-1,CtC57CD45CD90P2
CtC57CD45CD90P2_GATCGATTCTCACATT-1,CtC57CD45CD90P2
CtC57CD45CD90P2_GATCGCGCACGTGAGA-1,CtC57CD45CD90P2
CtC57CD45CD90P2_GATCGCGCAGCCACCA-1,CtC57CD45CD90P2
CtC57CD45CD90P2_GATCGTATCATTGCCC-1,CtC57CD45CD90P2
CtC57CD45CD90P2_GATGAGGTCTTAACCT-1,CtC57CD45CD90P2
CtC57CD45CD90P2_GATGCTAAGAAGAAGC-1,CtC57CD45CD90P2
CtC57CD45CD90P2_GATGCTAAGCCAGAAC-1,CtC57CD45CD90P2
CtC57CD45CD90P2_GATGCTATCTAACTCT-1,CtC57CD45CD90P2
CtC57CD45CD90P2_GATTCAGAGATATGGT-1,CtC57CD45CD90P2
CtC57CD45CD90P2_GATTCAGAGCCCTAAT-1,CtC57CD45CD90P2
CtC57CD45CD90P2_GATTCAGCAGTGAGTG-1,CtC57CD45CD90P2
CtC57CD45CD90P2_GATTCAGTCAGTTGAC-1,CtC57CD45CD90P2
CtC57CD45CD90P2_GATTCAGTCATATCGG-1,CtC57CD45CD90P2
CtC57CD45CD90P2_GCAAACTAGGTACTCT-1,CtC57CD45CD90P2
CtC57CD45CD90P2_GCAAACTCAGCTGTAT-1,CtC57CD45CD90P2
CtC57CD45CD90P2_GCAATCACATACGCTA-1,CtC57CD45CD90P2
CtC57CD45CD90P2_GCACATACACGTGAGA-1,CtC57CD45CD90P2
CtC57CD45CD90P2_GCACATAGTCTCATCC-1,CtC57CD45CD90P2
CtC57CD45CD90P2_GCACATAGTGTTTGTG-1,CtC57CD45CD90P2
CtC57CD45CD90P2_GCACTCTTCATGTGGT-1,CtC57CD45CD90P2
CtC57CD45CD90P2_GCACTCTTCCAAGCCG-1,CtC57CD45CD90P2
CtC57CD45CD90P2_GCACTCTTCGTATCAG-1,CtC57CD45CD90P2
CtC57CD45CD90P2_GCAGCCATCGACAGCC-1,CtC57CD45CD90P2
CtC57CD45CD90P2_GCAGTTAAGCTAGTCT-1,CtC57CD45CD90P2
CtC57CD45CD90P2_GCATACAAGGGTGTGT-1,CtC57CD45CD90P2
CtC57CD45CD90P2_GCATACAGTGACGCCT-1,CtC57CD45CD90P2
CtC57CD45CD90P2_GCATGATAGCTGATAA-1,CtC57CD45CD90P2
CtC57CD45CD90P2_GCATGCGAGCCACCTG-1,CtC57CD45CD90P2
CtC57CD45CD90P2_GCATGCGAGTGTACGG-1,CtC57CD45CD90P2
CtC57CD45CD90P2_GCATGCGGTGCAGTAG-1,CtC57CD45CD90P2
CtC57CD45CD90P2_GCATGTAAGCACCGCT-1,CtC57CD45CD90P2
CtC57CD45CD90P2_GCCAAATGTCATATGC-1,CtC57CD45CD90P2
CtC57CD45CD90P2_GCCTCTATCTTAGCCC-1,CtC57CD45CD90P2
CtC57CD45CD90P2_GCGACCACACGTCAGC-1,CtC57CD45CD90P2
CtC57CD45CD90P2_GCGACCAGTTGCGCAC-1,CtC57CD45CD90P2
CtC57CD45CD90P2_GCGACCATCAACCAAC-1,CtC57CD45CD90P2
CtC57CD45CD90P2_GCGAGAACAGTATGCT-1,CtC57CD45CD90P2
CtC57CD45CD90P2_GCGAGAATCAGAAATG-1,CtC57CD45CD90P2
CtC57CD45CD90P2_GCGCAACCATCTATGG-1,CtC57CD45CD90P2
CtC57CD45CD90P2_GCGCAACGTCCTCTTG-1,CtC57CD45CD90P2
CtC57CD45CD90P2_GCGCAGTAGACAAAGG-1,CtC57CD45CD90P2
CtC57CD45CD90P2_GCGCAGTCATATGGTC-1,CtC57CD45CD90P2
CtC57CD45CD90P2_GCGCAGTTCTCGCATC-1,CtC57CD45CD90P2
CtC57CD45CD90P2_GCGCCAAAGGGCTTGA-1,CtC57CD45CD90P2
CtC57CD45CD90P2_GCGCCAAGTAAGGGCT-1,CtC57CD45CD90P2
CtC57CD45CD90P2_GCGCCAATCAAGGCTT-1,CtC57CD45CD90P2
CtC57CD45CD90P2_GCGCGATAGATGAGAG-1,CtC57CD45CD90P2
CtC57CD45CD90P2_GCGCGATAGGCGCTCT-1,CtC57CD45CD90P2
CtC57CD45CD90P2_GCGCGATTCTCTGTCG-1,CtC57CD45CD90P2
CtC57CD45CD90P2_GCGGGTTGTGTGACCC-1,CtC57CD45CD90P2
CtC57CD45CD90P2_GCTCCTACATCACGTA-1,CtC57CD45CD90P2
CtC57CD45CD90P2_GCTCCTATCGGAAATA-1,CtC57CD45CD90P2
CtC57CD45CD90P2_GCTCCTATCTTCTGGC-1,CtC57CD45CD90P2
CtC57CD45CD90P2_GCTCTGTAGTAGTGCG-1,CtC57CD45CD90P2
CtC57CD45CD90P2_GCTGCAGAGTCTCAAC-1,CtC57CD45CD90P2
CtC57CD45CD90P2_GCTGCTTCAGCATGAG-1,CtC57CD45CD90P2
CtC57CD45CD90P2_GCTGCTTGTCTCATCC-1,CtC57CD45CD90P2
CtC57CD45CD90P2_GCTGCTTGTGTGACCC-1,CtC57CD45CD90P2
CtC57CD45CD90P2_GCTGCTTGTGTTCGAT-1,CtC57CD45CD90P2
CtC57CD45CD90P2_GCTGCTTGTTACGACT-1,CtC57CD45CD90P2
CtC57CD45CD90P2_GCTGCTTTCAGGTTCA-1,CtC57CD45CD90P2
CtC57CD45CD90P2_GCTGCTTTCGGAAATA-1,CtC57CD45CD90P2
CtC57CD45CD90P2_GCTGGGTAGAGGTTAT-1,CtC57CD45CD90P2
CtC57CD45CD90P2_GCTGGGTTCATTGCCC-1,CtC57CD45CD90P2
CtC57CD45CD90P2_GCTGGGTTCATTTGGG-1,CtC57CD45CD90P2
CtC57CD45CD90P2_GCTTCCACAATGTAAG-1,CtC57CD45CD90P2
CtC57CD45CD90P2_GCTTCCACATGCATGT-1,CtC57CD45CD90P2
CtC57CD45CD90P2_GCTTGAAAGAATTCCC-1,CtC57CD45CD90P2
CtC57CD45CD90P2_GCTTGAACAGACTCGC-1,CtC57CD45CD90P2
CtC57CD45CD90P2_GCTTGAAGTTGAGTTC-1,CtC57CD45CD90P2
CtC57CD45CD90P2_GGAAAGCCAGATGGGT-1,CtC57CD45CD90P2
CtC57CD45CD90P2_GGAAAGCTCATGTGGT-1,CtC57CD45CD90P2
CtC57CD45CD90P2_GGAACTTGTTGGGACA-1,CtC57CD45CD90P2
CtC57CD45CD90P2_GGAATAAGTAGCCTCG-1,CtC57CD45CD90P2
CtC57CD45CD90P2_GGAATAAGTGCGGTAA-1,CtC57CD45CD90P2
CtC57CD45CD90P2_GGACAAGCACATAACC-1,CtC57CD45CD90P2
CtC57CD45CD90P2_GGACAAGCATTAGCCA-1,CtC57CD45CD90P2
CtC57CD45CD90P2_GGACAAGGTCTGCCAG-1,CtC57CD45CD90P2
CtC57CD45CD90P2_GGACAAGGTGGTGTAG-1,CtC57CD45CD90P2
CtC57CD45CD90P2_GGACAGAAGTCTCGGC-1,CtC57CD45CD90P2
CtC57CD45CD90P2_GGACAGAAGTGTCCCG-1,CtC57CD45CD90P2
CtC57CD45CD90P2_GGACAGAGTATATCCG-1,CtC57CD45CD90P2
CtC57CD45CD90P2_GGACATTAGGATGTAT-1,CtC57CD45CD90P2
CtC57CD45CD90P2_GGACATTCAAACCCAT-1,CtC57CD45CD90P2
CtC57CD45CD90P2_GGACATTCAGGGAGAG-1,CtC57CD45CD90P2
CtC57CD45CD90P2_GGACGTCGTGGTCTCG-1,CtC57CD45CD90P2
CtC57CD45CD90P2_GGAGCAAAGCGTAGTG-1,CtC57CD45CD90P2
CtC57CD45CD90P2_GGAGCAAGTTAGTGGG-1,CtC57CD45CD90P2
CtC57CD45CD90P2_GGATGTTAGAAACGAG-1,CtC57CD45CD90P2
CtC57CD45CD90P2_GGATGTTCACCCATTC-1,CtC57CD45CD90P2
CtC57CD45CD90P2_GGATGTTCATTCCTGC-1,CtC57CD45CD90P2
CtC57CD45CD90P2_GGATGTTGTAAACCTC-1,CtC57CD45CD90P2
CtC57CD45CD90P2_GGATGTTGTTCAGGCC-1,CtC57CD45CD90P2
CtC57CD45CD90P2_GGATGTTTCGAGAACG-1,CtC57CD45CD90P2
CtC57CD45CD90P2_GGATTACAGCCGGTAA-1,CtC57CD45CD90P2
CtC57CD45CD90P2_GGATTACAGTCTCGGC-1,CtC57CD45CD90P2
CtC57CD45CD90P2_GGATTACGTACTTGAC-1,CtC57CD45CD90P2
CtC57CD45CD90P2_GGATTACTCTACCTGC-1,CtC57CD45CD90P2
CtC57CD45CD90P2_GGATTACTCTCATTCA-1,CtC57CD45CD90P2
CtC57CD45CD90P2_GGCAATTCAGGAATCG-1,CtC57CD45CD90P2
CtC57CD45CD90P2_GGCAATTGTTGACGTT-1,CtC57CD45CD90P2
CtC57CD45CD90P2_GGCAATTTCTCTGTCG-1,CtC57CD45CD90P2
CtC57CD45CD90P2_GGCCGATAGATGTAAC-1,CtC57CD45CD90P2
CtC57CD45CD90P2_GGCCGATAGATGTGTA-1,CtC57CD45CD90P2
CtC57CD45CD90P2_GGCCGATAGTGAACAT-1,CtC57CD45CD90P2
CtC57CD45CD90P2_GGCCGATGTAGGCTGA-1,CtC57CD45CD90P2
CtC57CD45CD90P2_GGCCGATGTCTGATCA-1,CtC57CD45CD90P2
CtC57CD45CD90P2_GGCGACTCACCGAAAG-1,CtC57CD45CD90P2
CtC57CD45CD90P2_GGCGACTGTGTGAAAT-1,CtC57CD45CD90P2
CtC57CD45CD90P2_GGCGTGTGTTTCCACC-1,CtC57CD45CD90P2
CtC57CD45CD90P2_GGCGTGTTCACCCGAG-1,CtC57CD45CD90P2
CtC57CD45CD90P2_GGCTCGAAGCCAGTTT-1,CtC57CD45CD90P2
CtC57CD45CD90P2_GGCTCGACACAGGTTT-1,CtC57CD45CD90P2
CtC57CD45CD90P2_GGCTCGAGTTCCACGG-1,CtC57CD45CD90P2
CtC57CD45CD90P2_GGCTCGATCAAGATCC-1,CtC57CD45CD90P2
CtC57CD45CD90P2_GGCTGGTTCTGTTGAG-1,CtC57CD45CD90P2
CtC57CD45CD90P2_GGGAGATGTAGCTAAA-1,CtC57CD45CD90P2
CtC57CD45CD90P2_GGGATGAGTGCGGTAA-1,CtC57CD45CD90P2
CtC57CD45CD90P2_GGGCACTTCGTTACGA-1,CtC57CD45CD90P2
CtC57CD45CD90P2_GGGTTGCAGCGGATCA-1,CtC57CD45CD90P2
CtC57CD45CD90P2_GGGTTGCGTATGCTTG-1,CtC57CD45CD90P2
CtC57CD45CD90P2_GGGTTGCGTCTCTCGT-1,CtC57CD45CD90P2
CtC57CD45CD90P2_GGGTTGCTCGACGGAA-1,CtC57CD45CD90P2
CtC57CD45CD90P2_GGTATTGAGTGAACAT-1,CtC57CD45CD90P2
CtC57CD45CD90P2_GGTATTGGTCACAAGG-1,CtC57CD45CD90P2
CtC57CD45CD90P2_GGTATTGTCCAGTATG-1,CtC57CD45CD90P2
CtC57CD45CD90P2_GGTGAAGCACGTAAGG-1,CtC57CD45CD90P2
CtC57CD45CD90P2_GGTGAAGGTACCGCTG-1,CtC57CD45CD90P2
CtC57CD45CD90P2_GGTGCGTAGGCTAGAC-1,CtC57CD45CD90P2
CtC57CD45CD90P2_GGTGCGTTCAGCACAT-1,CtC57CD45CD90P2
CtC57CD45CD90P2_GGTGTTAAGCAGACTG-1,CtC57CD45CD90P2
CtC57CD45CD90P2_GGTGTTAAGTGTGAAT-1,CtC57CD45CD90P2
CtC57CD45CD90P2_GGTGTTACACCAGCAC-1,CtC57CD45CD90P2
CtC57CD45CD90P2_GGTGTTAGTGCCTGCA-1,CtC57CD45CD90P2
CtC57CD45CD90P2_GTAACTGAGGGTATCG-1,CtC57CD45CD90P2
CtC57CD45CD90P2_GTAACTGCACCGAAAG-1,CtC57CD45CD90P2
CtC57CD45CD90P2_GTAACTGGTGACGGTA-1,CtC57CD45CD90P2
CtC57CD45CD90P2_GTACGTAAGGGCTTGA-1,CtC57CD45CD90P2
CtC57CD45CD90P2_GTACGTAGTTCCGGCA-1,CtC57CD45CD90P2
CtC57CD45CD90P2_GTACGTAGTTGCGCAC-1,CtC57CD45CD90P2
CtC57CD45CD90P2_GTACTCCAGCAGATCG-1,CtC57CD45CD90P2
CtC57CD45CD90P2_GTACTCCCACCATGTA-1,CtC57CD45CD90P2
CtC57CD45CD90P2_GTACTCCGTGACGGTA-1,CtC57CD45CD90P2
CtC57CD45CD90P2_GTACTTTGTCACTGGC-1,CtC57CD45CD90P2
CtC57CD45CD90P2_GTACTTTTCGCGGATC-1,CtC57CD45CD90P2
CtC57CD45CD90P2_GTAGGCCGTGCCTGCA-1,CtC57CD45CD90P2
CtC57CD45CD90P2_GTAGGCCTCGGAAATA-1,CtC57CD45CD90P2
CtC57CD45CD90P2_GTAGTCAAGACTGTAA-1,CtC57CD45CD90P2
CtC57CD45CD90P2_GTAGTCAAGCGCTTAT-1,CtC57CD45CD90P2
CtC57CD45CD90P2_GTAGTCATCATCGATG-1,CtC57CD45CD90P2
CtC57CD45CD90P2_GTATTCTCACGACGAA-1,CtC57CD45CD90P2
CtC57CD45CD90P2_GTATTCTCAGCGTCCA-1,CtC57CD45CD90P2
CtC57CD45CD90P2_GTATTCTGTAGCGCAA-1,CtC57CD45CD90P2
CtC57CD45CD90P2_GTCAAGTCAATCAGAA-1,CtC57CD45CD90P2
CtC57CD45CD90P2_GTCAAGTCAGCCTGTG-1,CtC57CD45CD90P2
CtC57CD45CD90P2_GTCACGGAGCCAGTAG-1,CtC57CD45CD90P2
CtC57CD45CD90P2_GTCACGGCATGCGCAC-1,CtC57CD45CD90P2
CtC57CD45CD90P2_GTCACGGTCAGGTAAA-1,CtC57CD45CD90P2
CtC57CD45CD90P2_GTCACGGTCCCACTTG-1,CtC57CD45CD90P2
CtC57CD45CD90P2_GTCACGGTCGCATGGC-1,CtC57CD45CD90P2
CtC57CD45CD90P2_GTCACGGTCTGTCCGT-1,CtC57CD45CD90P2
CtC57CD45CD90P2_GTCCTCAAGTCCTCCT-1,CtC57CD45CD90P2
CtC57CD45CD90P2_GTCCTCACATGACGGA-1,CtC57CD45CD90P2
CtC57CD45CD90P2_GTCGGGTAGCCACCTG-1,CtC57CD45CD90P2
CtC57CD45CD90P2_GTCGGGTCAGAAGCAC-1,CtC57CD45CD90P2
CtC57CD45CD90P2_GTCGGGTGTTGGTAAA-1,CtC57CD45CD90P2
CtC57CD45CD90P2_GTCTCGTTCATCATTC-1,CtC57CD45CD90P2
CtC57CD45CD90P2_GTCTCGTTCCTCAATT-1,CtC57CD45CD90P2
CtC57CD45CD90P2_GTCTTCGAGTACGCCC-1,CtC57CD45CD90P2
CtC57CD45CD90P2_GTGAAGGCACCACCAG-1,CtC57CD45CD90P2
CtC57CD45CD90P2_GTGAAGGCAGCCTTTC-1,CtC57CD45CD90P2
CtC57CD45CD90P2_GTGAAGGCATTGGTAC-1,CtC57CD45CD90P2
CtC57CD45CD90P2_GTGCATACACCAGATT-1,CtC57CD45CD90P2
CtC57CD45CD90P2_GTGCATAGTTGCCTCT-1,CtC57CD45CD90P2
CtC57CD45CD90P2_GTGCATATCCGCATCT-1,CtC57CD45CD90P2
CtC57CD45CD90P2_GTGCGGTAGAACTGTA-1,CtC57CD45CD90P2
CtC57CD45CD90P2_GTGCGGTAGTGGTAAT-1,CtC57CD45CD90P2
CtC57CD45CD90P2_GTGCGGTCACATGGGA-1,CtC57CD45CD90P2
CtC57CD45CD90P2_GTGCGGTCAGGCTGAA-1,CtC57CD45CD90P2
CtC57CD45CD90P2_GTGCTTCAGAATGTGT-1,CtC57CD45CD90P2
CtC57CD45CD90P2_GTGCTTCCAATAGCGG-1,CtC57CD45CD90P2
CtC57CD45CD90P2_GTGCTTCGTACTCTCC-1,CtC57CD45CD90P2
CtC57CD45CD90P2_GTGGGTCTCAACCATG-1,CtC57CD45CD90P2
CtC57CD45CD90P2_GTGGGTCTCATATCGG-1,CtC57CD45CD90P2
CtC57CD45CD90P2_GTGTGCGAGCTGCAAG-1,CtC57CD45CD90P2
CtC57CD45CD90P2_GTGTTAGCACCCAGTG-1,CtC57CD45CD90P2
CtC57CD45CD90P2_GTGTTAGCAGCTGCAC-1,CtC57CD45CD90P2
CtC57CD45CD90P2_GTGTTAGGTAGAGCTG-1,CtC57CD45CD90P2
CtC57CD45CD90P2_GTGTTAGGTCGCGAAA-1,CtC57CD45CD90P2
CtC57CD45CD90P2_GTGTTAGGTGATGCCC-1,CtC57CD45CD90P2
CtC57CD45CD90P2_GTGTTAGTCGCTTGTC-1,CtC57CD45CD90P2
CtC57CD45CD90P2_GTTAAGCCATTCACTT-1,CtC57CD45CD90P2
CtC57CD45CD90P2_GTTAAGCGTGACTACT-1,CtC57CD45CD90P2
CtC57CD45CD90P2_GTTACAGGTACACCGC-1,CtC57CD45CD90P2
CtC57CD45CD90P2_GTTACAGGTCGAAAGC-1,CtC57CD45CD90P2
CtC57CD45CD90P2_GTTACAGTCAAAGACA-1,CtC57CD45CD90P2
CtC57CD45CD90P2_GTTACAGTCATCGATG-1,CtC57CD45CD90P2
CtC57CD45CD90P2_GTTCATTAGTCATGCT-1,CtC57CD45CD90P2
CtC57CD45CD90P2_GTTCATTAGTGCGATG-1,CtC57CD45CD90P2
CtC57CD45CD90P2_GTTCATTGTATGCTTG-1,CtC57CD45CD90P2
CtC57CD45CD90P2_GTTCATTGTTCCACTC-1,CtC57CD45CD90P2
CtC57CD45CD90P2_GTTCATTTCACCATAG-1,CtC57CD45CD90P2
CtC57CD45CD90P2_GTTCATTTCCGCTGTT-1,CtC57CD45CD90P2
CtC57CD45CD90P2_GTTCATTTCGTATCAG-1,CtC57CD45CD90P2
CtC57CD45CD90P2_GTTCGGGAGCGGATCA-1,CtC57CD45CD90P2
CtC57CD45CD90P2_GTTCGGGAGCTGGAAC-1,CtC57CD45CD90P2
CtC57CD45CD90P2_GTTCTCGTCAGCATGT-1,CtC57CD45CD90P2
CtC57CD45CD90P2_GTTCTCGTCTCATTCA-1,CtC57CD45CD90P2
CtC57CD45CD90P2_GTTTCTACAGTATAAG-1,CtC57CD45CD90P2
CtC57CD45CD90P2_GTTTCTACATCGGGTC-1,CtC57CD45CD90P2
CtC57CD45CD90P2_GTTTCTATCATCGATG-1,CtC57CD45CD90P2
CtC57CD45CD90P2_TAAACCGAGCGCCTCA-1,CtC57CD45CD90P2
CtC57CD45CD90P2_TAAACCGAGTGTCTCA-1,CtC57CD45CD90P2
CtC57CD45CD90P2_TAAACCGCAGGAACGT-1,CtC57CD45CD90P2
CtC57CD45CD90P2_TAAACCGCAGGCAGTA-1,CtC57CD45CD90P2
CtC57CD45CD90P2_TAAGAGATCTAACTGG-1,CtC57CD45CD90P2
CtC57CD45CD90P2_TAAGCGTCAAGGTGTG-1,CtC57CD45CD90P2
CtC57CD45CD90P2_TAAGCGTCAGGGTATG-1,CtC57CD45CD90P2
CtC57CD45CD90P2_TAAGCGTCAGGTTTCA-1,CtC57CD45CD90P2
CtC57CD45CD90P2_TAAGCGTTCCACGCAG-1,CtC57CD45CD90P2
CtC57CD45CD90P2_TAAGTGCCAGCGTAAG-1,CtC57CD45CD90P2
CtC57CD45CD90P2_TAAGTGCTCCTTGACC-1,CtC57CD45CD90P2
CtC57CD45CD90P2_TACACGAAGTTCCACA-1,CtC57CD45CD90P2
CtC57CD45CD90P2_TACACGACACACCGCA-1,CtC57CD45CD90P2
CtC57CD45CD90P2_TACACGAGTCGTCTTC-1,CtC57CD45CD90P2
CtC57CD45CD90P2_TACACGATCGCCGTGA-1,CtC57CD45CD90P2
CtC57CD45CD90P2_TACCTATAGCTGGAAC-1,CtC57CD45CD90P2
CtC57CD45CD90P2_TACCTATCACAGACTT-1,CtC57CD45CD90P2
CtC57CD45CD90P2_TACCTATTCGCCCTTA-1,CtC57CD45CD90P2
CtC57CD45CD90P2_TACCTTACAATCTACG-1,CtC57CD45CD90P2
CtC57CD45CD90P2_TACCTTACACATTAGC-1,CtC57CD45CD90P2
CtC57CD45CD90P2_TACCTTACACCAGGTC-1,CtC57CD45CD90P2
CtC57CD45CD90P2_TACGGATCAGATCCAT-1,CtC57CD45CD90P2
CtC57CD45CD90P2_TACGGATGTAGGCATG-1,CtC57CD45CD90P2
CtC57CD45CD90P2_TACGGATTCTAGAGTC-1,CtC57CD45CD90P2
CtC57CD45CD90P2_TACGGGCTCAGCATGT-1,CtC57CD45CD90P2
CtC57CD45CD90P2_TACGGTACACGGACAA-1,CtC57CD45CD90P2
CtC57CD45CD90P2_TACGGTACATAGACTC-1,CtC57CD45CD90P2
CtC57CD45CD90P2_TACGGTAGTTTCCACC-1,CtC57CD45CD90P2
CtC57CD45CD90P2_TACTCATAGCCACGCT-1,CtC57CD45CD90P2
CtC57CD45CD90P2_TACTCGCTCAGCACAT-1,CtC57CD45CD90P2
CtC57CD45CD90P2_TACTTACCAGAGCCAA-1,CtC57CD45CD90P2
CtC57CD45CD90P2_TACTTGTAGACCACGA-1,CtC57CD45CD90P2
CtC57CD45CD90P2_TACTTGTAGAGACTTA-1,CtC57CD45CD90P2
CtC57CD45CD90P2_TAGACCAGTTTGGCGC-1,CtC57CD45CD90P2
CtC57CD45CD90P2_TAGACCATCATTGCGA-1,CtC57CD45CD90P2
CtC57CD45CD90P2_TAGAGCTAGCTGCGAA-1,CtC57CD45CD90P2
CtC57CD45CD90P2_TAGAGCTCATACTACG-1,CtC57CD45CD90P2
CtC57CD45CD90P2_TAGAGCTTCCTTGACC-1,CtC57CD45CD90P2
CtC57CD45CD90P2_TAGCCGGGTGCGGTAA-1,CtC57CD45CD90P2
CtC57CD45CD90P2_TAGGCATAGGCGACAT-1,CtC57CD45CD90P2
CtC57CD45CD90P2_TAGGCATGTCGAATCT-1,CtC57CD45CD90P2
CtC57CD45CD90P2_TAGTGGTAGCGCCTTG-1,CtC57CD45CD90P2
CtC57CD45CD90P2_TAGTGGTTCCACGACG-1,CtC57CD45CD90P2
CtC57CD45CD90P2_TAGTGGTTCCGTTGCT-1,CtC57CD45CD90P2
CtC57CD45CD90P2_TAGTTGGAGGAGTAGA-1,CtC57CD45CD90P2
CtC57CD45CD90P2_TAGTTGGCACGGCGTT-1,CtC57CD45CD90P2
CtC57CD45CD90P2_TAGTTGGGTAGTAGTA-1,CtC57CD45CD90P2
CtC57CD45CD90P2_TAGTTGGGTTACAGAA-1,CtC57CD45CD90P2
CtC57CD45CD90P2_TAGTTGGTCCGTACAA-1,CtC57CD45CD90P2
CtC57CD45CD90P2_TAGTTGGTCCTTTACA-1,CtC57CD45CD90P2
CtC57CD45CD90P2_TATCAGGAGATCTGCT-1,CtC57CD45CD90P2
CtC57CD45CD90P2_TATCAGGAGCGCCTTG-1,CtC57CD45CD90P2
CtC57CD45CD90P2_TATCAGGCATACAGCT-1,CtC57CD45CD90P2
CtC57CD45CD90P2_TATCAGGCATGGTTGT-1,CtC57CD45CD90P2
CtC57CD45CD90P2_TATCAGGTCAGCGACC-1,CtC57CD45CD90P2
CtC57CD45CD90P2_TATCTCAGTTCGTTGA-1,CtC57CD45CD90P2
CtC57CD45CD90P2_TATCTCATCATACGGT-1,CtC57CD45CD90P2
CtC57CD45CD90P2_TATGCCCAGCGTAATA-1,CtC57CD45CD90P2
CtC57CD45CD90P2_TATGCCCTCTCTGCTG-1,CtC57CD45CD90P2
CtC57CD45CD90P2_TCAACGAAGCCCAGCT-1,CtC57CD45CD90P2
CtC57CD45CD90P2_TCAACGAGTCTCCCTA-1,CtC57CD45CD90P2
CtC57CD45CD90P2_TCACAAGAGATCACGG-1,CtC57CD45CD90P2
CtC57CD45CD90P2_TCACGAAAGATGCGAC-1,CtC57CD45CD90P2
CtC57CD45CD90P2_TCACGAAGTATCTGCA-1,CtC57CD45CD90P2
CtC57CD45CD90P2_TCACGAATCCATGAGT-1,CtC57CD45CD90P2
CtC57CD45CD90P2_TCACGAATCTAACTCT-1,CtC57CD45CD90P2
CtC57CD45CD90P2_TCAGATGAGGGTCTCC-1,CtC57CD45CD90P2
CtC57CD45CD90P2_TCAGATGTCAGAGACG-1,CtC57CD45CD90P2
CtC57CD45CD90P2_TCAGCAAGTCCGAATT-1,CtC57CD45CD90P2
CtC57CD45CD90P2_TCAGCTCGTAGTAGTA-1,CtC57CD45CD90P2
CtC57CD45CD90P2_TCAGCTCGTATAATGG-1,CtC57CD45CD90P2
CtC57CD45CD90P2_TCAGCTCTCCGTACAA-1,CtC57CD45CD90P2
CtC57CD45CD90P2_TCAGGATGTGTAATGA-1,CtC57CD45CD90P2
CtC57CD45CD90P2_TCAGGATTCCTCTAGC-1,CtC57CD45CD90P2
CtC57CD45CD90P2_TCAGGTACACCGATAT-1,CtC57CD45CD90P2
CtC57CD45CD90P2_TCAGGTAGTTCCCGAG-1,CtC57CD45CD90P2
CtC57CD45CD90P2_TCAGGTATCCTAGAAC-1,CtC57CD45CD90P2
CtC57CD45CD90P2_TCAGGTATCTCGCATC-1,CtC57CD45CD90P2
CtC57CD45CD90P2_TCATTACGTACCGGCT-1,CtC57CD45CD90P2
CtC57CD45CD90P2_TCATTTGCATGTCTCC-1,CtC57CD45CD90P2
CtC57CD45CD90P2_TCATTTGGTACATCCA-1,CtC57CD45CD90P2
CtC57CD45CD90P2_TCATTTGTCTGCTTGC-1,CtC57CD45CD90P2
CtC57CD45CD90P2_TCCACACAGGCACATG-1,CtC57CD45CD90P2
CtC57CD45CD90P2_TCCACACAGGCTATCT-1,CtC57CD45CD90P2
CtC57CD45CD90P2_TCCACACAGTGCGTGA-1,CtC57CD45CD90P2
CtC57CD45CD90P2_TCCACACCACGAGGTA-1,CtC57CD45CD90P2
CtC57CD45CD90P2_TCCACACTCACGAAGG-1,CtC57CD45CD90P2
CtC57CD45CD90P2_TCCACACTCGGATGGA-1,CtC57CD45CD90P2
CtC57CD45CD90P2_TCCCGATCATGGTCTA-1,CtC57CD45CD90P2
CtC57CD45CD90P2_TCCCGATGTGACTCAT-1,CtC57CD45CD90P2
CtC57CD45CD90P2_TCGAGGCTCACATACG-1,CtC57CD45CD90P2
CtC57CD45CD90P2_TCGCGAGAGTGCGTGA-1,CtC57CD45CD90P2
CtC57CD45CD90P2_TCGCGAGCAGTCCTTC-1,CtC57CD45CD90P2
CtC57CD45CD90P2_TCGCGAGTCCGTAGGC-1,CtC57CD45CD90P2
CtC57CD45CD90P2_TCGCGAGTCGGAAACG-1,CtC57CD45CD90P2
CtC57CD45CD90P2_TCGCGTTGTGATGTCT-1,CtC57CD45CD90P2
CtC57CD45CD90P2_TCGCGTTGTTCGTCTC-1,CtC57CD45CD90P2
CtC57CD45CD90P2_TCGGGACGTGTCAATC-1,CtC57CD45CD90P2
CtC57CD45CD90P2_TCGGTAAAGACTAGAT-1,CtC57CD45CD90P2
CtC57CD45CD90P2_TCGGTAAAGCGTGTCC-1,CtC57CD45CD90P2
CtC57CD45CD90P2_TCGGTAAGTGTGCGTC-1,CtC57CD45CD90P2
CtC57CD45CD90P2_TCGTACCCAAGAAAGG-1,CtC57CD45CD90P2
CtC57CD45CD90P2_TCGTACCCACAGACTT-1,CtC57CD45CD90P2
CtC57CD45CD90P2_TCGTAGAAGTCGAGTG-1,CtC57CD45CD90P2
CtC57CD45CD90P2_TCGTAGACAAAGCAAT-1,CtC57CD45CD90P2
CtC57CD45CD90P2_TCGTAGACACAACGTT-1,CtC57CD45CD90P2
CtC57CD45CD90P2_TCGTAGATCTGTCAAG-1,CtC57CD45CD90P2
CtC57CD45CD90P2_TCTATTGCACCCTATC-1,CtC57CD45CD90P2
CtC57CD45CD90P2_TCTATTGGTTTGACAC-1,CtC57CD45CD90P2
CtC57CD45CD90P2_TCTCATAAGGCTCAGA-1,CtC57CD45CD90P2
CtC57CD45CD90P2_TCTGGAAAGGAGTACC-1,CtC57CD45CD90P2
CtC57CD45CD90P2_TCTTCGGTCCTTTACA-1,CtC57CD45CD90P2
CtC57CD45CD90P2_TCTTTCCAGCTGCCCA-1,CtC57CD45CD90P2
CtC57CD45CD90P2_TCTTTCCGTACTCAAC-1,CtC57CD45CD90P2
CtC57CD45CD90P2_TGAAAGACACATTAGC-1,CtC57CD45CD90P2
CtC57CD45CD90P2_TGAAAGACATAAAGGT-1,CtC57CD45CD90P2
CtC57CD45CD90P2_TGAAAGAGTTTGTTTC-1,CtC57CD45CD90P2
CtC57CD45CD90P2_TGACAACCACCCATGG-1,CtC57CD45CD90P2
CtC57CD45CD90P2_TGACAACCAGCCTTTC-1,CtC57CD45CD90P2
CtC57CD45CD90P2_TGACAACCAGTCGATT-1,CtC57CD45CD90P2
CtC57CD45CD90P2_TGACGGCCAACACCCG-1,CtC57CD45CD90P2
CtC57CD45CD90P2_TGACGGCCACAACGCC-1,CtC57CD45CD90P2
CtC57CD45CD90P2_TGACGGCCATCACCCT-1,CtC57CD45CD90P2
CtC57CD45CD90P2_TGACTAGGTAATCACC-1,CtC57CD45CD90P2
CtC57CD45CD90P2_TGAGAGGGTCCAGTAT-1,CtC57CD45CD90P2
CtC57CD45CD90P2_TGAGCATCAATCGAAA-1,CtC57CD45CD90P2
CtC57CD45CD90P2_TGAGCATGTCTCCATC-1,CtC57CD45CD90P2
CtC57CD45CD90P2_TGAGCATTCTTTACGT-1,CtC57CD45CD90P2
CtC57CD45CD90P2_TGAGCCGAGGGCATGT-1,CtC57CD45CD90P2
CtC57CD45CD90P2_TGAGCCGTCGCAGGCT-1,CtC57CD45CD90P2
CtC57CD45CD90P2_TGAGCCGTCTGCGGCA-1,CtC57CD45CD90P2
CtC57CD45CD90P2_TGAGGGAAGGCATGGT-1,CtC57CD45CD90P2
CtC57CD45CD90P2_TGAGGGAAGGTCGGAT-1,CtC57CD45CD90P2
CtC57CD45CD90P2_TGAGGGAAGTATTGGA-1,CtC57CD45CD90P2
CtC57CD45CD90P2_TGAGGGAGTGTAACGG-1,CtC57CD45CD90P2
CtC57CD45CD90P2_TGATTTCAGGATGGTC-1,CtC57CD45CD90P2
CtC57CD45CD90P2_TGATTTCCAGGACCCT-1,CtC57CD45CD90P2
CtC57CD45CD90P2_TGCACCTAGCACAGGT-1,CtC57CD45CD90P2
CtC57CD45CD90P2_TGCACCTAGCTGTTCA-1,CtC57CD45CD90P2
CtC57CD45CD90P2_TGCACCTTCACCCGAG-1,CtC57CD45CD90P2
CtC57CD45CD90P2_TGCCAAACACCCATGG-1,CtC57CD45CD90P2
CtC57CD45CD90P2_TGCCAAACAGATCGGA-1,CtC57CD45CD90P2
CtC57CD45CD90P2_TGCCAAATCCATGAGT-1,CtC57CD45CD90P2
CtC57CD45CD90P2_TGCCCATAGGCTATCT-1,CtC57CD45CD90P2
CtC57CD45CD90P2_TGCCCATAGTGTCCAT-1,CtC57CD45CD90P2
CtC57CD45CD90P2_TGCCCATCATGCAACT-1,CtC57CD45CD90P2
CtC57CD45CD90P2_TGCCCTAAGTCAATAG-1,CtC57CD45CD90P2
CtC57CD45CD90P2_TGCCCTACAAACTGCT-1,CtC57CD45CD90P2
CtC57CD45CD90P2_TGCCCTACAACTGCTA-1,CtC57CD45CD90P2
CtC57CD45CD90P2_TGCGCAGGTCGACTGC-1,CtC57CD45CD90P2
CtC57CD45CD90P2_TGCGCAGGTTCACGGC-1,CtC57CD45CD90P2
CtC57CD45CD90P2_TGCGGGTAGTACGCCC-1,CtC57CD45CD90P2
CtC57CD45CD90P2_TGCGGGTCAATGGACG-1,CtC57CD45CD90P2
CtC57CD45CD90P2_TGCGGGTGTAGCGTGA-1,CtC57CD45CD90P2
CtC57CD45CD90P2_TGCGGGTGTAGCTAAA-1,CtC57CD45CD90P2
CtC57CD45CD90P2_TGCGTGGAGTGACATA-1,CtC57CD45CD90P2
CtC57CD45CD90P2_TGCGTGGCATTAGCCA-1,CtC57CD45CD90P2
CtC57CD45CD90P2_TGCGTGGGTCTCTCGT-1,CtC57CD45CD90P2
CtC57CD45CD90P2_TGCTACCAGCAGATCG-1,CtC57CD45CD90P2
CtC57CD45CD90P2_TGCTACCCAGCTGCAC-1,CtC57CD45CD90P2
CtC57CD45CD90P2_TGCTACCCATCCCATC-1,CtC57CD45CD90P2
CtC57CD45CD90P2_TGCTGCTCAATAGCGG-1,CtC57CD45CD90P2
CtC57CD45CD90P2_TGCTGCTCAGATAATG-1,CtC57CD45CD90P2
CtC57CD45CD90P2_TGCTGCTGTCGCCATG-1,CtC57CD45CD90P2
CtC57CD45CD90P2_TGCTGCTGTGTCCTCT-1,CtC57CD45CD90P2
CtC57CD45CD90P2_TGGCCAGAGCGATATA-1,CtC57CD45CD90P2
CtC57CD45CD90P2_TGGCCAGAGCGTGAGT-1,CtC57CD45CD90P2
CtC57CD45CD90P2_TGGCCAGCAGGTTTCA-1,CtC57CD45CD90P2
CtC57CD45CD90P2_TGGCCAGTCCAGAGGA-1,CtC57CD45CD90P2
CtC57CD45CD90P2_TGGCGCAAGCGCCTCA-1,CtC57CD45CD90P2
CtC57CD45CD90P2_TGGCGCACAGGCAGTA-1,CtC57CD45CD90P2
CtC57CD45CD90P2_TGGCGCACATCATCCC-1,CtC57CD45CD90P2
CtC57CD45CD90P2_TGGCGCATCACAGGCC-1,CtC57CD45CD90P2
CtC57CD45CD90P2_TGGCGCATCGGATGTT-1,CtC57CD45CD90P2
CtC57CD45CD90P2_TGGGAAGAGTACGTAA-1,CtC57CD45CD90P2
CtC57CD45CD90P2_TGGTTAGTCAGTACGT-1,CtC57CD45CD90P2
CtC57CD45CD90P2_TGGTTCCCAAGGTTCT-1,CtC57CD45CD90P2
CtC57CD45CD90P2_TGGTTCCGTGTCGCTG-1,CtC57CD45CD90P2
CtC57CD45CD90P2_TGGTTCCTCGTTACAG-1,CtC57CD45CD90P2
CtC57CD45CD90P2_TGTCCCATCGGATGTT-1,CtC57CD45CD90P2
CtC57CD45CD90P2_TGTGGTAAGCATCATC-1,CtC57CD45CD90P2
CtC57CD45CD90P2_TGTGGTAAGCCACGCT-1,CtC57CD45CD90P2
CtC57CD45CD90P2_TGTGGTACACAGTCGC-1,CtC57CD45CD90P2
CtC57CD45CD90P2_TGTGGTATCCGGCACA-1,CtC57CD45CD90P2
CtC57CD45CD90P2_TGTGTTTGTCGTCTTC-1,CtC57CD45CD90P2
CtC57CD45CD90P2_TGTGTTTGTCTGCAAT-1,CtC57CD45CD90P2
CtC57CD45CD90P2_TGTGTTTGTTCACCTC-1,CtC57CD45CD90P2
CtC57CD45CD90P2_TGTTCCGAGGCCATAG-1,CtC57CD45CD90P2
CtC57CD45CD90P2_TGTTCCGCACTGAAGG-1,CtC57CD45CD90P2
CtC57CD45CD90P2_TGTTCCGTCATTGCGA-1,CtC57CD45CD90P2
CtC57CD45CD90P2_TTAGGACCACCTGGTG-1,CtC57CD45CD90P2
CtC57CD45CD90P2_TTAGGACTCTGGTGTA-1,CtC57CD45CD90P2
CtC57CD45CD90P2_TTAGGCACAATAGAGT-1,CtC57CD45CD90P2
CtC57CD45CD90P2_TTAGGCACATCCCACT-1,CtC57CD45CD90P2
CtC57CD45CD90P2_TTAGGCAGTCATACTG-1,CtC57CD45CD90P2
CtC57CD45CD90P2_TTAGGCATCATGTCCC-1,CtC57CD45CD90P2
CtC57CD45CD90P2_TTAGGCATCCCTTGCA-1,CtC57CD45CD90P2
CtC57CD45CD90P2_TTAGTTCCAAGGTTCT-1,CtC57CD45CD90P2
CtC57CD45CD90P2_TTAGTTCCATCGGTTA-1,CtC57CD45CD90P2
CtC57CD45CD90P2_TTATGCTAGTCAAGCG-1,CtC57CD45CD90P2
CtC57CD45CD90P2_TTATGCTAGTGCGTGA-1,CtC57CD45CD90P2
CtC57CD45CD90P2_TTATGCTTCTCGATGA-1,CtC57CD45CD90P2
CtC57CD45CD90P2_TTATGCTTCTCTTATG-1,CtC57CD45CD90P2
CtC57CD45CD90P2_TTCCCAGTCACCAGGC-1,CtC57CD45CD90P2
CtC57CD45CD90P2_TTCGAAGCAAGAGTCG-1,CtC57CD45CD90P2
CtC57CD45CD90P2_TTCGAAGCAAGGTTTC-1,CtC57CD45CD90P2
CtC57CD45CD90P2_TTCGAAGGTCCGTGAC-1,CtC57CD45CD90P2
CtC57CD45CD90P2_TTCGAAGGTCGAGATG-1,CtC57CD45CD90P2
CtC57CD45CD90P2_TTCGGTCCACACAGAG-1,CtC57CD45CD90P2
CtC57CD45CD90P2_TTCGGTCCACTAAGTC-1,CtC57CD45CD90P2
CtC57CD45CD90P2_TTCGGTCCAGCAGTTT-1,CtC57CD45CD90P2
CtC57CD45CD90P2_TTCGGTCTCTGCTTGC-1,CtC57CD45CD90P2
CtC57CD45CD90P2_TTCTACAGTAAACACA-1,CtC57CD45CD90P2
CtC57CD45CD90P2_TTCTCAAGTAAGGATT-1,CtC57CD45CD90P2
CtC57CD45CD90P2_TTCTCAATCGAATGGG-1,CtC57CD45CD90P2
CtC57CD45CD90P2_TTCTCCTAGACCCACC-1,CtC57CD45CD90P2
CtC57CD45CD90P2_TTCTCCTTCACGGTTA-1,CtC57CD45CD90P2
CtC57CD45CD90P2_TTCTTAGAGCTGTTCA-1,CtC57CD45CD90P2
CtC57CD45CD90P2_TTCTTAGGTTGGAGGT-1,CtC57CD45CD90P2
CtC57CD45CD90P2_TTGAACGAGTCCAGGA-1,CtC57CD45CD90P2
CtC57CD45CD90P2_TTGACTTTCATCATTC-1,CtC57CD45CD90P2
CtC57CD45CD90P2_TTGCCGTCAAACCCAT-1,CtC57CD45CD90P2
CtC57CD45CD90P2_TTGCCGTCACGAGAGT-1,CtC57CD45CD90P2
CtC57CD45CD90P2_TTGCCGTGTCCAGTAT-1,CtC57CD45CD90P2
CtC57CD45CD90P2_TTGCCGTGTGCAGACA-1,CtC57CD45CD90P2
CtC57CD45CD90P2_TTGCGTCAGTGGCACA-1,CtC57CD45CD90P2
CtC57CD45CD90P2_TTGCGTCCATCGACGC-1,CtC57CD45CD90P2
CtC57CD45CD90P2_TTGCGTCGTTCAGACT-1,CtC57CD45CD90P2
CtC57CD45CD90P2_TTGGAACAGAAACGCC-1,CtC57CD45CD90P2
CtC57CD45CD90P2_TTGGAACCAGGGTACA-1,CtC57CD45CD90P2
CtC57CD45CD90P2_TTGGAACCAGTAAGAT-1,CtC57CD45CD90P2
CtC57CD45CD90P2_TTGGAACTCTTGTATC-1,CtC57CD45CD90P2
CtC57CD45CD90P2_TTGGCAAAGGCCCGTT-1,CtC57CD45CD90P2
CtC57CD45CD90P2_TTGGCAAAGTACGTAA-1,CtC57CD45CD90P2
CtC57CD45CD90P2_TTGGCAAGTAATCGTC-1,CtC57CD45CD90P2
CtC57CD45CD90P2_TTGTAGGAGATCCTGT-1,CtC57CD45CD90P2
CtC57CD45CD90P2_TTGTAGGCAGGAACGT-1,CtC57CD45CD90P2
CtC57CD45CD90P2_TTGTAGGGTAGCGCTC-1,CtC57CD45CD90P2
CtC57CD45CD90P2_TTTACTGAGACTTTCG-1,CtC57CD45CD90P2
CtC57CD45CD90P2_TTTATGCAGTACGTAA-1,CtC57CD45CD90P2
CtC57CD45CD90P2_TTTCCTCAGCTATGCT-1,CtC57CD45CD90P2
CtC57CD45CD90P2_TTTCCTCCACAACGCC-1,CtC57CD45CD90P2
CtC57CD45CD90P2_TTTGGTTGTCTTGTCC-1,CtC57CD45CD90P2
CtC57CD45CD90P2_TTTGGTTGTGTGAATA-1,CtC57CD45CD90P2
CtC57CD45CD90P2_TTTGGTTGTGTTTGGT-1,CtC57CD45CD90P2
CtC57CD45CD90P2_TTTGGTTTCAACGGGA-1,CtC57CD45CD90P2
CtC57CD45CD90P2_TTTGGTTTCATATCGG-1,CtC57CD45CD90P2
CtC57CD45CD90P2_TTTGTCATCCTGTAGA-1,CtC57CD45CD90P2
CtC57CD45CD90P2_TTTGTCATCGGCTTGG-1,CtC57CD45CD90P2
CtC57CD45CD90R1_AAACGGGAGCGGATCA-1,CtC57CD45CD90R1
CtC57CD45CD90R1_AAAGATGCACTATCTT-1,CtC57CD45CD90R1
CtC57CD45CD90R1_AAAGTAGCAAACGTGG-1,CtC57CD45CD90R1
CtC57CD45CD90R1_AACACGTGTACGAAAT-1,CtC57CD45CD90R1
CtC57CD45CD90R1_AACACGTTCTTGCAAG-1,CtC57CD45CD90R1
CtC57CD45CD90R1_AACCATGCACGAGGTA-1,CtC57CD45CD90R1
CtC57CD45CD90R1_AACCATGGTCCAGTTA-1,CtC57CD45CD90R1
CtC57CD45CD90R1_AACCATGTCACGATGT-1,CtC57CD45CD90R1
CtC57CD45CD90R1_AACCATGTCGAATGGG-1,CtC57CD45CD90R1
CtC57CD45CD90R1_AACGTTGTCTAACCGA-1,CtC57CD45CD90R1
CtC57CD45CD90R1_AACTCAGTCTTATCTG-1,CtC57CD45CD90R1
CtC57CD45CD90R1_AACTCCCCACGTGAGA-1,CtC57CD45CD90R1
CtC57CD45CD90R1_AACTCCCGTGGTCTCG-1,CtC57CD45CD90R1
CtC57CD45CD90R1_AACTCCCGTTATTCTC-1,CtC57CD45CD90R1
CtC57CD45CD90R1_AACTGGTAGAGAACAG-1,CtC57CD45CD90R1
CtC57CD45CD90R1_AACTGGTAGCTAGTTC-1,CtC57CD45CD90R1
CtC57CD45CD90R1_AACTGGTCAAGTACCT-1,CtC57CD45CD90R1
CtC57CD45CD90R1_AAGACCTGTAGCGTCC-1,CtC57CD45CD90R1
CtC57CD45CD90R1_AAGACCTGTTTGTTTC-1,CtC57CD45CD90R1
CtC57CD45CD90R1_AAGCCGCGTAAACCTC-1,CtC57CD45CD90R1
CtC57CD45CD90R1_AAGGAGCGTGAGGGAG-1,CtC57CD45CD90R1
CtC57CD45CD90R1_AAGGTTCAGAAACCAT-1,CtC57CD45CD90R1
CtC57CD45CD90R1_AATCCAGTCGTTTAGG-1,CtC57CD45CD90R1
CtC57CD45CD90R1_AATCGGTGTCTCATCC-1,CtC57CD45CD90R1
CtC57CD45CD90R1_ACACCCTCAGGCGATA-1,CtC57CD45CD90R1
CtC57CD45CD90R1_ACACCCTGTGCCTTGG-1,CtC57CD45CD90R1
CtC57CD45CD90R1_ACACCGGAGCTATGCT-1,CtC57CD45CD90R1
CtC57CD45CD90R1_ACACCGGCATGAAGTA-1,CtC57CD45CD90R1
CtC57CD45CD90R1_ACACTGATCTCTTATG-1,CtC57CD45CD90R1
CtC57CD45CD90R1_ACAGCTACATTTGCCC-1,CtC57CD45CD90R1
CtC57CD45CD90R1_ACATACGAGACTACAA-1,CtC57CD45CD90R1
CtC57CD45CD90R1_ACATGGTGTTGATTGC-1,CtC57CD45CD90R1
CtC57CD45CD90R1_ACCAGTAGTGTTTGGT-1,CtC57CD45CD90R1
CtC57CD45CD90R1_ACCCACTCAGTCTTCC-1,CtC57CD45CD90R1
CtC57CD45CD90R1_ACCTTTAGTCACCCAG-1,CtC57CD45CD90R1
CtC57CD45CD90R1_ACGAGCCAGTGAATTG-1,CtC57CD45CD90R1
CtC57CD45CD90R1_ACGAGGAAGTATTGGA-1,CtC57CD45CD90R1
CtC57CD45CD90R1_ACGATACCAAGAAGAG-1,CtC57CD45CD90R1
CtC57CD45CD90R1_ACGATACGTCTCTTTA-1,CtC57CD45CD90R1
CtC57CD45CD90R1_ACGATGTGTGGTAACG-1,CtC57CD45CD90R1
CtC57CD45CD90R1_ACTATCTCAATGGAGC-1,CtC57CD45CD90R1
CtC57CD45CD90R1_ACTATCTGTAGCTTGT-1,CtC57CD45CD90R1
CtC57CD45CD90R1_ACTGAACTCCTAGGGC-1,CtC57CD45CD90R1
CtC57CD45CD90R1_ACTGCTCGTCACTGGC-1,CtC57CD45CD90R1
CtC57CD45CD90R1_ACTTACTCATGGATGG-1,CtC57CD45CD90R1
CtC57CD45CD90R1_ACTTACTTCATCGGAT-1,CtC57CD45CD90R1
CtC57CD45CD90R1_ACTTTCAAGTCATCCA-1,CtC57CD45CD90R1
CtC57CD45CD90R1_AGAATAGCAGATCCAT-1,CtC57CD45CD90R1
CtC57CD45CD90R1_AGAATAGGTCTACCTC-1,CtC57CD45CD90R1
CtC57CD45CD90R1_AGATCTGCACTGCCAG-1,CtC57CD45CD90R1
CtC57CD45CD90R1_AGCAGCCCATATACCG-1,CtC57CD45CD90R1
CtC57CD45CD90R1_AGCATACAGCGATATA-1,CtC57CD45CD90R1
CtC57CD45CD90R1_AGCCTAACAGACAAGC-1,CtC57CD45CD90R1
CtC57CD45CD90R1_AGCCTAAGTCTCCACT-1,CtC57CD45CD90R1
CtC57CD45CD90R1_AGCGTATTCATATCGG-1,CtC57CD45CD90R1
CtC57CD45CD90R1_AGCGTATTCGGATGGA-1,CtC57CD45CD90R1
CtC57CD45CD90R1_AGCGTCGAGGGCATGT-1,CtC57CD45CD90R1
CtC57CD45CD90R1_AGCGTCGAGTGCCAGA-1,CtC57CD45CD90R1
CtC57CD45CD90R1_AGCTCCTAGTGTTTGC-1,CtC57CD45CD90R1
CtC57CD45CD90R1_AGCTCCTCATGTTGAC-1,CtC57CD45CD90R1
CtC57CD45CD90R1_AGCTTGAGTTGCGTTA-1,CtC57CD45CD90R1
CtC57CD45CD90R1_AGGCCGTGTAATAGCA-1,CtC57CD45CD90R1
CtC57CD45CD90R1_AGGCCGTTCTCTGCTG-1,CtC57CD45CD90R1
CtC57CD45CD90R1_AGGGAGTAGTCTCGGC-1,CtC57CD45CD90R1
CtC57CD45CD90R1_AGGGATGAGGTGCACA-1,CtC57CD45CD90R1
CtC57CD45CD90R1_AGGGATGGTCAATGTC-1,CtC57CD45CD90R1
CtC57CD45CD90R1_AGGGATGGTTCACGGC-1,CtC57CD45CD90R1
CtC57CD45CD90R1_AGTAGTCAGGACTGGT-1,CtC57CD45CD90R1
CtC57CD45CD90R1_AGTAGTCCAGTTCCCT-1,CtC57CD45CD90R1
CtC57CD45CD90R1_AGTGAGGAGTCCCACG-1,CtC57CD45CD90R1
CtC57CD45CD90R1_AGTGGGACATACTACG-1,CtC57CD45CD90R1
CtC57CD45CD90R1_ATAACGCGTTAAGTAG-1,CtC57CD45CD90R1
CtC57CD45CD90R1_ATAGACCTCCTGTAGA-1,CtC57CD45CD90R1
CtC57CD45CD90R1_ATCATCTAGAGTGAGA-1,CtC57CD45CD90R1
CtC57CD45CD90R1_ATCATCTAGTGCGATG-1,CtC57CD45CD90R1
CtC57CD45CD90R1_ATCCACCTCCGCAAGC-1,CtC57CD45CD90R1
CtC57CD45CD90R1_ATCCGAACACGAAATA-1,CtC57CD45CD90R1
CtC57CD45CD90R1_ATCTACTAGCAGCCTC-1,CtC57CD45CD90R1
CtC57CD45CD90R1_ATCTACTCAAGCCGCT-1,CtC57CD45CD90R1
CtC57CD45CD90R1_ATCTACTCAGGTTTCA-1,CtC57CD45CD90R1
CtC57CD45CD90R1_ATCTACTTCCAACCAA-1,CtC57CD45CD90R1
CtC57CD45CD90R1_ATCTGCCGTAATCGTC-1,CtC57CD45CD90R1
CtC57CD45CD90R1_ATGTGTGCACTAGTAC-1,CtC57CD45CD90R1
CtC57CD45CD90R1_ATTACTCTCAGGCAAG-1,CtC57CD45CD90R1
CtC57CD45CD90R1_ATTACTCTCATCTGCC-1,CtC57CD45CD90R1
CtC57CD45CD90R1_ATTATCCCAAAGTCAA-1,CtC57CD45CD90R1
CtC57CD45CD90R1_ATTATCCGTGGGTCAA-1,CtC57CD45CD90R1
CtC57CD45CD90R1_ATTGGTGAGACCTAGG-1,CtC57CD45CD90R1
CtC57CD45CD90R1_ATTGGTGAGGGCTTGA-1,CtC57CD45CD90R1
CtC57CD45CD90R1_ATTGGTGGTGCCTGCA-1,CtC57CD45CD90R1
CtC57CD45CD90R1_ATTTCTGAGCTGGAAC-1,CtC57CD45CD90R1
CtC57CD45CD90R1_ATTTCTGAGTTGTCGT-1,CtC57CD45CD90R1
CtC57CD45CD90R1_ATTTCTGTCGCCAAAT-1,CtC57CD45CD90R1
CtC57CD45CD90R1_CAACCTCCACTTAAGC-1,CtC57CD45CD90R1
CtC57CD45CD90R1_CAACCTCTCCCTAATT-1,CtC57CD45CD90R1
CtC57CD45CD90R1_CAACTAGAGCGACGTA-1,CtC57CD45CD90R1
CtC57CD45CD90R1_CAACTAGGTAGAAGGA-1,CtC57CD45CD90R1
CtC57CD45CD90R1_CAAGATCGTCGAATCT-1,CtC57CD45CD90R1
CtC57CD45CD90R1_CAAGGCCAGTGTTAGA-1,CtC57CD45CD90R1
CtC57CD45CD90R1_CAAGTTGCATCCCACT-1,CtC57CD45CD90R1
CtC57CD45CD90R1_CAAGTTGCATGTCTCC-1,CtC57CD45CD90R1
CtC57CD45CD90R1_CACAAACAGCTAGTCT-1,CtC57CD45CD90R1
CtC57CD45CD90R1_CACACCTAGCGCTTAT-1,CtC57CD45CD90R1
CtC57CD45CD90R1_CACACTCGTGTAAGTA-1,CtC57CD45CD90R1
CtC57CD45CD90R1_CACAGGCAGTCCGTAT-1,CtC57CD45CD90R1
CtC57CD45CD90R1_CACATAGTCTCTGCTG-1,CtC57CD45CD90R1
CtC57CD45CD90R1_CACATTTGTACCGAGA-1,CtC57CD45CD90R1
CtC57CD45CD90R1_CACCACTAGTAGCGGT-1,CtC57CD45CD90R1
CtC57CD45CD90R1_CACCACTTCTGCGTAA-1,CtC57CD45CD90R1
CtC57CD45CD90R1_CACCAGGGTACTTCTT-1,CtC57CD45CD90R1
CtC57CD45CD90R1_CACCAGGTCCTACAGA-1,CtC57CD45CD90R1
CtC57CD45CD90R1_CACTCCATCGGCCGAT-1,CtC57CD45CD90R1
CtC57CD45CD90R1_CAGAGAGCATTGCGGC-1,CtC57CD45CD90R1
CtC57CD45CD90R1_CAGATCAAGATGAGAG-1,CtC57CD45CD90R1
CtC57CD45CD90R1_CAGATCAGTAAGAGAG-1,CtC57CD45CD90R1
CtC57CD45CD90R1_CAGCAGCTCTTGACGA-1,CtC57CD45CD90R1
CtC57CD45CD90R1_CAGCATAAGACTTTCG-1,CtC57CD45CD90R1
CtC57CD45CD90R1_CAGCCGACAGGCAGTA-1,CtC57CD45CD90R1
CtC57CD45CD90R1_CAGCTGGTCGAGAACG-1,CtC57CD45CD90R1
CtC57CD45CD90R1_CAGTCCTCAATAAGCA-1,CtC57CD45CD90R1
CtC57CD45CD90R1_CATATGGAGACCACGA-1,CtC57CD45CD90R1
CtC57CD45CD90R1_CATATGGAGTGCAAGC-1,CtC57CD45CD90R1
CtC57CD45CD90R1_CATCAGATCATAACCG-1,CtC57CD45CD90R1
CtC57CD45CD90R1_CATCCACAGGGAAACA-1,CtC57CD45CD90R1
CtC57CD45CD90R1_CATCGGGAGGCAGGTT-1,CtC57CD45CD90R1
CtC57CD45CD90R1_CATGGCGTCACTCTTA-1,CtC57CD45CD90R1
CtC57CD45CD90R1_CATTATCAGTTAAGTG-1,CtC57CD45CD90R1
CtC57CD45CD90R1_CATTATCCAAGCGCTC-1,CtC57CD45CD90R1
CtC57CD45CD90R1_CCAATCCCATCTACGA-1,CtC57CD45CD90R1
CtC57CD45CD90R1_CCAATCCGTGCGCTTG-1,CtC57CD45CD90R1
CtC57CD45CD90R1_CCACCTAAGGGAGTAA-1,CtC57CD45CD90R1
CtC57CD45CD90R1_CCACCTAGTACCGTAT-1,CtC57CD45CD90R1
CtC57CD45CD90R1_CCACGGACATGATCCA-1,CtC57CD45CD90R1
CtC57CD45CD90R1_CCACGGATCCTGCTTG-1,CtC57CD45CD90R1
CtC57CD45CD90R1_CCAGCGATCCAGGGCT-1,CtC57CD45CD90R1
CtC57CD45CD90R1_CCATTCGAGGACTGGT-1,CtC57CD45CD90R1
CtC57CD45CD90R1_CCATTCGAGGTGTTAA-1,CtC57CD45CD90R1
CtC57CD45CD90R1_CCATTCGAGTTGTCGT-1,CtC57CD45CD90R1
CtC57CD45CD90R1_CCCAGTTGTACGAAAT-1,CtC57CD45CD90R1
CtC57CD45CD90R1_CCGGTAGGTTCGAATC-1,CtC57CD45CD90R1
CtC57CD45CD90R1_CCGTACTGTATCTGCA-1,CtC57CD45CD90R1
CtC57CD45CD90R1_CCGTACTGTCGTCTTC-1,CtC57CD45CD90R1
CtC57CD45CD90R1_CCGTTCACAAGTACCT-1,CtC57CD45CD90R1
CtC57CD45CD90R1_CCGTTCATCCCAAGAT-1,CtC57CD45CD90R1
CtC57CD45CD90R1_CCTAAAGTCCCAGGTG-1,CtC57CD45CD90R1
CtC57CD45CD90R1_CCTACACCACATGGGA-1,CtC57CD45CD90R1
CtC57CD45CD90R1_CCTACACCAGTCAGCC-1,CtC57CD45CD90R1
CtC57CD45CD90R1_CCTACCATCTTAGCCC-1,CtC57CD45CD90R1
CtC57CD45CD90R1_CCTAGCTCATTTGCTT-1,CtC57CD45CD90R1
CtC57CD45CD90R1_CCTATTACAGTTCCCT-1,CtC57CD45CD90R1
CtC57CD45CD90R1_CCTCTGAGTAATAGCA-1,CtC57CD45CD90R1
CtC57CD45CD90R1_CCTTACGCAAGCTGAG-1,CtC57CD45CD90R1
CtC57CD45CD90R1_CCTTCGAAGGAGCGTT-1,CtC57CD45CD90R1
CtC57CD45CD90R1_CCTTCGATCTCGGACG-1,CtC57CD45CD90R1
CtC57CD45CD90R1_CGACTTCTCTGTCAAG-1,CtC57CD45CD90R1
CtC57CD45CD90R1_CGAGCACAGACAAGCC-1,CtC57CD45CD90R1
CtC57CD45CD90R1_CGAGCACAGGAGTAGA-1,CtC57CD45CD90R1
CtC57CD45CD90R1_CGATGGCCATGGGAAC-1,CtC57CD45CD90R1
CtC57CD45CD90R1_CGATGGCGTCTAAAGA-1,CtC57CD45CD90R1
CtC57CD45CD90R1_CGATGGCTCAGCGATT-1,CtC57CD45CD90R1
CtC57CD45CD90R1_CGATGTACAAGCCTAT-1,CtC57CD45CD90R1
CtC57CD45CD90R1_CGCGTTTCATAGTAAG-1,CtC57CD45CD90R1
CtC57CD45CD90R1_CGCGTTTGTGGTGTAG-1,CtC57CD45CD90R1
CtC57CD45CD90R1_CGCTATCTCCTTGGTC-1,CtC57CD45CD90R1
CtC57CD45CD90R1_CGCTTCATCCATGAGT-1,CtC57CD45CD90R1
CtC57CD45CD90R1_CGGACGTCAATGGTCT-1,CtC57CD45CD90R1
CtC57CD45CD90R1_CGGACGTTCAACGGCC-1,CtC57CD45CD90R1
CtC57CD45CD90R1_CGGACTGCATCCGCGA-1,CtC57CD45CD90R1
CtC57CD45CD90R1_CGGACTGGTGTTTGTG-1,CtC57CD45CD90R1
CtC57CD45CD90R1_CGGAGCTCAACTGCGC-1,CtC57CD45CD90R1
CtC57CD45CD90R1_CGGAGCTCAGGAACGT-1,CtC57CD45CD90R1
CtC57CD45CD90R1_CGGAGCTGTAAGTGGC-1,CtC57CD45CD90R1
CtC57CD45CD90R1_CGGAGTCTCGAACTGT-1,CtC57CD45CD90R1
CtC57CD45CD90R1_CGGCTAGAGTGGGCTA-1,CtC57CD45CD90R1
CtC57CD45CD90R1_CGGGTCACATTGGCGC-1,CtC57CD45CD90R1
CtC57CD45CD90R1_CGGGTCATCCACGAAT-1,CtC57CD45CD90R1
CtC57CD45CD90R1_CGGTTAAAGTGACATA-1,CtC57CD45CD90R1
CtC57CD45CD90R1_CGTAGGCAGCTGAACG-1,CtC57CD45CD90R1
CtC57CD45CD90R1_CGTCAGGGTGTGGTTT-1,CtC57CD45CD90R1
CtC57CD45CD90R1_CGTCAGGTCCAAAGTC-1,CtC57CD45CD90R1
CtC57CD45CD90R1_CGTCTACGTAGAGCTG-1,CtC57CD45CD90R1
CtC57CD45CD90R1_CGTTAGATCACTTATC-1,CtC57CD45CD90R1
CtC57CD45CD90R1_CGTTCTGTCACTTCAT-1,CtC57CD45CD90R1
CtC57CD45CD90R1_CGTTGGGAGTGTGAAT-1,CtC57CD45CD90R1
CtC57CD45CD90R1_CGTTGGGCATCATCCC-1,CtC57CD45CD90R1
CtC57CD45CD90R1_CGTTGGGGTGTCAATC-1,CtC57CD45CD90R1
CtC57CD45CD90R1_CTAACTTCACATCCGG-1,CtC57CD45CD90R1
CtC57CD45CD90R1_CTAATGGCACATCCGG-1,CtC57CD45CD90R1
CtC57CD45CD90R1_CTACACCCACCACCAG-1,CtC57CD45CD90R1
CtC57CD45CD90R1_CTCACACCACATGACT-1,CtC57CD45CD90R1
CtC57CD45CD90R1_CTCCTAGAGTGCAAGC-1,CtC57CD45CD90R1
CtC57CD45CD90R1_CTCCTAGGTTGAGTTC-1,CtC57CD45CD90R1
CtC57CD45CD90R1_CTCGAAACAGTAAGAT-1,CtC57CD45CD90R1
CtC57CD45CD90R1_CTCGAGGAGCGAGAAA-1,CtC57CD45CD90R1
CtC57CD45CD90R1_CTCGGAGCACATTCGA-1,CtC57CD45CD90R1
CtC57CD45CD90R1_CTCGGGATCCGAATGT-1,CtC57CD45CD90R1
CtC57CD45CD90R1_CTCGTCAAGAAAGTGG-1,CtC57CD45CD90R1
CtC57CD45CD90R1_CTCGTCACATTGGCGC-1,CtC57CD45CD90R1
CtC57CD45CD90R1_CTCTACGCAGATAATG-1,CtC57CD45CD90R1
CtC57CD45CD90R1_CTGAAACAGTGCGTGA-1,CtC57CD45CD90R1
CtC57CD45CD90R1_CTGAAGTGTTAAAGTG-1,CtC57CD45CD90R1
CtC57CD45CD90R1_CTGATAGTCAACACGT-1,CtC57CD45CD90R1
CtC57CD45CD90R1_CTGATAGTCTGCCCTA-1,CtC57CD45CD90R1
CtC57CD45CD90R1_CTGCCTATCAAGATCC-1,CtC57CD45CD90R1
CtC57CD45CD90R1_CTGCGGATCCTTTCGG-1,CtC57CD45CD90R1
CtC57CD45CD90R1_CTGCTGTGTCTTGTCC-1,CtC57CD45CD90R1
CtC57CD45CD90R1_CTGGTCTGTGAGTGAC-1,CtC57CD45CD90R1
CtC57CD45CD90R1_CTGTGCTTCACATAGC-1,CtC57CD45CD90R1
CtC57CD45CD90R1_CTTAACTAGGGATGGG-1,CtC57CD45CD90R1
CtC57CD45CD90R1_CTTAACTTCCATTCTA-1,CtC57CD45CD90R1
CtC57CD45CD90R1_CTTAACTTCTTTAGGG-1,CtC57CD45CD90R1
CtC57CD45CD90R1_CTTACCGCAATCTGCA-1,CtC57CD45CD90R1
CtC57CD45CD90R1_CTTCTCTAGTGTTTGC-1,CtC57CD45CD90R1
CtC57CD45CD90R1_CTTCTCTTCAGTTTGG-1,CtC57CD45CD90R1
CtC57CD45CD90R1_CTTGGCTCAAGTCTGT-1,CtC57CD45CD90R1
CtC57CD45CD90R1_CTTGGCTCACCGGAAA-1,CtC57CD45CD90R1
CtC57CD45CD90R1_CTTTGCGCACCTATCC-1,CtC57CD45CD90R1
CtC57CD45CD90R1_CTTTGCGTCACGCGGT-1,CtC57CD45CD90R1
CtC57CD45CD90R1_GAACATCTCCAAAGTC-1,CtC57CD45CD90R1
CtC57CD45CD90R1_GAACCTACAGTTAACC-1,CtC57CD45CD90R1
CtC57CD45CD90R1_GACACGCCAGAAGCAC-1,CtC57CD45CD90R1
CtC57CD45CD90R1_GACCAATCATCCGCGA-1,CtC57CD45CD90R1
CtC57CD45CD90R1_GACCTGGCAAGTTAAG-1,CtC57CD45CD90R1
CtC57CD45CD90R1_GACGCGTCAAGCTGTT-1,CtC57CD45CD90R1
CtC57CD45CD90R1_GACGCGTGTCCGAAGA-1,CtC57CD45CD90R1
CtC57CD45CD90R1_GACGTGCTCCGTACAA-1,CtC57CD45CD90R1
CtC57CD45CD90R1_GACTAACAGGCATGTG-1,CtC57CD45CD90R1
CtC57CD45CD90R1_GACTAACCATCGGTTA-1,CtC57CD45CD90R1
CtC57CD45CD90R1_GACTAACTCGAACTGT-1,CtC57CD45CD90R1
CtC57CD45CD90R1_GACTAACTCTGTCTCG-1,CtC57CD45CD90R1
CtC57CD45CD90R1_GAGCAGAGTTTAGCTG-1,CtC57CD45CD90R1
CtC57CD45CD90R1_GAGTCCGAGTGAACGC-1,CtC57CD45CD90R1
CtC57CD45CD90R1_GATCAGTAGACATAAC-1,CtC57CD45CD90R1
CtC57CD45CD90R1_GATCGCGCATTACGAC-1,CtC57CD45CD90R1
CtC57CD45CD90R1_GATCGTAGTCTCGTTC-1,CtC57CD45CD90R1
CtC57CD45CD90R1_GATCTAGAGATCGATA-1,CtC57CD45CD90R1
CtC57CD45CD90R1_GATCTAGGTATTCGTG-1,CtC57CD45CD90R1
CtC57CD45CD90R1_GATGAAAGTCTGATCA-1,CtC57CD45CD90R1
CtC57CD45CD90R1_GATGAGGAGAGGTTGC-1,CtC57CD45CD90R1
CtC57CD45CD90R1_GATGCTAGTTAAGACA-1,CtC57CD45CD90R1
CtC57CD45CD90R1_GCAAACTAGCCCAACC-1,CtC57CD45CD90R1
CtC57CD45CD90R1_GCAAACTGTCGAGATG-1,CtC57CD45CD90R1
CtC57CD45CD90R1_GCACATACAACCGCCA-1,CtC57CD45CD90R1
CtC57CD45CD90R1_GCAGCCACATTTCAGG-1,CtC57CD45CD90R1
CtC57CD45CD90R1_GCATGCGTCCGGCACA-1,CtC57CD45CD90R1
CtC57CD45CD90R1_GCATGTAGTCGATTGT-1,CtC57CD45CD90R1
CtC57CD45CD90R1_GCATGTAGTGGGTCAA-1,CtC57CD45CD90R1
CtC57CD45CD90R1_GCATGTAGTTCGGCAC-1,CtC57CD45CD90R1
CtC57CD45CD90R1_GCGACCAAGAGCCTAG-1,CtC57CD45CD90R1
CtC57CD45CD90R1_GCGACCAGTTAAAGAC-1,CtC57CD45CD90R1
CtC57CD45CD90R1_GCGACCATCTTCAACT-1,CtC57CD45CD90R1
CtC57CD45CD90R1_GCGAGAAGTTGACGTT-1,CtC57CD45CD90R1
CtC57CD45CD90R1_GCGCAACGTCGACTGC-1,CtC57CD45CD90R1
CtC57CD45CD90R1_GCGCAGTGTGATGATA-1,CtC57CD45CD90R1
CtC57CD45CD90R1_GCGCAGTTCAACGAAA-1,CtC57CD45CD90R1
CtC57CD45CD90R1_GCGCGATCAGCGTTCG-1,CtC57CD45CD90R1
CtC57CD45CD90R1_GCTCCTAAGGATGTAT-1,CtC57CD45CD90R1
CtC57CD45CD90R1_GCTCTGTTCTGGAGCC-1,CtC57CD45CD90R1
CtC57CD45CD90R1_GCTGCAGTCGCAAACT-1,CtC57CD45CD90R1
CtC57CD45CD90R1_GCTGCTTGTGAAAGAG-1,CtC57CD45CD90R1
CtC57CD45CD90R1_GCTGGGTGTATAATGG-1,CtC57CD45CD90R1
CtC57CD45CD90R1_GCTTGAAAGACATAAC-1,CtC57CD45CD90R1
CtC57CD45CD90R1_GGAAAGCGTTCCCGAG-1,CtC57CD45CD90R1
CtC57CD45CD90R1_GGAAAGCTCCGAGCCA-1,CtC57CD45CD90R1
CtC57CD45CD90R1_GGACGTCCAGATGGGT-1,CtC57CD45CD90R1
CtC57CD45CD90R1_GGACGTCCATGGTCTA-1,CtC57CD45CD90R1
CtC57CD45CD90R1_GGATGTTAGGTCATCT-1,CtC57CD45CD90R1
CtC57CD45CD90R1_GGATTACTCACATGCA-1,CtC57CD45CD90R1
CtC57CD45CD90R1_GGCAATTCAAATACAG-1,CtC57CD45CD90R1
CtC57CD45CD90R1_GGCAATTTCACTTCAT-1,CtC57CD45CD90R1
CtC57CD45CD90R1_GGCCGATAGGCGACAT-1,CtC57CD45CD90R1
CtC57CD45CD90R1_GGCCGATCACCATCCT-1,CtC57CD45CD90R1
CtC57CD45CD90R1_GGCTCGAAGGGTGTGT-1,CtC57CD45CD90R1
CtC57CD45CD90R1_GGGCACTAGGATATAC-1,CtC57CD45CD90R1
CtC57CD45CD90R1_GGGCACTAGTTGTCGT-1,CtC57CD45CD90R1
CtC57CD45CD90R1_GGGCATCAGTATCGAA-1,CtC57CD45CD90R1
CtC57CD45CD90R1_GGGCATCCAATTCCTT-1,CtC57CD45CD90R1
CtC57CD45CD90R1_GGGTTGCTCGCCAAAT-1,CtC57CD45CD90R1
CtC57CD45CD90R1_GGTATTGCACCGTTGG-1,CtC57CD45CD90R1
CtC57CD45CD90R1_GGTATTGTCCCTCTTT-1,CtC57CD45CD90R1
CtC57CD45CD90R1_GGTATTGTCTACCTGC-1,CtC57CD45CD90R1
CtC57CD45CD90R1_GGTGAAGGTCCCTTGT-1,CtC57CD45CD90R1
CtC57CD45CD90R1_GGTGCGTCATGCCACG-1,CtC57CD45CD90R1
CtC57CD45CD90R1_GGTGTTACAAGCGATG-1,CtC57CD45CD90R1
CtC57CD45CD90R1_GGTGTTATCGGATGGA-1,CtC57CD45CD90R1
CtC57CD45CD90R1_GTAACTGAGTTGAGAT-1,CtC57CD45CD90R1
CtC57CD45CD90R1_GTAACTGGTATCACCA-1,CtC57CD45CD90R1
CtC57CD45CD90R1_GTACGTACAATGTTGC-1,CtC57CD45CD90R1
CtC57CD45CD90R1_GTAGTCACAAGCCGCT-1,CtC57CD45CD90R1
CtC57CD45CD90R1_GTATCTTAGTATCTCG-1,CtC57CD45CD90R1
CtC57CD45CD90R1_GTATCTTTCGGATGTT-1,CtC57CD45CD90R1
CtC57CD45CD90R1_GTATTCTAGAATTCCC-1,CtC57CD45CD90R1
CtC57CD45CD90R1_GTATTCTGTATATGGA-1,CtC57CD45CD90R1
CtC57CD45CD90R1_GTATTCTTCCTGCCAT-1,CtC57CD45CD90R1
CtC57CD45CD90R1_GTCAAGTAGGACCACA-1,CtC57CD45CD90R1
CtC57CD45CD90R1_GTCAAGTTCCTGTAGA-1,CtC57CD45CD90R1
CtC57CD45CD90R1_GTCACAAAGCAATATG-1,CtC57CD45CD90R1
CtC57CD45CD90R1_GTCACAATCCAGTATG-1,CtC57CD45CD90R1
CtC57CD45CD90R1_GTCATTTGTTAAAGTG-1,CtC57CD45CD90R1
CtC57CD45CD90R1_GTCGGGTCACGTCTCT-1,CtC57CD45CD90R1
CtC57CD45CD90R1_GTCGGGTGTTCCACAA-1,CtC57CD45CD90R1
CtC57CD45CD90R1_GTCGGGTTCGCAAACT-1,CtC57CD45CD90R1
CtC57CD45CD90R1_GTCTCGTCAAGTACCT-1,CtC57CD45CD90R1
CtC57CD45CD90R1_GTCTTCGTCTGCAGTA-1,CtC57CD45CD90R1
CtC57CD45CD90R1_GTCTTCGTCTTAACCT-1,CtC57CD45CD90R1
CtC57CD45CD90R1_GTCTTCGTCTTGTACT-1,CtC57CD45CD90R1
CtC57CD45CD90R1_GTGAAGGAGCCACTAT-1,CtC57CD45CD90R1
CtC57CD45CD90R1_GTGAAGGCAAGACGTG-1,CtC57CD45CD90R1
CtC57CD45CD90R1_GTGCATAAGTGAATTG-1,CtC57CD45CD90R1
CtC57CD45CD90R1_GTGCATAGTCGTTGTA-1,CtC57CD45CD90R1
CtC57CD45CD90R1_GTGCGGTAGATCTGCT-1,CtC57CD45CD90R1
CtC57CD45CD90R1_GTGCGGTAGCTTATCG-1,CtC57CD45CD90R1
CtC57CD45CD90R1_GTGCGGTCACCACCAG-1,CtC57CD45CD90R1
CtC57CD45CD90R1_GTGCTTCGTACCAGTT-1,CtC57CD45CD90R1
CtC57CD45CD90R1_GTGGGTCCATGCCTTC-1,CtC57CD45CD90R1
CtC57CD45CD90R1_GTGGGTCGTACCATCA-1,CtC57CD45CD90R1
CtC57CD45CD90R1_GTGGGTCTCTGCCCTA-1,CtC57CD45CD90R1
CtC57CD45CD90R1_GTGTGCGGTTCTGTTT-1,CtC57CD45CD90R1
CtC57CD45CD90R1_GTGTGCGTCATCGCTC-1,CtC57CD45CD90R1
CtC57CD45CD90R1_GTGTTAGGTTCCACTC-1,CtC57CD45CD90R1
CtC57CD45CD90R1_GTTTCTAGTAGGAGTC-1,CtC57CD45CD90R1
CtC57CD45CD90R1_TAAACCGCAATCCGAT-1,CtC57CD45CD90R1
CtC57CD45CD90R1_TAAGAGACACTTAACG-1,CtC57CD45CD90R1
CtC57CD45CD90R1_TAAGAGAGTCGACTAT-1,CtC57CD45CD90R1
CtC57CD45CD90R1_TAAGCGTAGCTTATCG-1,CtC57CD45CD90R1
CtC57CD45CD90R1_TAAGTGCGTGGAAAGA-1,CtC57CD45CD90R1
CtC57CD45CD90R1_TACACGATCTAACTTC-1,CtC57CD45CD90R1
CtC57CD45CD90R1_TACAGTGTCACGAAGG-1,CtC57CD45CD90R1
CtC57CD45CD90R1_TACAGTGTCTGCGACG-1,CtC57CD45CD90R1
CtC57CD45CD90R1_TACCTATCAATCCAAC-1,CtC57CD45CD90R1
CtC57CD45CD90R1_TACCTATTCGACAGCC-1,CtC57CD45CD90R1
CtC57CD45CD90R1_TACCTTATCTGCCCTA-1,CtC57CD45CD90R1
CtC57CD45CD90R1_TACGGATAGTGTACCT-1,CtC57CD45CD90R1
CtC57CD45CD90R1_TACGGTAAGATCCCAT-1,CtC57CD45CD90R1
CtC57CD45CD90R1_TACTCATAGAATTCCC-1,CtC57CD45CD90R1
CtC57CD45CD90R1_TACTTACAGGTGCTAG-1,CtC57CD45CD90R1
CtC57CD45CD90R1_TACTTACTCTCGCATC-1,CtC57CD45CD90R1
CtC57CD45CD90R1_TACTTGTAGACATAAC-1,CtC57CD45CD90R1
CtC57CD45CD90R1_TACTTGTAGATGCCAG-1,CtC57CD45CD90R1
CtC57CD45CD90R1_TACTTGTCAATAACGA-1,CtC57CD45CD90R1
CtC57CD45CD90R1_TACTTGTCATGCCCGA-1,CtC57CD45CD90R1
CtC57CD45CD90R1_TACTTGTGTTCAGGCC-1,CtC57CD45CD90R1
CtC57CD45CD90R1_TAGTGGTAGTACGCCC-1,CtC57CD45CD90R1
CtC57CD45CD90R1_TATCTCACAGCGTAAG-1,CtC57CD45CD90R1
CtC57CD45CD90R1_TATGCCCAGACTGTAA-1,CtC57CD45CD90R1
CtC57CD45CD90R1_TATGCCCCAGGGCATA-1,CtC57CD45CD90R1
CtC57CD45CD90R1_TATGCCCTCCAAGCCG-1,CtC57CD45CD90R1
CtC57CD45CD90R1_TATTACCAGTAATCCC-1,CtC57CD45CD90R1
CtC57CD45CD90R1_TATTACCGTTCCCTTG-1,CtC57CD45CD90R1
CtC57CD45CD90R1_TCAACGACATACGCTA-1,CtC57CD45CD90R1
CtC57CD45CD90R1_TCAACGAGTTTAGGAA-1,CtC57CD45CD90R1
CtC57CD45CD90R1_TCAATCTTCGGATGTT-1,CtC57CD45CD90R1
CtC57CD45CD90R1_TCAATCTTCTCTTATG-1,CtC57CD45CD90R1
CtC57CD45CD90R1_TCACAAGCATATACGC-1,CtC57CD45CD90R1
CtC57CD45CD90R1_TCACAAGTCTTCGAGA-1,CtC57CD45CD90R1
CtC57CD45CD90R1_TCACGAATCAGCGATT-1,CtC57CD45CD90R1
CtC57CD45CD90R1_TCACGAATCCGGGTGT-1,CtC57CD45CD90R1
CtC57CD45CD90R1_TCACGAATCCTTGGTC-1,CtC57CD45CD90R1
CtC57CD45CD90R1_TCACGAATCGAGAGCA-1,CtC57CD45CD90R1
CtC57CD45CD90R1_TCAGCTCGTACGCACC-1,CtC57CD45CD90R1
CtC57CD45CD90R1_TCAGGTATCATTGCCC-1,CtC57CD45CD90R1
CtC57CD45CD90R1_TCATTACCACTATCTT-1,CtC57CD45CD90R1
CtC57CD45CD90R1_TCATTACCACTTCGAA-1,CtC57CD45CD90R1
CtC57CD45CD90R1_TCATTTGGTTACCAGT-1,CtC57CD45CD90R1
CtC57CD45CD90R1_TCATTTGTCAGCTGGC-1,CtC57CD45CD90R1
CtC57CD45CD90R1_TCCCGATCATGGAATA-1,CtC57CD45CD90R1
CtC57CD45CD90R1_TCGAGGCGTTATGCGT-1,CtC57CD45CD90R1
CtC57CD45CD90R1_TCGAGGCGTTCGGCAC-1,CtC57CD45CD90R1
CtC57CD45CD90R1_TCGCGAGTCCGCAGTG-1,CtC57CD45CD90R1
CtC57CD45CD90R1_TCGTACCTCCACTCCA-1,CtC57CD45CD90R1
CtC57CD45CD90R1_TCTATTGCAAAGGTGC-1,CtC57CD45CD90R1
CtC57CD45CD90R1_TCTATTGGTTGTACAC-1,CtC57CD45CD90R1
CtC57CD45CD90R1_TCTCATACACGGCTAC-1,CtC57CD45CD90R1
CtC57CD45CD90R1_TCTCTAAAGGCTAGGT-1,CtC57CD45CD90R1
CtC57CD45CD90R1_TCTCTAACAGCTTAAC-1,CtC57CD45CD90R1
CtC57CD45CD90R1_TCTGGAATCGCGTTTC-1,CtC57CD45CD90R1
CtC57CD45CD90R1_TCTTCGGTCAACGAAA-1,CtC57CD45CD90R1
CtC57CD45CD90R1_TGACTAGGTTGAGTTC-1,CtC57CD45CD90R1
CtC57CD45CD90R1_TGAGAGGGTTCGTGAT-1,CtC57CD45CD90R1
CtC57CD45CD90R1_TGAGCCGCAGAGCCAA-1,CtC57CD45CD90R1
CtC57CD45CD90R1_TGAGCCGGTCGAGATG-1,CtC57CD45CD90R1
CtC57CD45CD90R1_TGAGCCGTCTTTAGTC-1,CtC57CD45CD90R1
CtC57CD45CD90R1_TGCACCTAGGTGTTAA-1,CtC57CD45CD90R1
CtC57CD45CD90R1_TGCACCTCATAAGACA-1,CtC57CD45CD90R1
CtC57CD45CD90R1_TGCACCTGTTAGGGTG-1,CtC57CD45CD90R1
CtC57CD45CD90R1_TGCCAAACACATCCGG-1,CtC57CD45CD90R1
CtC57CD45CD90R1_TGCCAAATCCTTTCGG-1,CtC57CD45CD90R1
CtC57CD45CD90R1_TGCCCATTCGAATCCA-1,CtC57CD45CD90R1
CtC57CD45CD90R1_TGCCCATTCTCTAAGG-1,CtC57CD45CD90R1
CtC57CD45CD90R1_TGCCCTAAGTACCGGA-1,CtC57CD45CD90R1
CtC57CD45CD90R1_TGCGTGGCACATAACC-1,CtC57CD45CD90R1
CtC57CD45CD90R1_TGCTACCCATGCCTTC-1,CtC57CD45CD90R1
CtC57CD45CD90R1_TGCTGCTGTGAGCGAT-1,CtC57CD45CD90R1
CtC57CD45CD90R1_TGGACGCAGCGATTCT-1,CtC57CD45CD90R1
CtC57CD45CD90R1_TGGCCAGGTGCCTGCA-1,CtC57CD45CD90R1
CtC57CD45CD90R1_TGGCGCAAGTGTCTCA-1,CtC57CD45CD90R1
CtC57CD45CD90R1_TGGCGCATCACCAGGC-1,CtC57CD45CD90R1
CtC57CD45CD90R1_TGGCTGGGTACTCGCG-1,CtC57CD45CD90R1
CtC57CD45CD90R1_TGGCTGGTCCTTTCGG-1,CtC57CD45CD90R1
CtC57CD45CD90R1_TGGGAAGAGATTACCC-1,CtC57CD45CD90R1
CtC57CD45CD90R1_TGGGCGTCAGCATGAG-1,CtC57CD45CD90R1
CtC57CD45CD90R1_TGTATTCAGTGAACGC-1,CtC57CD45CD90R1
CtC57CD45CD90R1_TGTCCCATCACCGGGT-1,CtC57CD45CD90R1
CtC57CD45CD90R1_TGTGGTAGTCTTTCAT-1,CtC57CD45CD90R1
CtC57CD45CD90R1_TGTGTTTCAGTCCTTC-1,CtC57CD45CD90R1
CtC57CD45CD90R1_TGTGTTTTCTGTGCAA-1,CtC57CD45CD90R1
CtC57CD45CD90R1_TGTTCCGCATAGGATA-1,CtC57CD45CD90R1
CtC57CD45CD90R1_TTATGCTAGATCCCAT-1,CtC57CD45CD90R1
CtC57CD45CD90R1_TTATGCTGTCCATGAT-1,CtC57CD45CD90R1
CtC57CD45CD90R1_TTCCCAGTCACTTACT-1,CtC57CD45CD90R1
CtC57CD45CD90R1_TTCGAAGCATATACGC-1,CtC57CD45CD90R1
CtC57CD45CD90R1_TTCGGTCGTAAGTAGT-1,CtC57CD45CD90R1
CtC57CD45CD90R1_TTCTACACAGATCTGT-1,CtC57CD45CD90R1
CtC57CD45CD90R1_TTCTCAACATCGTCGG-1,CtC57CD45CD90R1
CtC57CD45CD90R1_TTCTCCTGTATCGCAT-1,CtC57CD45CD90R1
CtC57CD45CD90R1_TTCTTAGCACCAGCAC-1,CtC57CD45CD90R1
CtC57CD45CD90R1_TTCTTAGGTTAAGATG-1,CtC57CD45CD90R1
CtC57CD45CD90R1_TTCTTAGTCTTGAGAC-1,CtC57CD45CD90R1
CtC57CD45CD90R1_TTGGAACGTTCGGGCT-1,CtC57CD45CD90R1
CtC57CD45CD90R1_TTGTAGGCACCAGATT-1,CtC57CD45CD90R1
CtC57CD45CD90R1_TTTACTGGTTCACCTC-1,CtC57CD45CD90R1
CtC57CD45CD90R1_TTTATGCCATCTGGTA-1,CtC57CD45CD90R1
CtC57CD45CD90R1_TTTATGCGTGTGTGCC-1,CtC57CD45CD90R1
CtC57CD45CD90R1_TTTCCTCTCAGAGACG-1,CtC57CD45CD90R1
CtC57CD45CD90R1_TTTCCTCTCTAACTCT-1,CtC57CD45CD90R1
CtC57CD45CD90R1_TTTGCGCGTAATAGCA-1,CtC57CD45CD90R1
CtC57CD45CD90R1_TTTGGTTCAATGGTCT-1,CtC57CD45CD90R1
CtC57CD45CD90R1_TTTGTCATCCAGGGCT-1,CtC57CD45CD90R1
CtVgCD45CD90R1_AAACCTGAGGCTCTTA-1,CtVgCD45CD90R1
CtVgCD45CD90R1_AAACCTGCAAGCCATT-1,CtVgCD45CD90R1
CtVgCD45CD90R1_AAACCTGCAGCCAGAA-1,CtVgCD45CD90R1
CtVgCD45CD90R1_AAACCTGGTATCGCAT-1,CtVgCD45CD90R1
CtVgCD45CD90R1_AAACCTGGTCACTGGC-1,CtVgCD45CD90R1
CtVgCD45CD90R1_AAACCTGGTTTGGCGC-1,CtVgCD45CD90R1
CtVgCD45CD90R1_AAACCTGTCTCTAGGA-1,CtVgCD45CD90R1
CtVgCD45CD90R1_AAACGGGAGCAGCGTA-1,CtVgCD45CD90R1
CtVgCD45CD90R1_AAACGGGAGCTGATAA-1,CtVgCD45CD90R1
CtVgCD45CD90R1_AAACGGGCACAGGTTT-1,CtVgCD45CD90R1
CtVgCD45CD90R1_AAACGGGGTCGCGGTT-1,CtVgCD45CD90R1
CtVgCD45CD90R1_AAACGGGTCGACGGAA-1,CtVgCD45CD90R1
CtVgCD45CD90R1_AAACGGGTCGCCTGTT-1,CtVgCD45CD90R1
CtVgCD45CD90R1_AAAGATGAGCGTCAAG-1,CtVgCD45CD90R1
CtVgCD45CD90R1_AAAGATGAGGCTAGAC-1,CtVgCD45CD90R1
CtVgCD45CD90R1_AAAGATGCAATGACCT-1,CtVgCD45CD90R1
CtVgCD45CD90R1_AAAGATGCATGTCTCC-1,CtVgCD45CD90R1
CtVgCD45CD90R1_AAAGATGGTAAGTGTA-1,CtVgCD45CD90R1
CtVgCD45CD90R1_AAAGATGGTGTGCGTC-1,CtVgCD45CD90R1
CtVgCD45CD90R1_AAAGATGGTTGTGGCC-1,CtVgCD45CD90R1
CtVgCD45CD90R1_AAAGATGTCACAGGCC-1,CtVgCD45CD90R1
CtVgCD45CD90R1_AAAGATGTCCTCTAGC-1,CtVgCD45CD90R1
CtVgCD45CD90R1_AAAGCAAAGCGTGTCC-1,CtVgCD45CD90R1
CtVgCD45CD90R1_AAAGCAAGTATGGTTC-1,CtVgCD45CD90R1
CtVgCD45CD90R1_AAAGCAATCCCTTGTG-1,CtVgCD45CD90R1
CtVgCD45CD90R1_AAAGCAATCTCAACTT-1,CtVgCD45CD90R1
CtVgCD45CD90R1_AAAGTAGAGATGTGTA-1,CtVgCD45CD90R1
CtVgCD45CD90R1_AAAGTAGCATCGATGT-1,CtVgCD45CD90R1
CtVgCD45CD90R1_AAAGTAGTCACGCGGT-1,CtVgCD45CD90R1
CtVgCD45CD90R1_AAAGTAGTCGCGATCG-1,CtVgCD45CD90R1
CtVgCD45CD90R1_AAATGCCCATGCCACG-1,CtVgCD45CD90R1
CtVgCD45CD90R1_AAATGCCTCAGTCAGT-1,CtVgCD45CD90R1
CtVgCD45CD90R1_AACACGTAGCCATCGC-1,CtVgCD45CD90R1
CtVgCD45CD90R1_AACACGTAGGATATAC-1,CtVgCD45CD90R1
CtVgCD45CD90R1_AACACGTAGTGGAGTC-1,CtVgCD45CD90R1
CtVgCD45CD90R1_AACACGTGTAACGACG-1,CtVgCD45CD90R1
CtVgCD45CD90R1_AACACGTGTAATAGCA-1,CtVgCD45CD90R1
CtVgCD45CD90R1_AACACGTGTTCCGTCT-1,CtVgCD45CD90R1
CtVgCD45CD90R1_AACCATGCAAGGACTG-1,CtVgCD45CD90R1
CtVgCD45CD90R1_AACCATGCACTAAGTC-1,CtVgCD45CD90R1
CtVgCD45CD90R1_AACCATGGTTTCCACC-1,CtVgCD45CD90R1
CtVgCD45CD90R1_AACCATGTCGAACTGT-1,CtVgCD45CD90R1
CtVgCD45CD90R1_AACCATGTCGGCGGTT-1,CtVgCD45CD90R1
CtVgCD45CD90R1_AACCATGTCTCTTATG-1,CtVgCD45CD90R1
CtVgCD45CD90R1_AACCGCGAGCCAACAG-1,CtVgCD45CD90R1
CtVgCD45CD90R1_AACCGCGCAAACTGCT-1,CtVgCD45CD90R1
CtVgCD45CD90R1_AACCGCGTCAGAGGTG-1,CtVgCD45CD90R1
CtVgCD45CD90R1_AACCGCGTCAGTTGAC-1,CtVgCD45CD90R1
CtVgCD45CD90R1_AACCGCGTCTACTATC-1,CtVgCD45CD90R1
CtVgCD45CD90R1_AACCGCGTCTGTCCGT-1,CtVgCD45CD90R1
CtVgCD45CD90R1_AACGTTGAGGGAAACA-1,CtVgCD45CD90R1
CtVgCD45CD90R1_AACGTTGCAGCGAACA-1,CtVgCD45CD90R1
CtVgCD45CD90R1_AACGTTGCATACGCTA-1,CtVgCD45CD90R1
CtVgCD45CD90R1_AACGTTGGTATGCTTG-1,CtVgCD45CD90R1
CtVgCD45CD90R1_AACGTTGTCTTGACGA-1,CtVgCD45CD90R1
CtVgCD45CD90R1_AACTCAGAGGGTTCCC-1,CtVgCD45CD90R1
CtVgCD45CD90R1_AACTCAGCATATACGC-1,CtVgCD45CD90R1
CtVgCD45CD90R1_AACTCAGGTAGCAAAT-1,CtVgCD45CD90R1
CtVgCD45CD90R1_AACTCAGGTAGCGTCC-1,CtVgCD45CD90R1
CtVgCD45CD90R1_AACTCAGGTGTGACCC-1,CtVgCD45CD90R1
CtVgCD45CD90R1_AACTCAGTCCGAATGT-1,CtVgCD45CD90R1
CtVgCD45CD90R1_AACTCCCAGATGAGAG-1,CtVgCD45CD90R1
CtVgCD45CD90R1_AACTCCCCACCAGATT-1,CtVgCD45CD90R1
CtVgCD45CD90R1_AACTCCCCACGGCCAT-1,CtVgCD45CD90R1
CtVgCD45CD90R1_AACTCCCCATGGTTGT-1,CtVgCD45CD90R1
CtVgCD45CD90R1_AACTCCCGTAGAGTGC-1,CtVgCD45CD90R1
CtVgCD45CD90R1_AACTCCCGTTCCGTCT-1,CtVgCD45CD90R1
CtVgCD45CD90R1_AACTCCCTCCACGCAG-1,CtVgCD45CD90R1
CtVgCD45CD90R1_AACTCTTAGAAGGACA-1,CtVgCD45CD90R1
CtVgCD45CD90R1_AACTCTTCATAGAAAC-1,CtVgCD45CD90R1
CtVgCD45CD90R1_AACTCTTGTCACTGGC-1,CtVgCD45CD90R1
CtVgCD45CD90R1_AACTCTTGTCATATCG-1,CtVgCD45CD90R1
CtVgCD45CD90R1_AACTCTTGTCTTGATG-1,CtVgCD45CD90R1
CtVgCD45CD90R1_AACTCTTGTTGGACCC-1,CtVgCD45CD90R1
CtVgCD45CD90R1_AACTGGTTCACAACGT-1,CtVgCD45CD90R1
CtVgCD45CD90R1_AACTGGTTCGCATGAT-1,CtVgCD45CD90R1
CtVgCD45CD90R1_AACTGGTTCTGCTGTC-1,CtVgCD45CD90R1
CtVgCD45CD90R1_AACTGGTTCTTGACGA-1,CtVgCD45CD90R1
CtVgCD45CD90R1_AACTTTCCATGAAGTA-1,CtVgCD45CD90R1
CtVgCD45CD90R1_AACTTTCGTCGGGTCT-1,CtVgCD45CD90R1
CtVgCD45CD90R1_AAGACCTAGTATGACA-1,CtVgCD45CD90R1
CtVgCD45CD90R1_AAGACCTAGTGAATTG-1,CtVgCD45CD90R1
CtVgCD45CD90R1_AAGACCTCAGGGAGAG-1,CtVgCD45CD90R1
CtVgCD45CD90R1_AAGACCTGTCTCTTAT-1,CtVgCD45CD90R1
CtVgCD45CD90R1_AAGCCGCAGAGTGAGA-1,CtVgCD45CD90R1
CtVgCD45CD90R1_AAGCCGCCACGGATAG-1,CtVgCD45CD90R1
CtVgCD45CD90R1_AAGCCGCCAGCTCCGA-1,CtVgCD45CD90R1
CtVgCD45CD90R1_AAGCCGCGTGATAAGT-1,CtVgCD45CD90R1
CtVgCD45CD90R1_AAGGAGCAGGGTATCG-1,CtVgCD45CD90R1
CtVgCD45CD90R1_AAGGAGCCAAGACGTG-1,CtVgCD45CD90R1
CtVgCD45CD90R1_AAGGAGCCAGCTGTAT-1,CtVgCD45CD90R1
CtVgCD45CD90R1_AAGGAGCCATCACGTA-1,CtVgCD45CD90R1
CtVgCD45CD90R1_AAGGAGCCATCGTCGG-1,CtVgCD45CD90R1
CtVgCD45CD90R1_AAGGAGCGTGCGGTAA-1,CtVgCD45CD90R1
CtVgCD45CD90R1_AAGGAGCGTTCCTCCA-1,CtVgCD45CD90R1
CtVgCD45CD90R1_AAGGAGCTCAAGAAGT-1,CtVgCD45CD90R1
CtVgCD45CD90R1_AAGGCAGAGACCGGAT-1,CtVgCD45CD90R1
CtVgCD45CD90R1_AAGGCAGCAAGAAGAG-1,CtVgCD45CD90R1
CtVgCD45CD90R1_AAGGCAGCACTGTTAG-1,CtVgCD45CD90R1
CtVgCD45CD90R1_AAGGCAGTCAAACCGT-1,CtVgCD45CD90R1
CtVgCD45CD90R1_AAGGCAGTCATTATCC-1,CtVgCD45CD90R1
CtVgCD45CD90R1_AAGGCAGTCGGTCTAA-1,CtVgCD45CD90R1
CtVgCD45CD90R1_AAGGTTCAGCCAGTAG-1,CtVgCD45CD90R1
CtVgCD45CD90R1_AAGGTTCAGTTGTAGA-1,CtVgCD45CD90R1
CtVgCD45CD90R1_AAGGTTCCAAGCTGGA-1,CtVgCD45CD90R1
CtVgCD45CD90R1_AAGGTTCCATTGGTAC-1,CtVgCD45CD90R1
CtVgCD45CD90R1_AAGGTTCGTTGTTTGG-1,CtVgCD45CD90R1
CtVgCD45CD90R1_AAGGTTCTCATCATTC-1,CtVgCD45CD90R1
CtVgCD45CD90R1_AAGTCTGAGTAGCCGA-1,CtVgCD45CD90R1
CtVgCD45CD90R1_AAGTCTGCACTACAGT-1,CtVgCD45CD90R1
CtVgCD45CD90R1_AAGTCTGCATACAGCT-1,CtVgCD45CD90R1
CtVgCD45CD90R1_AAGTCTGGTCATACTG-1,CtVgCD45CD90R1
CtVgCD45CD90R1_AATCCAGAGCTGAAAT-1,CtVgCD45CD90R1
CtVgCD45CD90R1_AATCCAGAGGATGGAA-1,CtVgCD45CD90R1
CtVgCD45CD90R1_AATCCAGAGTGGGATC-1,CtVgCD45CD90R1
CtVgCD45CD90R1_AATCCAGGTTCGTGAT-1,CtVgCD45CD90R1
CtVgCD45CD90R1_AATCCAGTCCAATGGT-1,CtVgCD45CD90R1
CtVgCD45CD90R1_AATCCAGTCCGGCACA-1,CtVgCD45CD90R1
CtVgCD45CD90R1_AATCGGTAGTGTTTGC-1,CtVgCD45CD90R1
CtVgCD45CD90R1_AATCGGTCAGCCTATA-1,CtVgCD45CD90R1
CtVgCD45CD90R1_AATCGGTGTCAAACTC-1,CtVgCD45CD90R1
CtVgCD45CD90R1_AATCGGTGTTTGTTGG-1,CtVgCD45CD90R1
CtVgCD45CD90R1_AATCGGTTCCATGAGT-1,CtVgCD45CD90R1
CtVgCD45CD90R1_AATCGGTTCCTCTAGC-1,CtVgCD45CD90R1
CtVgCD45CD90R1_ACACCAAAGGCATGGT-1,CtVgCD45CD90R1
CtVgCD45CD90R1_ACACCAACAGAGCCAA-1,CtVgCD45CD90R1
CtVgCD45CD90R1_ACACCAACATGTTGAC-1,CtVgCD45CD90R1
CtVgCD45CD90R1_ACACCCTAGTACGCCC-1,CtVgCD45CD90R1
CtVgCD45CD90R1_ACACCCTGTGAGTATA-1,CtVgCD45CD90R1
CtVgCD45CD90R1_ACACCGGAGTATCGAA-1,CtVgCD45CD90R1
CtVgCD45CD90R1_ACACCGGAGTGTTTGC-1,CtVgCD45CD90R1
CtVgCD45CD90R1_ACACCGGCAATGTAAG-1,CtVgCD45CD90R1
CtVgCD45CD90R1_ACACCGGCATTATCTC-1,CtVgCD45CD90R1
CtVgCD45CD90R1_ACACCGGGTAGAGGAA-1,CtVgCD45CD90R1
CtVgCD45CD90R1_ACACCGGTCAGCTCTC-1,CtVgCD45CD90R1
CtVgCD45CD90R1_ACACTGAAGTGCGTGA-1,CtVgCD45CD90R1
CtVgCD45CD90R1_ACACTGATCAACGCTA-1,CtVgCD45CD90R1
CtVgCD45CD90R1_ACACTGATCCTCGCAT-1,CtVgCD45CD90R1
CtVgCD45CD90R1_ACAGCCGAGATAGTCA-1,CtVgCD45CD90R1
CtVgCD45CD90R1_ACAGCCGAGCCGGTAA-1,CtVgCD45CD90R1
CtVgCD45CD90R1_ACAGCCGAGGCAGGTT-1,CtVgCD45CD90R1
CtVgCD45CD90R1_ACAGCCGCACGGACAA-1,CtVgCD45CD90R1
CtVgCD45CD90R1_ACAGCCGCAGCCAGAA-1,CtVgCD45CD90R1
CtVgCD45CD90R1_ACAGCCGGTAGTGAAT-1,CtVgCD45CD90R1
CtVgCD45CD90R1_ACAGCCGGTGCCTGTG-1,CtVgCD45CD90R1
CtVgCD45CD90R1_ACAGCCGGTGGGTATG-1,CtVgCD45CD90R1
CtVgCD45CD90R1_ACAGCCGGTGTGAAAT-1,CtVgCD45CD90R1
CtVgCD45CD90R1_ACAGCCGGTTGGTGGA-1,CtVgCD45CD90R1
CtVgCD45CD90R1_ACAGCTACACAACTGT-1,CtVgCD45CD90R1
CtVgCD45CD90R1_ACAGCTACACATCCAA-1,CtVgCD45CD90R1
CtVgCD45CD90R1_ACAGCTACATCACGTA-1,CtVgCD45CD90R1
CtVgCD45CD90R1_ACAGCTATCGTATCAG-1,CtVgCD45CD90R1
CtVgCD45CD90R1_ACATACGCACTTCGAA-1,CtVgCD45CD90R1
CtVgCD45CD90R1_ACATACGGTAAACCTC-1,CtVgCD45CD90R1
CtVgCD45CD90R1_ACATACGGTAACGTTC-1,CtVgCD45CD90R1
CtVgCD45CD90R1_ACATACGGTGGCTCCA-1,CtVgCD45CD90R1
CtVgCD45CD90R1_ACATCAGAGTGGAGAA-1,CtVgCD45CD90R1
CtVgCD45CD90R1_ACATCAGCATGTTGAC-1,CtVgCD45CD90R1
CtVgCD45CD90R1_ACATCAGTCGGTCTAA-1,CtVgCD45CD90R1
CtVgCD45CD90R1_ACATCAGTCTGCGTAA-1,CtVgCD45CD90R1
CtVgCD45CD90R1_ACATCAGTCTGTTGAG-1,CtVgCD45CD90R1
CtVgCD45CD90R1_ACATGGTAGCTAGTCT-1,CtVgCD45CD90R1
CtVgCD45CD90R1_ACATGGTAGGAGTAGA-1,CtVgCD45CD90R1
CtVgCD45CD90R1_ACATGGTAGTACACCT-1,CtVgCD45CD90R1
CtVgCD45CD90R1_ACATGGTAGTCATGCT-1,CtVgCD45CD90R1
CtVgCD45CD90R1_ACATGGTCATACCATG-1,CtVgCD45CD90R1
CtVgCD45CD90R1_ACATGGTGTAAAGGAG-1,CtVgCD45CD90R1
CtVgCD45CD90R1_ACATGGTTCCCGGATG-1,CtVgCD45CD90R1
CtVgCD45CD90R1_ACATGGTTCGGAGCAA-1,CtVgCD45CD90R1
CtVgCD45CD90R1_ACCAGTACAGCTGTAT-1,CtVgCD45CD90R1
CtVgCD45CD90R1_ACCAGTAGTCCGTCAG-1,CtVgCD45CD90R1
CtVgCD45CD90R1_ACCAGTAGTGAACCTT-1,CtVgCD45CD90R1
CtVgCD45CD90R1_ACCAGTAGTTGTCGCG-1,CtVgCD45CD90R1
CtVgCD45CD90R1_ACCAGTATCAACACCA-1,CtVgCD45CD90R1
CtVgCD45CD90R1_ACCAGTATCAGAGGTG-1,CtVgCD45CD90R1
CtVgCD45CD90R1_ACCAGTATCCTAGTGA-1,CtVgCD45CD90R1
CtVgCD45CD90R1_ACCAGTATCTCTTGAT-1,CtVgCD45CD90R1
CtVgCD45CD90R1_ACCCACTAGTTCCACA-1,CtVgCD45CD90R1
CtVgCD45CD90R1_ACCCACTGTAACGTTC-1,CtVgCD45CD90R1
CtVgCD45CD90R1_ACCGTAACATCTGGTA-1,CtVgCD45CD90R1
CtVgCD45CD90R1_ACCTTTAAGCGACGTA-1,CtVgCD45CD90R1
CtVgCD45CD90R1_ACCTTTAAGTTATCGC-1,CtVgCD45CD90R1
CtVgCD45CD90R1_ACCTTTACAGCTGTAT-1,CtVgCD45CD90R1
CtVgCD45CD90R1_ACCTTTACAGCTGTTA-1,CtVgCD45CD90R1
CtVgCD45CD90R1_ACCTTTAGTAGAAAGG-1,CtVgCD45CD90R1
CtVgCD45CD90R1_ACCTTTAGTCTAGCCG-1,CtVgCD45CD90R1
CtVgCD45CD90R1_ACCTTTATCATAAAGG-1,CtVgCD45CD90R1
CtVgCD45CD90R1_ACGAGCCGTAGAGGAA-1,CtVgCD45CD90R1
CtVgCD45CD90R1_ACGAGCCGTTAAGAAC-1,CtVgCD45CD90R1
CtVgCD45CD90R1_ACGAGCCGTTATCGGT-1,CtVgCD45CD90R1
CtVgCD45CD90R1_ACGAGCCTCTTTCCTC-1,CtVgCD45CD90R1
CtVgCD45CD90R1_ACGAGGAAGGCGCTCT-1,CtVgCD45CD90R1
CtVgCD45CD90R1_ACGAGGACAATGGTCT-1,CtVgCD45CD90R1
CtVgCD45CD90R1_ACGAGGACACAGATTC-1,CtVgCD45CD90R1
CtVgCD45CD90R1_ACGAGGACATGCAACT-1,CtVgCD45CD90R1
CtVgCD45CD90R1_ACGAGGAGTAGCCTAT-1,CtVgCD45CD90R1
CtVgCD45CD90R1_ACGAGGATCAGTGTTG-1,CtVgCD45CD90R1
CtVgCD45CD90R1_ACGATACAGAATGTTG-1,CtVgCD45CD90R1
CtVgCD45CD90R1_ACGATACCAGGCAGTA-1,CtVgCD45CD90R1
CtVgCD45CD90R1_ACGATACTCCGTTGTC-1,CtVgCD45CD90R1
CtVgCD45CD90R1_ACGATGTAGCGATATA-1,CtVgCD45CD90R1
CtVgCD45CD90R1_ACGATGTAGGATGGTC-1,CtVgCD45CD90R1
CtVgCD45CD90R1_ACGATGTGTCTAGAGG-1,CtVgCD45CD90R1
CtVgCD45CD90R1_ACGATGTTCTCGCTTG-1,CtVgCD45CD90R1
CtVgCD45CD90R1_ACGCAGCAGCACACAG-1,CtVgCD45CD90R1
CtVgCD45CD90R1_ACGCAGCCACCGTTGG-1,CtVgCD45CD90R1
CtVgCD45CD90R1_ACGCAGCCAGAAGCAC-1,CtVgCD45CD90R1
CtVgCD45CD90R1_ACGCAGCGTTCAGTAC-1,CtVgCD45CD90R1
CtVgCD45CD90R1_ACGCCAGAGTAAGTAC-1,CtVgCD45CD90R1
CtVgCD45CD90R1_ACGCCAGCACCCATTC-1,CtVgCD45CD90R1
CtVgCD45CD90R1_ACGCCAGCACGGTAGA-1,CtVgCD45CD90R1
CtVgCD45CD90R1_ACGCCAGTCAGCAACT-1,CtVgCD45CD90R1
CtVgCD45CD90R1_ACGCCAGTCGTCCGTT-1,CtVgCD45CD90R1
CtVgCD45CD90R1_ACGCCGAAGGTCGGAT-1,CtVgCD45CD90R1
CtVgCD45CD90R1_ACGCCGAAGTACGCCC-1,CtVgCD45CD90R1
CtVgCD45CD90R1_ACGCCGAAGTGGAGAA-1,CtVgCD45CD90R1
CtVgCD45CD90R1_ACGCCGAAGTTCGCGC-1,CtVgCD45CD90R1
CtVgCD45CD90R1_ACGCCGACACCCATGG-1,CtVgCD45CD90R1
CtVgCD45CD90R1_ACGCCGAGTACTCGCG-1,CtVgCD45CD90R1
CtVgCD45CD90R1_ACGCCGAGTATATGAG-1,CtVgCD45CD90R1
CtVgCD45CD90R1_ACGCCGATCATCACCC-1,CtVgCD45CD90R1
CtVgCD45CD90R1_ACGGAGAAGCCAGGAT-1,CtVgCD45CD90R1
CtVgCD45CD90R1_ACGGAGAAGTGTCTCA-1,CtVgCD45CD90R1
CtVgCD45CD90R1_ACGGAGAAGTTTAGGA-1,CtVgCD45CD90R1
CtVgCD45CD90R1_ACGGAGACACCACGTG-1,CtVgCD45CD90R1
CtVgCD45CD90R1_ACGGAGACACCTATCC-1,CtVgCD45CD90R1
CtVgCD45CD90R1_ACGGAGAGTATCTGCA-1,CtVgCD45CD90R1
CtVgCD45CD90R1_ACGGAGAGTCACACGC-1,CtVgCD45CD90R1
CtVgCD45CD90R1_ACGGAGAGTGTGAAAT-1,CtVgCD45CD90R1
CtVgCD45CD90R1_ACGGAGATCACTTATC-1,CtVgCD45CD90R1
CtVgCD45CD90R1_ACGGAGATCGGTCCGA-1,CtVgCD45CD90R1
CtVgCD45CD90R1_ACGGCCACACAGCCCA-1,CtVgCD45CD90R1
CtVgCD45CD90R1_ACGGCCAGTAAGTTCC-1,CtVgCD45CD90R1
CtVgCD45CD90R1_ACGGCCATCTCGGACG-1,CtVgCD45CD90R1
CtVgCD45CD90R1_ACGGCCATCTGTCCGT-1,CtVgCD45CD90R1
CtVgCD45CD90R1_ACGGGCTAGAACTGTA-1,CtVgCD45CD90R1
CtVgCD45CD90R1_ACGGGCTAGCGCTTAT-1,CtVgCD45CD90R1
CtVgCD45CD90R1_ACGGGCTAGGGTATCG-1,CtVgCD45CD90R1
CtVgCD45CD90R1_ACGGGCTAGTATCTCG-1,CtVgCD45CD90R1
CtVgCD45CD90R1_ACGGGCTCAAGGACTG-1,CtVgCD45CD90R1
CtVgCD45CD90R1_ACGGGCTGTCAGCTAT-1,CtVgCD45CD90R1
CtVgCD45CD90R1_ACGGGCTGTCCCTTGT-1,CtVgCD45CD90R1
CtVgCD45CD90R1_ACGGGCTGTCGTGGCT-1,CtVgCD45CD90R1
CtVgCD45CD90R1_ACGGGCTGTCTTGCGG-1,CtVgCD45CD90R1
CtVgCD45CD90R1_ACGGGCTGTGGCGAAT-1,CtVgCD45CD90R1
CtVgCD45CD90R1_ACGGGCTGTGGCTCCA-1,CtVgCD45CD90R1
CtVgCD45CD90R1_ACGGGTCAGAAACCTA-1,CtVgCD45CD90R1
CtVgCD45CD90R1_ACGGGTCAGTACGTAA-1,CtVgCD45CD90R1
CtVgCD45CD90R1_ACGGGTCCAGGCTGAA-1,CtVgCD45CD90R1
CtVgCD45CD90R1_ACGGGTCTCATCACCC-1,CtVgCD45CD90R1
CtVgCD45CD90R1_ACGTCAACATAACCTG-1,CtVgCD45CD90R1
CtVgCD45CD90R1_ACGTCAACATGAGCGA-1,CtVgCD45CD90R1
CtVgCD45CD90R1_ACGTCAAGTTCCCGAG-1,CtVgCD45CD90R1
CtVgCD45CD90R1_ACGTCAAGTTTGTTTC-1,CtVgCD45CD90R1
CtVgCD45CD90R1_ACGTCAATCGTAGGTT-1,CtVgCD45CD90R1
CtVgCD45CD90R1_ACGTCAATCTGATACG-1,CtVgCD45CD90R1
CtVgCD45CD90R1_ACTATCTAGCCCGAAA-1,CtVgCD45CD90R1
CtVgCD45CD90R1_ACTATCTCACTTGGAT-1,CtVgCD45CD90R1
CtVgCD45CD90R1_ACTATCTCAGGCGATA-1,CtVgCD45CD90R1
CtVgCD45CD90R1_ACTATCTTCATTATCC-1,CtVgCD45CD90R1
CtVgCD45CD90R1_ACTGAACAGCTAGTGG-1,CtVgCD45CD90R1
CtVgCD45CD90R1_ACTGAACCAATCGAAA-1,CtVgCD45CD90R1
CtVgCD45CD90R1_ACTGAACCATGGAATA-1,CtVgCD45CD90R1
CtVgCD45CD90R1_ACTGAACGTCGCCATG-1,CtVgCD45CD90R1
CtVgCD45CD90R1_ACTGAACGTGCGCTTG-1,CtVgCD45CD90R1
CtVgCD45CD90R1_ACTGAACTCAAAGACA-1,CtVgCD45CD90R1
CtVgCD45CD90R1_ACTGAACTCGCGCCAA-1,CtVgCD45CD90R1
CtVgCD45CD90R1_ACTGAACTCTGCTGCT-1,CtVgCD45CD90R1
CtVgCD45CD90R1_ACTGAGTCAACCGCCA-1,CtVgCD45CD90R1
CtVgCD45CD90R1_ACTGAGTCAGCTTCGG-1,CtVgCD45CD90R1
CtVgCD45CD90R1_ACTGAGTGTCTCACCT-1,CtVgCD45CD90R1
CtVgCD45CD90R1_ACTGAGTTCCGTACAA-1,CtVgCD45CD90R1
CtVgCD45CD90R1_ACTGAGTTCTGTGCAA-1,CtVgCD45CD90R1
CtVgCD45CD90R1_ACTGATGCACCGAAAG-1,CtVgCD45CD90R1
CtVgCD45CD90R1_ACTGATGCACCGATAT-1,CtVgCD45CD90R1
CtVgCD45CD90R1_ACTGATGCACCTCGGA-1,CtVgCD45CD90R1
CtVgCD45CD90R1_ACTGATGCACGAAAGC-1,CtVgCD45CD90R1
CtVgCD45CD90R1_ACTGATGGTACACCGC-1,CtVgCD45CD90R1
CtVgCD45CD90R1_ACTGATGGTAGCGTGA-1,CtVgCD45CD90R1
CtVgCD45CD90R1_ACTGATGGTTCAGCGC-1,CtVgCD45CD90R1
CtVgCD45CD90R1_ACTGATGTCACGCGGT-1,CtVgCD45CD90R1
CtVgCD45CD90R1_ACTGATGTCACGGTTA-1,CtVgCD45CD90R1
CtVgCD45CD90R1_ACTGCTCAGGGTCGAT-1,CtVgCD45CD90R1
CtVgCD45CD90R1_ACTGCTCAGGGTCTCC-1,CtVgCD45CD90R1
CtVgCD45CD90R1_ACTGCTCCACACTGCG-1,CtVgCD45CD90R1
CtVgCD45CD90R1_ACTGCTCCACGAAAGC-1,CtVgCD45CD90R1
CtVgCD45CD90R1_ACTGCTCCACTGAAGG-1,CtVgCD45CD90R1
CtVgCD45CD90R1_ACTGCTCGTCGAAAGC-1,CtVgCD45CD90R1
CtVgCD45CD90R1_ACTGCTCTCCTCTAGC-1,CtVgCD45CD90R1
CtVgCD45CD90R1_ACTGCTCTCGGCATCG-1,CtVgCD45CD90R1
CtVgCD45CD90R1_ACTGCTCTCTCGTTTA-1,CtVgCD45CD90R1
CtVgCD45CD90R1_ACTGCTCTCTGGTGTA-1,CtVgCD45CD90R1
CtVgCD45CD90R1_ACTGTCCGTCGCGTGT-1,CtVgCD45CD90R1
CtVgCD45CD90R1_ACTTACTCAAGGACAC-1,CtVgCD45CD90R1
CtVgCD45CD90R1_ACTTACTGTAATAGCA-1,CtVgCD45CD90R1
CtVgCD45CD90R1_ACTTACTGTCTCAACA-1,CtVgCD45CD90R1
CtVgCD45CD90R1_ACTTGTTAGCATCATC-1,CtVgCD45CD90R1
CtVgCD45CD90R1_ACTTGTTAGCTGTCTA-1,CtVgCD45CD90R1
CtVgCD45CD90R1_ACTTGTTCATTCCTCG-1,CtVgCD45CD90R1
CtVgCD45CD90R1_ACTTGTTGTAGGCATG-1,CtVgCD45CD90R1
CtVgCD45CD90R1_ACTTGTTTCGATGAGG-1,CtVgCD45CD90R1
CtVgCD45CD90R1_ACTTGTTTCGCCAGCA-1,CtVgCD45CD90R1
CtVgCD45CD90R1_ACTTGTTTCTGAAAGA-1,CtVgCD45CD90R1
CtVgCD45CD90R1_ACTTTCATCACCATAG-1,CtVgCD45CD90R1
CtVgCD45CD90R1_AGAATAGCAGTTAACC-1,CtVgCD45CD90R1
CtVgCD45CD90R1_AGAATAGGTGTGACGA-1,CtVgCD45CD90R1
CtVgCD45CD90R1_AGACGTTAGCCCGAAA-1,CtVgCD45CD90R1
CtVgCD45CD90R1_AGACGTTAGGACTGGT-1,CtVgCD45CD90R1
CtVgCD45CD90R1_AGACGTTAGTTAGGTA-1,CtVgCD45CD90R1
CtVgCD45CD90R1_AGACGTTCAGGCTGAA-1,CtVgCD45CD90R1
CtVgCD45CD90R1_AGACGTTCAGTCGTGC-1,CtVgCD45CD90R1
CtVgCD45CD90R1_AGACGTTGTTGTCTTT-1,CtVgCD45CD90R1
CtVgCD45CD90R1_AGACGTTTCAGAGGTG-1,CtVgCD45CD90R1
CtVgCD45CD90R1_AGACGTTTCAGCTCGG-1,CtVgCD45CD90R1
CtVgCD45CD90R1_AGAGCGAAGAGCTATA-1,CtVgCD45CD90R1
CtVgCD45CD90R1_AGAGCGACAGCCTGTG-1,CtVgCD45CD90R1
CtVgCD45CD90R1_AGAGCGAGTCGACTGC-1,CtVgCD45CD90R1
CtVgCD45CD90R1_AGAGCTTAGAGTGAGA-1,CtVgCD45CD90R1
CtVgCD45CD90R1_AGAGCTTAGATGCGAC-1,CtVgCD45CD90R1
CtVgCD45CD90R1_AGAGCTTCATACTACG-1,CtVgCD45CD90R1
CtVgCD45CD90R1_AGAGCTTGTAGAGCTG-1,CtVgCD45CD90R1
CtVgCD45CD90R1_AGAGCTTGTCCTAGCG-1,CtVgCD45CD90R1
CtVgCD45CD90R1_AGAGCTTGTCTAGAGG-1,CtVgCD45CD90R1
CtVgCD45CD90R1_AGAGCTTGTTACAGAA-1,CtVgCD45CD90R1
CtVgCD45CD90R1_AGAGCTTTCCGAGCCA-1,CtVgCD45CD90R1
CtVgCD45CD90R1_AGAGCTTTCGGCCGAT-1,CtVgCD45CD90R1
CtVgCD45CD90R1_AGAGTGGAGCAGACTG-1,CtVgCD45CD90R1
CtVgCD45CD90R1_AGAGTGGAGGCAGGTT-1,CtVgCD45CD90R1
CtVgCD45CD90R1_AGAGTGGTCTCTGAGA-1,CtVgCD45CD90R1
CtVgCD45CD90R1_AGATCTGCACATGTGT-1,CtVgCD45CD90R1
CtVgCD45CD90R1_AGATCTGCACGTCTCT-1,CtVgCD45CD90R1
CtVgCD45CD90R1_AGATCTGCATCTGGTA-1,CtVgCD45CD90R1
CtVgCD45CD90R1_AGATCTGGTAGCAAAT-1,CtVgCD45CD90R1
CtVgCD45CD90R1_AGATTGCAGCCTTGAT-1,CtVgCD45CD90R1
CtVgCD45CD90R1_AGATTGCAGCTGTCTA-1,CtVgCD45CD90R1
CtVgCD45CD90R1_AGATTGCAGTTTCCTT-1,CtVgCD45CD90R1
CtVgCD45CD90R1_AGATTGCCAAGTAATG-1,CtVgCD45CD90R1
CtVgCD45CD90R1_AGATTGCCATTACGAC-1,CtVgCD45CD90R1
CtVgCD45CD90R1_AGATTGCGTGCTAGCC-1,CtVgCD45CD90R1
CtVgCD45CD90R1_AGATTGCTCTGCGTAA-1,CtVgCD45CD90R1
CtVgCD45CD90R1_AGCAGCCAGACAGAGA-1,CtVgCD45CD90R1
CtVgCD45CD90R1_AGCAGCCCAAGTTCTG-1,CtVgCD45CD90R1
CtVgCD45CD90R1_AGCAGCCCATCACGAT-1,CtVgCD45CD90R1
CtVgCD45CD90R1_AGCAGCCTCTCCCTGA-1,CtVgCD45CD90R1
CtVgCD45CD90R1_AGCATACGTGCTCTTC-1,CtVgCD45CD90R1
CtVgCD45CD90R1_AGCATACTCCCAAGAT-1,CtVgCD45CD90R1
CtVgCD45CD90R1_AGCCTAAAGAATGTTG-1,CtVgCD45CD90R1
CtVgCD45CD90R1_AGCCTAAGTGTTTGGT-1,CtVgCD45CD90R1
CtVgCD45CD90R1_AGCCTAATCACAAACC-1,CtVgCD45CD90R1
CtVgCD45CD90R1_AGCCTAATCCGCAAGC-1,CtVgCD45CD90R1
CtVgCD45CD90R1_AGCGGTCCACGTGAGA-1,CtVgCD45CD90R1
CtVgCD45CD90R1_AGCGGTCGTCTTTCAT-1,CtVgCD45CD90R1
CtVgCD45CD90R1_AGCGGTCTCTTATCTG-1,CtVgCD45CD90R1
CtVgCD45CD90R1_AGCGTATCATCACCCT-1,CtVgCD45CD90R1
CtVgCD45CD90R1_AGCGTATGTGTCCTCT-1,CtVgCD45CD90R1
CtVgCD45CD90R1_AGCGTATTCAGAGCTT-1,CtVgCD45CD90R1
CtVgCD45CD90R1_AGCGTATTCCAATGGT-1,CtVgCD45CD90R1
CtVgCD45CD90R1_AGCGTCGCACCTTGTC-1,CtVgCD45CD90R1
CtVgCD45CD90R1_AGCGTCGGTATTCTCT-1,CtVgCD45CD90R1
CtVgCD45CD90R1_AGCGTCGGTCAGTGGA-1,CtVgCD45CD90R1
CtVgCD45CD90R1_AGCGTCGGTCATGCAT-1,CtVgCD45CD90R1
CtVgCD45CD90R1_AGCGTCGGTCCTGCTT-1,CtVgCD45CD90R1
CtVgCD45CD90R1_AGCGTCGGTTCCACGG-1,CtVgCD45CD90R1
CtVgCD45CD90R1_AGCGTCGTCAGATAAG-1,CtVgCD45CD90R1
CtVgCD45CD90R1_AGCTCCTCAAGCCGTC-1,CtVgCD45CD90R1
CtVgCD45CD90R1_AGCTCCTCAGTAGAGC-1,CtVgCD45CD90R1
CtVgCD45CD90R1_AGCTCCTGTCGATTGT-1,CtVgCD45CD90R1
CtVgCD45CD90R1_AGCTCCTTCCACTCCA-1,CtVgCD45CD90R1
CtVgCD45CD90R1_AGCTCCTTCGGACAAG-1,CtVgCD45CD90R1
CtVgCD45CD90R1_AGCTCCTTCGGATGTT-1,CtVgCD45CD90R1
CtVgCD45CD90R1_AGCTCTCAGACACTAA-1,CtVgCD45CD90R1
CtVgCD45CD90R1_AGCTCTCAGTAATCCC-1,CtVgCD45CD90R1
CtVgCD45CD90R1_AGCTCTCAGTTTAGGA-1,CtVgCD45CD90R1
CtVgCD45CD90R1_AGCTCTCCACGAAGCA-1,CtVgCD45CD90R1
CtVgCD45CD90R1_AGCTCTCGTGCCTGGT-1,CtVgCD45CD90R1
CtVgCD45CD90R1_AGCTCTCGTGCTCTTC-1,CtVgCD45CD90R1
CtVgCD45CD90R1_AGCTCTCGTGTCGCTG-1,CtVgCD45CD90R1
CtVgCD45CD90R1_AGCTCTCTCCAGATCA-1,CtVgCD45CD90R1
CtVgCD45CD90R1_AGCTTGAAGCTAACTC-1,CtVgCD45CD90R1
CtVgCD45CD90R1_AGCTTGAGTGGTACAG-1,CtVgCD45CD90R1
CtVgCD45CD90R1_AGCTTGAGTTCCGGCA-1,CtVgCD45CD90R1
CtVgCD45CD90R1_AGCTTGAGTTTCGCTC-1,CtVgCD45CD90R1
CtVgCD45CD90R1_AGGCCACAGACTACAA-1,CtVgCD45CD90R1
CtVgCD45CD90R1_AGGCCACAGATCGATA-1,CtVgCD45CD90R1
CtVgCD45CD90R1_AGGCCACCATTACCTT-1,CtVgCD45CD90R1
CtVgCD45CD90R1_AGGCCACGTTCCTCCA-1,CtVgCD45CD90R1
CtVgCD45CD90R1_AGGCCACTCCCTCAGT-1,CtVgCD45CD90R1
CtVgCD45CD90R1_AGGCCGTGTATCAGTC-1,CtVgCD45CD90R1
CtVgCD45CD90R1_AGGCCGTGTCGAACAG-1,CtVgCD45CD90R1
CtVgCD45CD90R1_AGGCCGTGTTCCACAA-1,CtVgCD45CD90R1
CtVgCD45CD90R1_AGGCCGTTCAGTTCGA-1,CtVgCD45CD90R1
CtVgCD45CD90R1_AGGCCGTTCTACCTGC-1,CtVgCD45CD90R1
CtVgCD45CD90R1_AGGGAGTAGCCATCGC-1,CtVgCD45CD90R1
CtVgCD45CD90R1_AGGGAGTCAGACTCGC-1,CtVgCD45CD90R1
CtVgCD45CD90R1_AGGGAGTCATGCCCGA-1,CtVgCD45CD90R1
CtVgCD45CD90R1_AGGGAGTGTACTCAAC-1,CtVgCD45CD90R1
CtVgCD45CD90R1_AGGGAGTGTTTGGGCC-1,CtVgCD45CD90R1
CtVgCD45CD90R1_AGGGAGTTCACAACGT-1,CtVgCD45CD90R1
CtVgCD45CD90R1_AGGGAGTTCACGATGT-1,CtVgCD45CD90R1
CtVgCD45CD90R1_AGGGAGTTCGCGTTTC-1,CtVgCD45CD90R1
CtVgCD45CD90R1_AGGGATGAGACTTTCG-1,CtVgCD45CD90R1
CtVgCD45CD90R1_AGGGATGAGCTCCTCT-1,CtVgCD45CD90R1
CtVgCD45CD90R1_AGGGATGAGGCAGTCA-1,CtVgCD45CD90R1
CtVgCD45CD90R1_AGGGATGCACAAGACG-1,CtVgCD45CD90R1
CtVgCD45CD90R1_AGGGATGCACGACGAA-1,CtVgCD45CD90R1
CtVgCD45CD90R1_AGGGATGCAGCTGTAT-1,CtVgCD45CD90R1
CtVgCD45CD90R1_AGGGATGGTTCGTCTC-1,CtVgCD45CD90R1
CtVgCD45CD90R1_AGGGATGTCGGCTTGG-1,CtVgCD45CD90R1
CtVgCD45CD90R1_AGGGTGAAGCTGCAAG-1,CtVgCD45CD90R1
CtVgCD45CD90R1_AGGGTGAGTATTAGCC-1,CtVgCD45CD90R1
CtVgCD45CD90R1_AGGGTGAGTCCAGTGC-1,CtVgCD45CD90R1
CtVgCD45CD90R1_AGGGTGAGTCTCACCT-1,CtVgCD45CD90R1
CtVgCD45CD90R1_AGGGTGATCGCGTTTC-1,CtVgCD45CD90R1
CtVgCD45CD90R1_AGGTCATAGATGTTAG-1,CtVgCD45CD90R1
CtVgCD45CD90R1_AGGTCATAGTAACCCT-1,CtVgCD45CD90R1
CtVgCD45CD90R1_AGGTCATCACTAGTAC-1,CtVgCD45CD90R1
CtVgCD45CD90R1_AGGTCATCAGTTAACC-1,CtVgCD45CD90R1
CtVgCD45CD90R1_AGGTCATCATCACAAC-1,CtVgCD45CD90R1
CtVgCD45CD90R1_AGGTCATGTAAAGTCA-1,CtVgCD45CD90R1
CtVgCD45CD90R1_AGGTCATGTTCGTTGA-1,CtVgCD45CD90R1
CtVgCD45CD90R1_AGGTCATTCCGCAGTG-1,CtVgCD45CD90R1
CtVgCD45CD90R1_AGGTCATTCCGCGTTT-1,CtVgCD45CD90R1
CtVgCD45CD90R1_AGGTCATTCCGTTGCT-1,CtVgCD45CD90R1
CtVgCD45CD90R1_AGGTCCGAGCACCGTC-1,CtVgCD45CD90R1
CtVgCD45CD90R1_AGGTCCGCAAATTGCC-1,CtVgCD45CD90R1
CtVgCD45CD90R1_AGGTCCGCAAGTACCT-1,CtVgCD45CD90R1
CtVgCD45CD90R1_AGGTCCGCAGCTGCAC-1,CtVgCD45CD90R1
CtVgCD45CD90R1_AGGTCCGTCTAGCACA-1,CtVgCD45CD90R1
CtVgCD45CD90R1_AGTAGTCCAGGTCTCG-1,CtVgCD45CD90R1
CtVgCD45CD90R1_AGTAGTCGTTGCGCAC-1,CtVgCD45CD90R1
CtVgCD45CD90R1_AGTAGTCTCCGTTGTC-1,CtVgCD45CD90R1
CtVgCD45CD90R1_AGTCTTTAGCGGATCA-1,CtVgCD45CD90R1
CtVgCD45CD90R1_AGTCTTTAGGGTATCG-1,CtVgCD45CD90R1
CtVgCD45CD90R1_AGTCTTTCATCGTCGG-1,CtVgCD45CD90R1
CtVgCD45CD90R1_AGTCTTTGTATCACCA-1,CtVgCD45CD90R1
CtVgCD45CD90R1_AGTCTTTTCACGGTTA-1,CtVgCD45CD90R1
CtVgCD45CD90R1_AGTCTTTTCCTTCAAT-1,CtVgCD45CD90R1
CtVgCD45CD90R1_AGTGAGGAGGTGTGGT-1,CtVgCD45CD90R1
CtVgCD45CD90R1_AGTGAGGCATGGTTGT-1,CtVgCD45CD90R1
CtVgCD45CD90R1_AGTGAGGGTAGGCTGA-1,CtVgCD45CD90R1
CtVgCD45CD90R1_AGTGAGGGTCTGCCAG-1,CtVgCD45CD90R1
CtVgCD45CD90R1_AGTGAGGTCGACGGAA-1,CtVgCD45CD90R1
CtVgCD45CD90R1_AGTGAGGTCGCATGAT-1,CtVgCD45CD90R1
CtVgCD45CD90R1_AGTGGGAAGACTTTCG-1,CtVgCD45CD90R1
CtVgCD45CD90R1_AGTGGGAAGCCTCGTG-1,CtVgCD45CD90R1
CtVgCD45CD90R1_AGTGGGACAAAGGTGC-1,CtVgCD45CD90R1
CtVgCD45CD90R1_AGTGGGACACCCAGTG-1,CtVgCD45CD90R1
CtVgCD45CD90R1_AGTGGGAGTAGCTAAA-1,CtVgCD45CD90R1
CtVgCD45CD90R1_AGTGGGAGTCAGAATA-1,CtVgCD45CD90R1
CtVgCD45CD90R1_AGTGTCACATTGGCGC-1,CtVgCD45CD90R1
CtVgCD45CD90R1_AGTGTCAGTGAAAGAG-1,CtVgCD45CD90R1
CtVgCD45CD90R1_AGTGTCATCACATACG-1,CtVgCD45CD90R1
CtVgCD45CD90R1_AGTGTCATCATTTGGG-1,CtVgCD45CD90R1
CtVgCD45CD90R1_AGTGTCATCCTAGTGA-1,CtVgCD45CD90R1
CtVgCD45CD90R1_AGTTGGTAGTAATCCC-1,CtVgCD45CD90R1
CtVgCD45CD90R1_AGTTGGTCATCGGTTA-1,CtVgCD45CD90R1
CtVgCD45CD90R1_AGTTGGTGTGTTCGAT-1,CtVgCD45CD90R1
CtVgCD45CD90R1_AGTTGGTGTTAAGATG-1,CtVgCD45CD90R1
CtVgCD45CD90R1_AGTTGGTGTTACGCGC-1,CtVgCD45CD90R1
CtVgCD45CD90R1_AGTTGGTTCACGCATA-1,CtVgCD45CD90R1
CtVgCD45CD90R1_AGTTGGTTCAGCGACC-1,CtVgCD45CD90R1
CtVgCD45CD90R1_ATAACGCCAATGTTGC-1,CtVgCD45CD90R1
CtVgCD45CD90R1_ATAACGCGTAGCTTGT-1,CtVgCD45CD90R1
CtVgCD45CD90R1_ATAACGCGTGAGTGAC-1,CtVgCD45CD90R1
CtVgCD45CD90R1_ATAACGCGTTGTGGAG-1,CtVgCD45CD90R1
CtVgCD45CD90R1_ATAAGAGAGCGTGAGT-1,CtVgCD45CD90R1
CtVgCD45CD90R1_ATAAGAGAGCGTGTCC-1,CtVgCD45CD90R1
CtVgCD45CD90R1_ATAAGAGAGTTCGCAT-1,CtVgCD45CD90R1
CtVgCD45CD90R1_ATAAGAGCAAGGGTCA-1,CtVgCD45CD90R1
CtVgCD45CD90R1_ATAAGAGGTCTCACCT-1,CtVgCD45CD90R1
CtVgCD45CD90R1_ATAGACCAGTACTTGC-1,CtVgCD45CD90R1
CtVgCD45CD90R1_ATAGACCCAAGTAGTA-1,CtVgCD45CD90R1
CtVgCD45CD90R1_ATAGACCTCAGTGCAT-1,CtVgCD45CD90R1
CtVgCD45CD90R1_ATCACGAAGCGCTCCA-1,CtVgCD45CD90R1
CtVgCD45CD90R1_ATCACGAAGTATCTCG-1,CtVgCD45CD90R1
CtVgCD45CD90R1_ATCACGACACTACAGT-1,CtVgCD45CD90R1
CtVgCD45CD90R1_ATCACGAGTATATCCG-1,CtVgCD45CD90R1
CtVgCD45CD90R1_ATCACGAGTGTAAGTA-1,CtVgCD45CD90R1
CtVgCD45CD90R1_ATCACGATCATAACCG-1,CtVgCD45CD90R1
CtVgCD45CD90R1_ATCATCTCAGACGCCT-1,CtVgCD45CD90R1
CtVgCD45CD90R1_ATCATCTCATACTACG-1,CtVgCD45CD90R1
CtVgCD45CD90R1_ATCATCTGTCAAAGCG-1,CtVgCD45CD90R1
CtVgCD45CD90R1_ATCATCTTCAGGCGAA-1,CtVgCD45CD90R1
CtVgCD45CD90R1_ATCATCTTCCCAAGAT-1,CtVgCD45CD90R1
CtVgCD45CD90R1_ATCATCTTCCTTGCCA-1,CtVgCD45CD90R1
CtVgCD45CD90R1_ATCATGGTCATGTGGT-1,CtVgCD45CD90R1
CtVgCD45CD90R1_ATCATGGTCCGCGCAA-1,CtVgCD45CD90R1
CtVgCD45CD90R1_ATCCACCAGACTAGAT-1,CtVgCD45CD90R1
CtVgCD45CD90R1_ATCCACCAGATATGCA-1,CtVgCD45CD90R1
CtVgCD45CD90R1_ATCCACCGTCCAAGTT-1,CtVgCD45CD90R1
CtVgCD45CD90R1_ATCCACCGTCGCATCG-1,CtVgCD45CD90R1
CtVgCD45CD90R1_ATCCACCTCCACGCAG-1,CtVgCD45CD90R1
CtVgCD45CD90R1_ATCCACCTCGGATGGA-1,CtVgCD45CD90R1
CtVgCD45CD90R1_ATCCGAACAAGGTTCT-1,CtVgCD45CD90R1
CtVgCD45CD90R1_ATCCGAAGTACCGTAT-1,CtVgCD45CD90R1
CtVgCD45CD90R1_ATCCGAAGTACCGTTA-1,CtVgCD45CD90R1
CtVgCD45CD90R1_ATCCGAAGTGAGCGAT-1,CtVgCD45CD90R1
CtVgCD45CD90R1_ATCGAGTAGACTGGGT-1,CtVgCD45CD90R1
CtVgCD45CD90R1_ATCGAGTAGAGATGAG-1,CtVgCD45CD90R1
CtVgCD45CD90R1_ATCGAGTAGCATGGCA-1,CtVgCD45CD90R1
CtVgCD45CD90R1_ATCGAGTAGGTCGGAT-1,CtVgCD45CD90R1
CtVgCD45CD90R1_ATCGAGTCAAACCCAT-1,CtVgCD45CD90R1
CtVgCD45CD90R1_ATCGAGTGTAAATGAC-1,CtVgCD45CD90R1
CtVgCD45CD90R1_ATCGAGTGTAGCGATG-1,CtVgCD45CD90R1
CtVgCD45CD90R1_ATCGAGTGTATCGCAT-1,CtVgCD45CD90R1
CtVgCD45CD90R1_ATCGAGTGTCAGAATA-1,CtVgCD45CD90R1
CtVgCD45CD90R1_ATCGAGTTCCAATGGT-1,CtVgCD45CD90R1
CtVgCD45CD90R1_ATCGAGTTCCTAAGTG-1,CtVgCD45CD90R1
CtVgCD45CD90R1_ATCGAGTTCTACGAGT-1,CtVgCD45CD90R1
CtVgCD45CD90R1_ATCTACTGTTCCACAA-1,CtVgCD45CD90R1
CtVgCD45CD90R1_ATCTACTTCTGCGGCA-1,CtVgCD45CD90R1
CtVgCD45CD90R1_ATCTACTTCTTAGCCC-1,CtVgCD45CD90R1
CtVgCD45CD90R1_ATCTGCCAGAATCTCC-1,CtVgCD45CD90R1
CtVgCD45CD90R1_ATCTGCCAGACACTAA-1,CtVgCD45CD90R1
CtVgCD45CD90R1_ATCTGCCAGTCCTCCT-1,CtVgCD45CD90R1
CtVgCD45CD90R1_ATCTGCCAGTGTACCT-1,CtVgCD45CD90R1
CtVgCD45CD90R1_ATCTGCCCAATCCGAT-1,CtVgCD45CD90R1
CtVgCD45CD90R1_ATCTGCCTCATGTCCC-1,CtVgCD45CD90R1
CtVgCD45CD90R1_ATCTGCCTCCATGAAC-1,CtVgCD45CD90R1
CtVgCD45CD90R1_ATCTGCCTCTAAGCCA-1,CtVgCD45CD90R1
CtVgCD45CD90R1_ATGAGGGCACTTAACG-1,CtVgCD45CD90R1
CtVgCD45CD90R1_ATGCGATAGATCACGG-1,CtVgCD45CD90R1
CtVgCD45CD90R1_ATGCGATAGATCGGGT-1,CtVgCD45CD90R1
CtVgCD45CD90R1_ATGCGATAGTGTTAGA-1,CtVgCD45CD90R1
CtVgCD45CD90R1_ATGCGATCATAGTAAG-1,CtVgCD45CD90R1
CtVgCD45CD90R1_ATGCGATCATGTCCTC-1,CtVgCD45CD90R1
CtVgCD45CD90R1_ATGCGATGTACGACCC-1,CtVgCD45CD90R1
CtVgCD45CD90R1_ATGCGATGTAGTGAAT-1,CtVgCD45CD90R1
CtVgCD45CD90R1_ATGCGATGTCTAAACC-1,CtVgCD45CD90R1
CtVgCD45CD90R1_ATGCGATGTTTAGCTG-1,CtVgCD45CD90R1
CtVgCD45CD90R1_ATGCGATTCAATAAGG-1,CtVgCD45CD90R1
CtVgCD45CD90R1_ATGCGATTCCATGAGT-1,CtVgCD45CD90R1
CtVgCD45CD90R1_ATGCGATTCGAACTGT-1,CtVgCD45CD90R1
CtVgCD45CD90R1_ATGGGAGCAAGGCTCC-1,CtVgCD45CD90R1
CtVgCD45CD90R1_ATGGGAGGTAAATGTG-1,CtVgCD45CD90R1
CtVgCD45CD90R1_ATGGGAGTCACGCATA-1,CtVgCD45CD90R1
CtVgCD45CD90R1_ATGGGAGTCCCTCTTT-1,CtVgCD45CD90R1
CtVgCD45CD90R1_ATGTGTGAGAGGTACC-1,CtVgCD45CD90R1
CtVgCD45CD90R1_ATTACTCTCACAGGCC-1,CtVgCD45CD90R1
CtVgCD45CD90R1_ATTACTCTCAGGTAAA-1,CtVgCD45CD90R1
CtVgCD45CD90R1_ATTATCCAGAGACGAA-1,CtVgCD45CD90R1
CtVgCD45CD90R1_ATTATCCAGATATACG-1,CtVgCD45CD90R1
CtVgCD45CD90R1_ATTATCCCAAGGGTCA-1,CtVgCD45CD90R1
CtVgCD45CD90R1_ATTCTACAGGCTATCT-1,CtVgCD45CD90R1
CtVgCD45CD90R1_ATTCTACCAATGGACG-1,CtVgCD45CD90R1
CtVgCD45CD90R1_ATTCTACCAATTCCTT-1,CtVgCD45CD90R1
CtVgCD45CD90R1_ATTCTACGTAATCACC-1,CtVgCD45CD90R1
CtVgCD45CD90R1_ATTCTACTCAGTTGAC-1,CtVgCD45CD90R1
CtVgCD45CD90R1_ATTCTACTCGCCTGAG-1,CtVgCD45CD90R1
CtVgCD45CD90R1_ATTGGACAGGCAGGTT-1,CtVgCD45CD90R1
CtVgCD45CD90R1_ATTGGACCATCGGGTC-1,CtVgCD45CD90R1
CtVgCD45CD90R1_ATTGGACTCAGCTCGG-1,CtVgCD45CD90R1
CtVgCD45CD90R1_ATTGGACTCCACTGGG-1,CtVgCD45CD90R1
CtVgCD45CD90R1_ATTGGACTCGTGGTCG-1,CtVgCD45CD90R1
CtVgCD45CD90R1_ATTGGACTCTCGTTTA-1,CtVgCD45CD90R1
CtVgCD45CD90R1_ATTGGTGAGAAGGCCT-1,CtVgCD45CD90R1
CtVgCD45CD90R1_ATTGGTGAGAGTACAT-1,CtVgCD45CD90R1
CtVgCD45CD90R1_ATTGGTGAGTCCAGGA-1,CtVgCD45CD90R1
CtVgCD45CD90R1_ATTGGTGCAAAGGAAG-1,CtVgCD45CD90R1
CtVgCD45CD90R1_ATTGGTGGTAGAAAGG-1,CtVgCD45CD90R1
CtVgCD45CD90R1_ATTGGTGTCCCTAATT-1,CtVgCD45CD90R1
CtVgCD45CD90R1_ATTTCTGCAGGAATCG-1,CtVgCD45CD90R1
CtVgCD45CD90R1_ATTTCTGGTATAGGGC-1,CtVgCD45CD90R1
CtVgCD45CD90R1_ATTTCTGGTCATGCAT-1,CtVgCD45CD90R1
CtVgCD45CD90R1_ATTTCTGTCAGGCGAA-1,CtVgCD45CD90R1
CtVgCD45CD90R1_ATTTCTGTCCGGCACA-1,CtVgCD45CD90R1
CtVgCD45CD90R1_CAACCAAAGGCTAGAC-1,CtVgCD45CD90R1
CtVgCD45CD90R1_CAACCAAAGTGAACGC-1,CtVgCD45CD90R1
CtVgCD45CD90R1_CAACCAACAACTGCGC-1,CtVgCD45CD90R1
CtVgCD45CD90R1_CAACCAACAATGAATG-1,CtVgCD45CD90R1
CtVgCD45CD90R1_CAACCAACAATGTTGC-1,CtVgCD45CD90R1
CtVgCD45CD90R1_CAACCAACATAAGACA-1,CtVgCD45CD90R1
CtVgCD45CD90R1_CAACCAAGTCCGAACC-1,CtVgCD45CD90R1
CtVgCD45CD90R1_CAACCAATCATAGCAC-1,CtVgCD45CD90R1
CtVgCD45CD90R1_CAACCTCAGACCACGA-1,CtVgCD45CD90R1
CtVgCD45CD90R1_CAACCTCGTGGCCCTA-1,CtVgCD45CD90R1
CtVgCD45CD90R1_CAACTAGAGCGTGTCC-1,CtVgCD45CD90R1
CtVgCD45CD90R1_CAACTAGAGGCCCTTG-1,CtVgCD45CD90R1
CtVgCD45CD90R1_CAACTAGCAAACCTAC-1,CtVgCD45CD90R1
CtVgCD45CD90R1_CAACTAGCAATGGAGC-1,CtVgCD45CD90R1
CtVgCD45CD90R1_CAACTAGTCGCAAGCC-1,CtVgCD45CD90R1
CtVgCD45CD90R1_CAACTAGTCGGCTTGG-1,CtVgCD45CD90R1
CtVgCD45CD90R1_CAAGAAAAGAGACTTA-1,CtVgCD45CD90R1
CtVgCD45CD90R1_CAAGAAACATCCGGGT-1,CtVgCD45CD90R1
CtVgCD45CD90R1_CAAGAAAGTGTGGTTT-1,CtVgCD45CD90R1
CtVgCD45CD90R1_CAAGAAATCCGATATG-1,CtVgCD45CD90R1
CtVgCD45CD90R1_CAAGATCAGAGTAATC-1,CtVgCD45CD90R1
CtVgCD45CD90R1_CAAGATCAGCTCCTCT-1,CtVgCD45CD90R1
CtVgCD45CD90R1_CAAGATCAGTACGTAA-1,CtVgCD45CD90R1
CtVgCD45CD90R1_CAAGATCCACCTCGTT-1,CtVgCD45CD90R1
CtVgCD45CD90R1_CAAGATCGTGCCTTGG-1,CtVgCD45CD90R1
CtVgCD45CD90R1_CAAGATCTCGTGGGAA-1,CtVgCD45CD90R1
CtVgCD45CD90R1_CAAGGCCAGAGCAATT-1,CtVgCD45CD90R1
CtVgCD45CD90R1_CAAGGCCAGGACTGGT-1,CtVgCD45CD90R1
CtVgCD45CD90R1_CAAGGCCCAATCGAAA-1,CtVgCD45CD90R1
CtVgCD45CD90R1_CAAGGCCGTAAGTTCC-1,CtVgCD45CD90R1
CtVgCD45CD90R1_CAAGGCCGTATCACCA-1,CtVgCD45CD90R1
CtVgCD45CD90R1_CAAGGCCGTTAAAGTG-1,CtVgCD45CD90R1
CtVgCD45CD90R1_CAAGGCCTCAGATAAG-1,CtVgCD45CD90R1
CtVgCD45CD90R1_CAAGTTGAGGCACATG-1,CtVgCD45CD90R1
CtVgCD45CD90R1_CAAGTTGAGGCAGGTT-1,CtVgCD45CD90R1
CtVgCD45CD90R1_CAAGTTGCATCCGCGA-1,CtVgCD45CD90R1
CtVgCD45CD90R1_CAAGTTGCATGCAACT-1,CtVgCD45CD90R1
CtVgCD45CD90R1_CAAGTTGTCACCTCGT-1,CtVgCD45CD90R1
CtVgCD45CD90R1_CAAGTTGTCCAAATGC-1,CtVgCD45CD90R1
CtVgCD45CD90R1_CACAAACTCCTTTCGG-1,CtVgCD45CD90R1
CtVgCD45CD90R1_CACACAAAGAGCCTAG-1,CtVgCD45CD90R1
CtVgCD45CD90R1_CACACAAAGGATCGCA-1,CtVgCD45CD90R1
CtVgCD45CD90R1_CACACAACACCGATAT-1,CtVgCD45CD90R1
CtVgCD45CD90R1_CACACAAGTCGAGTTT-1,CtVgCD45CD90R1
CtVgCD45CD90R1_CACACAATCACGACTA-1,CtVgCD45CD90R1
CtVgCD45CD90R1_CACACAATCCTGTACC-1,CtVgCD45CD90R1
CtVgCD45CD90R1_CACACCTAGATGGCGT-1,CtVgCD45CD90R1
CtVgCD45CD90R1_CACACCTAGTCCAGGA-1,CtVgCD45CD90R1
CtVgCD45CD90R1_CACACCTCACATGACT-1,CtVgCD45CD90R1
CtVgCD45CD90R1_CACACCTCACCGATAT-1,CtVgCD45CD90R1
CtVgCD45CD90R1_CACACCTTCGGCGCAT-1,CtVgCD45CD90R1
CtVgCD45CD90R1_CACACTCAGAGCTGCA-1,CtVgCD45CD90R1
CtVgCD45CD90R1_CACACTCCATTAGGCT-1,CtVgCD45CD90R1
CtVgCD45CD90R1_CACACTCGTATAGTAG-1,CtVgCD45CD90R1
CtVgCD45CD90R1_CACACTCGTCTAAAGA-1,CtVgCD45CD90R1
CtVgCD45CD90R1_CACACTCGTGATGTGG-1,CtVgCD45CD90R1
CtVgCD45CD90R1_CACAGGCCAATGACCT-1,CtVgCD45CD90R1
CtVgCD45CD90R1_CACAGGCCAGTAAGAT-1,CtVgCD45CD90R1
CtVgCD45CD90R1_CACAGGCGTACCGTTA-1,CtVgCD45CD90R1
CtVgCD45CD90R1_CACAGGCGTCTTGTCC-1,CtVgCD45CD90R1
CtVgCD45CD90R1_CACAGGCTCATTTGGG-1,CtVgCD45CD90R1
CtVgCD45CD90R1_CACAGTAAGTATCTCG-1,CtVgCD45CD90R1
CtVgCD45CD90R1_CACAGTAGTCTGGAGA-1,CtVgCD45CD90R1
CtVgCD45CD90R1_CACAGTATCAGGCGAA-1,CtVgCD45CD90R1
CtVgCD45CD90R1_CACATAGGTAAATGAC-1,CtVgCD45CD90R1
CtVgCD45CD90R1_CACATAGGTAGCCTAT-1,CtVgCD45CD90R1
CtVgCD45CD90R1_CACATAGGTATTCTCT-1,CtVgCD45CD90R1
CtVgCD45CD90R1_CACATTTAGACTAAGT-1,CtVgCD45CD90R1
CtVgCD45CD90R1_CACATTTAGTAACCCT-1,CtVgCD45CD90R1
CtVgCD45CD90R1_CACATTTGTCATATCG-1,CtVgCD45CD90R1
CtVgCD45CD90R1_CACATTTGTCCTAGCG-1,CtVgCD45CD90R1
CtVgCD45CD90R1_CACATTTGTGTGACGA-1,CtVgCD45CD90R1
CtVgCD45CD90R1_CACATTTTCAACGAAA-1,CtVgCD45CD90R1
CtVgCD45CD90R1_CACCACTCAGCTCCGA-1,CtVgCD45CD90R1
CtVgCD45CD90R1_CACCACTCATGCAACT-1,CtVgCD45CD90R1
CtVgCD45CD90R1_CACCACTTCACGCATA-1,CtVgCD45CD90R1
CtVgCD45CD90R1_CACCACTTCACTATTC-1,CtVgCD45CD90R1
CtVgCD45CD90R1_CACCACTTCAGTTTGG-1,CtVgCD45CD90R1
CtVgCD45CD90R1_CACCACTTCTGCTGTC-1,CtVgCD45CD90R1
CtVgCD45CD90R1_CACCAGGAGACTAGAT-1,CtVgCD45CD90R1
CtVgCD45CD90R1_CACCAGGAGTACGATA-1,CtVgCD45CD90R1
CtVgCD45CD90R1_CACCAGGCAAGTTGTC-1,CtVgCD45CD90R1
CtVgCD45CD90R1_CACCAGGCATAAGACA-1,CtVgCD45CD90R1
CtVgCD45CD90R1_CACCAGGGTGACAAAT-1,CtVgCD45CD90R1
CtVgCD45CD90R1_CACCAGGTCCACGTGG-1,CtVgCD45CD90R1
CtVgCD45CD90R1_CACCAGGTCCTTGGTC-1,CtVgCD45CD90R1
CtVgCD45CD90R1_CACCTTGAGGGAGTAA-1,CtVgCD45CD90R1
CtVgCD45CD90R1_CACCTTGAGGGCACTA-1,CtVgCD45CD90R1
CtVgCD45CD90R1_CACCTTGCACTACAGT-1,CtVgCD45CD90R1
CtVgCD45CD90R1_CACCTTGGTCGCTTTC-1,CtVgCD45CD90R1
CtVgCD45CD90R1_CACCTTGGTCGGCACT-1,CtVgCD45CD90R1
CtVgCD45CD90R1_CACCTTGGTCTTCTCG-1,CtVgCD45CD90R1
CtVgCD45CD90R1_CACTCCAAGTTCGATC-1,CtVgCD45CD90R1
CtVgCD45CD90R1_CACTCCACAGGTCGTC-1,CtVgCD45CD90R1
CtVgCD45CD90R1_CACTCCAGTCTAAACC-1,CtVgCD45CD90R1
CtVgCD45CD90R1_CAGAATCAGACGCACA-1,CtVgCD45CD90R1
CtVgCD45CD90R1_CAGAATCAGACTTTCG-1,CtVgCD45CD90R1
CtVgCD45CD90R1_CAGAATCAGCAGACTG-1,CtVgCD45CD90R1
CtVgCD45CD90R1_CAGAATCCAGACAGGT-1,CtVgCD45CD90R1
CtVgCD45CD90R1_CAGAATCCAGATGAGC-1,CtVgCD45CD90R1
CtVgCD45CD90R1_CAGAATCGTGTTCTTT-1,CtVgCD45CD90R1
CtVgCD45CD90R1_CAGAGAGAGACCTAGG-1,CtVgCD45CD90R1
CtVgCD45CD90R1_CAGAGAGAGGTCATCT-1,CtVgCD45CD90R1
CtVgCD45CD90R1_CAGAGAGCAGTATCTG-1,CtVgCD45CD90R1
CtVgCD45CD90R1_CAGAGAGGTCAGGACA-1,CtVgCD45CD90R1
CtVgCD45CD90R1_CAGAGAGGTTCAGCGC-1,CtVgCD45CD90R1
CtVgCD45CD90R1_CAGAGAGTCCCTTGTG-1,CtVgCD45CD90R1
CtVgCD45CD90R1_CAGATCACACGGCCAT-1,CtVgCD45CD90R1
CtVgCD45CD90R1_CAGATCACATAACCTG-1,CtVgCD45CD90R1
CtVgCD45CD90R1_CAGATCACATCAGTAC-1,CtVgCD45CD90R1
CtVgCD45CD90R1_CAGATCACATGGGAAC-1,CtVgCD45CD90R1
CtVgCD45CD90R1_CAGATCATCTACTATC-1,CtVgCD45CD90R1
CtVgCD45CD90R1_CAGCAGCAGGCATGTG-1,CtVgCD45CD90R1
CtVgCD45CD90R1_CAGCAGCCAAGTCTGT-1,CtVgCD45CD90R1
CtVgCD45CD90R1_CAGCAGCCAGACAAGC-1,CtVgCD45CD90R1
CtVgCD45CD90R1_CAGCAGCCAGCTCCGA-1,CtVgCD45CD90R1
CtVgCD45CD90R1_CAGCAGCGTCTCCATC-1,CtVgCD45CD90R1
CtVgCD45CD90R1_CAGCATAAGATTACCC-1,CtVgCD45CD90R1
CtVgCD45CD90R1_CAGCATAAGGGTCTCC-1,CtVgCD45CD90R1
CtVgCD45CD90R1_CAGCATAGTATCGCAT-1,CtVgCD45CD90R1
CtVgCD45CD90R1_CAGCATAGTCCAGTAT-1,CtVgCD45CD90R1
CtVgCD45CD90R1_CAGCATATCCATGAAC-1,CtVgCD45CD90R1
CtVgCD45CD90R1_CAGCATATCGGTTAAC-1,CtVgCD45CD90R1
CtVgCD45CD90R1_CAGCATATCTGAGGGA-1,CtVgCD45CD90R1
CtVgCD45CD90R1_CAGCCGAAGCTACCTA-1,CtVgCD45CD90R1
CtVgCD45CD90R1_CAGCCGACAACTGCGC-1,CtVgCD45CD90R1
CtVgCD45CD90R1_CAGCCGACAGACTCGC-1,CtVgCD45CD90R1
CtVgCD45CD90R1_CAGCCGAGTCTAGTGT-1,CtVgCD45CD90R1
CtVgCD45CD90R1_CAGCGACAGCCATCGC-1,CtVgCD45CD90R1
CtVgCD45CD90R1_CAGCGACAGGCCCGTT-1,CtVgCD45CD90R1
CtVgCD45CD90R1_CAGCGACCACGCATCG-1,CtVgCD45CD90R1
CtVgCD45CD90R1_CAGCGACGTCGAGTTT-1,CtVgCD45CD90R1
CtVgCD45CD90R1_CAGCGACTCTTCATGT-1,CtVgCD45CD90R1
CtVgCD45CD90R1_CAGCTAACAAAGTGCG-1,CtVgCD45CD90R1
CtVgCD45CD90R1_CAGCTGGCAGATCCAT-1,CtVgCD45CD90R1
CtVgCD45CD90R1_CAGCTGGCAGTCTTCC-1,CtVgCD45CD90R1
CtVgCD45CD90R1_CAGCTGGGTCTGATCA-1,CtVgCD45CD90R1
CtVgCD45CD90R1_CAGCTGGGTTGCGCAC-1,CtVgCD45CD90R1
CtVgCD45CD90R1_CAGCTGGTCTCGCATC-1,CtVgCD45CD90R1
CtVgCD45CD90R1_CAGGTGCCACAGAGGT-1,CtVgCD45CD90R1
CtVgCD45CD90R1_CAGGTGCGTAAGAGAG-1,CtVgCD45CD90R1
CtVgCD45CD90R1_CAGGTGCGTACACCGC-1,CtVgCD45CD90R1
CtVgCD45CD90R1_CAGGTGCGTCGTGGCT-1,CtVgCD45CD90R1
CtVgCD45CD90R1_CAGGTGCTCCCTGACT-1,CtVgCD45CD90R1
CtVgCD45CD90R1_CAGGTGCTCTTGCCGT-1,CtVgCD45CD90R1
CtVgCD45CD90R1_CAGTAACAGCGACGTA-1,CtVgCD45CD90R1
CtVgCD45CD90R1_CAGTAACCAGGAACGT-1,CtVgCD45CD90R1
CtVgCD45CD90R1_CAGTAACGTGACGGTA-1,CtVgCD45CD90R1
CtVgCD45CD90R1_CAGTCCTCATAAAGGT-1,CtVgCD45CD90R1
CtVgCD45CD90R1_CAGTCCTCATTCTTAC-1,CtVgCD45CD90R1
CtVgCD45CD90R1_CAGTCCTTCAGTCCCT-1,CtVgCD45CD90R1
CtVgCD45CD90R1_CAGTCCTTCGCTAGCG-1,CtVgCD45CD90R1
CtVgCD45CD90R1_CATATGGAGAGAACAG-1,CtVgCD45CD90R1
CtVgCD45CD90R1_CATATGGCAACTTGAC-1,CtVgCD45CD90R1
CtVgCD45CD90R1_CATATGGCATTCTCAT-1,CtVgCD45CD90R1
CtVgCD45CD90R1_CATATGGGTAAGTGTA-1,CtVgCD45CD90R1
CtVgCD45CD90R1_CATATGGGTATGGTTC-1,CtVgCD45CD90R1
CtVgCD45CD90R1_CATATGGTCGACGGAA-1,CtVgCD45CD90R1
CtVgCD45CD90R1_CATATTCCAATAGAGT-1,CtVgCD45CD90R1
CtVgCD45CD90R1_CATATTCGTTTGTGTG-1,CtVgCD45CD90R1
CtVgCD45CD90R1_CATCAAGAGGCAAAGA-1,CtVgCD45CD90R1
CtVgCD45CD90R1_CATCAAGCACCGGAAA-1,CtVgCD45CD90R1
CtVgCD45CD90R1_CATCAAGCACCTGGTG-1,CtVgCD45CD90R1
CtVgCD45CD90R1_CATCAAGGTGGACGAT-1,CtVgCD45CD90R1
CtVgCD45CD90R1_CATCAAGGTGTCAATC-1,CtVgCD45CD90R1
CtVgCD45CD90R1_CATCAGACACGGACAA-1,CtVgCD45CD90R1
CtVgCD45CD90R1_CATCAGACATGTCCTC-1,CtVgCD45CD90R1
CtVgCD45CD90R1_CATCAGAGTAGAAGGA-1,CtVgCD45CD90R1
CtVgCD45CD90R1_CATCAGAGTCAGAGGT-1,CtVgCD45CD90R1
CtVgCD45CD90R1_CATCAGATCAGAGCTT-1,CtVgCD45CD90R1
CtVgCD45CD90R1_CATCAGATCATTATCC-1,CtVgCD45CD90R1
CtVgCD45CD90R1_CATCCACAGAGGTAGA-1,CtVgCD45CD90R1
CtVgCD45CD90R1_CATCCACAGTGTACGG-1,CtVgCD45CD90R1
CtVgCD45CD90R1_CATCCACCAAACTGCT-1,CtVgCD45CD90R1
CtVgCD45CD90R1_CATCCACCACTGTCGG-1,CtVgCD45CD90R1
CtVgCD45CD90R1_CATCCACCATTCTCAT-1,CtVgCD45CD90R1
CtVgCD45CD90R1_CATCCACGTCATATCG-1,CtVgCD45CD90R1
CtVgCD45CD90R1_CATCCACTCCTCAACC-1,CtVgCD45CD90R1
CtVgCD45CD90R1_CATCGAACAAGTCTGT-1,CtVgCD45CD90R1
CtVgCD45CD90R1_CATCGAACATCACGAT-1,CtVgCD45CD90R1
CtVgCD45CD90R1_CATCGAACATTCCTGC-1,CtVgCD45CD90R1
CtVgCD45CD90R1_CATCGAAGTAGCGCAA-1,CtVgCD45CD90R1
CtVgCD45CD90R1_CATCGAATCATACGGT-1,CtVgCD45CD90R1
CtVgCD45CD90R1_CATCGAATCATGTAGC-1,CtVgCD45CD90R1
CtVgCD45CD90R1_CATCGGGAGTGGTCCC-1,CtVgCD45CD90R1
CtVgCD45CD90R1_CATCGGGCAGGGTTAG-1,CtVgCD45CD90R1
CtVgCD45CD90R1_CATCGGGCATTCACTT-1,CtVgCD45CD90R1
CtVgCD45CD90R1_CATCGGGGTCCCTACT-1,CtVgCD45CD90R1
CtVgCD45CD90R1_CATCGGGGTGGTAACG-1,CtVgCD45CD90R1
CtVgCD45CD90R1_CATCGGGGTGTCTGAT-1,CtVgCD45CD90R1
CtVgCD45CD90R1_CATCGGGGTTCAGCGC-1,CtVgCD45CD90R1
CtVgCD45CD90R1_CATCGGGTCGGAAACG-1,CtVgCD45CD90R1
CtVgCD45CD90R1_CATGACAAGAATTCCC-1,CtVgCD45CD90R1
CtVgCD45CD90R1_CATGACAAGGGTGTTG-1,CtVgCD45CD90R1
CtVgCD45CD90R1_CATGACAAGGTTACCT-1,CtVgCD45CD90R1
CtVgCD45CD90R1_CATGACACAGCTGGCT-1,CtVgCD45CD90R1
CtVgCD45CD90R1_CATGACAGTTTCCACC-1,CtVgCD45CD90R1
CtVgCD45CD90R1_CATGACATCACCATAG-1,CtVgCD45CD90R1
CtVgCD45CD90R1_CATGACATCGAGAGCA-1,CtVgCD45CD90R1
CtVgCD45CD90R1_CATGACATCGGACAAG-1,CtVgCD45CD90R1
CtVgCD45CD90R1_CATGCCTAGACTTGAA-1,CtVgCD45CD90R1
CtVgCD45CD90R1_CATGCCTCACGGTAGA-1,CtVgCD45CD90R1
CtVgCD45CD90R1_CATGCCTGTAGTGAAT-1,CtVgCD45CD90R1
CtVgCD45CD90R1_CATGCCTTCACATAGC-1,CtVgCD45CD90R1
CtVgCD45CD90R1_CATTATCGTATGAAAC-1,CtVgCD45CD90R1
CtVgCD45CD90R1_CATTATCGTATGGTTC-1,CtVgCD45CD90R1
CtVgCD45CD90R1_CATTATCGTGCAGACA-1,CtVgCD45CD90R1
CtVgCD45CD90R1_CATTATCGTGCGGTAA-1,CtVgCD45CD90R1
CtVgCD45CD90R1_CATTATCTCACAGTAC-1,CtVgCD45CD90R1
CtVgCD45CD90R1_CATTATCTCCCAGGTG-1,CtVgCD45CD90R1
CtVgCD45CD90R1_CATTCGCAGGGTCGAT-1,CtVgCD45CD90R1
CtVgCD45CD90R1_CATTCGCCATCCTAGA-1,CtVgCD45CD90R1
CtVgCD45CD90R1_CATTCGCTCCTGCCAT-1,CtVgCD45CD90R1
CtVgCD45CD90R1_CCAATCCGTATCAGTC-1,CtVgCD45CD90R1
CtVgCD45CD90R1_CCAATCCGTCCTCCAT-1,CtVgCD45CD90R1
CtVgCD45CD90R1_CCAATCCTCGCTTAGA-1,CtVgCD45CD90R1
CtVgCD45CD90R1_CCACCTAGTCACACGC-1,CtVgCD45CD90R1
CtVgCD45CD90R1_CCACCTATCAACACCA-1,CtVgCD45CD90R1
CtVgCD45CD90R1_CCACGGAAGAAACGCC-1,CtVgCD45CD90R1
CtVgCD45CD90R1_CCACGGACACGAAATA-1,CtVgCD45CD90R1
CtVgCD45CD90R1_CCACGGATCAGCGATT-1,CtVgCD45CD90R1
CtVgCD45CD90R1_CCACTACAGTACGATA-1,CtVgCD45CD90R1
CtVgCD45CD90R1_CCACTACAGTGTGGCA-1,CtVgCD45CD90R1
CtVgCD45CD90R1_CCACTACCATCGATTG-1,CtVgCD45CD90R1
CtVgCD45CD90R1_CCACTACGTCAAACTC-1,CtVgCD45CD90R1
CtVgCD45CD90R1_CCACTACGTTATCCGA-1,CtVgCD45CD90R1
CtVgCD45CD90R1_CCAGCGAAGTGAACAT-1,CtVgCD45CD90R1
CtVgCD45CD90R1_CCAGCGAAGTGGACGT-1,CtVgCD45CD90R1
CtVgCD45CD90R1_CCAGCGACATATACCG-1,CtVgCD45CD90R1
CtVgCD45CD90R1_CCAGCGAGTACCATCA-1,CtVgCD45CD90R1
CtVgCD45CD90R1_CCAGCGAGTAGCTAAA-1,CtVgCD45CD90R1
CtVgCD45CD90R1_CCAGCGAGTCACCCAG-1,CtVgCD45CD90R1
CtVgCD45CD90R1_CCAGCGAGTGCCTGCA-1,CtVgCD45CD90R1
CtVgCD45CD90R1_CCAGCGATCAGTTCGA-1,CtVgCD45CD90R1
CtVgCD45CD90R1_CCAGCGATCCGTAGGC-1,CtVgCD45CD90R1
CtVgCD45CD90R1_CCAGCGATCGGTCTAA-1,CtVgCD45CD90R1
CtVgCD45CD90R1_CCATGTCAGATCGGGT-1,CtVgCD45CD90R1
CtVgCD45CD90R1_CCATGTCAGGTAGCTG-1,CtVgCD45CD90R1
CtVgCD45CD90R1_CCATGTCGTATCACCA-1,CtVgCD45CD90R1
CtVgCD45CD90R1_CCATGTCGTGTTTGGT-1,CtVgCD45CD90R1
CtVgCD45CD90R1_CCATGTCTCATCTGTT-1,CtVgCD45CD90R1
CtVgCD45CD90R1_CCATGTCTCTGTTGAG-1,CtVgCD45CD90R1
CtVgCD45CD90R1_CCATTCGAGAAGGGTA-1,CtVgCD45CD90R1
CtVgCD45CD90R1_CCATTCGAGACTAGAT-1,CtVgCD45CD90R1
CtVgCD45CD90R1_CCATTCGAGGACACCA-1,CtVgCD45CD90R1
CtVgCD45CD90R1_CCATTCGCACCAGTTA-1,CtVgCD45CD90R1
CtVgCD45CD90R1_CCATTCGGTCCAAGTT-1,CtVgCD45CD90R1
CtVgCD45CD90R1_CCATTCGGTGTGAAAT-1,CtVgCD45CD90R1
CtVgCD45CD90R1_CCATTCGTCCTATTCA-1,CtVgCD45CD90R1
CtVgCD45CD90R1_CCATTCGTCTTGGGTA-1,CtVgCD45CD90R1
CtVgCD45CD90R1_CCCAATCCAGGAATCG-1,CtVgCD45CD90R1
CtVgCD45CD90R1_CCCAATCCATGTTCCC-1,CtVgCD45CD90R1
CtVgCD45CD90R1_CCCAATCGTTACGGAG-1,CtVgCD45CD90R1
CtVgCD45CD90R1_CCCAGTTAGCACACAG-1,CtVgCD45CD90R1
CtVgCD45CD90R1_CCCAGTTAGTCACGCC-1,CtVgCD45CD90R1
CtVgCD45CD90R1_CCCAGTTTCCCGACTT-1,CtVgCD45CD90R1
CtVgCD45CD90R1_CCCAGTTTCTTGAGAC-1,CtVgCD45CD90R1
CtVgCD45CD90R1_CCCTCCTAGCAGACTG-1,CtVgCD45CD90R1
CtVgCD45CD90R1_CCCTCCTAGGACACCA-1,CtVgCD45CD90R1
CtVgCD45CD90R1_CCCTCCTAGTGTGAAT-1,CtVgCD45CD90R1
CtVgCD45CD90R1_CCCTCCTCATCAGTAC-1,CtVgCD45CD90R1
CtVgCD45CD90R1_CCCTCCTGTTAAGTAG-1,CtVgCD45CD90R1
CtVgCD45CD90R1_CCCTCCTTCCAAATGC-1,CtVgCD45CD90R1
CtVgCD45CD90R1_CCCTCCTTCCGAAGAG-1,CtVgCD45CD90R1
CtVgCD45CD90R1_CCCTCCTTCTATCGCC-1,CtVgCD45CD90R1
CtVgCD45CD90R1_CCCTCCTTCTCGGACG-1,CtVgCD45CD90R1
CtVgCD45CD90R1_CCCTCCTTCTGAGGGA-1,CtVgCD45CD90R1
CtVgCD45CD90R1_CCGGGATAGAGTGACC-1,CtVgCD45CD90R1
CtVgCD45CD90R1_CCGGGATCACGGTAGA-1,CtVgCD45CD90R1
CtVgCD45CD90R1_CCGGGATCATCATCCC-1,CtVgCD45CD90R1
CtVgCD45CD90R1_CCGGGATTCCTTTCGG-1,CtVgCD45CD90R1
CtVgCD45CD90R1_CCGGGATTCTTTACAC-1,CtVgCD45CD90R1
CtVgCD45CD90R1_CCGGTAGAGTACACCT-1,CtVgCD45CD90R1
CtVgCD45CD90R1_CCGGTAGCACAGCCCA-1,CtVgCD45CD90R1
CtVgCD45CD90R1_CCGGTAGCAGTCAGAG-1,CtVgCD45CD90R1
CtVgCD45CD90R1_CCGGTAGGTAATCACC-1,CtVgCD45CD90R1
CtVgCD45CD90R1_CCGGTAGGTCGAGATG-1,CtVgCD45CD90R1
CtVgCD45CD90R1_CCGGTAGTCATAGCAC-1,CtVgCD45CD90R1
CtVgCD45CD90R1_CCGGTAGTCTGTCTAT-1,CtVgCD45CD90R1
CtVgCD45CD90R1_CCGTACTAGAAGGTTT-1,CtVgCD45CD90R1
CtVgCD45CD90R1_CCGTACTAGCCCGAAA-1,CtVgCD45CD90R1
CtVgCD45CD90R1_CCGTACTAGGCTCAGA-1,CtVgCD45CD90R1
CtVgCD45CD90R1_CCGTACTCATTTGCCC-1,CtVgCD45CD90R1
CtVgCD45CD90R1_CCGTGGAAGACAGACC-1,CtVgCD45CD90R1
CtVgCD45CD90R1_CCGTGGAAGGATATAC-1,CtVgCD45CD90R1
CtVgCD45CD90R1_CCGTGGACAGGCTGAA-1,CtVgCD45CD90R1
CtVgCD45CD90R1_CCGTGGATCGGCTTGG-1,CtVgCD45CD90R1
CtVgCD45CD90R1_CCGTTCAAGGCATGTG-1,CtVgCD45CD90R1
CtVgCD45CD90R1_CCGTTCAAGTGTACTC-1,CtVgCD45CD90R1
CtVgCD45CD90R1_CCGTTCACATCGACGC-1,CtVgCD45CD90R1
CtVgCD45CD90R1_CCGTTCAGTCTCTTAT-1,CtVgCD45CD90R1
CtVgCD45CD90R1_CCGTTCATCATGTCCC-1,CtVgCD45CD90R1
CtVgCD45CD90R1_CCGTTCATCTAACTCT-1,CtVgCD45CD90R1
CtVgCD45CD90R1_CCTAAAGAGGATGGTC-1,CtVgCD45CD90R1
CtVgCD45CD90R1_CCTAAAGCAAGAAAGG-1,CtVgCD45CD90R1
CtVgCD45CD90R1_CCTAAAGCAAGACACG-1,CtVgCD45CD90R1
CtVgCD45CD90R1_CCTAAAGCACTCGACG-1,CtVgCD45CD90R1
CtVgCD45CD90R1_CCTAAAGGTCTCTCGT-1,CtVgCD45CD90R1
CtVgCD45CD90R1_CCTAAAGGTGTGGCTC-1,CtVgCD45CD90R1
CtVgCD45CD90R1_CCTAAAGTCACCGGGT-1,CtVgCD45CD90R1
CtVgCD45CD90R1_CCTAAAGTCGTAGATC-1,CtVgCD45CD90R1
CtVgCD45CD90R1_CCTAAAGTCTGATTCT-1,CtVgCD45CD90R1
CtVgCD45CD90R1_CCTAAAGTCTGCGACG-1,CtVgCD45CD90R1
CtVgCD45CD90R1_CCTACACAGAAACGCC-1,CtVgCD45CD90R1
CtVgCD45CD90R1_CCTACACAGACCTAGG-1,CtVgCD45CD90R1
CtVgCD45CD90R1_CCTACACAGAGACTTA-1,CtVgCD45CD90R1
CtVgCD45CD90R1_CCTACACCAAGCGCTC-1,CtVgCD45CD90R1
CtVgCD45CD90R1_CCTACACGTCAAAGCG-1,CtVgCD45CD90R1
CtVgCD45CD90R1_CCTACACGTCGACTGC-1,CtVgCD45CD90R1
CtVgCD45CD90R1_CCTACACTCTTCCTTC-1,CtVgCD45CD90R1
CtVgCD45CD90R1_CCTACCACACTCGACG-1,CtVgCD45CD90R1
CtVgCD45CD90R1_CCTACCACATATACGC-1,CtVgCD45CD90R1
CtVgCD45CD90R1_CCTACCACATCTCGCT-1,CtVgCD45CD90R1
CtVgCD45CD90R1_CCTACCATCCTATTCA-1,CtVgCD45CD90R1
CtVgCD45CD90R1_CCTACCATCGGAGCAA-1,CtVgCD45CD90R1
CtVgCD45CD90R1_CCTAGCTAGACGCAAC-1,CtVgCD45CD90R1
CtVgCD45CD90R1_CCTAGCTCATGGAATA-1,CtVgCD45CD90R1
CtVgCD45CD90R1_CCTAGCTGTTCACGGC-1,CtVgCD45CD90R1
CtVgCD45CD90R1_CCTAGCTGTTTGACAC-1,CtVgCD45CD90R1
CtVgCD45CD90R1_CCTATTAAGCAATATG-1,CtVgCD45CD90R1
CtVgCD45CD90R1_CCTATTAGTTAAAGAC-1,CtVgCD45CD90R1
CtVgCD45CD90R1_CCTATTATCAACACCA-1,CtVgCD45CD90R1
CtVgCD45CD90R1_CCTCTGAAGTGGCACA-1,CtVgCD45CD90R1
CtVgCD45CD90R1_CCTCTGACAATAGAGT-1,CtVgCD45CD90R1
CtVgCD45CD90R1_CCTCTGAGTCCGTCAG-1,CtVgCD45CD90R1
CtVgCD45CD90R1_CCTCTGAGTCTCATCC-1,CtVgCD45CD90R1
CtVgCD45CD90R1_CCTCTGATCATGCTCC-1,CtVgCD45CD90R1
CtVgCD45CD90R1_CCTTACGTCCCTAACC-1,CtVgCD45CD90R1
CtVgCD45CD90R1_CCTTACGTCCGAATGT-1,CtVgCD45CD90R1
CtVgCD45CD90R1_CCTTACGTCGGCTACG-1,CtVgCD45CD90R1
CtVgCD45CD90R1_CCTTCCCAGCACAGGT-1,CtVgCD45CD90R1
CtVgCD45CD90R1_CCTTCCCAGCCCAGCT-1,CtVgCD45CD90R1
CtVgCD45CD90R1_CCTTCCCCATTACGAC-1,CtVgCD45CD90R1
CtVgCD45CD90R1_CCTTCCCTCGCACTCT-1,CtVgCD45CD90R1
CtVgCD45CD90R1_CCTTCCCTCTTCATGT-1,CtVgCD45CD90R1
CtVgCD45CD90R1_CCTTCGAAGCGGATCA-1,CtVgCD45CD90R1
CtVgCD45CD90R1_CCTTCGACAAACGTGG-1,CtVgCD45CD90R1
CtVgCD45CD90R1_CCTTCGACAAAGGAAG-1,CtVgCD45CD90R1
CtVgCD45CD90R1_CCTTCGAGTGGTTTCA-1,CtVgCD45CD90R1
CtVgCD45CD90R1_CCTTCGATCAATACCG-1,CtVgCD45CD90R1
CtVgCD45CD90R1_CCTTCGATCCCATTAT-1,CtVgCD45CD90R1
CtVgCD45CD90R1_CCTTCGATCGTTTGCC-1,CtVgCD45CD90R1
CtVgCD45CD90R1_CCTTCGATCTTGTCAT-1,CtVgCD45CD90R1
CtVgCD45CD90R1_CCTTTCTAGAACTCGG-1,CtVgCD45CD90R1
CtVgCD45CD90R1_CCTTTCTCATGCAACT-1,CtVgCD45CD90R1
CtVgCD45CD90R1_CCTTTCTCATTCTCAT-1,CtVgCD45CD90R1
CtVgCD45CD90R1_CCTTTCTGTAATCGTC-1,CtVgCD45CD90R1
CtVgCD45CD90R1_CCTTTCTGTACTTCTT-1,CtVgCD45CD90R1
CtVgCD45CD90R1_CCTTTCTGTCTAGTGT-1,CtVgCD45CD90R1
CtVgCD45CD90R1_CCTTTCTGTCTCTTTA-1,CtVgCD45CD90R1
CtVgCD45CD90R1_CCTTTCTTCTACCAGA-1,CtVgCD45CD90R1
CtVgCD45CD90R1_CGAACATAGGCGACAT-1,CtVgCD45CD90R1
CtVgCD45CD90R1_CGAACATGTAGCTGCC-1,CtVgCD45CD90R1
CtVgCD45CD90R1_CGAACATGTCAAAGAT-1,CtVgCD45CD90R1
CtVgCD45CD90R1_CGAACATTCGATCCCT-1,CtVgCD45CD90R1
CtVgCD45CD90R1_CGAACATTCGTCCAGG-1,CtVgCD45CD90R1
CtVgCD45CD90R1_CGAATGTAGTGGTAAT-1,CtVgCD45CD90R1
CtVgCD45CD90R1_CGAATGTTCCGTCAAA-1,CtVgCD45CD90R1
CtVgCD45CD90R1_CGAATGTTCGACCAGC-1,CtVgCD45CD90R1
CtVgCD45CD90R1_CGAATGTTCTGAGGGA-1,CtVgCD45CD90R1
CtVgCD45CD90R1_CGAATGTTCTGTCTCG-1,CtVgCD45CD90R1
CtVgCD45CD90R1_CGAATGTTCTGTTTGT-1,CtVgCD45CD90R1
CtVgCD45CD90R1_CGACCTTAGGCTAGAC-1,CtVgCD45CD90R1
CtVgCD45CD90R1_CGACCTTAGGGATACC-1,CtVgCD45CD90R1
CtVgCD45CD90R1_CGACCTTAGGGCTCTC-1,CtVgCD45CD90R1
CtVgCD45CD90R1_CGACCTTAGTAGCGGT-1,CtVgCD45CD90R1
CtVgCD45CD90R1_CGACCTTCACACTGCG-1,CtVgCD45CD90R1
CtVgCD45CD90R1_CGACCTTGTTAAGTAG-1,CtVgCD45CD90R1
CtVgCD45CD90R1_CGACCTTTCGCATGGC-1,CtVgCD45CD90R1
CtVgCD45CD90R1_CGACCTTTCTAACTTC-1,CtVgCD45CD90R1
CtVgCD45CD90R1_CGACCTTTCTACTTAC-1,CtVgCD45CD90R1
CtVgCD45CD90R1_CGACTTCAGATGTTAG-1,CtVgCD45CD90R1
CtVgCD45CD90R1_CGAGAAGAGAGAACAG-1,CtVgCD45CD90R1
CtVgCD45CD90R1_CGAGAAGCACATTCGA-1,CtVgCD45CD90R1
CtVgCD45CD90R1_CGAGAAGCAGTGGAGT-1,CtVgCD45CD90R1
CtVgCD45CD90R1_CGAGAAGGTATGGTTC-1,CtVgCD45CD90R1
CtVgCD45CD90R1_CGAGAAGGTTCGGGCT-1,CtVgCD45CD90R1
CtVgCD45CD90R1_CGAGAAGTCCTCCTAG-1,CtVgCD45CD90R1
CtVgCD45CD90R1_CGAGCACAGGTGCTTT-1,CtVgCD45CD90R1
CtVgCD45CD90R1_CGAGCACCAAGCGAGT-1,CtVgCD45CD90R1
CtVgCD45CD90R1_CGAGCACCAAGTTGTC-1,CtVgCD45CD90R1
CtVgCD45CD90R1_CGAGCACGTAAGAGAG-1,CtVgCD45CD90R1
CtVgCD45CD90R1_CGAGCACGTCCCTACT-1,CtVgCD45CD90R1
CtVgCD45CD90R1_CGAGCACGTTATGCGT-1,CtVgCD45CD90R1
CtVgCD45CD90R1_CGAGCACTCTTCTGGC-1,CtVgCD45CD90R1
CtVgCD45CD90R1_CGAGCCACAGTTTACG-1,CtVgCD45CD90R1
CtVgCD45CD90R1_CGAGCCAGTACCGTTA-1,CtVgCD45CD90R1
CtVgCD45CD90R1_CGAGCCATCAACGGCC-1,CtVgCD45CD90R1
CtVgCD45CD90R1_CGAGCCATCACCTTAT-1,CtVgCD45CD90R1
CtVgCD45CD90R1_CGAGCCATCGAATGCT-1,CtVgCD45CD90R1
CtVgCD45CD90R1_CGAGCCATCTTCCTTC-1,CtVgCD45CD90R1
CtVgCD45CD90R1_CGATCGGAGGTAGCCA-1,CtVgCD45CD90R1
CtVgCD45CD90R1_CGATCGGCAGTCACTA-1,CtVgCD45CD90R1
CtVgCD45CD90R1_CGATCGGCATGTTGAC-1,CtVgCD45CD90R1
CtVgCD45CD90R1_CGATCGGGTCTAGGTT-1,CtVgCD45CD90R1
CtVgCD45CD90R1_CGATCGGTCAAAGTAG-1,CtVgCD45CD90R1
CtVgCD45CD90R1_CGATCGGTCAGTTCGA-1,CtVgCD45CD90R1
CtVgCD45CD90R1_CGATCGGTCCACGCAG-1,CtVgCD45CD90R1
CtVgCD45CD90R1_CGATGGCAGAGCCCAA-1,CtVgCD45CD90R1
CtVgCD45CD90R1_CGATGGCAGGCTATCT-1,CtVgCD45CD90R1
CtVgCD45CD90R1_CGATGGCCAAGCCGTC-1,CtVgCD45CD90R1
CtVgCD45CD90R1_CGATGGCCAATGAATG-1,CtVgCD45CD90R1
CtVgCD45CD90R1_CGATGGCCAATGGAGC-1,CtVgCD45CD90R1
CtVgCD45CD90R1_CGATGGCGTATCGCAT-1,CtVgCD45CD90R1
CtVgCD45CD90R1_CGATGTAAGTGGAGTC-1,CtVgCD45CD90R1
CtVgCD45CD90R1_CGATGTACAAAGTGCG-1,CtVgCD45CD90R1
CtVgCD45CD90R1_CGATGTACAAGGTTTC-1,CtVgCD45CD90R1
CtVgCD45CD90R1_CGATGTAGTAGCTTGT-1,CtVgCD45CD90R1
CtVgCD45CD90R1_CGATGTATCCGATATG-1,CtVgCD45CD90R1
CtVgCD45CD90R1_CGATTGAAGTGGGATC-1,CtVgCD45CD90R1
CtVgCD45CD90R1_CGATTGAAGTGGGTTG-1,CtVgCD45CD90R1
CtVgCD45CD90R1_CGATTGACAAGGGTCA-1,CtVgCD45CD90R1
CtVgCD45CD90R1_CGATTGAGTAAATACG-1,CtVgCD45CD90R1
CtVgCD45CD90R1_CGATTGATCAACGAAA-1,CtVgCD45CD90R1
CtVgCD45CD90R1_CGATTGATCGTAGATC-1,CtVgCD45CD90R1
CtVgCD45CD90R1_CGCCAAGAGAGAACAG-1,CtVgCD45CD90R1
CtVgCD45CD90R1_CGCCAAGAGTGTTAGA-1,CtVgCD45CD90R1
CtVgCD45CD90R1_CGCCAAGCAAGCTGTT-1,CtVgCD45CD90R1
CtVgCD45CD90R1_CGCCAAGCACACTGCG-1,CtVgCD45CD90R1
CtVgCD45CD90R1_CGCCAAGGTAGGCTGA-1,CtVgCD45CD90R1
CtVgCD45CD90R1_CGCCAAGGTATTACCG-1,CtVgCD45CD90R1
CtVgCD45CD90R1_CGCCAAGGTCTACCTC-1,CtVgCD45CD90R1
CtVgCD45CD90R1_CGCCAAGTCCTTCAAT-1,CtVgCD45CD90R1
CtVgCD45CD90R1_CGCCAAGTCTCGAGTA-1,CtVgCD45CD90R1
CtVgCD45CD90R1_CGCCAAGTCTTCGAGA-1,CtVgCD45CD90R1
CtVgCD45CD90R1_CGCGGTAAGAGCCTAG-1,CtVgCD45CD90R1
CtVgCD45CD90R1_CGCGGTAGTACTTAGC-1,CtVgCD45CD90R1
CtVgCD45CD90R1_CGCGGTAGTTACCGAT-1,CtVgCD45CD90R1
CtVgCD45CD90R1_CGCGGTATCTACCTGC-1,CtVgCD45CD90R1
CtVgCD45CD90R1_CGCGTTTAGACAAAGG-1,CtVgCD45CD90R1
CtVgCD45CD90R1_CGCGTTTAGTGACATA-1,CtVgCD45CD90R1
CtVgCD45CD90R1_CGCGTTTCAAGTCATC-1,CtVgCD45CD90R1
CtVgCD45CD90R1_CGCTATCAGGCAGTCA-1,CtVgCD45CD90R1
CtVgCD45CD90R1_CGCTGGAGTACGCTGC-1,CtVgCD45CD90R1
CtVgCD45CD90R1_CGCTGGAGTGCAGGTA-1,CtVgCD45CD90R1
CtVgCD45CD90R1_CGCTGGAGTTTGTGTG-1,CtVgCD45CD90R1
CtVgCD45CD90R1_CGCTTCAAGACCACGA-1,CtVgCD45CD90R1
CtVgCD45CD90R1_CGCTTCACAATGTTGC-1,CtVgCD45CD90R1
CtVgCD45CD90R1_CGCTTCACATCACCCT-1,CtVgCD45CD90R1
CtVgCD45CD90R1_CGCTTCAGTTTCGCTC-1,CtVgCD45CD90R1
CtVgCD45CD90R1_CGCTTCATCCAAAGTC-1,CtVgCD45CD90R1
CtVgCD45CD90R1_CGGACACAGCGAAGGG-1,CtVgCD45CD90R1
CtVgCD45CD90R1_CGGACACCAGGTGCCT-1,CtVgCD45CD90R1
CtVgCD45CD90R1_CGGACACGTACTTCTT-1,CtVgCD45CD90R1
CtVgCD45CD90R1_CGGACACGTTATCACG-1,CtVgCD45CD90R1
CtVgCD45CD90R1_CGGACACTCATCTGTT-1,CtVgCD45CD90R1
CtVgCD45CD90R1_CGGACACTCCACGAAT-1,CtVgCD45CD90R1
CtVgCD45CD90R1_CGGACACTCCGTAGGC-1,CtVgCD45CD90R1
CtVgCD45CD90R1_CGGACACTCTTCTGGC-1,CtVgCD45CD90R1
CtVgCD45CD90R1_CGGACGTAGCGTTCCG-1,CtVgCD45CD90R1
CtVgCD45CD90R1_CGGACGTCAACCGCCA-1,CtVgCD45CD90R1
CtVgCD45CD90R1_CGGACGTCACGGACAA-1,CtVgCD45CD90R1
CtVgCD45CD90R1_CGGACGTCATCCAACA-1,CtVgCD45CD90R1
CtVgCD45CD90R1_CGGACGTGTCATACTG-1,CtVgCD45CD90R1
CtVgCD45CD90R1_CGGACGTGTGAAAGAG-1,CtVgCD45CD90R1
CtVgCD45CD90R1_CGGACGTTCCACGCAG-1,CtVgCD45CD90R1
CtVgCD45CD90R1_CGGACGTTCTTGTATC-1,CtVgCD45CD90R1
CtVgCD45CD90R1_CGGACTGAGAATTCCC-1,CtVgCD45CD90R1
CtVgCD45CD90R1_CGGACTGAGGGCATGT-1,CtVgCD45CD90R1
CtVgCD45CD90R1_CGGACTGAGTCGTTTG-1,CtVgCD45CD90R1
CtVgCD45CD90R1_CGGACTGCATCTCCCA-1,CtVgCD45CD90R1
CtVgCD45CD90R1_CGGACTGTCACTCTTA-1,CtVgCD45CD90R1
CtVgCD45CD90R1_CGGAGCTAGATGTGTA-1,CtVgCD45CD90R1
CtVgCD45CD90R1_CGGAGCTAGGGCATGT-1,CtVgCD45CD90R1
CtVgCD45CD90R1_CGGAGCTAGTGATCGG-1,CtVgCD45CD90R1
CtVgCD45CD90R1_CGGAGCTTCAGGATCT-1,CtVgCD45CD90R1
CtVgCD45CD90R1_CGGAGCTTCCATGAGT-1,CtVgCD45CD90R1
CtVgCD45CD90R1_CGGAGCTTCTAGAGTC-1,CtVgCD45CD90R1
CtVgCD45CD90R1_CGGAGTCAGCTCCTCT-1,CtVgCD45CD90R1
CtVgCD45CD90R1_CGGAGTCAGTTAGCGG-1,CtVgCD45CD90R1
CtVgCD45CD90R1_CGGAGTCCACCAGTTA-1,CtVgCD45CD90R1
CtVgCD45CD90R1_CGGAGTCCAGTTTACG-1,CtVgCD45CD90R1
CtVgCD45CD90R1_CGGAGTCGTAGCGATG-1,CtVgCD45CD90R1
CtVgCD45CD90R1_CGGAGTCGTATAATGG-1,CtVgCD45CD90R1
CtVgCD45CD90R1_CGGAGTCTCCTTTCGG-1,CtVgCD45CD90R1
CtVgCD45CD90R1_CGGCTAGGTACCTACA-1,CtVgCD45CD90R1
CtVgCD45CD90R1_CGGCTAGTCATGCAAC-1,CtVgCD45CD90R1
CtVgCD45CD90R1_CGGCTAGTCTAAGCCA-1,CtVgCD45CD90R1
CtVgCD45CD90R1_CGGGTCAAGAAGCCCA-1,CtVgCD45CD90R1
CtVgCD45CD90R1_CGGGTCACACAAGCCC-1,CtVgCD45CD90R1
CtVgCD45CD90R1_CGGGTCAGTCCGAAGA-1,CtVgCD45CD90R1
CtVgCD45CD90R1_CGGGTCATCAACACGT-1,CtVgCD45CD90R1
CtVgCD45CD90R1_CGGGTCATCAACGGGA-1,CtVgCD45CD90R1
CtVgCD45CD90R1_CGGGTCATCCTAGGGC-1,CtVgCD45CD90R1
CtVgCD45CD90R1_CGGTTAAAGAGTAAGG-1,CtVgCD45CD90R1
CtVgCD45CD90R1_CGGTTAAAGCCCAGCT-1,CtVgCD45CD90R1
CtVgCD45CD90R1_CGGTTAAAGGGATCTG-1,CtVgCD45CD90R1
CtVgCD45CD90R1_CGGTTAAGTCATTAGC-1,CtVgCD45CD90R1
CtVgCD45CD90R1_CGGTTAATCAACACCA-1,CtVgCD45CD90R1
CtVgCD45CD90R1_CGGTTAATCGCCAAAT-1,CtVgCD45CD90R1
CtVgCD45CD90R1_CGGTTAATCGTTTAGG-1,CtVgCD45CD90R1
CtVgCD45CD90R1_CGGTTAATCTATCCTA-1,CtVgCD45CD90R1
CtVgCD45CD90R1_CGTAGCGAGGCTAGCA-1,CtVgCD45CD90R1
CtVgCD45CD90R1_CGTAGCGGTAAATACG-1,CtVgCD45CD90R1
CtVgCD45CD90R1_CGTAGCGGTTCAACCA-1,CtVgCD45CD90R1
CtVgCD45CD90R1_CGTAGGCGTAAGTGTA-1,CtVgCD45CD90R1
CtVgCD45CD90R1_CGTAGGCGTCGCTTTC-1,CtVgCD45CD90R1
CtVgCD45CD90R1_CGTAGGCTCACCAGGC-1,CtVgCD45CD90R1
CtVgCD45CD90R1_CGTCACTAGGAACTGC-1,CtVgCD45CD90R1
CtVgCD45CD90R1_CGTCACTAGTGTCTCA-1,CtVgCD45CD90R1
CtVgCD45CD90R1_CGTCACTCACAAGTAA-1,CtVgCD45CD90R1
CtVgCD45CD90R1_CGTCACTCAGGAATCG-1,CtVgCD45CD90R1
CtVgCD45CD90R1_CGTCACTCATCGGGTC-1,CtVgCD45CD90R1
CtVgCD45CD90R1_CGTCACTGTAAATACG-1,CtVgCD45CD90R1
CtVgCD45CD90R1_CGTCACTGTCATCCCT-1,CtVgCD45CD90R1
CtVgCD45CD90R1_CGTCACTTCGCTTGTC-1,CtVgCD45CD90R1
CtVgCD45CD90R1_CGTCAGGCAAGAGTCG-1,CtVgCD45CD90R1
CtVgCD45CD90R1_CGTCAGGCACCGAATT-1,CtVgCD45CD90R1
CtVgCD45CD90R1_CGTCAGGCAGTTTACG-1,CtVgCD45CD90R1
CtVgCD45CD90R1_CGTCAGGTCTTCCTTC-1,CtVgCD45CD90R1
CtVgCD45CD90R1_CGTCCATAGCGCCTTG-1,CtVgCD45CD90R1
CtVgCD45CD90R1_CGTCCATAGGAGTAGA-1,CtVgCD45CD90R1
CtVgCD45CD90R1_CGTCCATAGTGTACGG-1,CtVgCD45CD90R1
CtVgCD45CD90R1_CGTCCATGTCAGTGGA-1,CtVgCD45CD90R1
CtVgCD45CD90R1_CGTCCATTCGTTGACA-1,CtVgCD45CD90R1
CtVgCD45CD90R1_CGTCTACCATACGCTA-1,CtVgCD45CD90R1
CtVgCD45CD90R1_CGTCTACCATCCCATC-1,CtVgCD45CD90R1
CtVgCD45CD90R1_CGTCTACGTAGTGAAT-1,CtVgCD45CD90R1
CtVgCD45CD90R1_CGTCTACGTTTCGCTC-1,CtVgCD45CD90R1
CtVgCD45CD90R1_CGTCTACTCCGCAGTG-1,CtVgCD45CD90R1
CtVgCD45CD90R1_CGTGAGCAGCGGATCA-1,CtVgCD45CD90R1
CtVgCD45CD90R1_CGTGAGCCAGCTTCGG-1,CtVgCD45CD90R1
CtVgCD45CD90R1_CGTGAGCGTAAGCACG-1,CtVgCD45CD90R1
CtVgCD45CD90R1_CGTGAGCTCCATGAGT-1,CtVgCD45CD90R1
CtVgCD45CD90R1_CGTGAGCTCTGCGGCA-1,CtVgCD45CD90R1
CtVgCD45CD90R1_CGTGTAAGTAGTAGTA-1,CtVgCD45CD90R1
CtVgCD45CD90R1_CGTGTCTAGTGGAGAA-1,CtVgCD45CD90R1
CtVgCD45CD90R1_CGTGTCTGTAAGTGTA-1,CtVgCD45CD90R1
CtVgCD45CD90R1_CGTGTCTTCGTGTAGT-1,CtVgCD45CD90R1
CtVgCD45CD90R1_CGTTAGAAGGTGCTTT-1,CtVgCD45CD90R1
CtVgCD45CD90R1_CGTTAGATCTCGTTTA-1,CtVgCD45CD90R1
CtVgCD45CD90R1_CGTTCTGCACAACGCC-1,CtVgCD45CD90R1
CtVgCD45CD90R1_CGTTCTGCATTACGAC-1,CtVgCD45CD90R1
CtVgCD45CD90R1_CGTTCTGGTCCAGTGC-1,CtVgCD45CD90R1
CtVgCD45CD90R1_CGTTGGGAGTCGAGTG-1,CtVgCD45CD90R1
CtVgCD45CD90R1_CGTTGGGCAAATTGCC-1,CtVgCD45CD90R1
CtVgCD45CD90R1_CGTTGGGCAGATGGCA-1,CtVgCD45CD90R1
CtVgCD45CD90R1_CGTTGGGGTATATCCG-1,CtVgCD45CD90R1
CtVgCD45CD90R1_CGTTGGGTCCGAAGAG-1,CtVgCD45CD90R1
CtVgCD45CD90R1_CGTTGGGTCGACAGCC-1,CtVgCD45CD90R1
CtVgCD45CD90R1_CGTTGGGTCTACGAGT-1,CtVgCD45CD90R1
CtVgCD45CD90R1_CGTTGGGTCTGTTGAG-1,CtVgCD45CD90R1
CtVgCD45CD90R1_CTAACTTGTAGATTAG-1,CtVgCD45CD90R1
CtVgCD45CD90R1_CTAACTTGTTGAACTC-1,CtVgCD45CD90R1
CtVgCD45CD90R1_CTAACTTTCTGAGTGT-1,CtVgCD45CD90R1
CtVgCD45CD90R1_CTAAGACAGATGCCTT-1,CtVgCD45CD90R1
CtVgCD45CD90R1_CTAAGACAGCACACAG-1,CtVgCD45CD90R1
CtVgCD45CD90R1_CTAAGACCAAGACACG-1,CtVgCD45CD90R1
CtVgCD45CD90R1_CTAAGACGTCCTCTTG-1,CtVgCD45CD90R1
CtVgCD45CD90R1_CTAAGACGTCTGATTG-1,CtVgCD45CD90R1
CtVgCD45CD90R1_CTAAGACGTGTTAAGA-1,CtVgCD45CD90R1
CtVgCD45CD90R1_CTAAGACGTTAAGACA-1,CtVgCD45CD90R1
CtVgCD45CD90R1_CTAAGACTCATCGCTC-1,CtVgCD45CD90R1
CtVgCD45CD90R1_CTAAGACTCTCCCTGA-1,CtVgCD45CD90R1
CtVgCD45CD90R1_CTAATGGCAGCCACCA-1,CtVgCD45CD90R1
CtVgCD45CD90R1_CTACACCAGAACAACT-1,CtVgCD45CD90R1
CtVgCD45CD90R1_CTACACCGTCCGAAGA-1,CtVgCD45CD90R1
CtVgCD45CD90R1_CTACATTCATTGGGCC-1,CtVgCD45CD90R1
CtVgCD45CD90R1_CTACATTTCACTATTC-1,CtVgCD45CD90R1
CtVgCD45CD90R1_CTACATTTCCAACCAA-1,CtVgCD45CD90R1
CtVgCD45CD90R1_CTACATTTCTCCCTGA-1,CtVgCD45CD90R1
CtVgCD45CD90R1_CTACATTTCTCTAGGA-1,CtVgCD45CD90R1
CtVgCD45CD90R1_CTACCCAAGGACACCA-1,CtVgCD45CD90R1
CtVgCD45CD90R1_CTACCCAGTCACCCAG-1,CtVgCD45CD90R1
CtVgCD45CD90R1_CTACCCAGTCATCCCT-1,CtVgCD45CD90R1
CtVgCD45CD90R1_CTACCCAGTTTGACTG-1,CtVgCD45CD90R1
CtVgCD45CD90R1_CTACGTCCACGGCTAC-1,CtVgCD45CD90R1
CtVgCD45CD90R1_CTACGTCGTCGCATAT-1,CtVgCD45CD90R1
CtVgCD45CD90R1_CTAGAGTAGAGGGCTT-1,CtVgCD45CD90R1
CtVgCD45CD90R1_CTAGAGTCACAGCCCA-1,CtVgCD45CD90R1
CtVgCD45CD90R1_CTAGAGTCAGTATAAG-1,CtVgCD45CD90R1
CtVgCD45CD90R1_CTAGAGTTCGGCTTGG-1,CtVgCD45CD90R1
CtVgCD45CD90R1_CTAGCCTAGATCACGG-1,CtVgCD45CD90R1
CtVgCD45CD90R1_CTAGCCTCAAAGGTGC-1,CtVgCD45CD90R1
CtVgCD45CD90R1_CTAGCCTCATCGATGT-1,CtVgCD45CD90R1
CtVgCD45CD90R1_CTAGCCTGTTATCGGT-1,CtVgCD45CD90R1
CtVgCD45CD90R1_CTAGTGAAGAAGGCCT-1,CtVgCD45CD90R1
CtVgCD45CD90R1_CTAGTGAAGCGCCTCA-1,CtVgCD45CD90R1
CtVgCD45CD90R1_CTAGTGAAGTCTCCTC-1,CtVgCD45CD90R1
CtVgCD45CD90R1_CTAGTGACAATGAAAC-1,CtVgCD45CD90R1
CtVgCD45CD90R1_CTAGTGAGTATTACCG-1,CtVgCD45CD90R1
CtVgCD45CD90R1_CTAGTGAGTGCTCTTC-1,CtVgCD45CD90R1
CtVgCD45CD90R1_CTAGTGAGTGGTGTAG-1,CtVgCD45CD90R1
CtVgCD45CD90R1_CTAGTGATCACTTCAT-1,CtVgCD45CD90R1
CtVgCD45CD90R1_CTAGTGATCTCCAACC-1,CtVgCD45CD90R1
CtVgCD45CD90R1_CTCACACAGCATCATC-1,CtVgCD45CD90R1
CtVgCD45CD90R1_CTCACACAGCCATCGC-1,CtVgCD45CD90R1
CtVgCD45CD90R1_CTCACACCATCGGACC-1,CtVgCD45CD90R1
CtVgCD45CD90R1_CTCACACGTCTAGTGT-1,CtVgCD45CD90R1
CtVgCD45CD90R1_CTCACACGTCTCGTTC-1,CtVgCD45CD90R1
CtVgCD45CD90R1_CTCAGAACAAGCCCAC-1,CtVgCD45CD90R1
CtVgCD45CD90R1_CTCAGAAGTCCGTTAA-1,CtVgCD45CD90R1
CtVgCD45CD90R1_CTCAGAATCCGTTGCT-1,CtVgCD45CD90R1
CtVgCD45CD90R1_CTCATTACATAGAAAC-1,CtVgCD45CD90R1
CtVgCD45CD90R1_CTCATTAGTAAGAGAG-1,CtVgCD45CD90R1
CtVgCD45CD90R1_CTCCTAGAGGAATTAC-1,CtVgCD45CD90R1
CtVgCD45CD90R1_CTCCTAGGTTAGTGGG-1,CtVgCD45CD90R1
CtVgCD45CD90R1_CTCGAAAAGCTGCAAG-1,CtVgCD45CD90R1
CtVgCD45CD90R1_CTCGAAAAGGAACTGC-1,CtVgCD45CD90R1
CtVgCD45CD90R1_CTCGAAACACAACGCC-1,CtVgCD45CD90R1
CtVgCD45CD90R1_CTCGAAACAGAGCCAA-1,CtVgCD45CD90R1
CtVgCD45CD90R1_CTCGAAAGTTTGCATG-1,CtVgCD45CD90R1
CtVgCD45CD90R1_CTCGAGGAGGCAAAGA-1,CtVgCD45CD90R1
CtVgCD45CD90R1_CTCGAGGAGTACATGA-1,CtVgCD45CD90R1
CtVgCD45CD90R1_CTCGAGGCACAACTGT-1,CtVgCD45CD90R1
CtVgCD45CD90R1_CTCGAGGGTTGGTAAA-1,CtVgCD45CD90R1
CtVgCD45CD90R1_CTCGAGGTCCGTTGCT-1,CtVgCD45CD90R1
CtVgCD45CD90R1_CTCGGAGGTTGGACCC-1,CtVgCD45CD90R1
CtVgCD45CD90R1_CTCGGAGTCTACTTAC-1,CtVgCD45CD90R1
CtVgCD45CD90R1_CTCGGGAAGAAAGTGG-1,CtVgCD45CD90R1
CtVgCD45CD90R1_CTCGGGAAGACAGGCT-1,CtVgCD45CD90R1
CtVgCD45CD90R1_CTCGGGAAGGTGTTAA-1,CtVgCD45CD90R1
CtVgCD45CD90R1_CTCGGGACATATGGTC-1,CtVgCD45CD90R1
CtVgCD45CD90R1_CTCGGGACATTTGCTT-1,CtVgCD45CD90R1
CtVgCD45CD90R1_CTCGGGAGTAGTGAAT-1,CtVgCD45CD90R1
CtVgCD45CD90R1_CTCGGGATCTCTAAGG-1,CtVgCD45CD90R1
CtVgCD45CD90R1_CTCGTACGTAAGGATT-1,CtVgCD45CD90R1
CtVgCD45CD90R1_CTCGTACGTTGGTTTG-1,CtVgCD45CD90R1
CtVgCD45CD90R1_CTCGTCAAGATCCGAG-1,CtVgCD45CD90R1
CtVgCD45CD90R1_CTCGTCAGTACTCGCG-1,CtVgCD45CD90R1
CtVgCD45CD90R1_CTCGTCAGTGATAAGT-1,CtVgCD45CD90R1
CtVgCD45CD90R1_CTCGTCAGTTAAAGAC-1,CtVgCD45CD90R1
CtVgCD45CD90R1_CTCGTCATCAGCCTAA-1,CtVgCD45CD90R1
CtVgCD45CD90R1_CTCGTCATCTAACGGT-1,CtVgCD45CD90R1
CtVgCD45CD90R1_CTCGTCATCTGGAGCC-1,CtVgCD45CD90R1
CtVgCD45CD90R1_CTCTAATAGGCTCATT-1,CtVgCD45CD90R1
CtVgCD45CD90R1_CTCTAATCAAAGTCAA-1,CtVgCD45CD90R1
CtVgCD45CD90R1_CTCTAATCAAGTAATG-1,CtVgCD45CD90R1
CtVgCD45CD90R1_CTCTAATCACAGGCCT-1,CtVgCD45CD90R1
CtVgCD45CD90R1_CTCTAATGTCTCGTTC-1,CtVgCD45CD90R1
CtVgCD45CD90R1_CTCTAATGTTAAGACA-1,CtVgCD45CD90R1
CtVgCD45CD90R1_CTCTAATTCTCGAGTA-1,CtVgCD45CD90R1
CtVgCD45CD90R1_CTCTACGAGCTCCTCT-1,CtVgCD45CD90R1
CtVgCD45CD90R1_CTCTACGAGCTGTTCA-1,CtVgCD45CD90R1
CtVgCD45CD90R1_CTCTACGGTACGCACC-1,CtVgCD45CD90R1
CtVgCD45CD90R1_CTCTACGGTCCGAGTC-1,CtVgCD45CD90R1
CtVgCD45CD90R1_CTCTACGGTCTGATTG-1,CtVgCD45CD90R1
CtVgCD45CD90R1_CTCTACGTCAATAAGG-1,CtVgCD45CD90R1
CtVgCD45CD90R1_CTCTACGTCGGTTCGG-1,CtVgCD45CD90R1
CtVgCD45CD90R1_CTCTACGTCTTCATGT-1,CtVgCD45CD90R1
CtVgCD45CD90R1_CTCTACGTCTTGTATC-1,CtVgCD45CD90R1
CtVgCD45CD90R1_CTCTGGTCAAAGGAAG-1,CtVgCD45CD90R1
CtVgCD45CD90R1_CTCTGGTCATGGTAGG-1,CtVgCD45CD90R1
CtVgCD45CD90R1_CTCTGGTGTCAAAGCG-1,CtVgCD45CD90R1
CtVgCD45CD90R1_CTCTGGTGTGACTACT-1,CtVgCD45CD90R1
CtVgCD45CD90R1_CTCTGGTTCATGCATG-1,CtVgCD45CD90R1
CtVgCD45CD90R1_CTCTGGTTCGCCTGTT-1,CtVgCD45CD90R1
CtVgCD45CD90R1_CTCTGGTTCGTACGGC-1,CtVgCD45CD90R1
CtVgCD45CD90R1_CTGAAACAGATAGCAT-1,CtVgCD45CD90R1
CtVgCD45CD90R1_CTGAAACAGCGCCTCA-1,CtVgCD45CD90R1
CtVgCD45CD90R1_CTGAAACAGGTGGGTT-1,CtVgCD45CD90R1
CtVgCD45CD90R1_CTGAAACCAATAGAGT-1,CtVgCD45CD90R1
CtVgCD45CD90R1_CTGAAACCAGTCACTA-1,CtVgCD45CD90R1
CtVgCD45CD90R1_CTGAAACGTAGCGTGA-1,CtVgCD45CD90R1
CtVgCD45CD90R1_CTGAAACTCTCACATT-1,CtVgCD45CD90R1
CtVgCD45CD90R1_CTGAAGTAGCTGTCTA-1,CtVgCD45CD90R1
CtVgCD45CD90R1_CTGAAGTGTACAGCAG-1,CtVgCD45CD90R1
CtVgCD45CD90R1_CTGAAGTGTGAGGGAG-1,CtVgCD45CD90R1
CtVgCD45CD90R1_CTGAAGTGTGCGATAG-1,CtVgCD45CD90R1
CtVgCD45CD90R1_CTGAAGTTCACGACTA-1,CtVgCD45CD90R1
CtVgCD45CD90R1_CTGAAGTTCCTGCTTG-1,CtVgCD45CD90R1
CtVgCD45CD90R1_CTGAAGTTCGTAGGAG-1,CtVgCD45CD90R1
CtVgCD45CD90R1_CTGATAGCAAGTAATG-1,CtVgCD45CD90R1
CtVgCD45CD90R1_CTGATAGCAATCCAAC-1,CtVgCD45CD90R1
CtVgCD45CD90R1_CTGATAGGTGAAAGAG-1,CtVgCD45CD90R1
CtVgCD45CD90R1_CTGATAGGTGTGCGTC-1,CtVgCD45CD90R1
CtVgCD45CD90R1_CTGATAGTCCACGCAG-1,CtVgCD45CD90R1
CtVgCD45CD90R1_CTGATCCAGCTCCCAG-1,CtVgCD45CD90R1
CtVgCD45CD90R1_CTGATCCAGTAAGTAC-1,CtVgCD45CD90R1
CtVgCD45CD90R1_CTGATCCCATACGCCG-1,CtVgCD45CD90R1
CtVgCD45CD90R1_CTGATCCGTCGCATCG-1,CtVgCD45CD90R1
CtVgCD45CD90R1_CTGATCCGTGTTCGAT-1,CtVgCD45CD90R1
CtVgCD45CD90R1_CTGATCCGTTGACGTT-1,CtVgCD45CD90R1
CtVgCD45CD90R1_CTGATCCTCAATAAGG-1,CtVgCD45CD90R1
CtVgCD45CD90R1_CTGATCCTCTGATTCT-1,CtVgCD45CD90R1
CtVgCD45CD90R1_CTGCCTACACGGTAGA-1,CtVgCD45CD90R1
CtVgCD45CD90R1_CTGCCTACATGTCCTC-1,CtVgCD45CD90R1
CtVgCD45CD90R1_CTGCCTATCAGCTCGG-1,CtVgCD45CD90R1
CtVgCD45CD90R1_CTGCCTATCGAGAACG-1,CtVgCD45CD90R1
CtVgCD45CD90R1_CTGCCTATCGTAGGAG-1,CtVgCD45CD90R1
CtVgCD45CD90R1_CTGCCTATCTGGTATG-1,CtVgCD45CD90R1
CtVgCD45CD90R1_CTGCGGAGTGTTGAGG-1,CtVgCD45CD90R1
CtVgCD45CD90R1_CTGCGGAGTTTCGCTC-1,CtVgCD45CD90R1
CtVgCD45CD90R1_CTGCGGATCCCTTGCA-1,CtVgCD45CD90R1
CtVgCD45CD90R1_CTGCGGATCGTGACAT-1,CtVgCD45CD90R1
CtVgCD45CD90R1_CTGCTGTAGCGTGAGT-1,CtVgCD45CD90R1
CtVgCD45CD90R1_CTGCTGTAGTGAACGC-1,CtVgCD45CD90R1
CtVgCD45CD90R1_CTGCTGTCACTGTTAG-1,CtVgCD45CD90R1
CtVgCD45CD90R1_CTGCTGTGTGGCGAAT-1,CtVgCD45CD90R1
CtVgCD45CD90R1_CTGCTGTGTTAGTGGG-1,CtVgCD45CD90R1
CtVgCD45CD90R1_CTGCTGTGTTCAGGCC-1,CtVgCD45CD90R1
CtVgCD45CD90R1_CTGGTCTCACGAGAGT-1,CtVgCD45CD90R1
CtVgCD45CD90R1_CTGGTCTGTCCGCTGA-1,CtVgCD45CD90R1
CtVgCD45CD90R1_CTGGTCTGTGTGACCC-1,CtVgCD45CD90R1
CtVgCD45CD90R1_CTGGTCTGTTAGAACA-1,CtVgCD45CD90R1
CtVgCD45CD90R1_CTGGTCTTCAGCGACC-1,CtVgCD45CD90R1
CtVgCD45CD90R1_CTGGTCTTCGCCAGCA-1,CtVgCD45CD90R1
CtVgCD45CD90R1_CTGGTCTTCTCGTTTA-1,CtVgCD45CD90R1
CtVgCD45CD90R1_CTGTGCTAGAAGGCCT-1,CtVgCD45CD90R1
CtVgCD45CD90R1_CTGTGCTAGTCTCAAC-1,CtVgCD45CD90R1
CtVgCD45CD90R1_CTGTGCTCATGTAGTC-1,CtVgCD45CD90R1
CtVgCD45CD90R1_CTGTGCTGTGCAACTT-1,CtVgCD45CD90R1
CtVgCD45CD90R1_CTGTGCTTCACTTCAT-1,CtVgCD45CD90R1
CtVgCD45CD90R1_CTGTGCTTCTGAGGGA-1,CtVgCD45CD90R1
CtVgCD45CD90R1_CTGTTTAAGCCGGTAA-1,CtVgCD45CD90R1
CtVgCD45CD90R1_CTGTTTAAGCGTGTCC-1,CtVgCD45CD90R1
CtVgCD45CD90R1_CTGTTTAAGGCTCATT-1,CtVgCD45CD90R1
CtVgCD45CD90R1_CTGTTTAAGTCAAGGC-1,CtVgCD45CD90R1
CtVgCD45CD90R1_CTGTTTACAATGTAAG-1,CtVgCD45CD90R1
CtVgCD45CD90R1_CTGTTTACATACGCTA-1,CtVgCD45CD90R1
CtVgCD45CD90R1_CTGTTTACATTTGCCC-1,CtVgCD45CD90R1
CtVgCD45CD90R1_CTGTTTATCACCATAG-1,CtVgCD45CD90R1
CtVgCD45CD90R1_CTGTTTATCGGAGGTA-1,CtVgCD45CD90R1
CtVgCD45CD90R1_CTGTTTATCTTGAGAC-1,CtVgCD45CD90R1
CtVgCD45CD90R1_CTTAACTAGATGAGAG-1,CtVgCD45CD90R1
CtVgCD45CD90R1_CTTAACTGTCGCGTGT-1,CtVgCD45CD90R1
CtVgCD45CD90R1_CTTAACTTCTAACCGA-1,CtVgCD45CD90R1
CtVgCD45CD90R1_CTTAACTTCTTCAACT-1,CtVgCD45CD90R1
CtVgCD45CD90R1_CTTACCGAGCGCCTCA-1,CtVgCD45CD90R1
CtVgCD45CD90R1_CTTACCGCACGGTGTC-1,CtVgCD45CD90R1
CtVgCD45CD90R1_CTTACCGCATTCCTGC-1,CtVgCD45CD90R1
CtVgCD45CD90R1_CTTACCGGTCAGCTAT-1,CtVgCD45CD90R1
CtVgCD45CD90R1_CTTACCGGTTGCTCCT-1,CtVgCD45CD90R1
CtVgCD45CD90R1_CTTACCGTCGAATGGG-1,CtVgCD45CD90R1
CtVgCD45CD90R1_CTTAGGAAGCGATATA-1,CtVgCD45CD90R1
CtVgCD45CD90R1_CTTAGGAAGTTAGGTA-1,CtVgCD45CD90R1
CtVgCD45CD90R1_CTTAGGACAACGATGG-1,CtVgCD45CD90R1
CtVgCD45CD90R1_CTTAGGACAAGTCTGT-1,CtVgCD45CD90R1
CtVgCD45CD90R1_CTTAGGACACGGTTTA-1,CtVgCD45CD90R1
CtVgCD45CD90R1_CTTAGGAGTAAGTAGT-1,CtVgCD45CD90R1
CtVgCD45CD90R1_CTTAGGAGTCAAAGCG-1,CtVgCD45CD90R1
CtVgCD45CD90R1_CTTAGGAGTTACTGAC-1,CtVgCD45CD90R1
CtVgCD45CD90R1_CTTAGGATCCGGCACA-1,CtVgCD45CD90R1
CtVgCD45CD90R1_CTTCTCTCAACGCACC-1,CtVgCD45CD90R1
CtVgCD45CD90R1_CTTCTCTCAGATCCAT-1,CtVgCD45CD90R1
CtVgCD45CD90R1_CTTCTCTTCCGAATGT-1,CtVgCD45CD90R1
CtVgCD45CD90R1_CTTCTCTTCTTTACAC-1,CtVgCD45CD90R1
CtVgCD45CD90R1_CTTGGCTAGAAGGTGA-1,CtVgCD45CD90R1
CtVgCD45CD90R1_CTTGGCTCAGTACACT-1,CtVgCD45CD90R1
CtVgCD45CD90R1_CTTGGCTGTGCCTTGG-1,CtVgCD45CD90R1
CtVgCD45CD90R1_CTTTGCGAGAGGTTAT-1,CtVgCD45CD90R1
CtVgCD45CD90R1_CTTTGCGAGTAGTGCG-1,CtVgCD45CD90R1
CtVgCD45CD90R1_CTTTGCGAGTCGTTTG-1,CtVgCD45CD90R1
CtVgCD45CD90R1_CTTTGCGCACGACGAA-1,CtVgCD45CD90R1
CtVgCD45CD90R1_CTTTGCGCAGTCTTCC-1,CtVgCD45CD90R1
CtVgCD45CD90R1_CTTTGCGGTATGGTTC-1,CtVgCD45CD90R1
CtVgCD45CD90R1_CTTTGCGGTCCTGCTT-1,CtVgCD45CD90R1
CtVgCD45CD90R1_CTTTGCGGTGAAATCA-1,CtVgCD45CD90R1
CtVgCD45CD90R1_GAAACTCAGACGACGT-1,CtVgCD45CD90R1
CtVgCD45CD90R1_GAAACTCAGGAATGGA-1,CtVgCD45CD90R1
CtVgCD45CD90R1_GAAACTCAGGTGACCA-1,CtVgCD45CD90R1
CtVgCD45CD90R1_GAAACTCGTGTTTGTG-1,CtVgCD45CD90R1
CtVgCD45CD90R1_GAAACTCTCAGTTCGA-1,CtVgCD45CD90R1
CtVgCD45CD90R1_GAAACTCTCATCTGCC-1,CtVgCD45CD90R1
CtVgCD45CD90R1_GAAACTCTCTGGGCCA-1,CtVgCD45CD90R1
CtVgCD45CD90R1_GAAATGAAGAAGCCCA-1,CtVgCD45CD90R1
CtVgCD45CD90R1_GAAATGACACTAGTAC-1,CtVgCD45CD90R1
CtVgCD45CD90R1_GAAATGAGTATAGTAG-1,CtVgCD45CD90R1
CtVgCD45CD90R1_GAAATGATCGGTCTAA-1,CtVgCD45CD90R1
CtVgCD45CD90R1_GAAATGATCTTTCCTC-1,CtVgCD45CD90R1
CtVgCD45CD90R1_GAACATCCACACTGCG-1,CtVgCD45CD90R1
CtVgCD45CD90R1_GAACATCTCGTTGACA-1,CtVgCD45CD90R1
CtVgCD45CD90R1_GAACATCTCTTTACGT-1,CtVgCD45CD90R1
CtVgCD45CD90R1_GAACCTAAGCGTAGTG-1,CtVgCD45CD90R1
CtVgCD45CD90R1_GAACCTACAAAGAATC-1,CtVgCD45CD90R1
CtVgCD45CD90R1_GAACCTATCCGCATAA-1,CtVgCD45CD90R1
CtVgCD45CD90R1_GAACGGACACGGCCAT-1,CtVgCD45CD90R1
CtVgCD45CD90R1_GAACGGACATGATCCA-1,CtVgCD45CD90R1
CtVgCD45CD90R1_GAACGGAGTGTTTGTG-1,CtVgCD45CD90R1
CtVgCD45CD90R1_GAACGGATCCAAGTAC-1,CtVgCD45CD90R1
CtVgCD45CD90R1_GAACGGATCCGTCATC-1,CtVgCD45CD90R1
CtVgCD45CD90R1_GAACGGATCTTAACCT-1,CtVgCD45CD90R1
CtVgCD45CD90R1_GAAGCAGAGGACGAAA-1,CtVgCD45CD90R1
CtVgCD45CD90R1_GAAGCAGAGGATGCGT-1,CtVgCD45CD90R1
CtVgCD45CD90R1_GAAGCAGCATAGACTC-1,CtVgCD45CD90R1
CtVgCD45CD90R1_GAAGCAGCATGGGAAC-1,CtVgCD45CD90R1
CtVgCD45CD90R1_GAAGCAGTCAAAGTAG-1,CtVgCD45CD90R1
CtVgCD45CD90R1_GAAGCAGTCCCTGACT-1,CtVgCD45CD90R1
CtVgCD45CD90R1_GAAGCAGTCGGTTCGG-1,CtVgCD45CD90R1
CtVgCD45CD90R1_GAAGCAGTCTCGAGTA-1,CtVgCD45CD90R1
CtVgCD45CD90R1_GAATAAGAGAGTACCG-1,CtVgCD45CD90R1
CtVgCD45CD90R1_GAATAAGCACGAGAGT-1,CtVgCD45CD90R1
CtVgCD45CD90R1_GAATAAGCAGTTAACC-1,CtVgCD45CD90R1
CtVgCD45CD90R1_GAATAAGCATTCGACA-1,CtVgCD45CD90R1
CtVgCD45CD90R1_GAATAAGGTACGAAAT-1,CtVgCD45CD90R1
CtVgCD45CD90R1_GAATAAGGTTAGATGA-1,CtVgCD45CD90R1
CtVgCD45CD90R1_GAATAAGGTTCCACTC-1,CtVgCD45CD90R1
CtVgCD45CD90R1_GAATAAGTCAGCTCGG-1,CtVgCD45CD90R1
CtVgCD45CD90R1_GAATGAAAGATCACGG-1,CtVgCD45CD90R1
CtVgCD45CD90R1_GAATGAAAGGCAGTCA-1,CtVgCD45CD90R1
CtVgCD45CD90R1_GAATGAAAGTCAATAG-1,CtVgCD45CD90R1
CtVgCD45CD90R1_GAATGAACACACATGT-1,CtVgCD45CD90R1
CtVgCD45CD90R1_GAATGAACATTTGCCC-1,CtVgCD45CD90R1
CtVgCD45CD90R1_GAATGAAGTACCAGTT-1,CtVgCD45CD90R1
CtVgCD45CD90R1_GAATGAAGTGTAATGA-1,CtVgCD45CD90R1
CtVgCD45CD90R1_GAATGAATCAGGCCCA-1,CtVgCD45CD90R1
CtVgCD45CD90R1_GAATGAATCTGCCAGG-1,CtVgCD45CD90R1
CtVgCD45CD90R1_GACACGCAGCACGCCT-1,CtVgCD45CD90R1
CtVgCD45CD90R1_GACACGCAGCGATAGC-1,CtVgCD45CD90R1
CtVgCD45CD90R1_GACACGCAGTGCGTGA-1,CtVgCD45CD90R1
CtVgCD45CD90R1_GACACGCGTTCGAATC-1,CtVgCD45CD90R1
CtVgCD45CD90R1_GACACGCTCACGAAGG-1,CtVgCD45CD90R1
CtVgCD45CD90R1_GACACGCTCCACGCAG-1,CtVgCD45CD90R1
CtVgCD45CD90R1_GACACGCTCTGATTCT-1,CtVgCD45CD90R1
CtVgCD45CD90R1_GACAGAGAGAGCCCAA-1,CtVgCD45CD90R1
CtVgCD45CD90R1_GACAGAGAGGATTCGG-1,CtVgCD45CD90R1
CtVgCD45CD90R1_GACAGAGAGTAACCCT-1,CtVgCD45CD90R1
CtVgCD45CD90R1_GACAGAGAGTGCGATG-1,CtVgCD45CD90R1
CtVgCD45CD90R1_GACAGAGGTGTATGGG-1,CtVgCD45CD90R1
CtVgCD45CD90R1_GACAGAGTCATAAAGG-1,CtVgCD45CD90R1
CtVgCD45CD90R1_GACAGAGTCCGCAGTG-1,CtVgCD45CD90R1
CtVgCD45CD90R1_GACCAATAGTGCCATT-1,CtVgCD45CD90R1
CtVgCD45CD90R1_GACCTGGAGATCGGGT-1,CtVgCD45CD90R1
CtVgCD45CD90R1_GACCTGGAGCCCAGCT-1,CtVgCD45CD90R1
CtVgCD45CD90R1_GACCTGGAGGAGCGAG-1,CtVgCD45CD90R1
CtVgCD45CD90R1_GACCTGGAGTACACCT-1,CtVgCD45CD90R1
CtVgCD45CD90R1_GACCTGGCAATAAGCA-1,CtVgCD45CD90R1
CtVgCD45CD90R1_GACCTGGCACAAGCCC-1,CtVgCD45CD90R1
CtVgCD45CD90R1_GACCTGGTCCTTTACA-1,CtVgCD45CD90R1
CtVgCD45CD90R1_GACGCGTAGGGCATGT-1,CtVgCD45CD90R1
CtVgCD45CD90R1_GACGCGTCACGGCTAC-1,CtVgCD45CD90R1
CtVgCD45CD90R1_GACGCGTGTCGCGAAA-1,CtVgCD45CD90R1
CtVgCD45CD90R1_GACGCGTGTGTATGGG-1,CtVgCD45CD90R1
CtVgCD45CD90R1_GACGCGTTCATGCTCC-1,CtVgCD45CD90R1
CtVgCD45CD90R1_GACGCGTTCGTAGGAG-1,CtVgCD45CD90R1
CtVgCD45CD90R1_GACGGCTAGCCAGTAG-1,CtVgCD45CD90R1
CtVgCD45CD90R1_GACGGCTGTGTGGTTT-1,CtVgCD45CD90R1
CtVgCD45CD90R1_GACGGCTTCTCTTGAT-1,CtVgCD45CD90R1
CtVgCD45CD90R1_GACGTGCAGCACGCCT-1,CtVgCD45CD90R1
CtVgCD45CD90R1_GACGTGCAGTGGAGTC-1,CtVgCD45CD90R1
CtVgCD45CD90R1_GACGTGCCACGAGAGT-1,CtVgCD45CD90R1
CtVgCD45CD90R1_GACGTGCCAGTATGCT-1,CtVgCD45CD90R1
CtVgCD45CD90R1_GACGTGCTCAGTCAGT-1,CtVgCD45CD90R1
CtVgCD45CD90R1_GACGTTAAGAGCAATT-1,CtVgCD45CD90R1
CtVgCD45CD90R1_GACGTTAAGTGAACGC-1,CtVgCD45CD90R1
CtVgCD45CD90R1_GACGTTAAGTGTGAAT-1,CtVgCD45CD90R1
CtVgCD45CD90R1_GACGTTACATGTTGAC-1,CtVgCD45CD90R1
CtVgCD45CD90R1_GACGTTAGTACTCAAC-1,CtVgCD45CD90R1
CtVgCD45CD90R1_GACTAACAGGACATTA-1,CtVgCD45CD90R1
CtVgCD45CD90R1_GACTAACAGTCAATAG-1,CtVgCD45CD90R1
CtVgCD45CD90R1_GACTAACGTTAAAGAC-1,CtVgCD45CD90R1
CtVgCD45CD90R1_GACTACAAGAAGGTGA-1,CtVgCD45CD90R1
CtVgCD45CD90R1_GACTACACATGCCACG-1,CtVgCD45CD90R1
CtVgCD45CD90R1_GACTACACATGTAGTC-1,CtVgCD45CD90R1
CtVgCD45CD90R1_GACTACAGTCATATGC-1,CtVgCD45CD90R1
CtVgCD45CD90R1_GACTACATCACGATGT-1,CtVgCD45CD90R1
CtVgCD45CD90R1_GACTACATCTGCCCTA-1,CtVgCD45CD90R1
CtVgCD45CD90R1_GACTGCGAGAGCTATA-1,CtVgCD45CD90R1
CtVgCD45CD90R1_GACTGCGAGGAATTAC-1,CtVgCD45CD90R1
CtVgCD45CD90R1_GACTGCGAGTTAACGA-1,CtVgCD45CD90R1
CtVgCD45CD90R1_GACTGCGCAATCCGAT-1,CtVgCD45CD90R1
CtVgCD45CD90R1_GACTGCGGTCAGGACA-1,CtVgCD45CD90R1
CtVgCD45CD90R1_GACTGCGGTGTTTGGT-1,CtVgCD45CD90R1
CtVgCD45CD90R1_GACTGCGTCAATCACG-1,CtVgCD45CD90R1
CtVgCD45CD90R1_GAGCAGACACGACTCG-1,CtVgCD45CD90R1
CtVgCD45CD90R1_GAGCAGAGTGTGCGTC-1,CtVgCD45CD90R1
CtVgCD45CD90R1_GAGCAGATCTTTACGT-1,CtVgCD45CD90R1
CtVgCD45CD90R1_GAGGTGAAGACTTGAA-1,CtVgCD45CD90R1
CtVgCD45CD90R1_GAGGTGAAGATAGCAT-1,CtVgCD45CD90R1
CtVgCD45CD90R1_GAGGTGAAGGATCGCA-1,CtVgCD45CD90R1
CtVgCD45CD90R1_GAGGTGACAAGCCGTC-1,CtVgCD45CD90R1
CtVgCD45CD90R1_GAGGTGACAATAGCAA-1,CtVgCD45CD90R1
CtVgCD45CD90R1_GAGGTGACATGCATGT-1,CtVgCD45CD90R1
CtVgCD45CD90R1_GAGGTGAGTAGTAGTA-1,CtVgCD45CD90R1
CtVgCD45CD90R1_GAGTCCGAGCGTAGTG-1,CtVgCD45CD90R1
CtVgCD45CD90R1_GAGTCCGAGCTCCCAG-1,CtVgCD45CD90R1
CtVgCD45CD90R1_GAGTCCGAGTTGTCGT-1,CtVgCD45CD90R1
CtVgCD45CD90R1_GAGTCCGCAGGGATTG-1,CtVgCD45CD90R1
CtVgCD45CD90R1_GAGTCCGCATATGCTG-1,CtVgCD45CD90R1
CtVgCD45CD90R1_GAGTCCGGTACAAGTA-1,CtVgCD45CD90R1
CtVgCD45CD90R1_GAGTCCGTCACCACCT-1,CtVgCD45CD90R1
CtVgCD45CD90R1_GAGTCCGTCAGAGGTG-1,CtVgCD45CD90R1
CtVgCD45CD90R1_GATCAGTAGAAGCCCA-1,CtVgCD45CD90R1
CtVgCD45CD90R1_GATCAGTAGTCCATAC-1,CtVgCD45CD90R1
CtVgCD45CD90R1_GATCAGTCACCTATCC-1,CtVgCD45CD90R1
CtVgCD45CD90R1_GATCAGTGTGACGCCT-1,CtVgCD45CD90R1
CtVgCD45CD90R1_GATCGATAGGATGGAA-1,CtVgCD45CD90R1
CtVgCD45CD90R1_GATCGATAGTGGAGAA-1,CtVgCD45CD90R1
CtVgCD45CD90R1_GATCGATCACTAAGTC-1,CtVgCD45CD90R1
CtVgCD45CD90R1_GATCGATCAGGAACGT-1,CtVgCD45CD90R1
CtVgCD45CD90R1_GATCGATCAGTTCCCT-1,CtVgCD45CD90R1
CtVgCD45CD90R1_GATCGATGTGATGTGG-1,CtVgCD45CD90R1
CtVgCD45CD90R1_GATCGATTCTGAGTGT-1,CtVgCD45CD90R1
CtVgCD45CD90R1_GATCGCGGTAGCGCTC-1,CtVgCD45CD90R1
CtVgCD45CD90R1_GATCGCGGTCATTAGC-1,CtVgCD45CD90R1
CtVgCD45CD90R1_GATCGCGGTGCGGTAA-1,CtVgCD45CD90R1
CtVgCD45CD90R1_GATCGCGTCACCAGGC-1,CtVgCD45CD90R1
CtVgCD45CD90R1_GATCGCGTCCTTCAAT-1,CtVgCD45CD90R1
CtVgCD45CD90R1_GATCGCGTCTGGAGCC-1,CtVgCD45CD90R1
CtVgCD45CD90R1_GATCGCGTCTTGAGGT-1,CtVgCD45CD90R1
CtVgCD45CD90R1_GATCGTAAGACTCGGA-1,CtVgCD45CD90R1
CtVgCD45CD90R1_GATCGTACAAACGCGA-1,CtVgCD45CD90R1
CtVgCD45CD90R1_GATCGTACACGTCTCT-1,CtVgCD45CD90R1
CtVgCD45CD90R1_GATCGTAGTACGAAAT-1,CtVgCD45CD90R1
CtVgCD45CD90R1_GATCGTAGTGATGTGG-1,CtVgCD45CD90R1
CtVgCD45CD90R1_GATCGTATCTCCAGGG-1,CtVgCD45CD90R1
CtVgCD45CD90R1_GATCTAGAGCGGCTTC-1,CtVgCD45CD90R1
CtVgCD45CD90R1_GATCTAGGTTACGTCA-1,CtVgCD45CD90R1
CtVgCD45CD90R1_GATCTAGTCCCTTGTG-1,CtVgCD45CD90R1
CtVgCD45CD90R1_GATCTAGTCCTTAATC-1,CtVgCD45CD90R1
CtVgCD45CD90R1_GATCTAGTCTCGTTTA-1,CtVgCD45CD90R1
CtVgCD45CD90R1_GATGAAAAGACCGGAT-1,CtVgCD45CD90R1
CtVgCD45CD90R1_GATGAAAAGACTAAGT-1,CtVgCD45CD90R1
CtVgCD45CD90R1_GATGAAAAGTGACTCT-1,CtVgCD45CD90R1
CtVgCD45CD90R1_GATGAAACACAGAGGT-1,CtVgCD45CD90R1
CtVgCD45CD90R1_GATGAAACATTCTTAC-1,CtVgCD45CD90R1
CtVgCD45CD90R1_GATGAAATCTTTAGGG-1,CtVgCD45CD90R1
CtVgCD45CD90R1_GATGAGGAGACCTAGG-1,CtVgCD45CD90R1
CtVgCD45CD90R1_GATGAGGCACAGACTT-1,CtVgCD45CD90R1
CtVgCD45CD90R1_GATGAGGCACATCCAA-1,CtVgCD45CD90R1
CtVgCD45CD90R1_GATGAGGCATTTCAGG-1,CtVgCD45CD90R1
CtVgCD45CD90R1_GATGAGGTCAGCCTAA-1,CtVgCD45CD90R1
CtVgCD45CD90R1_GATGCTAAGACTAAGT-1,CtVgCD45CD90R1
CtVgCD45CD90R1_GATGCTACAACGATGG-1,CtVgCD45CD90R1
CtVgCD45CD90R1_GATGCTACACATGACT-1,CtVgCD45CD90R1
CtVgCD45CD90R1_GATGCTACATGTAAGA-1,CtVgCD45CD90R1
CtVgCD45CD90R1_GATGCTATCCGAAGAG-1,CtVgCD45CD90R1
CtVgCD45CD90R1_GATTCAGCAAGACACG-1,CtVgCD45CD90R1
CtVgCD45CD90R1_GATTCAGGTGATAAAC-1,CtVgCD45CD90R1
CtVgCD45CD90R1_GCAAACTAGAAGAAGC-1,CtVgCD45CD90R1
CtVgCD45CD90R1_GCAAACTCATGGTCTA-1,CtVgCD45CD90R1
CtVgCD45CD90R1_GCAAACTTCTACGAGT-1,CtVgCD45CD90R1
CtVgCD45CD90R1_GCAATCAAGGGATCTG-1,CtVgCD45CD90R1
CtVgCD45CD90R1_GCAATCACAAGCGATG-1,CtVgCD45CD90R1
CtVgCD45CD90R1_GCAATCACAGTTCCCT-1,CtVgCD45CD90R1
CtVgCD45CD90R1_GCAATCAGTACTTAGC-1,CtVgCD45CD90R1
CtVgCD45CD90R1_GCACATAAGTTCGCAT-1,CtVgCD45CD90R1
CtVgCD45CD90R1_GCACATACACTTAAGC-1,CtVgCD45CD90R1
CtVgCD45CD90R1_GCACATACAGCTGTGC-1,CtVgCD45CD90R1
CtVgCD45CD90R1_GCACATAGTAGAAAGG-1,CtVgCD45CD90R1
CtVgCD45CD90R1_GCACATATCAGGTTCA-1,CtVgCD45CD90R1
CtVgCD45CD90R1_GCACATATCCTGCTTG-1,CtVgCD45CD90R1
CtVgCD45CD90R1_GCACATATCGAACTGT-1,CtVgCD45CD90R1
CtVgCD45CD90R1_GCACATATCTAAGCCA-1,CtVgCD45CD90R1
CtVgCD45CD90R1_GCACTCTAGAGTACCG-1,CtVgCD45CD90R1
CtVgCD45CD90R1_GCACTCTAGATTACCC-1,CtVgCD45CD90R1
CtVgCD45CD90R1_GCACTCTGTTTGACAC-1,CtVgCD45CD90R1
CtVgCD45CD90R1_GCACTCTTCCAGTATG-1,CtVgCD45CD90R1
CtVgCD45CD90R1_GCACTCTTCTCGCTTG-1,CtVgCD45CD90R1
CtVgCD45CD90R1_GCACTCTTCTCTTATG-1,CtVgCD45CD90R1
CtVgCD45CD90R1_GCAGCCACAATCCAAC-1,CtVgCD45CD90R1
CtVgCD45CD90R1_GCAGCCACAGGCTGAA-1,CtVgCD45CD90R1
CtVgCD45CD90R1_GCAGCCACAGTTCCCT-1,CtVgCD45CD90R1
CtVgCD45CD90R1_GCAGTTAAGGACAGAA-1,CtVgCD45CD90R1
CtVgCD45CD90R1_GCAGTTACAAGGACAC-1,CtVgCD45CD90R1
CtVgCD45CD90R1_GCAGTTACACCGATAT-1,CtVgCD45CD90R1
CtVgCD45CD90R1_GCAGTTACATGGTAGG-1,CtVgCD45CD90R1
CtVgCD45CD90R1_GCAGTTACATTGAGCT-1,CtVgCD45CD90R1
CtVgCD45CD90R1_GCAGTTAGTACGACCC-1,CtVgCD45CD90R1
CtVgCD45CD90R1_GCAGTTAGTGTGACGA-1,CtVgCD45CD90R1
CtVgCD45CD90R1_GCAGTTAGTTAAGGGC-1,CtVgCD45CD90R1
CtVgCD45CD90R1_GCAGTTATCAGCTTAG-1,CtVgCD45CD90R1
CtVgCD45CD90R1_GCATACAAGTGTCCCG-1,CtVgCD45CD90R1
CtVgCD45CD90R1_GCATACACAGGCTGAA-1,CtVgCD45CD90R1
CtVgCD45CD90R1_GCATACACATGACATC-1,CtVgCD45CD90R1
CtVgCD45CD90R1_GCATACAGTCTGCCAG-1,CtVgCD45CD90R1
CtVgCD45CD90R1_GCATACATCAGCCTAA-1,CtVgCD45CD90R1
CtVgCD45CD90R1_GCATACATCTGGGCCA-1,CtVgCD45CD90R1
CtVgCD45CD90R1_GCATACATCTTTAGGG-1,CtVgCD45CD90R1
CtVgCD45CD90R1_GCATGATAGATCGATA-1,CtVgCD45CD90R1
CtVgCD45CD90R1_GCATGATGTTGTGGCC-1,CtVgCD45CD90R1
CtVgCD45CD90R1_GCATGATTCACTCTTA-1,CtVgCD45CD90R1
CtVgCD45CD90R1_GCATGATTCCATTCTA-1,CtVgCD45CD90R1
CtVgCD45CD90R1_GCATGATTCCGTTGCT-1,CtVgCD45CD90R1
CtVgCD45CD90R1_GCATGCGGTAGCGCTC-1,CtVgCD45CD90R1
CtVgCD45CD90R1_GCATGCGGTAGGCTGA-1,CtVgCD45CD90R1
CtVgCD45CD90R1_GCATGCGGTCGAGTTT-1,CtVgCD45CD90R1
CtVgCD45CD90R1_GCATGCGTCTGCTGTC-1,CtVgCD45CD90R1
CtVgCD45CD90R1_GCATGTAAGATGTAAC-1,CtVgCD45CD90R1
CtVgCD45CD90R1_GCATGTAAGGCTCAGA-1,CtVgCD45CD90R1
CtVgCD45CD90R1_GCATGTACAAGTCTAC-1,CtVgCD45CD90R1
CtVgCD45CD90R1_GCATGTAGTCGAAAGC-1,CtVgCD45CD90R1
CtVgCD45CD90R1_GCCAAATCAACAACCT-1,CtVgCD45CD90R1
CtVgCD45CD90R1_GCCAAATGTGAGGGTT-1,CtVgCD45CD90R1
CtVgCD45CD90R1_GCCTCTAAGCACCGTC-1,CtVgCD45CD90R1
CtVgCD45CD90R1_GCCTCTAAGTACGTAA-1,CtVgCD45CD90R1
CtVgCD45CD90R1_GCCTCTACAAAGTGCG-1,CtVgCD45CD90R1
CtVgCD45CD90R1_GCCTCTACAGCTTAAC-1,CtVgCD45CD90R1
CtVgCD45CD90R1_GCCTCTACATGCATGT-1,CtVgCD45CD90R1
CtVgCD45CD90R1_GCCTCTATCAAGCCTA-1,CtVgCD45CD90R1
CtVgCD45CD90R1_GCCTCTATCAATACCG-1,CtVgCD45CD90R1
CtVgCD45CD90R1_GCCTCTATCACTTACT-1,CtVgCD45CD90R1
CtVgCD45CD90R1_GCCTCTATCGTAGATC-1,CtVgCD45CD90R1
CtVgCD45CD90R1_GCCTCTATCGTATCAG-1,CtVgCD45CD90R1
CtVgCD45CD90R1_GCGACCAAGAGACTTA-1,CtVgCD45CD90R1
CtVgCD45CD90R1_GCGACCAAGTTGTAGA-1,CtVgCD45CD90R1
CtVgCD45CD90R1_GCGACCACATGAGCGA-1,CtVgCD45CD90R1
CtVgCD45CD90R1_GCGACCAGTCACAAGG-1,CtVgCD45CD90R1
CtVgCD45CD90R1_GCGACCATCTCGCTTG-1,CtVgCD45CD90R1
CtVgCD45CD90R1_GCGACCATCTGTTTGT-1,CtVgCD45CD90R1
CtVgCD45CD90R1_GCGAGAACAAGGTTCT-1,CtVgCD45CD90R1
CtVgCD45CD90R1_GCGAGAACAGGCAGTA-1,CtVgCD45CD90R1
CtVgCD45CD90R1_GCGAGAAGTATGGTTC-1,CtVgCD45CD90R1
CtVgCD45CD90R1_GCGAGAAGTGTCGCTG-1,CtVgCD45CD90R1
CtVgCD45CD90R1_GCGAGAATCGTGACAT-1,CtVgCD45CD90R1
CtVgCD45CD90R1_GCGCAACAGCCTTGAT-1,CtVgCD45CD90R1
CtVgCD45CD90R1_GCGCAACAGGTGATAT-1,CtVgCD45CD90R1
CtVgCD45CD90R1_GCGCAACTCAGGCAAG-1,CtVgCD45CD90R1
CtVgCD45CD90R1_GCGCAACTCATATCGG-1,CtVgCD45CD90R1
CtVgCD45CD90R1_GCGCAGTAGCGCCTTG-1,CtVgCD45CD90R1
CtVgCD45CD90R1_GCGCAGTTCAGATAAG-1,CtVgCD45CD90R1
CtVgCD45CD90R1_GCGCCAAAGAGATGAG-1,CtVgCD45CD90R1
CtVgCD45CD90R1_GCGCCAACAAGTAATG-1,CtVgCD45CD90R1
CtVgCD45CD90R1_GCGCCAACAGTCTTCC-1,CtVgCD45CD90R1
CtVgCD45CD90R1_GCGCGATCAAAGGTGC-1,CtVgCD45CD90R1
CtVgCD45CD90R1_GCGCGATCAACCGCCA-1,CtVgCD45CD90R1
CtVgCD45CD90R1_GCGCGATCACGGATAG-1,CtVgCD45CD90R1
CtVgCD45CD90R1_GCGCGATCATGTAAGA-1,CtVgCD45CD90R1
CtVgCD45CD90R1_GCGGGTTCATGTCTCC-1,CtVgCD45CD90R1
CtVgCD45CD90R1_GCGGGTTGTAGAGGAA-1,CtVgCD45CD90R1
CtVgCD45CD90R1_GCGGGTTGTCGTTGTA-1,CtVgCD45CD90R1
CtVgCD45CD90R1_GCGGGTTGTCTTGATG-1,CtVgCD45CD90R1
CtVgCD45CD90R1_GCGGGTTTCTCGCTTG-1,CtVgCD45CD90R1
CtVgCD45CD90R1_GCTCCTAAGAGACTTA-1,CtVgCD45CD90R1
CtVgCD45CD90R1_GCTCCTACACAGACAG-1,CtVgCD45CD90R1
CtVgCD45CD90R1_GCTCCTACAGTCGATT-1,CtVgCD45CD90R1
CtVgCD45CD90R1_GCTCCTAGTTAGAACA-1,CtVgCD45CD90R1
CtVgCD45CD90R1_GCTCCTATCCAGAAGG-1,CtVgCD45CD90R1
CtVgCD45CD90R1_GCTCTGTCACATCTTT-1,CtVgCD45CD90R1
CtVgCD45CD90R1_GCTCTGTGTAGGCTGA-1,CtVgCD45CD90R1
CtVgCD45CD90R1_GCTCTGTGTTACCAGT-1,CtVgCD45CD90R1
CtVgCD45CD90R1_GCTCTGTTCCCACTTG-1,CtVgCD45CD90R1
CtVgCD45CD90R1_GCTGCAGAGAAGAAGC-1,CtVgCD45CD90R1
CtVgCD45CD90R1_GCTGCAGAGGCCATAG-1,CtVgCD45CD90R1
CtVgCD45CD90R1_GCTGCAGAGGCTCATT-1,CtVgCD45CD90R1
CtVgCD45CD90R1_GCTGCGAAGCGGATCA-1,CtVgCD45CD90R1
CtVgCD45CD90R1_GCTGCGAAGTACGATA-1,CtVgCD45CD90R1
CtVgCD45CD90R1_GCTGCGAGTAGGCTGA-1,CtVgCD45CD90R1
CtVgCD45CD90R1_GCTGCGAGTGCTAGCC-1,CtVgCD45CD90R1
CtVgCD45CD90R1_GCTGCGATCACAACGT-1,CtVgCD45CD90R1
CtVgCD45CD90R1_GCTGCGATCGTACGGC-1,CtVgCD45CD90R1
CtVgCD45CD90R1_GCTGCTTAGTGTACTC-1,CtVgCD45CD90R1
CtVgCD45CD90R1_GCTGCTTGTCCATGAT-1,CtVgCD45CD90R1
CtVgCD45CD90R1_GCTGCTTTCACAATGC-1,CtVgCD45CD90R1
CtVgCD45CD90R1_GCTGGGTAGCCAACAG-1,CtVgCD45CD90R1
CtVgCD45CD90R1_GCTGGGTAGGATATAC-1,CtVgCD45CD90R1
CtVgCD45CD90R1_GCTGGGTTCATGTAGC-1,CtVgCD45CD90R1
CtVgCD45CD90R1_GCTGGGTTCCATGAAC-1,CtVgCD45CD90R1
CtVgCD45CD90R1_GCTGGGTTCTCGTTTA-1,CtVgCD45CD90R1
CtVgCD45CD90R1_GCTGGGTTCTGCGACG-1,CtVgCD45CD90R1
CtVgCD45CD90R1_GCTTCCACACATTTCT-1,CtVgCD45CD90R1
CtVgCD45CD90R1_GCTTCCAGTCTCTTTA-1,CtVgCD45CD90R1
CtVgCD45CD90R1_GCTTCCAGTTGCCTCT-1,CtVgCD45CD90R1
CtVgCD45CD90R1_GCTTCCATCGTCACGG-1,CtVgCD45CD90R1
CtVgCD45CD90R1_GCTTGAAAGTGCCAGA-1,CtVgCD45CD90R1
CtVgCD45CD90R1_GCTTGAAAGTGGGCTA-1,CtVgCD45CD90R1
CtVgCD45CD90R1_GCTTGAAGTGCTAGCC-1,CtVgCD45CD90R1
CtVgCD45CD90R1_GCTTGAATCCGCAGTG-1,CtVgCD45CD90R1
CtVgCD45CD90R1_GGAAAGCAGCCTCGTG-1,CtVgCD45CD90R1
CtVgCD45CD90R1_GGAAAGCCACGTTGGC-1,CtVgCD45CD90R1
CtVgCD45CD90R1_GGAAAGCCATCGGACC-1,CtVgCD45CD90R1
CtVgCD45CD90R1_GGAAAGCCATTGTGCA-1,CtVgCD45CD90R1
CtVgCD45CD90R1_GGAAAGCTCAGTCCCT-1,CtVgCD45CD90R1
CtVgCD45CD90R1_GGAACTTAGGCCCTTG-1,CtVgCD45CD90R1
CtVgCD45CD90R1_GGAACTTCAGAGTGTG-1,CtVgCD45CD90R1
CtVgCD45CD90R1_GGAACTTCAGCCTTGG-1,CtVgCD45CD90R1
CtVgCD45CD90R1_GGAACTTTCCAGTAGT-1,CtVgCD45CD90R1
CtVgCD45CD90R1_GGAACTTTCCTATTCA-1,CtVgCD45CD90R1
CtVgCD45CD90R1_GGAACTTTCCTCCTAG-1,CtVgCD45CD90R1
CtVgCD45CD90R1_GGAATAACAATGTTGC-1,CtVgCD45CD90R1
CtVgCD45CD90R1_GGAATAACAGCCTATA-1,CtVgCD45CD90R1
CtVgCD45CD90R1_GGAATAAGTCGAGATG-1,CtVgCD45CD90R1
CtVgCD45CD90R1_GGAATAAGTCTAGTGT-1,CtVgCD45CD90R1
CtVgCD45CD90R1_GGAATAAGTTACCGAT-1,CtVgCD45CD90R1
CtVgCD45CD90R1_GGAATAAGTTACGACT-1,CtVgCD45CD90R1
CtVgCD45CD90R1_GGACAAGCATGAGCGA-1,CtVgCD45CD90R1
CtVgCD45CD90R1_GGACAAGTCACTTCAT-1,CtVgCD45CD90R1
CtVgCD45CD90R1_GGACAAGTCCAGAAGG-1,CtVgCD45CD90R1
CtVgCD45CD90R1_GGACAGAAGACAATAC-1,CtVgCD45CD90R1
CtVgCD45CD90R1_GGACAGAAGTTTGCGT-1,CtVgCD45CD90R1
CtVgCD45CD90R1_GGACATTAGCGCTCCA-1,CtVgCD45CD90R1
CtVgCD45CD90R1_GGACATTAGCTGCCCA-1,CtVgCD45CD90R1
CtVgCD45CD90R1_GGACATTAGTGTCTCA-1,CtVgCD45CD90R1
CtVgCD45CD90R1_GGACATTCAGGATCGA-1,CtVgCD45CD90R1
CtVgCD45CD90R1_GGACATTCATCCTTGC-1,CtVgCD45CD90R1
CtVgCD45CD90R1_GGACATTGTTGGACCC-1,CtVgCD45CD90R1
CtVgCD45CD90R1_GGACATTTCCTAGAAC-1,CtVgCD45CD90R1
CtVgCD45CD90R1_GGACGTCAGAGGGATA-1,CtVgCD45CD90R1
CtVgCD45CD90R1_GGACGTCAGCGATGAC-1,CtVgCD45CD90R1
CtVgCD45CD90R1_GGACGTCCATGACGGA-1,CtVgCD45CD90R1
CtVgCD45CD90R1_GGACGTCGTACCGCTG-1,CtVgCD45CD90R1
CtVgCD45CD90R1_GGACGTCGTGATAAGT-1,CtVgCD45CD90R1
CtVgCD45CD90R1_GGACGTCGTGTTTGGT-1,CtVgCD45CD90R1
CtVgCD45CD90R1_GGACGTCGTTACGCGC-1,CtVgCD45CD90R1
CtVgCD45CD90R1_GGACGTCTCTATCCCG-1,CtVgCD45CD90R1
CtVgCD45CD90R1_GGAGCAACACCTTGTC-1,CtVgCD45CD90R1
CtVgCD45CD90R1_GGAGCAACAGGAATGC-1,CtVgCD45CD90R1
CtVgCD45CD90R1_GGAGCAAGTATAAACG-1,CtVgCD45CD90R1
CtVgCD45CD90R1_GGAGCAAGTCCAGTGC-1,CtVgCD45CD90R1
CtVgCD45CD90R1_GGAGCAATCCCTTGCA-1,CtVgCD45CD90R1
CtVgCD45CD90R1_GGATGTTCAAGTTCTG-1,CtVgCD45CD90R1
CtVgCD45CD90R1_GGATGTTCATTGGGCC-1,CtVgCD45CD90R1
CtVgCD45CD90R1_GGATGTTGTGTTGGGA-1,CtVgCD45CD90R1
CtVgCD45CD90R1_GGATGTTTCCTCCTAG-1,CtVgCD45CD90R1
CtVgCD45CD90R1_GGATTACAGCCACCTG-1,CtVgCD45CD90R1
CtVgCD45CD90R1_GGATTACAGTCCAGGA-1,CtVgCD45CD90R1
CtVgCD45CD90R1_GGATTACCAATAAGCA-1,CtVgCD45CD90R1
CtVgCD45CD90R1_GGATTACGTCACACGC-1,CtVgCD45CD90R1
CtVgCD45CD90R1_GGATTACGTGGCTCCA-1,CtVgCD45CD90R1
CtVgCD45CD90R1_GGCAATTAGCTAAACA-1,CtVgCD45CD90R1
CtVgCD45CD90R1_GGCAATTAGTGTGGCA-1,CtVgCD45CD90R1
CtVgCD45CD90R1_GGCAATTGTTCCACGG-1,CtVgCD45CD90R1
CtVgCD45CD90R1_GGCAATTTCAACACAC-1,CtVgCD45CD90R1
CtVgCD45CD90R1_GGCAATTTCACTATTC-1,CtVgCD45CD90R1
CtVgCD45CD90R1_GGCAATTTCTCTGAGA-1,CtVgCD45CD90R1
CtVgCD45CD90R1_GGCCGATAGGCCGAAT-1,CtVgCD45CD90R1
CtVgCD45CD90R1_GGCCGATCACGGTGTC-1,CtVgCD45CD90R1
CtVgCD45CD90R1_GGCCGATGTATCACCA-1,CtVgCD45CD90R1
CtVgCD45CD90R1_GGCCGATTCATAGCAC-1,CtVgCD45CD90R1
CtVgCD45CD90R1_GGCGACTCACCGTTGG-1,CtVgCD45CD90R1
CtVgCD45CD90R1_GGCGACTGTATCAGTC-1,CtVgCD45CD90R1
CtVgCD45CD90R1_GGCGACTGTGCTTCTC-1,CtVgCD45CD90R1
CtVgCD45CD90R1_GGCGACTGTTACCAGT-1,CtVgCD45CD90R1
CtVgCD45CD90R1_GGCGACTTCGTTGCCT-1,CtVgCD45CD90R1
CtVgCD45CD90R1_GGCGTGTCACAACTGT-1,CtVgCD45CD90R1
CtVgCD45CD90R1_GGCGTGTCACATAACC-1,CtVgCD45CD90R1
CtVgCD45CD90R1_GGCGTGTCATCCCACT-1,CtVgCD45CD90R1
CtVgCD45CD90R1_GGCGTGTGTGTCGCTG-1,CtVgCD45CD90R1
CtVgCD45CD90R1_GGCTCGAAGAAACCGC-1,CtVgCD45CD90R1
CtVgCD45CD90R1_GGCTCGAAGAGGACGG-1,CtVgCD45CD90R1
CtVgCD45CD90R1_GGCTCGAAGCCTCGTG-1,CtVgCD45CD90R1
CtVgCD45CD90R1_GGCTCGACACTGTTAG-1,CtVgCD45CD90R1
CtVgCD45CD90R1_GGCTCGAGTCTGATTG-1,CtVgCD45CD90R1
CtVgCD45CD90R1_GGCTCGAGTGCGCTTG-1,CtVgCD45CD90R1
CtVgCD45CD90R1_GGCTCGAGTTCCAACA-1,CtVgCD45CD90R1
CtVgCD45CD90R1_GGCTCGATCCAGGGCT-1,CtVgCD45CD90R1
CtVgCD45CD90R1_GGCTCGATCTGGAGCC-1,CtVgCD45CD90R1
CtVgCD45CD90R1_GGCTGGTAGACGACGT-1,CtVgCD45CD90R1
CtVgCD45CD90R1_GGCTGGTCAAACAACA-1,CtVgCD45CD90R1
CtVgCD45CD90R1_GGCTGGTCACATTAGC-1,CtVgCD45CD90R1
CtVgCD45CD90R1_GGCTGGTCACATTCGA-1,CtVgCD45CD90R1
CtVgCD45CD90R1_GGCTGGTCACGCTTTC-1,CtVgCD45CD90R1
CtVgCD45CD90R1_GGCTGGTCAGACGCTC-1,CtVgCD45CD90R1
CtVgCD45CD90R1_GGCTGGTTCAAGCCTA-1,CtVgCD45CD90R1
CtVgCD45CD90R1_GGCTGGTTCCAGTATG-1,CtVgCD45CD90R1
CtVgCD45CD90R1_GGGAATGAGCACACAG-1,CtVgCD45CD90R1
CtVgCD45CD90R1_GGGAATGAGTTCGCAT-1,CtVgCD45CD90R1
CtVgCD45CD90R1_GGGAATGTCCTTGGTC-1,CtVgCD45CD90R1
CtVgCD45CD90R1_GGGAATGTCGTACCGG-1,CtVgCD45CD90R1
CtVgCD45CD90R1_GGGAATGTCTCTGTCG-1,CtVgCD45CD90R1
CtVgCD45CD90R1_GGGACCTAGGATGGAA-1,CtVgCD45CD90R1
CtVgCD45CD90R1_GGGAGATCACGTGAGA-1,CtVgCD45CD90R1
CtVgCD45CD90R1_GGGAGATCATGCCACG-1,CtVgCD45CD90R1
CtVgCD45CD90R1_GGGAGATGTCATGCAT-1,CtVgCD45CD90R1
CtVgCD45CD90R1_GGGAGATTCCGTACAA-1,CtVgCD45CD90R1
CtVgCD45CD90R1_GGGATGAAGCGATCCC-1,CtVgCD45CD90R1
CtVgCD45CD90R1_GGGCACTCACCGATAT-1,CtVgCD45CD90R1
CtVgCD45CD90R1_GGGCATCAGCCAGTTT-1,CtVgCD45CD90R1
CtVgCD45CD90R1_GGGCATCAGCGATATA-1,CtVgCD45CD90R1
CtVgCD45CD90R1_GGGCATCAGTAGCCGA-1,CtVgCD45CD90R1
CtVgCD45CD90R1_GGGCATCGTCACACGC-1,CtVgCD45CD90R1
CtVgCD45CD90R1_GGGCATCTCGTGTAGT-1,CtVgCD45CD90R1
CtVgCD45CD90R1_GGGCATCTCTCTTATG-1,CtVgCD45CD90R1
CtVgCD45CD90R1_GGGTCTGCAGACAAGC-1,CtVgCD45CD90R1
CtVgCD45CD90R1_GGGTCTGGTTGGGACA-1,CtVgCD45CD90R1
CtVgCD45CD90R1_GGGTCTGTCGGAGCAA-1,CtVgCD45CD90R1
CtVgCD45CD90R1_GGGTCTGTCTCTTATG-1,CtVgCD45CD90R1
CtVgCD45CD90R1_GGGTCTGTCTGCGTAA-1,CtVgCD45CD90R1
CtVgCD45CD90R1_GGGTTGCAGCAGACTG-1,CtVgCD45CD90R1
CtVgCD45CD90R1_GGGTTGCAGCGACGTA-1,CtVgCD45CD90R1
CtVgCD45CD90R1_GGGTTGCCAATAAGCA-1,CtVgCD45CD90R1
CtVgCD45CD90R1_GGGTTGCCAGCCACCA-1,CtVgCD45CD90R1
CtVgCD45CD90R1_GGGTTGCCATCGGAAG-1,CtVgCD45CD90R1
CtVgCD45CD90R1_GGGTTGCTCGATGAGG-1,CtVgCD45CD90R1
CtVgCD45CD90R1_GGGTTGCTCTGCGACG-1,CtVgCD45CD90R1
CtVgCD45CD90R1_GGTATTGCAAATACAG-1,CtVgCD45CD90R1
CtVgCD45CD90R1_GGTATTGCAAGCTGAG-1,CtVgCD45CD90R1
CtVgCD45CD90R1_GGTATTGCAAGCTGGA-1,CtVgCD45CD90R1
CtVgCD45CD90R1_GGTATTGGTAGAGGAA-1,CtVgCD45CD90R1
CtVgCD45CD90R1_GGTATTGTCGGCGCTA-1,CtVgCD45CD90R1
CtVgCD45CD90R1_GGTGAAGAGATGTGGC-1,CtVgCD45CD90R1
CtVgCD45CD90R1_GGTGAAGCACAGGTTT-1,CtVgCD45CD90R1
CtVgCD45CD90R1_GGTGAAGGTGGGTATG-1,CtVgCD45CD90R1
CtVgCD45CD90R1_GGTGCGTAGCAGCCTC-1,CtVgCD45CD90R1
CtVgCD45CD90R1_GGTGCGTAGCTACCGC-1,CtVgCD45CD90R1
CtVgCD45CD90R1_GGTGCGTCACAAGTAA-1,CtVgCD45CD90R1
CtVgCD45CD90R1_GGTGCGTCAGCGTTCG-1,CtVgCD45CD90R1
CtVgCD45CD90R1_GGTGCGTTCGACCAGC-1,CtVgCD45CD90R1
CtVgCD45CD90R1_GGTGTTAAGGGATCTG-1,CtVgCD45CD90R1
CtVgCD45CD90R1_GGTGTTACAAGCCGTC-1,CtVgCD45CD90R1
CtVgCD45CD90R1_GGTGTTACAGGATCGA-1,CtVgCD45CD90R1
CtVgCD45CD90R1_GGTGTTAGTTCATGGT-1,CtVgCD45CD90R1
CtVgCD45CD90R1_GGTGTTATCATTGCCC-1,CtVgCD45CD90R1
CtVgCD45CD90R1_GTAACGTAGAAGGACA-1,CtVgCD45CD90R1
CtVgCD45CD90R1_GTAACGTAGCCAGTTT-1,CtVgCD45CD90R1
CtVgCD45CD90R1_GTAACGTGTTCGTGAT-1,CtVgCD45CD90R1
CtVgCD45CD90R1_GTAACGTTCATGCAAC-1,CtVgCD45CD90R1
CtVgCD45CD90R1_GTAACGTTCCTGCTTG-1,CtVgCD45CD90R1
CtVgCD45CD90R1_GTAACTGAGTCACGCC-1,CtVgCD45CD90R1
CtVgCD45CD90R1_GTAACTGCAAGCTGAG-1,CtVgCD45CD90R1
CtVgCD45CD90R1_GTAACTGCATCCCATC-1,CtVgCD45CD90R1
CtVgCD45CD90R1_GTAACTGCATTGTGCA-1,CtVgCD45CD90R1
CtVgCD45CD90R1_GTAACTGGTATTACCG-1,CtVgCD45CD90R1
CtVgCD45CD90R1_GTACGTAAGATGTGTA-1,CtVgCD45CD90R1
CtVgCD45CD90R1_GTACGTAAGCCGATTT-1,CtVgCD45CD90R1
CtVgCD45CD90R1_GTACGTAAGCGCTCCA-1,CtVgCD45CD90R1
CtVgCD45CD90R1_GTACGTAAGCTAACAA-1,CtVgCD45CD90R1
CtVgCD45CD90R1_GTACGTAAGGGTGTGT-1,CtVgCD45CD90R1
CtVgCD45CD90R1_GTACGTACAATGGTCT-1,CtVgCD45CD90R1
CtVgCD45CD90R1_GTACGTACACACTGCG-1,CtVgCD45CD90R1
CtVgCD45CD90R1_GTACGTACATGGAATA-1,CtVgCD45CD90R1
CtVgCD45CD90R1_GTACTCCCACCAGTTA-1,CtVgCD45CD90R1
CtVgCD45CD90R1_GTACTCCGTTATCACG-1,CtVgCD45CD90R1
CtVgCD45CD90R1_GTACTTTAGCGATAGC-1,CtVgCD45CD90R1
CtVgCD45CD90R1_GTACTTTCAAAGGCGT-1,CtVgCD45CD90R1
CtVgCD45CD90R1_GTACTTTTCAGGCCCA-1,CtVgCD45CD90R1
CtVgCD45CD90R1_GTACTTTTCTGCAAGT-1,CtVgCD45CD90R1
CtVgCD45CD90R1_GTAGGCCGTGCCTGTG-1,CtVgCD45CD90R1
CtVgCD45CD90R1_GTAGGCCGTTCCCTTG-1,CtVgCD45CD90R1
CtVgCD45CD90R1_GTAGGCCTCGAACGGA-1,CtVgCD45CD90R1
CtVgCD45CD90R1_GTAGGCCTCGACCAGC-1,CtVgCD45CD90R1
CtVgCD45CD90R1_GTAGTCATCCGCATAA-1,CtVgCD45CD90R1
CtVgCD45CD90R1_GTATCTTCATTGGGCC-1,CtVgCD45CD90R1
CtVgCD45CD90R1_GTATCTTGTAAATGTG-1,CtVgCD45CD90R1
CtVgCD45CD90R1_GTATCTTGTAGAGGAA-1,CtVgCD45CD90R1
CtVgCD45CD90R1_GTATCTTGTAGCACGA-1,CtVgCD45CD90R1
CtVgCD45CD90R1_GTATCTTTCCCTAATT-1,CtVgCD45CD90R1
CtVgCD45CD90R1_GTATTCTAGACTCGGA-1,CtVgCD45CD90R1
CtVgCD45CD90R1_GTATTCTAGAGTACCG-1,CtVgCD45CD90R1
CtVgCD45CD90R1_GTATTCTAGCCCTAAT-1,CtVgCD45CD90R1
CtVgCD45CD90R1_GTATTCTAGGAGTACC-1,CtVgCD45CD90R1
CtVgCD45CD90R1_GTATTCTCACCAGATT-1,CtVgCD45CD90R1
CtVgCD45CD90R1_GTATTCTCACGTGAGA-1,CtVgCD45CD90R1
CtVgCD45CD90R1_GTATTCTGTAGCGATG-1,CtVgCD45CD90R1
CtVgCD45CD90R1_GTATTCTGTTGAACTC-1,CtVgCD45CD90R1
CtVgCD45CD90R1_GTATTCTTCAACCAAC-1,CtVgCD45CD90R1
CtVgCD45CD90R1_GTCAAGTAGACGCAAC-1,CtVgCD45CD90R1
CtVgCD45CD90R1_GTCAAGTAGGCTAGGT-1,CtVgCD45CD90R1
CtVgCD45CD90R1_GTCAAGTCATCTGGTA-1,CtVgCD45CD90R1
CtVgCD45CD90R1_GTCAAGTGTACATCCA-1,CtVgCD45CD90R1
CtVgCD45CD90R1_GTCAAGTGTAGCCTAT-1,CtVgCD45CD90R1
CtVgCD45CD90R1_GTCAAGTTCCTGTACC-1,CtVgCD45CD90R1
CtVgCD45CD90R1_GTCAAGTTCTAACCGA-1,CtVgCD45CD90R1
CtVgCD45CD90R1_GTCACAAAGATCCGAG-1,CtVgCD45CD90R1
CtVgCD45CD90R1_GTCACAACAAAGCGGT-1,CtVgCD45CD90R1
CtVgCD45CD90R1_GTCACAACACAACTGT-1,CtVgCD45CD90R1
CtVgCD45CD90R1_GTCACAACAGGTGGAT-1,CtVgCD45CD90R1
CtVgCD45CD90R1_GTCACAAGTTAAGAAC-1,CtVgCD45CD90R1
CtVgCD45CD90R1_GTCACAATCGCAGGCT-1,CtVgCD45CD90R1
CtVgCD45CD90R1_GTCACGGAGTCTCAAC-1,CtVgCD45CD90R1
CtVgCD45CD90R1_GTCACGGAGTGTCTCA-1,CtVgCD45CD90R1
CtVgCD45CD90R1_GTCACGGCAAGGACAC-1,CtVgCD45CD90R1
CtVgCD45CD90R1_GTCACGGGTAAACGCG-1,CtVgCD45CD90R1
CtVgCD45CD90R1_GTCACGGGTAGAAAGG-1,CtVgCD45CD90R1
CtVgCD45CD90R1_GTCACGGGTAGAAGGA-1,CtVgCD45CD90R1
CtVgCD45CD90R1_GTCACGGGTTCGAATC-1,CtVgCD45CD90R1
CtVgCD45CD90R1_GTCATTTCATCGGAAG-1,CtVgCD45CD90R1
CtVgCD45CD90R1_GTCATTTGTCAGCTAT-1,CtVgCD45CD90R1
CtVgCD45CD90R1_GTCCTCACATACTCTT-1,CtVgCD45CD90R1
CtVgCD45CD90R1_GTCCTCACATGCGCAC-1,CtVgCD45CD90R1
CtVgCD45CD90R1_GTCCTCATCCGGCACA-1,CtVgCD45CD90R1
CtVgCD45CD90R1_GTCGGGTGTTCAGGCC-1,CtVgCD45CD90R1
CtVgCD45CD90R1_GTCGTAACAATAACGA-1,CtVgCD45CD90R1
CtVgCD45CD90R1_GTCGTAATCCGTCAAA-1,CtVgCD45CD90R1
CtVgCD45CD90R1_GTCGTAATCCTTGACC-1,CtVgCD45CD90R1
CtVgCD45CD90R1_GTCTCGTAGCGAGAAA-1,CtVgCD45CD90R1
CtVgCD45CD90R1_GTCTCGTAGTAATCCC-1,CtVgCD45CD90R1
CtVgCD45CD90R1_GTCTCGTAGTGAAGAG-1,CtVgCD45CD90R1
CtVgCD45CD90R1_GTCTCGTAGTTATCGC-1,CtVgCD45CD90R1
CtVgCD45CD90R1_GTCTCGTCACATCCGG-1,CtVgCD45CD90R1
CtVgCD45CD90R1_GTCTCGTCACGCCAGT-1,CtVgCD45CD90R1
CtVgCD45CD90R1_GTCTCGTCACTCGACG-1,CtVgCD45CD90R1
CtVgCD45CD90R1_GTCTCGTCATGTAAGA-1,CtVgCD45CD90R1
CtVgCD45CD90R1_GTCTCGTGTAAGAGAG-1,CtVgCD45CD90R1
CtVgCD45CD90R1_GTCTCGTGTATAATGG-1,CtVgCD45CD90R1
CtVgCD45CD90R1_GTCTCGTGTCAATGTC-1,CtVgCD45CD90R1
CtVgCD45CD90R1_GTCTTCGAGCGTGTCC-1,CtVgCD45CD90R1
CtVgCD45CD90R1_GTCTTCGAGGAATGGA-1,CtVgCD45CD90R1
CtVgCD45CD90R1_GTCTTCGAGGGATACC-1,CtVgCD45CD90R1
CtVgCD45CD90R1_GTCTTCGGTAGCGTCC-1,CtVgCD45CD90R1
CtVgCD45CD90R1_GTCTTCGTCTGGGCCA-1,CtVgCD45CD90R1
CtVgCD45CD90R1_GTGAAGGAGGGCATGT-1,CtVgCD45CD90R1
CtVgCD45CD90R1_GTGAAGGCAGCTGCAC-1,CtVgCD45CD90R1
CtVgCD45CD90R1_GTGAAGGCATGGATGG-1,CtVgCD45CD90R1
CtVgCD45CD90R1_GTGAAGGCATGTCGAT-1,CtVgCD45CD90R1
CtVgCD45CD90R1_GTGAAGGCATTGGGCC-1,CtVgCD45CD90R1
CtVgCD45CD90R1_GTGAAGGGTCACCCAG-1,CtVgCD45CD90R1
CtVgCD45CD90R1_GTGAAGGTCCAAATGC-1,CtVgCD45CD90R1
CtVgCD45CD90R1_GTGCAGCAGAAGGACA-1,CtVgCD45CD90R1
CtVgCD45CD90R1_GTGCAGCAGACATAAC-1,CtVgCD45CD90R1
CtVgCD45CD90R1_GTGCAGCAGGATTCGG-1,CtVgCD45CD90R1
CtVgCD45CD90R1_GTGCAGCAGGCAGTCA-1,CtVgCD45CD90R1
CtVgCD45CD90R1_GTGCAGCAGGGCTTCC-1,CtVgCD45CD90R1
CtVgCD45CD90R1_GTGCAGCCACAGCCCA-1,CtVgCD45CD90R1
CtVgCD45CD90R1_GTGCAGCCATGCTGGC-1,CtVgCD45CD90R1
CtVgCD45CD90R1_GTGCAGCTCATGCTCC-1,CtVgCD45CD90R1
CtVgCD45CD90R1_GTGCAGCTCCCTAACC-1,CtVgCD45CD90R1
CtVgCD45CD90R1_GTGCAGCTCTGGAGCC-1,CtVgCD45CD90R1
CtVgCD45CD90R1_GTGCATAAGGATTCGG-1,CtVgCD45CD90R1
CtVgCD45CD90R1_GTGCATAAGTCTTGCA-1,CtVgCD45CD90R1
CtVgCD45CD90R1_GTGCATACACCGTTGG-1,CtVgCD45CD90R1
CtVgCD45CD90R1_GTGCATACACGAAACG-1,CtVgCD45CD90R1
CtVgCD45CD90R1_GTGCATACAGCCTGTG-1,CtVgCD45CD90R1
CtVgCD45CD90R1_GTGCATACATCGATTG-1,CtVgCD45CD90R1
CtVgCD45CD90R1_GTGCATAGTTCCCGAG-1,CtVgCD45CD90R1
CtVgCD45CD90R1_GTGCATATCAAAGACA-1,CtVgCD45CD90R1
CtVgCD45CD90R1_GTGCATATCAATCTCT-1,CtVgCD45CD90R1
CtVgCD45CD90R1_GTGCATATCTTCCTTC-1,CtVgCD45CD90R1
CtVgCD45CD90R1_GTGCGGTAGTCAAGGC-1,CtVgCD45CD90R1
CtVgCD45CD90R1_GTGCGGTCAAAGTCAA-1,CtVgCD45CD90R1
CtVgCD45CD90R1_GTGCGGTCAATGAATG-1,CtVgCD45CD90R1
CtVgCD45CD90R1_GTGCGGTGTGCCTGGT-1,CtVgCD45CD90R1
CtVgCD45CD90R1_GTGCGGTTCCATGCTC-1,CtVgCD45CD90R1
CtVgCD45CD90R1_GTGCTTCAGAGGTTGC-1,CtVgCD45CD90R1
CtVgCD45CD90R1_GTGCTTCCAGTATCTG-1,CtVgCD45CD90R1
CtVgCD45CD90R1_GTGCTTCCAGTGGGAT-1,CtVgCD45CD90R1
CtVgCD45CD90R1_GTGCTTCCATTTGCTT-1,CtVgCD45CD90R1
CtVgCD45CD90R1_GTGCTTCGTCCAAGTT-1,CtVgCD45CD90R1
CtVgCD45CD90R1_GTGCTTCGTTATCGGT-1,CtVgCD45CD90R1
CtVgCD45CD90R1_GTGGGTCCAATGAAAC-1,CtVgCD45CD90R1
CtVgCD45CD90R1_GTGGGTCCACAAGTAA-1,CtVgCD45CD90R1
CtVgCD45CD90R1_GTGGGTCGTCCTCCAT-1,CtVgCD45CD90R1
CtVgCD45CD90R1_GTGGGTCGTTAAGACA-1,CtVgCD45CD90R1
CtVgCD45CD90R1_GTGGGTCGTTATCGGT-1,CtVgCD45CD90R1
CtVgCD45CD90R1_GTGGGTCTCGCATGGC-1,CtVgCD45CD90R1
CtVgCD45CD90R1_GTGTGCGGTTATGTGC-1,CtVgCD45CD90R1
CtVgCD45CD90R1_GTGTGCGTCCCTAACC-1,CtVgCD45CD90R1
CtVgCD45CD90R1_GTGTGCGTCGTTGCCT-1,CtVgCD45CD90R1
CtVgCD45CD90R1_GTGTTAGCAATAACGA-1,CtVgCD45CD90R1
CtVgCD45CD90R1_GTGTTAGCAGGCTGAA-1,CtVgCD45CD90R1
CtVgCD45CD90R1_GTGTTAGCAGGTGGAT-1,CtVgCD45CD90R1
CtVgCD45CD90R1_GTGTTAGTCGTATCAG-1,CtVgCD45CD90R1
CtVgCD45CD90R1_GTGTTAGTCTGTTTGT-1,CtVgCD45CD90R1
CtVgCD45CD90R1_GTTAAGCAGACCGGAT-1,CtVgCD45CD90R1
CtVgCD45CD90R1_GTTAAGCCAATGTAAG-1,CtVgCD45CD90R1
CtVgCD45CD90R1_GTTAAGCCACGACGAA-1,CtVgCD45CD90R1
CtVgCD45CD90R1_GTTAAGCCATCAGTAC-1,CtVgCD45CD90R1
CtVgCD45CD90R1_GTTAAGCTCATCACCC-1,CtVgCD45CD90R1
CtVgCD45CD90R1_GTTAAGCTCCGCATAA-1,CtVgCD45CD90R1
CtVgCD45CD90R1_GTTAAGCTCTGATACG-1,CtVgCD45CD90R1
CtVgCD45CD90R1_GTTACAGCAGCCTTTC-1,CtVgCD45CD90R1
CtVgCD45CD90R1_GTTACAGGTAAGTTCC-1,CtVgCD45CD90R1
CtVgCD45CD90R1_GTTACAGGTAATAGCA-1,CtVgCD45CD90R1
CtVgCD45CD90R1_GTTACAGTCCAACCAA-1,CtVgCD45CD90R1
CtVgCD45CD90R1_GTTACAGTCGTCCAGG-1,CtVgCD45CD90R1
CtVgCD45CD90R1_GTTCATTAGATGGCGT-1,CtVgCD45CD90R1
CtVgCD45CD90R1_GTTCATTAGCAGACTG-1,CtVgCD45CD90R1
CtVgCD45CD90R1_GTTCATTCACATGTGT-1,CtVgCD45CD90R1
CtVgCD45CD90R1_GTTCATTCAGGATCGA-1,CtVgCD45CD90R1
CtVgCD45CD90R1_GTTCATTGTAATAGCA-1,CtVgCD45CD90R1
CtVgCD45CD90R1_GTTCATTGTAGTGAAT-1,CtVgCD45CD90R1
CtVgCD45CD90R1_GTTCATTGTGGTCCGT-1,CtVgCD45CD90R1
CtVgCD45CD90R1_GTTCGGGCATGACATC-1,CtVgCD45CD90R1
CtVgCD45CD90R1_GTTCGGGGTCATCGGC-1,CtVgCD45CD90R1
CtVgCD45CD90R1_GTTCTCGCATTCGACA-1,CtVgCD45CD90R1
CtVgCD45CD90R1_GTTCTCGGTCGCTTCT-1,CtVgCD45CD90R1
CtVgCD45CD90R1_GTTCTCGTCCGCGCAA-1,CtVgCD45CD90R1
CtVgCD45CD90R1_GTTTCTATCCGAATGT-1,CtVgCD45CD90R1
CtVgCD45CD90R1_GTTTCTATCCTTTACA-1,CtVgCD45CD90R1
CtVgCD45CD90R1_GTTTCTATCGCCGTGA-1,CtVgCD45CD90R1
CtVgCD45CD90R1_TAAACCGAGTAGCGGT-1,CtVgCD45CD90R1
CtVgCD45CD90R1_TAAACCGAGTGTTAGA-1,CtVgCD45CD90R1
CtVgCD45CD90R1_TAAACCGTCCTTCAAT-1,CtVgCD45CD90R1
CtVgCD45CD90R1_TAAACCGTCGGAAATA-1,CtVgCD45CD90R1
CtVgCD45CD90R1_TAAGAGAAGCTAGTCT-1,CtVgCD45CD90R1
CtVgCD45CD90R1_TAAGAGAAGGTCATCT-1,CtVgCD45CD90R1
CtVgCD45CD90R1_TAAGAGATCTATCCTA-1,CtVgCD45CD90R1
CtVgCD45CD90R1_TAAGCGTAGATGTTAG-1,CtVgCD45CD90R1
CtVgCD45CD90R1_TAAGCGTAGGATCGCA-1,CtVgCD45CD90R1
CtVgCD45CD90R1_TAAGCGTAGTAGCGGT-1,CtVgCD45CD90R1
CtVgCD45CD90R1_TAAGCGTAGTATCGAA-1,CtVgCD45CD90R1
CtVgCD45CD90R1_TAAGCGTCATCATCCC-1,CtVgCD45CD90R1
CtVgCD45CD90R1_TAAGTGCAGAACTGTA-1,CtVgCD45CD90R1
CtVgCD45CD90R1_TAAGTGCCAGGCGATA-1,CtVgCD45CD90R1
CtVgCD45CD90R1_TAAGTGCGTCGAATCT-1,CtVgCD45CD90R1
CtVgCD45CD90R1_TAAGTGCGTTAAGACA-1,CtVgCD45CD90R1
CtVgCD45CD90R1_TAAGTGCTCACATAGC-1,CtVgCD45CD90R1
CtVgCD45CD90R1_TACACGACACCCAGTG-1,CtVgCD45CD90R1
CtVgCD45CD90R1_TACACGACATCCTTGC-1,CtVgCD45CD90R1
CtVgCD45CD90R1_TACACGAGTATGGTTC-1,CtVgCD45CD90R1
CtVgCD45CD90R1_TACACGATCCGCGTTT-1,CtVgCD45CD90R1
CtVgCD45CD90R1_TACACGATCCTCGCAT-1,CtVgCD45CD90R1
CtVgCD45CD90R1_TACACGATCGAGCCCA-1,CtVgCD45CD90R1
CtVgCD45CD90R1_TACAGTGAGGGTCTCC-1,CtVgCD45CD90R1
CtVgCD45CD90R1_TACAGTGGTAGGCATG-1,CtVgCD45CD90R1
CtVgCD45CD90R1_TACAGTGGTCGCGAAA-1,CtVgCD45CD90R1
CtVgCD45CD90R1_TACAGTGGTTCCACGG-1,CtVgCD45CD90R1
CtVgCD45CD90R1_TACAGTGTCAACGGGA-1,CtVgCD45CD90R1
CtVgCD45CD90R1_TACCTATAGCCTTGAT-1,CtVgCD45CD90R1
CtVgCD45CD90R1_TACCTATAGCTACCTA-1,CtVgCD45CD90R1
CtVgCD45CD90R1_TACCTATAGTAGCGGT-1,CtVgCD45CD90R1
CtVgCD45CD90R1_TACCTATTCCCTCAGT-1,CtVgCD45CD90R1
CtVgCD45CD90R1_TACCTATTCTTCGAGA-1,CtVgCD45CD90R1
CtVgCD45CD90R1_TACCTTAAGGGTATCG-1,CtVgCD45CD90R1
CtVgCD45CD90R1_TACCTTACAAGCGCTC-1,CtVgCD45CD90R1
CtVgCD45CD90R1_TACCTTACATCACGTA-1,CtVgCD45CD90R1
CtVgCD45CD90R1_TACCTTACATGTCGAT-1,CtVgCD45CD90R1
CtVgCD45CD90R1_TACCTTAGTAAAGGAG-1,CtVgCD45CD90R1
CtVgCD45CD90R1_TACCTTAGTGACGCCT-1,CtVgCD45CD90R1
CtVgCD45CD90R1_TACCTTAGTGATGCCC-1,CtVgCD45CD90R1
CtVgCD45CD90R1_TACCTTAGTTACGACT-1,CtVgCD45CD90R1
CtVgCD45CD90R1_TACCTTATCTTGAGAC-1,CtVgCD45CD90R1
CtVgCD45CD90R1_TACGGATCACAGGAGT-1,CtVgCD45CD90R1
CtVgCD45CD90R1_TACGGATCACGTCAGC-1,CtVgCD45CD90R1
CtVgCD45CD90R1_TACGGGCAGTGCAAGC-1,CtVgCD45CD90R1
CtVgCD45CD90R1_TACGGGCCAAGTTCTG-1,CtVgCD45CD90R1
CtVgCD45CD90R1_TACGGGCGTCGACTGC-1,CtVgCD45CD90R1
CtVgCD45CD90R1_TACGGGCGTGACGCCT-1,CtVgCD45CD90R1
CtVgCD45CD90R1_TACGGGCTCCTACAGA-1,CtVgCD45CD90R1
CtVgCD45CD90R1_TACGGGCTCTGAGGGA-1,CtVgCD45CD90R1
CtVgCD45CD90R1_TACGGTAAGGCTAGAC-1,CtVgCD45CD90R1
CtVgCD45CD90R1_TACGGTACACGAGAGT-1,CtVgCD45CD90R1
CtVgCD45CD90R1_TACGGTATCCACGCAG-1,CtVgCD45CD90R1
CtVgCD45CD90R1_TACTCATAGTCTTGCA-1,CtVgCD45CD90R1
CtVgCD45CD90R1_TACTCATCAAGCGATG-1,CtVgCD45CD90R1
CtVgCD45CD90R1_TACTCATGTAAGAGGA-1,CtVgCD45CD90R1
CtVgCD45CD90R1_TACTCATGTATATGGA-1,CtVgCD45CD90R1
CtVgCD45CD90R1_TACTCATGTCCGACGT-1,CtVgCD45CD90R1
CtVgCD45CD90R1_TACTCATGTCGCATCG-1,CtVgCD45CD90R1
CtVgCD45CD90R1_TACTCATGTTCCAACA-1,CtVgCD45CD90R1
CtVgCD45CD90R1_TACTCATTCCACGACG-1,CtVgCD45CD90R1
CtVgCD45CD90R1_TACTCATTCCTTGGTC-1,CtVgCD45CD90R1
CtVgCD45CD90R1_TACTCGCAGCGTAGTG-1,CtVgCD45CD90R1
CtVgCD45CD90R1_TACTCGCCACAAGCCC-1,CtVgCD45CD90R1
CtVgCD45CD90R1_TACTCGCCACTGTTAG-1,CtVgCD45CD90R1
CtVgCD45CD90R1_TACTCGCTCCTTGGTC-1,CtVgCD45CD90R1
CtVgCD45CD90R1_TACTTACGTGGCAAAC-1,CtVgCD45CD90R1
CtVgCD45CD90R1_TACTTACGTGGTTTCA-1,CtVgCD45CD90R1
CtVgCD45CD90R1_TACTTACGTTGCGCAC-1,CtVgCD45CD90R1
CtVgCD45CD90R1_TACTTACTCCTGCAGG-1,CtVgCD45CD90R1
CtVgCD45CD90R1_TACTTGTAGCTACCGC-1,CtVgCD45CD90R1
CtVgCD45CD90R1_TACTTGTCACTATCTT-1,CtVgCD45CD90R1
CtVgCD45CD90R1_TACTTGTCAGTTAACC-1,CtVgCD45CD90R1
CtVgCD45CD90R1_TACTTGTCATAGTAAG-1,CtVgCD45CD90R1
CtVgCD45CD90R1_TACTTGTGTCTGGTCG-1,CtVgCD45CD90R1
CtVgCD45CD90R1_TACTTGTTCGCGGATC-1,CtVgCD45CD90R1
CtVgCD45CD90R1_TAGACCAAGAGTGACC-1,CtVgCD45CD90R1
CtVgCD45CD90R1_TAGACCAAGTCCGGTC-1,CtVgCD45CD90R1
CtVgCD45CD90R1_TAGACCACAGGGTTAG-1,CtVgCD45CD90R1
CtVgCD45CD90R1_TAGACCAGTAGCACGA-1,CtVgCD45CD90R1
CtVgCD45CD90R1_TAGACCATCGGGAGTA-1,CtVgCD45CD90R1
CtVgCD45CD90R1_TAGACCATCTCAAACG-1,CtVgCD45CD90R1
CtVgCD45CD90R1_TAGAGCTAGTGGTCCC-1,CtVgCD45CD90R1
CtVgCD45CD90R1_TAGAGCTCACGCGAAA-1,CtVgCD45CD90R1
CtVgCD45CD90R1_TAGAGCTCACTTAACG-1,CtVgCD45CD90R1
CtVgCD45CD90R1_TAGAGCTCATTACGAC-1,CtVgCD45CD90R1
CtVgCD45CD90R1_TAGAGCTGTACAGTTC-1,CtVgCD45CD90R1
CtVgCD45CD90R1_TAGAGCTGTTGGTAAA-1,CtVgCD45CD90R1
CtVgCD45CD90R1_TAGAGCTGTTTAGGAA-1,CtVgCD45CD90R1
CtVgCD45CD90R1_TAGCCGGAGTTCGCGC-1,CtVgCD45CD90R1
CtVgCD45CD90R1_TAGCCGGCAAGCGATG-1,CtVgCD45CD90R1
CtVgCD45CD90R1_TAGCCGGCACATGTGT-1,CtVgCD45CD90R1
CtVgCD45CD90R1_TAGCCGGTCAAAGTAG-1,CtVgCD45CD90R1
CtVgCD45CD90R1_TAGCCGGTCCCTAACC-1,CtVgCD45CD90R1
CtVgCD45CD90R1_TAGCCGGTCTACCAGA-1,CtVgCD45CD90R1
CtVgCD45CD90R1_TAGGCATGTCGCTTCT-1,CtVgCD45CD90R1
CtVgCD45CD90R1_TAGGCATGTCGTCTTC-1,CtVgCD45CD90R1
CtVgCD45CD90R1_TAGGCATGTGACTACT-1,CtVgCD45CD90R1
CtVgCD45CD90R1_TAGGCATTCATGCAAC-1,CtVgCD45CD90R1
CtVgCD45CD90R1_TAGTGGTAGATAGGAG-1,CtVgCD45CD90R1
CtVgCD45CD90R1_TAGTGGTCATTTGCTT-1,CtVgCD45CD90R1
CtVgCD45CD90R1_TAGTGGTTCAGGTTCA-1,CtVgCD45CD90R1
CtVgCD45CD90R1_TAGTTGGAGACAGACC-1,CtVgCD45CD90R1
CtVgCD45CD90R1_TAGTTGGAGGCTAGCA-1,CtVgCD45CD90R1
CtVgCD45CD90R1_TAGTTGGAGGCTCATT-1,CtVgCD45CD90R1
CtVgCD45CD90R1_TAGTTGGAGTCCGGTC-1,CtVgCD45CD90R1
CtVgCD45CD90R1_TAGTTGGCAGGAATGC-1,CtVgCD45CD90R1
CtVgCD45CD90R1_TAGTTGGCATCACAAC-1,CtVgCD45CD90R1
CtVgCD45CD90R1_TAGTTGGGTCGGCACT-1,CtVgCD45CD90R1
CtVgCD45CD90R1_TAGTTGGTCCAGAGGA-1,CtVgCD45CD90R1
CtVgCD45CD90R1_TATCAGGCATGCGCAC-1,CtVgCD45CD90R1
CtVgCD45CD90R1_TATCAGGGTAGGCATG-1,CtVgCD45CD90R1
CtVgCD45CD90R1_TATCAGGTCGGCGGTT-1,CtVgCD45CD90R1
CtVgCD45CD90R1_TATCTCAAGCAGCGTA-1,CtVgCD45CD90R1
CtVgCD45CD90R1_TATCTCACAGTATAAG-1,CtVgCD45CD90R1
CtVgCD45CD90R1_TATCTCAGTCTTGCGG-1,CtVgCD45CD90R1
CtVgCD45CD90R1_TATCTCATCAAGCCTA-1,CtVgCD45CD90R1
CtVgCD45CD90R1_TATGCCCAGAGCTATA-1,CtVgCD45CD90R1
CtVgCD45CD90R1_TATGCCCCACATGACT-1,CtVgCD45CD90R1
CtVgCD45CD90R1_TATTACCAGCCAGTTT-1,CtVgCD45CD90R1
CtVgCD45CD90R1_TATTACCGTACGCACC-1,CtVgCD45CD90R1
CtVgCD45CD90R1_TATTACCGTGTTGGGA-1,CtVgCD45CD90R1
CtVgCD45CD90R1_TATTACCGTTACAGAA-1,CtVgCD45CD90R1
CtVgCD45CD90R1_TATTACCTCATCGGAT-1,CtVgCD45CD90R1
CtVgCD45CD90R1_TATTACCTCCGCGTTT-1,CtVgCD45CD90R1
CtVgCD45CD90R1_TCAACGAAGAAGGGTA-1,CtVgCD45CD90R1
CtVgCD45CD90R1_TCAACGAAGTAGCCGA-1,CtVgCD45CD90R1
CtVgCD45CD90R1_TCAACGACAGGTTTCA-1,CtVgCD45CD90R1
CtVgCD45CD90R1_TCAACGAGTCCTGCTT-1,CtVgCD45CD90R1
CtVgCD45CD90R1_TCAACGAGTTGATTCG-1,CtVgCD45CD90R1
CtVgCD45CD90R1_TCAATCTAGGCATGTG-1,CtVgCD45CD90R1
CtVgCD45CD90R1_TCAATCTAGGCCATAG-1,CtVgCD45CD90R1
CtVgCD45CD90R1_TCAATCTAGTCAAGCG-1,CtVgCD45CD90R1
CtVgCD45CD90R1_TCAATCTAGTGAACGC-1,CtVgCD45CD90R1
CtVgCD45CD90R1_TCAATCTGTGGTGTAG-1,CtVgCD45CD90R1
CtVgCD45CD90R1_TCAATCTTCTACTCAT-1,CtVgCD45CD90R1
CtVgCD45CD90R1_TCACAAGAGAAACGAG-1,CtVgCD45CD90R1
CtVgCD45CD90R1_TCACAAGCACGTCTCT-1,CtVgCD45CD90R1
CtVgCD45CD90R1_TCACAAGGTTAGAACA-1,CtVgCD45CD90R1
CtVgCD45CD90R1_TCACGAAAGATATACG-1,CtVgCD45CD90R1
CtVgCD45CD90R1_TCACGAAAGCCATCGC-1,CtVgCD45CD90R1
CtVgCD45CD90R1_TCACGAAAGGGATACC-1,CtVgCD45CD90R1
CtVgCD45CD90R1_TCACGAAAGGTGTGGT-1,CtVgCD45CD90R1
CtVgCD45CD90R1_TCACGAAAGTTGAGAT-1,CtVgCD45CD90R1
CtVgCD45CD90R1_TCACGAAGTGAAAGAG-1,CtVgCD45CD90R1
CtVgCD45CD90R1_TCACGAAGTTATGCGT-1,CtVgCD45CD90R1
CtVgCD45CD90R1_TCAGATGAGAGTGAGA-1,CtVgCD45CD90R1
CtVgCD45CD90R1_TCAGATGAGCTAGGCA-1,CtVgCD45CD90R1
CtVgCD45CD90R1_TCAGATGAGTACGCGA-1,CtVgCD45CD90R1
CtVgCD45CD90R1_TCAGATGGTCCGTCAG-1,CtVgCD45CD90R1
CtVgCD45CD90R1_TCAGATGGTGTATGGG-1,CtVgCD45CD90R1
CtVgCD45CD90R1_TCAGATGGTTAGATGA-1,CtVgCD45CD90R1
CtVgCD45CD90R1_TCAGCAAAGGGTTTCT-1,CtVgCD45CD90R1
CtVgCD45CD90R1_TCAGCAACAGTAAGCG-1,CtVgCD45CD90R1
CtVgCD45CD90R1_TCAGCAAGTTGGGACA-1,CtVgCD45CD90R1
CtVgCD45CD90R1_TCAGCTCAGTGTCCCG-1,CtVgCD45CD90R1
CtVgCD45CD90R1_TCAGCTCGTAAGTAGT-1,CtVgCD45CD90R1
CtVgCD45CD90R1_TCAGCTCGTCAGAATA-1,CtVgCD45CD90R1
CtVgCD45CD90R1_TCAGCTCGTGTGCGTC-1,CtVgCD45CD90R1
CtVgCD45CD90R1_TCAGGATAGCAGCGTA-1,CtVgCD45CD90R1
CtVgCD45CD90R1_TCAGGATAGCGAAGGG-1,CtVgCD45CD90R1
CtVgCD45CD90R1_TCAGGATGTTGAACTC-1,CtVgCD45CD90R1
CtVgCD45CD90R1_TCAGGATTCGGCTACG-1,CtVgCD45CD90R1
CtVgCD45CD90R1_TCAGGATTCGTGGTCG-1,CtVgCD45CD90R1
CtVgCD45CD90R1_TCAGGTACAATGGAAT-1,CtVgCD45CD90R1
CtVgCD45CD90R1_TCAGGTACAGATGAGC-1,CtVgCD45CD90R1
CtVgCD45CD90R1_TCAGGTACAGTGAGTG-1,CtVgCD45CD90R1
CtVgCD45CD90R1_TCAGGTAGTACAGCAG-1,CtVgCD45CD90R1
CtVgCD45CD90R1_TCAGGTAGTCATCGGC-1,CtVgCD45CD90R1
CtVgCD45CD90R1_TCAGGTAGTCATGCAT-1,CtVgCD45CD90R1
CtVgCD45CD90R1_TCAGGTATCCTATTCA-1,CtVgCD45CD90R1
CtVgCD45CD90R1_TCAGGTATCTCCAACC-1,CtVgCD45CD90R1
CtVgCD45CD90R1_TCATTACGTCATCCCT-1,CtVgCD45CD90R1
CtVgCD45CD90R1_TCATTACTCGTCACGG-1,CtVgCD45CD90R1
CtVgCD45CD90R1_TCATTTGAGCAGGTCA-1,CtVgCD45CD90R1
CtVgCD45CD90R1_TCATTTGAGTGAAGAG-1,CtVgCD45CD90R1
CtVgCD45CD90R1_TCATTTGAGTTGTCGT-1,CtVgCD45CD90R1
CtVgCD45CD90R1_TCATTTGGTAAACCTC-1,CtVgCD45CD90R1
CtVgCD45CD90R1_TCATTTGGTAGCTCCG-1,CtVgCD45CD90R1
CtVgCD45CD90R1_TCATTTGGTAGTAGTA-1,CtVgCD45CD90R1
CtVgCD45CD90R1_TCATTTGGTCAAGCGA-1,CtVgCD45CD90R1
CtVgCD45CD90R1_TCATTTGGTCGCTTTC-1,CtVgCD45CD90R1
CtVgCD45CD90R1_TCATTTGGTCTCACCT-1,CtVgCD45CD90R1
CtVgCD45CD90R1_TCATTTGGTGATGTCT-1,CtVgCD45CD90R1
CtVgCD45CD90R1_TCATTTGTCTCGATGA-1,CtVgCD45CD90R1
CtVgCD45CD90R1_TCCACACAGAGCTATA-1,CtVgCD45CD90R1
CtVgCD45CD90R1_TCCACACAGCACCGTC-1,CtVgCD45CD90R1
CtVgCD45CD90R1_TCCACACCAAAGTGCG-1,CtVgCD45CD90R1
CtVgCD45CD90R1_TCCACACCAGAAGCAC-1,CtVgCD45CD90R1
CtVgCD45CD90R1_TCCACACGTCCTCCAT-1,CtVgCD45CD90R1
CtVgCD45CD90R1_TCCCGATAGCACAGGT-1,CtVgCD45CD90R1
CtVgCD45CD90R1_TCCCGATCAGGGAGAG-1,CtVgCD45CD90R1
CtVgCD45CD90R1_TCCCGATCAGTCAGCC-1,CtVgCD45CD90R1
CtVgCD45CD90R1_TCCCGATGTTCGCGAC-1,CtVgCD45CD90R1
CtVgCD45CD90R1_TCCCGATTCGATAGAA-1,CtVgCD45CD90R1
CtVgCD45CD90R1_TCGAGGCAGATTACCC-1,CtVgCD45CD90R1
CtVgCD45CD90R1_TCGAGGCAGCAGCGTA-1,CtVgCD45CD90R1
CtVgCD45CD90R1_TCGAGGCAGCTAGTTC-1,CtVgCD45CD90R1
CtVgCD45CD90R1_TCGAGGCAGTTCGCGC-1,CtVgCD45CD90R1
CtVgCD45CD90R1_TCGAGGCCAAAGCAAT-1,CtVgCD45CD90R1
CtVgCD45CD90R1_TCGAGGCCAATGGTCT-1,CtVgCD45CD90R1
CtVgCD45CD90R1_TCGAGGCGTTTCGCTC-1,CtVgCD45CD90R1
CtVgCD45CD90R1_TCGAGGCTCCACTCCA-1,CtVgCD45CD90R1
CtVgCD45CD90R1_TCGCGAGAGGCTACGA-1,CtVgCD45CD90R1
CtVgCD45CD90R1_TCGCGAGAGTAGATGT-1,CtVgCD45CD90R1
CtVgCD45CD90R1_TCGCGAGCAAGAGTCG-1,CtVgCD45CD90R1
CtVgCD45CD90R1_TCGCGAGCAAGTCTGT-1,CtVgCD45CD90R1
CtVgCD45CD90R1_TCGCGAGCACACTGCG-1,CtVgCD45CD90R1
CtVgCD45CD90R1_TCGCGAGCACTCTGTC-1,CtVgCD45CD90R1
CtVgCD45CD90R1_TCGCGAGCAGCTCGCA-1,CtVgCD45CD90R1
CtVgCD45CD90R1_TCGCGAGCATGCAATC-1,CtVgCD45CD90R1
CtVgCD45CD90R1_TCGCGAGGTCTCCATC-1,CtVgCD45CD90R1
CtVgCD45CD90R1_TCGCGAGGTGGACGAT-1,CtVgCD45CD90R1
CtVgCD45CD90R1_TCGCGAGTCTCGTATT-1,CtVgCD45CD90R1
CtVgCD45CD90R1_TCGCGTTCAGAGCCAA-1,CtVgCD45CD90R1
CtVgCD45CD90R1_TCGGGACCATTTGCTT-1,CtVgCD45CD90R1
CtVgCD45CD90R1_TCGGGACGTGCAACGA-1,CtVgCD45CD90R1
CtVgCD45CD90R1_TCGGGACTCATTATCC-1,CtVgCD45CD90R1
CtVgCD45CD90R1_TCGGGACTCCTGCCAT-1,CtVgCD45CD90R1
CtVgCD45CD90R1_TCGGTAAAGTACCGGA-1,CtVgCD45CD90R1
CtVgCD45CD90R1_TCGGTAACAATGAATG-1,CtVgCD45CD90R1
CtVgCD45CD90R1_TCGGTAACACCTCGGA-1,CtVgCD45CD90R1
CtVgCD45CD90R1_TCGGTAATCGGATGGA-1,CtVgCD45CD90R1
CtVgCD45CD90R1_TCGTACCAGACAGACC-1,CtVgCD45CD90R1
CtVgCD45CD90R1_TCGTACCAGATGTTAG-1,CtVgCD45CD90R1
CtVgCD45CD90R1_TCGTACCAGCAGCGTA-1,CtVgCD45CD90R1
CtVgCD45CD90R1_TCGTACCAGCAGGCTA-1,CtVgCD45CD90R1
CtVgCD45CD90R1_TCGTACCAGGCAGGTT-1,CtVgCD45CD90R1
CtVgCD45CD90R1_TCGTACCAGTGCGATG-1,CtVgCD45CD90R1
CtVgCD45CD90R1_TCGTACCAGTTCCACA-1,CtVgCD45CD90R1
CtVgCD45CD90R1_TCGTACCCACTTGGAT-1,CtVgCD45CD90R1
CtVgCD45CD90R1_TCGTACCCATTGGTAC-1,CtVgCD45CD90R1
CtVgCD45CD90R1_TCGTACCGTGTTTGGT-1,CtVgCD45CD90R1
CtVgCD45CD90R1_TCGTACCTCGGAATCT-1,CtVgCD45CD90R1
CtVgCD45CD90R1_TCGTAGAAGTCTTGCA-1,CtVgCD45CD90R1
CtVgCD45CD90R1_TCGTAGACAACACGCC-1,CtVgCD45CD90R1
CtVgCD45CD90R1_TCGTAGACACATCCAA-1,CtVgCD45CD90R1
CtVgCD45CD90R1_TCGTAGACACTGTTAG-1,CtVgCD45CD90R1
CtVgCD45CD90R1_TCGTAGACAGACAGGT-1,CtVgCD45CD90R1
CtVgCD45CD90R1_TCGTAGAGTCGCGAAA-1,CtVgCD45CD90R1
CtVgCD45CD90R1_TCGTAGATCTGCGACG-1,CtVgCD45CD90R1
CtVgCD45CD90R1_TCTATTGAGCGTAGTG-1,CtVgCD45CD90R1
CtVgCD45CD90R1_TCTATTGAGTACGCGA-1,CtVgCD45CD90R1
CtVgCD45CD90R1_TCTATTGAGTAGCGGT-1,CtVgCD45CD90R1
CtVgCD45CD90R1_TCTATTGCAAGCGCTC-1,CtVgCD45CD90R1
CtVgCD45CD90R1_TCTATTGGTAGCTAAA-1,CtVgCD45CD90R1
CtVgCD45CD90R1_TCTATTGGTCTCCACT-1,CtVgCD45CD90R1
CtVgCD45CD90R1_TCTATTGGTTTCGCTC-1,CtVgCD45CD90R1
CtVgCD45CD90R1_TCTATTGTCAAGGCTT-1,CtVgCD45CD90R1
CtVgCD45CD90R1_TCTATTGTCCACGTTC-1,CtVgCD45CD90R1
CtVgCD45CD90R1_TCTCATAAGGCTAGCA-1,CtVgCD45CD90R1
CtVgCD45CD90R1_TCTCATACATCCGCGA-1,CtVgCD45CD90R1
CtVgCD45CD90R1_TCTCATAGTGCGATAG-1,CtVgCD45CD90R1
CtVgCD45CD90R1_TCTCATAGTTAAAGTG-1,CtVgCD45CD90R1
CtVgCD45CD90R1_TCTCATAGTTCCATGA-1,CtVgCD45CD90R1
CtVgCD45CD90R1_TCTCATATCACATACG-1,CtVgCD45CD90R1
CtVgCD45CD90R1_TCTCTAACATCCTAGA-1,CtVgCD45CD90R1
CtVgCD45CD90R1_TCTCTAAGTACTCTCC-1,CtVgCD45CD90R1
CtVgCD45CD90R1_TCTCTAAGTATATCCG-1,CtVgCD45CD90R1
CtVgCD45CD90R1_TCTCTAATCCTTTACA-1,CtVgCD45CD90R1
CtVgCD45CD90R1_TCTGAGAGTAATCGTC-1,CtVgCD45CD90R1
CtVgCD45CD90R1_TCTGAGAGTCATTAGC-1,CtVgCD45CD90R1
CtVgCD45CD90R1_TCTGAGAGTTGCGTTA-1,CtVgCD45CD90R1
CtVgCD45CD90R1_TCTGAGATCACGGTTA-1,CtVgCD45CD90R1
CtVgCD45CD90R1_TCTGGAAAGGTAGCTG-1,CtVgCD45CD90R1
CtVgCD45CD90R1_TCTGGAAAGGTGATAT-1,CtVgCD45CD90R1
CtVgCD45CD90R1_TCTGGAAAGTCCATAC-1,CtVgCD45CD90R1
CtVgCD45CD90R1_TCTGGAACAAGTCATC-1,CtVgCD45CD90R1
CtVgCD45CD90R1_TCTGGAACACGCGAAA-1,CtVgCD45CD90R1
CtVgCD45CD90R1_TCTGGAAGTGCAGGTA-1,CtVgCD45CD90R1
CtVgCD45CD90R1_TCTGGAATCCGAGCCA-1,CtVgCD45CD90R1
CtVgCD45CD90R1_TCTTCGGCACGTCAGC-1,CtVgCD45CD90R1
CtVgCD45CD90R1_TCTTCGGCAGGTGCCT-1,CtVgCD45CD90R1
CtVgCD45CD90R1_TCTTCGGCATGGTAGG-1,CtVgCD45CD90R1
CtVgCD45CD90R1_TCTTCGGGTGCGAAAC-1,CtVgCD45CD90R1
CtVgCD45CD90R1_TCTTCGGGTGTGCGTC-1,CtVgCD45CD90R1
CtVgCD45CD90R1_TCTTTCCCACTTACGA-1,CtVgCD45CD90R1
CtVgCD45CD90R1_TCTTTCCCAGCCTTGG-1,CtVgCD45CD90R1
CtVgCD45CD90R1_TCTTTCCGTAAGGGCT-1,CtVgCD45CD90R1
CtVgCD45CD90R1_TCTTTCCGTCCAGTAT-1,CtVgCD45CD90R1
CtVgCD45CD90R1_TCTTTCCGTGCGATAG-1,CtVgCD45CD90R1
CtVgCD45CD90R1_TCTTTCCTCCCTTGCA-1,CtVgCD45CD90R1
CtVgCD45CD90R1_TGAAAGAAGTTAACGA-1,CtVgCD45CD90R1
CtVgCD45CD90R1_TGAAAGATCAAGAAGT-1,CtVgCD45CD90R1
CtVgCD45CD90R1_TGACAACAGATAGGAG-1,CtVgCD45CD90R1
CtVgCD45CD90R1_TGACAACAGGAGTAGA-1,CtVgCD45CD90R1
CtVgCD45CD90R1_TGACAACCATGCCTAA-1,CtVgCD45CD90R1
CtVgCD45CD90R1_TGACAACGTGTATGGG-1,CtVgCD45CD90R1
CtVgCD45CD90R1_TGACAACGTTCCCGAG-1,CtVgCD45CD90R1
CtVgCD45CD90R1_TGACAACTCACTTACT-1,CtVgCD45CD90R1
CtVgCD45CD90R1_TGACAACTCTTAGAGC-1,CtVgCD45CD90R1
CtVgCD45CD90R1_TGACGGCAGCTGAAAT-1,CtVgCD45CD90R1
CtVgCD45CD90R1_TGACGGCCAGCCTATA-1,CtVgCD45CD90R1
CtVgCD45CD90R1_TGACGGCGTCGGCACT-1,CtVgCD45CD90R1
CtVgCD45CD90R1_TGACGGCTCAGCACAT-1,CtVgCD45CD90R1
CtVgCD45CD90R1_TGACGGCTCCGAATGT-1,CtVgCD45CD90R1
CtVgCD45CD90R1_TGACTAGAGATATGCA-1,CtVgCD45CD90R1
CtVgCD45CD90R1_TGACTAGAGGGTGTGT-1,CtVgCD45CD90R1
CtVgCD45CD90R1_TGACTAGAGTCGCCGT-1,CtVgCD45CD90R1
CtVgCD45CD90R1_TGACTAGCACCCATGG-1,CtVgCD45CD90R1
CtVgCD45CD90R1_TGACTAGTCCGGGTGT-1,CtVgCD45CD90R1
CtVgCD45CD90R1_TGACTAGTCGCAGGCT-1,CtVgCD45CD90R1
CtVgCD45CD90R1_TGACTAGTCGCTAGCG-1,CtVgCD45CD90R1
CtVgCD45CD90R1_TGACTTTGTATTACCG-1,CtVgCD45CD90R1
CtVgCD45CD90R1_TGACTTTGTCAAGCGA-1,CtVgCD45CD90R1
CtVgCD45CD90R1_TGACTTTTCAGCTTAG-1,CtVgCD45CD90R1
CtVgCD45CD90R1_TGACTTTTCGATGAGG-1,CtVgCD45CD90R1
CtVgCD45CD90R1_TGAGAGGAGCCCTAAT-1,CtVgCD45CD90R1
CtVgCD45CD90R1_TGAGAGGAGCCTCGTG-1,CtVgCD45CD90R1
CtVgCD45CD90R1_TGAGAGGAGTCTCAAC-1,CtVgCD45CD90R1
CtVgCD45CD90R1_TGAGAGGCACTGTTAG-1,CtVgCD45CD90R1
CtVgCD45CD90R1_TGAGAGGCATACGCTA-1,CtVgCD45CD90R1
CtVgCD45CD90R1_TGAGAGGTCAATACCG-1,CtVgCD45CD90R1
CtVgCD45CD90R1_TGAGAGGTCCCTTGTG-1,CtVgCD45CD90R1
CtVgCD45CD90R1_TGAGCATAGATAGTCA-1,CtVgCD45CD90R1
CtVgCD45CD90R1_TGAGCATGTAAATGTG-1,CtVgCD45CD90R1
CtVgCD45CD90R1_TGAGCATTCCAATGGT-1,CtVgCD45CD90R1
CtVgCD45CD90R1_TGAGCATTCGCGATCG-1,CtVgCD45CD90R1
CtVgCD45CD90R1_TGAGCCGAGCACACAG-1,CtVgCD45CD90R1
CtVgCD45CD90R1_TGAGCCGAGCTGTTCA-1,CtVgCD45CD90R1
CtVgCD45CD90R1_TGAGCCGCAGACGCAA-1,CtVgCD45CD90R1
CtVgCD45CD90R1_TGAGCCGGTAAATGAC-1,CtVgCD45CD90R1
CtVgCD45CD90R1_TGAGCCGGTCCCTACT-1,CtVgCD45CD90R1
CtVgCD45CD90R1_TGAGGGAAGCTCCTCT-1,CtVgCD45CD90R1
CtVgCD45CD90R1_TGAGGGACACGACGAA-1,CtVgCD45CD90R1
CtVgCD45CD90R1_TGAGGGAGTGATAAGT-1,CtVgCD45CD90R1
CtVgCD45CD90R1_TGAGGGAGTGTCCTCT-1,CtVgCD45CD90R1
CtVgCD45CD90R1_TGAGGGATCGGATGTT-1,CtVgCD45CD90R1
CtVgCD45CD90R1_TGATTTCAGACTAGGC-1,CtVgCD45CD90R1
CtVgCD45CD90R1_TGATTTCAGGAGTAGA-1,CtVgCD45CD90R1
CtVgCD45CD90R1_TGATTTCAGTACGCGA-1,CtVgCD45CD90R1
CtVgCD45CD90R1_TGATTTCAGTGACATA-1,CtVgCD45CD90R1
CtVgCD45CD90R1_TGATTTCCAGTTCATG-1,CtVgCD45CD90R1
CtVgCD45CD90R1_TGATTTCCATCAGTAC-1,CtVgCD45CD90R1
CtVgCD45CD90R1_TGATTTCTCCAAGTAC-1,CtVgCD45CD90R1
CtVgCD45CD90R1_TGCACCTAGCTGCCCA-1,CtVgCD45CD90R1
CtVgCD45CD90R1_TGCACCTCAAGTCTGT-1,CtVgCD45CD90R1
CtVgCD45CD90R1_TGCACCTGTCTGGAGA-1,CtVgCD45CD90R1
CtVgCD45CD90R1_TGCACCTGTGGCTCCA-1,CtVgCD45CD90R1
CtVgCD45CD90R1_TGCACCTTCCGATATG-1,CtVgCD45CD90R1
CtVgCD45CD90R1_TGCCAAAAGAAGAAGC-1,CtVgCD45CD90R1
CtVgCD45CD90R1_TGCCAAACACTTCGAA-1,CtVgCD45CD90R1
CtVgCD45CD90R1_TGCCAAACAGCTGTAT-1,CtVgCD45CD90R1
CtVgCD45CD90R1_TGCCAAACATATACGC-1,CtVgCD45CD90R1
CtVgCD45CD90R1_TGCCAAATCGAATCCA-1,CtVgCD45CD90R1
CtVgCD45CD90R1_TGCCCATCAAGCCTAT-1,CtVgCD45CD90R1
CtVgCD45CD90R1_TGCCCATCATAGTAAG-1,CtVgCD45CD90R1
CtVgCD45CD90R1_TGCCCATGTCGCTTTC-1,CtVgCD45CD90R1
CtVgCD45CD90R1_TGCCCATGTGCTAGCC-1,CtVgCD45CD90R1
CtVgCD45CD90R1_TGCCCATTCAAAGTAG-1,CtVgCD45CD90R1
CtVgCD45CD90R1_TGCCCATTCGGTGTCG-1,CtVgCD45CD90R1
CtVgCD45CD90R1_TGCCCATTCTACCTGC-1,CtVgCD45CD90R1
CtVgCD45CD90R1_TGCCCTAAGAATTGTG-1,CtVgCD45CD90R1
CtVgCD45CD90R1_TGCCCTAAGATAGCAT-1,CtVgCD45CD90R1
CtVgCD45CD90R1_TGCCCTAAGGATCGCA-1,CtVgCD45CD90R1
CtVgCD45CD90R1_TGCCCTACAGTAAGAT-1,CtVgCD45CD90R1
CtVgCD45CD90R1_TGCCCTACATATACCG-1,CtVgCD45CD90R1
CtVgCD45CD90R1_TGCCCTACATTGGGCC-1,CtVgCD45CD90R1
CtVgCD45CD90R1_TGCCCTAGTCACAAGG-1,CtVgCD45CD90R1
CtVgCD45CD90R1_TGCCCTAGTGTTGGGA-1,CtVgCD45CD90R1
CtVgCD45CD90R1_TGCCCTATCGAACTGT-1,CtVgCD45CD90R1
CtVgCD45CD90R1_TGCGCAGAGAGACGAA-1,CtVgCD45CD90R1
CtVgCD45CD90R1_TGCGCAGAGCGCTCCA-1,CtVgCD45CD90R1
CtVgCD45CD90R1_TGCGCAGAGCTAGGCA-1,CtVgCD45CD90R1
CtVgCD45CD90R1_TGCGCAGGTAGGCTGA-1,CtVgCD45CD90R1
CtVgCD45CD90R1_TGCGCAGGTCTTCAAG-1,CtVgCD45CD90R1
CtVgCD45CD90R1_TGCGCAGGTTCCGGCA-1,CtVgCD45CD90R1
CtVgCD45CD90R1_TGCGCAGTCCTGCTTG-1,CtVgCD45CD90R1
CtVgCD45CD90R1_TGCGCAGTCGCGTTTC-1,CtVgCD45CD90R1
CtVgCD45CD90R1_TGCGGGTGTACTCTCC-1,CtVgCD45CD90R1
CtVgCD45CD90R1_TGCGGGTTCACTCTTA-1,CtVgCD45CD90R1
CtVgCD45CD90R1_TGCGTGGGTACTCTCC-1,CtVgCD45CD90R1
CtVgCD45CD90R1_TGCGTGGGTAGCGCAA-1,CtVgCD45CD90R1
CtVgCD45CD90R1_TGCGTGGGTTAAGATG-1,CtVgCD45CD90R1
CtVgCD45CD90R1_TGCGTGGTCTGTCAAG-1,CtVgCD45CD90R1
CtVgCD45CD90R1_TGCTACCAGAATGTGT-1,CtVgCD45CD90R1
CtVgCD45CD90R1_TGCTACCAGCGTCAAG-1,CtVgCD45CD90R1
CtVgCD45CD90R1_TGCTACCAGGCCATAG-1,CtVgCD45CD90R1
CtVgCD45CD90R1_TGCTACCCAATACGCT-1,CtVgCD45CD90R1
CtVgCD45CD90R1_TGCTACCCACTGTGTA-1,CtVgCD45CD90R1
CtVgCD45CD90R1_TGCTACCCAGGAACGT-1,CtVgCD45CD90R1
CtVgCD45CD90R1_TGCTACCGTCTAGAGG-1,CtVgCD45CD90R1
CtVgCD45CD90R1_TGCTGCTAGGTGGGTT-1,CtVgCD45CD90R1
CtVgCD45CD90R1_TGCTGCTGTAGCTCCG-1,CtVgCD45CD90R1
CtVgCD45CD90R1_TGCTGCTGTCCTCTTG-1,CtVgCD45CD90R1
CtVgCD45CD90R1_TGCTGCTTCTGCCCTA-1,CtVgCD45CD90R1
CtVgCD45CD90R1_TGGACGCCAAAGGCGT-1,CtVgCD45CD90R1
CtVgCD45CD90R1_TGGACGCCACACAGAG-1,CtVgCD45CD90R1
CtVgCD45CD90R1_TGGACGCGTACAGTTC-1,CtVgCD45CD90R1
CtVgCD45CD90R1_TGGCCAGAGCCTCGTG-1,CtVgCD45CD90R1
CtVgCD45CD90R1_TGGCCAGAGTGTCCCG-1,CtVgCD45CD90R1
CtVgCD45CD90R1_TGGCCAGCACCCATTC-1,CtVgCD45CD90R1
CtVgCD45CD90R1_TGGCCAGCATCCCACT-1,CtVgCD45CD90R1
CtVgCD45CD90R1_TGGCCAGTCATGCATG-1,CtVgCD45CD90R1
CtVgCD45CD90R1_TGGCCAGTCGCAGGCT-1,CtVgCD45CD90R1
CtVgCD45CD90R1_TGGCGCAAGGCATGTG-1,CtVgCD45CD90R1
CtVgCD45CD90R1_TGGCGCAGTGGGTCAA-1,CtVgCD45CD90R1
CtVgCD45CD90R1_TGGCGCAGTGTATGGG-1,CtVgCD45CD90R1
CtVgCD45CD90R1_TGGCGCATCACAAACC-1,CtVgCD45CD90R1
CtVgCD45CD90R1_TGGCGCATCATGGTCA-1,CtVgCD45CD90R1
CtVgCD45CD90R1_TGGCGCATCGCCAGCA-1,CtVgCD45CD90R1
CtVgCD45CD90R1_TGGCTGGAGATCTGCT-1,CtVgCD45CD90R1
CtVgCD45CD90R1_TGGCTGGAGTATTGGA-1,CtVgCD45CD90R1
CtVgCD45CD90R1_TGGCTGGTCATTCACT-1,CtVgCD45CD90R1
CtVgCD45CD90R1_TGGCTGGTCATTGCCC-1,CtVgCD45CD90R1
CtVgCD45CD90R1_TGGGAAGAGAGGGCTT-1,CtVgCD45CD90R1
CtVgCD45CD90R1_TGGGAAGGTAAATACG-1,CtVgCD45CD90R1
CtVgCD45CD90R1_TGGGAAGGTCGAATCT-1,CtVgCD45CD90R1
CtVgCD45CD90R1_TGGGAAGTCACTGGGC-1,CtVgCD45CD90R1
CtVgCD45CD90R1_TGGGCGTAGATCTGCT-1,CtVgCD45CD90R1
CtVgCD45CD90R1_TGGGCGTCACAGGAGT-1,CtVgCD45CD90R1
CtVgCD45CD90R1_TGGGCGTGTGTTGAGG-1,CtVgCD45CD90R1
CtVgCD45CD90R1_TGGGCGTTCTGAGGGA-1,CtVgCD45CD90R1
CtVgCD45CD90R1_TGGTTAGAGAGGTTGC-1,CtVgCD45CD90R1
CtVgCD45CD90R1_TGGTTAGAGGCCATAG-1,CtVgCD45CD90R1
CtVgCD45CD90R1_TGGTTAGCAAACTGTC-1,CtVgCD45CD90R1
CtVgCD45CD90R1_TGGTTAGGTTACCAGT-1,CtVgCD45CD90R1
CtVgCD45CD90R1_TGGTTAGTCCTCCTAG-1,CtVgCD45CD90R1
CtVgCD45CD90R1_TGGTTCCAGCTGTTCA-1,CtVgCD45CD90R1
CtVgCD45CD90R1_TGGTTCCCAAGGGTCA-1,CtVgCD45CD90R1
CtVgCD45CD90R1_TGGTTCCCATAAGACA-1,CtVgCD45CD90R1
CtVgCD45CD90R1_TGGTTCCGTCCAGTGC-1,CtVgCD45CD90R1
CtVgCD45CD90R1_TGGTTCCGTCTTCAAG-1,CtVgCD45CD90R1
CtVgCD45CD90R1_TGGTTCCGTTACTGAC-1,CtVgCD45CD90R1
CtVgCD45CD90R1_TGGTTCCTCGGCGCAT-1,CtVgCD45CD90R1
CtVgCD45CD90R1_TGTATTCAGGCAATTA-1,CtVgCD45CD90R1
CtVgCD45CD90R1_TGTATTCGTAGGACAC-1,CtVgCD45CD90R1
CtVgCD45CD90R1_TGTCCCACAATGGACG-1,CtVgCD45CD90R1
CtVgCD45CD90R1_TGTCCCATCTGCCAGG-1,CtVgCD45CD90R1
CtVgCD45CD90R1_TGTGGTAGTAACGCGA-1,CtVgCD45CD90R1
CtVgCD45CD90R1_TGTGGTAGTCCCTACT-1,CtVgCD45CD90R1
CtVgCD45CD90R1_TGTGGTAGTTTCGCTC-1,CtVgCD45CD90R1
CtVgCD45CD90R1_TGTGGTATCGGTGTCG-1,CtVgCD45CD90R1
CtVgCD45CD90R1_TGTGTTTAGAGCTATA-1,CtVgCD45CD90R1
CtVgCD45CD90R1_TGTGTTTGTGGTCCGT-1,CtVgCD45CD90R1
CtVgCD45CD90R1_TGTGTTTTCTCGATGA-1,CtVgCD45CD90R1
CtVgCD45CD90R1_TGTGTTTTCTTGTATC-1,CtVgCD45CD90R1
CtVgCD45CD90R1_TGTTCCGCAATGGTCT-1,CtVgCD45CD90R1
CtVgCD45CD90R1_TGTTCCGCAGCTATTG-1,CtVgCD45CD90R1
CtVgCD45CD90R1_TGTTCCGCATTGAGCT-1,CtVgCD45CD90R1
CtVgCD45CD90R1_TTAACTCAGGGCACTA-1,CtVgCD45CD90R1
CtVgCD45CD90R1_TTAACTCCAGCCAATT-1,CtVgCD45CD90R1
CtVgCD45CD90R1_TTAACTCGTACAGTTC-1,CtVgCD45CD90R1
CtVgCD45CD90R1_TTAACTCTCAACGGCC-1,CtVgCD45CD90R1
CtVgCD45CD90R1_TTAGGACAGCTTATCG-1,CtVgCD45CD90R1
CtVgCD45CD90R1_TTAGGACAGGGAGTAA-1,CtVgCD45CD90R1
CtVgCD45CD90R1_TTAGGACAGTCGTACT-1,CtVgCD45CD90R1
CtVgCD45CD90R1_TTAGGACCACACAGAG-1,CtVgCD45CD90R1
CtVgCD45CD90R1_TTAGGACCATCACGAT-1,CtVgCD45CD90R1
CtVgCD45CD90R1_TTAGGACCATTCGACA-1,CtVgCD45CD90R1
CtVgCD45CD90R1_TTAGGACGTCACCCAG-1,CtVgCD45CD90R1
CtVgCD45CD90R1_TTAGGCAAGGAGCGAG-1,CtVgCD45CD90R1
CtVgCD45CD90R1_TTAGGCACACTTGGAT-1,CtVgCD45CD90R1
CtVgCD45CD90R1_TTAGGCATCACAGTAC-1,CtVgCD45CD90R1
CtVgCD45CD90R1_TTAGTTCAGGCGTACA-1,CtVgCD45CD90R1
CtVgCD45CD90R1_TTAGTTCAGGTGGGTT-1,CtVgCD45CD90R1
CtVgCD45CD90R1_TTAGTTCCAGCCACCA-1,CtVgCD45CD90R1
CtVgCD45CD90R1_TTAGTTCGTGGACGAT-1,CtVgCD45CD90R1
CtVgCD45CD90R1_TTAGTTCTCTTGTATC-1,CtVgCD45CD90R1
CtVgCD45CD90R1_TTATGCTAGTGCGTGA-1,CtVgCD45CD90R1
CtVgCD45CD90R1_TTATGCTCAATCCAAC-1,CtVgCD45CD90R1
CtVgCD45CD90R1_TTATGCTGTAGCGTGA-1,CtVgCD45CD90R1
CtVgCD45CD90R1_TTATGCTGTATAGGGC-1,CtVgCD45CD90R1
CtVgCD45CD90R1_TTATGCTTCAAGATCC-1,CtVgCD45CD90R1
CtVgCD45CD90R1_TTATGCTTCGCGTAGC-1,CtVgCD45CD90R1
CtVgCD45CD90R1_TTCCCAGAGACACTAA-1,CtVgCD45CD90R1
CtVgCD45CD90R1_TTCCCAGCAAGCCCAC-1,CtVgCD45CD90R1
CtVgCD45CD90R1_TTCCCAGTCAGCGACC-1,CtVgCD45CD90R1
CtVgCD45CD90R1_TTCCCAGTCCTTTCGG-1,CtVgCD45CD90R1
CtVgCD45CD90R1_TTCGAAGCACTTCTGC-1,CtVgCD45CD90R1
CtVgCD45CD90R1_TTCGAAGCAGTGACAG-1,CtVgCD45CD90R1
CtVgCD45CD90R1_TTCGAAGGTGTGGCTC-1,CtVgCD45CD90R1
CtVgCD45CD90R1_TTCGGTCGTTGGTGGA-1,CtVgCD45CD90R1
CtVgCD45CD90R1_TTCTACAAGAGTCGGT-1,CtVgCD45CD90R1
CtVgCD45CD90R1_TTCTACAAGCGATGAC-1,CtVgCD45CD90R1
CtVgCD45CD90R1_TTCTACACACTAGTAC-1,CtVgCD45CD90R1
CtVgCD45CD90R1_TTCTACACAGCTGTTA-1,CtVgCD45CD90R1
CtVgCD45CD90R1_TTCTACAGTAGCCTAT-1,CtVgCD45CD90R1
CtVgCD45CD90R1_TTCTACAGTCAATACC-1,CtVgCD45CD90R1
CtVgCD45CD90R1_TTCTACAGTTGCTCCT-1,CtVgCD45CD90R1
CtVgCD45CD90R1_TTCTACATCATTGCGA-1,CtVgCD45CD90R1
CtVgCD45CD90R1_TTCTACATCGCAGGCT-1,CtVgCD45CD90R1
CtVgCD45CD90R1_TTCTCAAAGCCTATGT-1,CtVgCD45CD90R1
CtVgCD45CD90R1_TTCTCAAAGGATGCGT-1,CtVgCD45CD90R1
CtVgCD45CD90R1_TTCTCAACACGAAACG-1,CtVgCD45CD90R1
CtVgCD45CD90R1_TTCTCAAGTGCTAGCC-1,CtVgCD45CD90R1
CtVgCD45CD90R1_TTCTCAATCCAAATGC-1,CtVgCD45CD90R1
CtVgCD45CD90R1_TTCTCCTAGCCACGCT-1,CtVgCD45CD90R1
CtVgCD45CD90R1_TTCTCCTCACATGACT-1,CtVgCD45CD90R1
CtVgCD45CD90R1_TTCTCCTGTCATACTG-1,CtVgCD45CD90R1
CtVgCD45CD90R1_TTCTCCTGTCGGCACT-1,CtVgCD45CD90R1
CtVgCD45CD90R1_TTCTTAGCACTTGGAT-1,CtVgCD45CD90R1
CtVgCD45CD90R1_TTCTTAGCAGGCTCAC-1,CtVgCD45CD90R1
CtVgCD45CD90R1_TTCTTAGCATCCTAGA-1,CtVgCD45CD90R1
CtVgCD45CD90R1_TTCTTAGGTAAAGTCA-1,CtVgCD45CD90R1
CtVgCD45CD90R1_TTCTTAGGTATAGGTA-1,CtVgCD45CD90R1
CtVgCD45CD90R1_TTCTTAGGTGATAAAC-1,CtVgCD45CD90R1
CtVgCD45CD90R1_TTCTTAGTCATGCATG-1,CtVgCD45CD90R1
CtVgCD45CD90R1_TTCTTAGTCATGCTCC-1,CtVgCD45CD90R1
CtVgCD45CD90R1_TTGAACGCACTAAGTC-1,CtVgCD45CD90R1
CtVgCD45CD90R1_TTGAACGCATCTCGCT-1,CtVgCD45CD90R1
CtVgCD45CD90R1_TTGAACGGTATGAATG-1,CtVgCD45CD90R1
CtVgCD45CD90R1_TTGAACGTCGCTTGTC-1,CtVgCD45CD90R1
CtVgCD45CD90R1_TTGACTTAGTCGAGTG-1,CtVgCD45CD90R1
CtVgCD45CD90R1_TTGACTTGTCCTCTTG-1,CtVgCD45CD90R1
CtVgCD45CD90R1_TTGACTTTCACATACG-1,CtVgCD45CD90R1
CtVgCD45CD90R1_TTGACTTTCAGGTAAA-1,CtVgCD45CD90R1
CtVgCD45CD90R1_TTGCCGTCACCAGTTA-1,CtVgCD45CD90R1
CtVgCD45CD90R1_TTGCCGTCAGTATAAG-1,CtVgCD45CD90R1
CtVgCD45CD90R1_TTGCCGTGTAGAAAGG-1,CtVgCD45CD90R1
CtVgCD45CD90R1_TTGCCGTTCATTCACT-1,CtVgCD45CD90R1
CtVgCD45CD90R1_TTGCCGTTCTGTCCGT-1,CtVgCD45CD90R1
CtVgCD45CD90R1_TTGCGTCAGCTAACTC-1,CtVgCD45CD90R1
CtVgCD45CD90R1_TTGCGTCAGTCGAGTG-1,CtVgCD45CD90R1
CtVgCD45CD90R1_TTGCGTCGTAGAAGGA-1,CtVgCD45CD90R1
CtVgCD45CD90R1_TTGCGTCGTCCTAGCG-1,CtVgCD45CD90R1
CtVgCD45CD90R1_TTGCGTCGTTAAGATG-1,CtVgCD45CD90R1
CtVgCD45CD90R1_TTGCGTCGTTATCGGT-1,CtVgCD45CD90R1
CtVgCD45CD90R1_TTGCGTCTCAGTGTTG-1,CtVgCD45CD90R1
CtVgCD45CD90R1_TTGCGTCTCGGTGTCG-1,CtVgCD45CD90R1
CtVgCD45CD90R1_TTGCGTCTCTAACGGT-1,CtVgCD45CD90R1
CtVgCD45CD90R1_TTGGAACCAGCTGTTA-1,CtVgCD45CD90R1
CtVgCD45CD90R1_TTGGAACCATGACATC-1,CtVgCD45CD90R1
CtVgCD45CD90R1_TTGGAACTCTGCTTGC-1,CtVgCD45CD90R1
CtVgCD45CD90R1_TTGGAACTCTGGTGTA-1,CtVgCD45CD90R1
CtVgCD45CD90R1_TTGGCAAAGGAGTTGC-1,CtVgCD45CD90R1
CtVgCD45CD90R1_TTGGCAATCCACTGGG-1,CtVgCD45CD90R1
CtVgCD45CD90R1_TTGGCAATCGAATGCT-1,CtVgCD45CD90R1
CtVgCD45CD90R1_TTGTAGGCAAGTACCT-1,CtVgCD45CD90R1
CtVgCD45CD90R1_TTGTAGGGTACCGTTA-1,CtVgCD45CD90R1
CtVgCD45CD90R1_TTGTAGGGTGGGTCAA-1,CtVgCD45CD90R1
CtVgCD45CD90R1_TTGTAGGGTTCAGTAC-1,CtVgCD45CD90R1
CtVgCD45CD90R1_TTTACTGCAGATCCAT-1,CtVgCD45CD90R1
CtVgCD45CD90R1_TTTACTGGTAGGACAC-1,CtVgCD45CD90R1
CtVgCD45CD90R1_TTTACTGGTGCACGAA-1,CtVgCD45CD90R1
CtVgCD45CD90R1_TTTACTGGTGTTAAGA-1,CtVgCD45CD90R1
CtVgCD45CD90R1_TTTACTGTCACCGGGT-1,CtVgCD45CD90R1
CtVgCD45CD90R1_TTTACTGTCTCAACTT-1,CtVgCD45CD90R1
CtVgCD45CD90R1_TTTATGCAGCGACGTA-1,CtVgCD45CD90R1
CtVgCD45CD90R1_TTTATGCGTGGGTCAA-1,CtVgCD45CD90R1
CtVgCD45CD90R1_TTTATGCGTTGAGTTC-1,CtVgCD45CD90R1
CtVgCD45CD90R1_TTTATGCTCCAGGGCT-1,CtVgCD45CD90R1
CtVgCD45CD90R1_TTTCCTCAGAACTGTA-1,CtVgCD45CD90R1
CtVgCD45CD90R1_TTTCCTCAGGGTTCCC-1,CtVgCD45CD90R1
CtVgCD45CD90R1_TTTCCTCCAATGAATG-1,CtVgCD45CD90R1
CtVgCD45CD90R1_TTTCCTCGTATAGTAG-1,CtVgCD45CD90R1
CtVgCD45CD90R1_TTTCCTCTCGAATGCT-1,CtVgCD45CD90R1
CtVgCD45CD90R1_TTTGCGCAGAAACGCC-1,CtVgCD45CD90R1
CtVgCD45CD90R1_TTTGCGCCAAGCTGGA-1,CtVgCD45CD90R1
CtVgCD45CD90R1_TTTGCGCGTAGCGCTC-1,CtVgCD45CD90R1
CtVgCD45CD90R1_TTTGCGCTCCTTGCCA-1,CtVgCD45CD90R1
CtVgCD45CD90R1_TTTGGTTAGATGTGTA-1,CtVgCD45CD90R1
CtVgCD45CD90R1_TTTGGTTCAAGTCATC-1,CtVgCD45CD90R1
CtVgCD45CD90R1_TTTGGTTCATGCCCGA-1,CtVgCD45CD90R1
CtVgCD45CD90R1_TTTGGTTCATGCCTAA-1,CtVgCD45CD90R1
CtVgCD45CD90R1_TTTGGTTGTCCAAGTT-1,CtVgCD45CD90R1
CtVgCD45CD90R1_TTTGGTTTCCTGCAGG-1,CtVgCD45CD90R1
CtVgCD45CD90R1_TTTGGTTTCGGAGGTA-1,CtVgCD45CD90R1
CtVgCD45CD90R1_TTTGTCACAGACGTAG-1,CtVgCD45CD90R1
CtVgCD45CD90R1_TTTGTCATCACATGCA-1,CtVgCD45CD90R1
CtVgCD45CD90R1_TTTGTCATCACCCGAG-1,CtVgCD45CD90R1
CtVgCD45CD90R1_TTTGTCATCCGCGGTA-1,CtVgCD45CD90R1
CtC57CD90R1_AAACCTGAGTCACGCC-1,CtC57CD90R1
CtC57CD90R1_AAACCTGCACACTGCG-1,CtC57CD90R1
CtC57CD90R1_AAACCTGCAGTAACGG-1,CtC57CD90R1
CtC57CD90R1_AAACCTGGTGATGTGG-1,CtC57CD90R1
CtC57CD90R1_AAACCTGTCAACACTG-1,CtC57CD90R1
CtC57CD90R1_AAACCTGTCCACGTTC-1,CtC57CD90R1
CtC57CD90R1_AAACGGGAGAGAGCTC-1,CtC57CD90R1
CtC57CD90R1_AAACGGGAGCAATCTC-1,CtC57CD90R1
CtC57CD90R1_AAACGGGAGCAGCGTA-1,CtC57CD90R1
CtC57CD90R1_AAACGGGAGTACGTTC-1,CtC57CD90R1
CtC57CD90R1_AAACGGGAGTGCTGCC-1,CtC57CD90R1
CtC57CD90R1_AAACGGGAGTTGTCGT-1,CtC57CD90R1
CtC57CD90R1_AAACGGGCAGGTGCCT-1,CtC57CD90R1
CtC57CD90R1_AAACGGGGTCGAGTTT-1,CtC57CD90R1
CtC57CD90R1_AAACGGGGTTACGACT-1,CtC57CD90R1
CtC57CD90R1_AAACGGGTCACTGGGC-1,CtC57CD90R1
CtC57CD90R1_AAACGGGTCTGCGTAA-1,CtC57CD90R1
CtC57CD90R1_AAAGATGAGCTAGTCT-1,CtC57CD90R1
CtC57CD90R1_AAAGATGCAAAGGCGT-1,CtC57CD90R1
CtC57CD90R1_AAAGATGGTCAGGACA-1,CtC57CD90R1
CtC57CD90R1_AAAGATGGTCCGAAGA-1,CtC57CD90R1
CtC57CD90R1_AAAGATGTCATTGCCC-1,CtC57CD90R1
CtC57CD90R1_AAAGCAAAGCAGGCTA-1,CtC57CD90R1
CtC57CD90R1_AAAGCAACAGCTGTAT-1,CtC57CD90R1
CtC57CD90R1_AAAGCAAGTACCCAAT-1,CtC57CD90R1
CtC57CD90R1_AAAGCAAGTCCGAATT-1,CtC57CD90R1
CtC57CD90R1_AAAGCAAGTGTATGGG-1,CtC57CD90R1
CtC57CD90R1_AAAGCAAGTTCTCATT-1,CtC57CD90R1
CtC57CD90R1_AAAGCAATCAAGCCTA-1,CtC57CD90R1
CtC57CD90R1_AAAGCAATCGTTTAGG-1,CtC57CD90R1
CtC57CD90R1_AAAGTAGAGAACAACT-1,CtC57CD90R1
CtC57CD90R1_AAAGTAGAGGTGCTAG-1,CtC57CD90R1
CtC57CD90R1_AAAGTAGCACACTGCG-1,CtC57CD90R1
CtC57CD90R1_AAAGTAGCACATTAGC-1,CtC57CD90R1
CtC57CD90R1_AAAGTAGCAGGACCCT-1,CtC57CD90R1
CtC57CD90R1_AAAGTAGCATGCAATC-1,CtC57CD90R1
CtC57CD90R1_AAAGTAGCATTGAGCT-1,CtC57CD90R1
CtC57CD90R1_AAAGTAGGTAGCTCCG-1,CtC57CD90R1
CtC57CD90R1_AAAGTAGGTCATATGC-1,CtC57CD90R1
CtC57CD90R1_AAAGTAGGTGTGTGCC-1,CtC57CD90R1
CtC57CD90R1_AAAGTAGGTTGATTCG-1,CtC57CD90R1
CtC57CD90R1_AAAGTAGGTTTGTTTC-1,CtC57CD90R1
CtC57CD90R1_AAAGTAGTCAACGGCC-1,CtC57CD90R1
CtC57CD90R1_AAAGTAGTCGGCGGTT-1,CtC57CD90R1
CtC57CD90R1_AAATGCCCACATGACT-1,CtC57CD90R1
CtC57CD90R1_AAATGCCCACATTCGA-1,CtC57CD90R1
CtC57CD90R1_AAATGCCGTCCTAGCG-1,CtC57CD90R1
CtC57CD90R1_AAATGCCGTTACGGAG-1,CtC57CD90R1
CtC57CD90R1_AAATGCCTCGCCAAAT-1,CtC57CD90R1
CtC57CD90R1_AAATGCCTCTACTTAC-1,CtC57CD90R1
CtC57CD90R1_AAATGCCTCTCTTATG-1,CtC57CD90R1
CtC57CD90R1_AACACGTAGAATGTGT-1,CtC57CD90R1
CtC57CD90R1_AACACGTAGGAGCGTT-1,CtC57CD90R1
CtC57CD90R1_AACACGTCATCTCGCT-1,CtC57CD90R1
CtC57CD90R1_AACACGTGTCCAGTGC-1,CtC57CD90R1
CtC57CD90R1_AACACGTTCCAAACAC-1,CtC57CD90R1
CtC57CD90R1_AACACGTTCCGATATG-1,CtC57CD90R1
CtC57CD90R1_AACACGTTCGGAAACG-1,CtC57CD90R1
CtC57CD90R1_AACCATGAGATATGGT-1,CtC57CD90R1
CtC57CD90R1_AACCATGAGGCATTGG-1,CtC57CD90R1
CtC57CD90R1_AACCATGAGGGTTTCT-1,CtC57CD90R1
CtC57CD90R1_AACCATGAGGTTACCT-1,CtC57CD90R1
CtC57CD90R1_AACCATGTCCTGTAGA-1,CtC57CD90R1
CtC57CD90R1_AACCATGTCTTGAGGT-1,CtC57CD90R1
CtC57CD90R1_AACCGCGAGAGCCTAG-1,CtC57CD90R1
CtC57CD90R1_AACCGCGAGGCCCTTG-1,CtC57CD90R1
CtC57CD90R1_AACCGCGAGTCAATAG-1,CtC57CD90R1
CtC57CD90R1_AACCGCGAGTCCAGGA-1,CtC57CD90R1
CtC57CD90R1_AACCGCGAGTGGTCCC-1,CtC57CD90R1
CtC57CD90R1_AACCGCGCAGATAATG-1,CtC57CD90R1
CtC57CD90R1_AACCGCGCAGGCGATA-1,CtC57CD90R1
CtC57CD90R1_AACCGCGGTATTCTCT-1,CtC57CD90R1
CtC57CD90R1_AACCGCGGTGATGTGG-1,CtC57CD90R1
CtC57CD90R1_AACCGCGGTTAAGACA-1,CtC57CD90R1
CtC57CD90R1_AACCGCGGTTACCAGT-1,CtC57CD90R1
CtC57CD90R1_AACGTTGCACTTAAGC-1,CtC57CD90R1
CtC57CD90R1_AACGTTGGTAGCAAAT-1,CtC57CD90R1
CtC57CD90R1_AACGTTGGTGACTACT-1,CtC57CD90R1
CtC57CD90R1_AACGTTGGTTAGGGTG-1,CtC57CD90R1
CtC57CD90R1_AACGTTGTCAAAGTAG-1,CtC57CD90R1
CtC57CD90R1_AACGTTGTCGAATGCT-1,CtC57CD90R1
CtC57CD90R1_AACTCAGCAGCTGTTA-1,CtC57CD90R1
CtC57CD90R1_AACTCAGCAGTCTTCC-1,CtC57CD90R1
CtC57CD90R1_AACTCAGGTGTTGAGG-1,CtC57CD90R1
CtC57CD90R1_AACTCCCAGAATTGTG-1,CtC57CD90R1
CtC57CD90R1_AACTCCCAGCGTTCCG-1,CtC57CD90R1
CtC57CD90R1_AACTCCCAGTATCGAA-1,CtC57CD90R1
CtC57CD90R1_AACTCCCCAAGAGTCG-1,CtC57CD90R1
CtC57CD90R1_AACTCCCGTAGGGTAC-1,CtC57CD90R1
CtC57CD90R1_AACTCCCGTATATGAG-1,CtC57CD90R1
CtC57CD90R1_AACTCCCGTGCGCTTG-1,CtC57CD90R1
CtC57CD90R1_AACTCCCTCACAAACC-1,CtC57CD90R1
CtC57CD90R1_AACTCCCTCACAGTAC-1,CtC57CD90R1
CtC57CD90R1_AACTCCCTCTACCAGA-1,CtC57CD90R1
CtC57CD90R1_AACTCTTCACGACTCG-1,CtC57CD90R1
CtC57CD90R1_AACTCTTCATTGCGGC-1,CtC57CD90R1
CtC57CD90R1_AACTCTTGTTACGACT-1,CtC57CD90R1
CtC57CD90R1_AACTCTTTCAGTCCCT-1,CtC57CD90R1
CtC57CD90R1_AACTCTTTCCTTCAAT-1,CtC57CD90R1
CtC57CD90R1_AACTCTTTCTGCTGCT-1,CtC57CD90R1
CtC57CD90R1_AACTGGTCAAAGGAAG-1,CtC57CD90R1
CtC57CD90R1_AACTGGTCAAAGTCAA-1,CtC57CD90R1
CtC57CD90R1_AACTGGTCACCAGTTA-1,CtC57CD90R1
CtC57CD90R1_AACTGGTTCCCTTGTG-1,CtC57CD90R1
CtC57CD90R1_AACTTTCAGAGGGATA-1,CtC57CD90R1
CtC57CD90R1_AACTTTCCATCCTTGC-1,CtC57CD90R1
CtC57CD90R1_AACTTTCTCAGCTCGG-1,CtC57CD90R1
CtC57CD90R1_AAGACCTAGACTACAA-1,CtC57CD90R1
CtC57CD90R1_AAGACCTAGGGCTTGA-1,CtC57CD90R1
CtC57CD90R1_AAGACCTCACGCCAGT-1,CtC57CD90R1
CtC57CD90R1_AAGACCTCAGCCACCA-1,CtC57CD90R1
CtC57CD90R1_AAGACCTTCAGTCAGT-1,CtC57CD90R1
CtC57CD90R1_AAGACCTTCGTAGGAG-1,CtC57CD90R1
CtC57CD90R1_AAGACCTTCTATCGCC-1,CtC57CD90R1
CtC57CD90R1_AAGCCGCAGAAGGTGA-1,CtC57CD90R1
CtC57CD90R1_AAGCCGCAGCCTCGTG-1,CtC57CD90R1
CtC57CD90R1_AAGCCGCAGTGAAGAG-1,CtC57CD90R1
CtC57CD90R1_AAGCCGCAGTGCTGCC-1,CtC57CD90R1
CtC57CD90R1_AAGCCGCCAACACCCG-1,CtC57CD90R1
CtC57CD90R1_AAGCCGCCACTTAAGC-1,CtC57CD90R1
CtC57CD90R1_AAGCCGCCATCACAAC-1,CtC57CD90R1
CtC57CD90R1_AAGCCGCTCAATCACG-1,CtC57CD90R1
CtC57CD90R1_AAGGAGCAGGCGCTCT-1,CtC57CD90R1
CtC57CD90R1_AAGGAGCCAATGAATG-1,CtC57CD90R1
CtC57CD90R1_AAGGAGCGTATATGAG-1,CtC57CD90R1
CtC57CD90R1_AAGGAGCGTATCTGCA-1,CtC57CD90R1
CtC57CD90R1_AAGGAGCGTGAACCTT-1,CtC57CD90R1
CtC57CD90R1_AAGGAGCGTGTGGCTC-1,CtC57CD90R1
CtC57CD90R1_AAGGAGCTCTCTAAGG-1,CtC57CD90R1
CtC57CD90R1_AAGGAGCTCTTAACCT-1,CtC57CD90R1
CtC57CD90R1_AAGGCAGCAAACGTGG-1,CtC57CD90R1
CtC57CD90R1_AAGGCAGCAGGCAGTA-1,CtC57CD90R1
CtC57CD90R1_AAGGCAGGTTTGGGCC-1,CtC57CD90R1
CtC57CD90R1_AAGGCAGTCCAGAGGA-1,CtC57CD90R1
CtC57CD90R1_AAGGTTCAGTCAAGGC-1,CtC57CD90R1
CtC57CD90R1_AAGGTTCAGTCTTGCA-1,CtC57CD90R1
CtC57CD90R1_AAGGTTCGTCGGCATC-1,CtC57CD90R1
CtC57CD90R1_AAGGTTCGTGGCAAAC-1,CtC57CD90R1
CtC57CD90R1_AAGGTTCTCAAAGACA-1,CtC57CD90R1
CtC57CD90R1_AAGTCTGCAGCATACT-1,CtC57CD90R1
CtC57CD90R1_AAGTCTGCATGCCACG-1,CtC57CD90R1
CtC57CD90R1_AAGTCTGGTGTGCGTC-1,CtC57CD90R1
CtC57CD90R1_AAGTCTGTCTCTGTCG-1,CtC57CD90R1
CtC57CD90R1_AATCCAGAGACACTAA-1,CtC57CD90R1
CtC57CD90R1_AATCCAGAGAGTGAGA-1,CtC57CD90R1
CtC57CD90R1_AATCCAGAGCTGAACG-1,CtC57CD90R1
CtC57CD90R1_AATCCAGCAAGCCATT-1,CtC57CD90R1
CtC57CD90R1_AATCCAGCAATGTTGC-1,CtC57CD90R1
CtC57CD90R1_AATCCAGCACAACGTT-1,CtC57CD90R1
CtC57CD90R1_AATCCAGGTGCCTGCA-1,CtC57CD90R1
CtC57CD90R1_AATCCAGGTTGCCTCT-1,CtC57CD90R1
CtC57CD90R1_AATCCAGTCAATCTCT-1,CtC57CD90R1
CtC57CD90R1_AATCCAGTCATCGATG-1,CtC57CD90R1
CtC57CD90R1_AATCCAGTCGTGGGAA-1,CtC57CD90R1
CtC57CD90R1_AATCCAGTCTGTCCGT-1,CtC57CD90R1
CtC57CD90R1_AATCCAGTCTGTCTCG-1,CtC57CD90R1
CtC57CD90R1_AATCGGTAGCAAATCA-1,CtC57CD90R1
CtC57CD90R1_AATCGGTCAATCTGCA-1,CtC57CD90R1
CtC57CD90R1_AATCGGTCACCAGATT-1,CtC57CD90R1
CtC57CD90R1_AATCGGTGTCTTGCGG-1,CtC57CD90R1
CtC57CD90R1_AATCGGTTCTTGAGGT-1,CtC57CD90R1
CtC57CD90R1_ACACCAAAGGCATTGG-1,CtC57CD90R1
CtC57CD90R1_ACACCAAGTCATGCAT-1,CtC57CD90R1
CtC57CD90R1_ACACCAAGTCTGCCAG-1,CtC57CD90R1
CtC57CD90R1_ACACCAATCTATCCTA-1,CtC57CD90R1
CtC57CD90R1_ACACCAATCTTGTTTG-1,CtC57CD90R1
CtC57CD90R1_ACACCCTAGGCTCTTA-1,CtC57CD90R1
CtC57CD90R1_ACACCCTGTATATCCG-1,CtC57CD90R1
CtC57CD90R1_ACACCCTTCAGTTTGG-1,CtC57CD90R1
CtC57CD90R1_ACACCCTTCTCAAACG-1,CtC57CD90R1
CtC57CD90R1_ACACCGGAGTCGTTTG-1,CtC57CD90R1
CtC57CD90R1_ACACCGGCACCGTTGG-1,CtC57CD90R1
CtC57CD90R1_ACACCGGCAGCTGCTG-1,CtC57CD90R1
CtC57CD90R1_ACACCGGCATAGTAAG-1,CtC57CD90R1
CtC57CD90R1_ACACCGGGTAAGTGTA-1,CtC57CD90R1
CtC57CD90R1_ACACCGGGTCCGAGTC-1,CtC57CD90R1
CtC57CD90R1_ACACCGGGTCTCCATC-1,CtC57CD90R1
CtC57CD90R1_ACACCGGGTGATAAAC-1,CtC57CD90R1
CtC57CD90R1_ACACCGGGTTGCGTTA-1,CtC57CD90R1
CtC57CD90R1_ACACCGGTCACATGCA-1,CtC57CD90R1
CtC57CD90R1_ACACTGACAATAGCAA-1,CtC57CD90R1
CtC57CD90R1_ACACTGACATCGGACC-1,CtC57CD90R1
CtC57CD90R1_ACACTGAGTGATGCCC-1,CtC57CD90R1
CtC57CD90R1_ACACTGAGTGGTACAG-1,CtC57CD90R1
CtC57CD90R1_ACACTGATCTGCTGTC-1,CtC57CD90R1
CtC57CD90R1_ACAGCCGCACGACGAA-1,CtC57CD90R1
CtC57CD90R1_ACAGCCGCAGCGATCC-1,CtC57CD90R1
CtC57CD90R1_ACAGCCGGTAACGCGA-1,CtC57CD90R1
CtC57CD90R1_ACAGCCGGTAACGTTC-1,CtC57CD90R1
CtC57CD90R1_ACAGCCGGTAATAGCA-1,CtC57CD90R1
CtC57CD90R1_ACAGCTAAGCGAAGGG-1,CtC57CD90R1
CtC57CD90R1_ACAGCTACAACACGCC-1,CtC57CD90R1
CtC57CD90R1_ACAGCTAGTAAACACA-1,CtC57CD90R1
CtC57CD90R1_ACAGCTAGTATAGGGC-1,CtC57CD90R1
CtC57CD90R1_ACAGCTAGTCAAGCGA-1,CtC57CD90R1
CtC57CD90R1_ACAGCTAGTTCAGTAC-1,CtC57CD90R1
CtC57CD90R1_ACAGCTATCAAGGTAA-1,CtC57CD90R1
CtC57CD90R1_ACAGCTATCGATCCCT-1,CtC57CD90R1
CtC57CD90R1_ACAGCTATCTGTACGA-1,CtC57CD90R1
CtC57CD90R1_ACATACGAGGATGCGT-1,CtC57CD90R1
CtC57CD90R1_ACATACGTCGCCAGCA-1,CtC57CD90R1
CtC57CD90R1_ACATACGTCGTTGCCT-1,CtC57CD90R1
CtC57CD90R1_ACATACGTCTGGTGTA-1,CtC57CD90R1
CtC57CD90R1_ACATCAGAGTACGTTC-1,CtC57CD90R1
CtC57CD90R1_ACATCAGCAATGGAGC-1,CtC57CD90R1
CtC57CD90R1_ACATCAGCATCGTCGG-1,CtC57CD90R1
CtC57CD90R1_ACATCAGGTACTCAAC-1,CtC57CD90R1
CtC57CD90R1_ACATCAGGTCACAAGG-1,CtC57CD90R1
CtC57CD90R1_ACATCAGGTCAGTGGA-1,CtC57CD90R1
CtC57CD90R1_ACATCAGTCCTTGCCA-1,CtC57CD90R1
CtC57CD90R1_ACATGGTGTGAGGGTT-1,CtC57CD90R1
CtC57CD90R1_ACATGGTTCAGAGGTG-1,CtC57CD90R1
CtC57CD90R1_ACATGGTTCATGCAAC-1,CtC57CD90R1
CtC57CD90R1_ACATGGTTCCGATATG-1,CtC57CD90R1
CtC57CD90R1_ACCAGTAAGAGAGCTC-1,CtC57CD90R1
CtC57CD90R1_ACCAGTAAGCTAAACA-1,CtC57CD90R1
CtC57CD90R1_ACCAGTAGTAAGAGAG-1,CtC57CD90R1
CtC57CD90R1_ACCAGTAGTCAGTGGA-1,CtC57CD90R1
CtC57CD90R1_ACCAGTAGTTAAAGAC-1,CtC57CD90R1
CtC57CD90R1_ACCAGTATCAAGATCC-1,CtC57CD90R1
CtC57CD90R1_ACCAGTATCCCATTTA-1,CtC57CD90R1
CtC57CD90R1_ACCAGTATCGAATCCA-1,CtC57CD90R1
CtC57CD90R1_ACCCACTCACCACGTG-1,CtC57CD90R1
CtC57CD90R1_ACCCACTCATCCTTGC-1,CtC57CD90R1
CtC57CD90R1_ACCCACTTCTACTTAC-1,CtC57CD90R1
CtC57CD90R1_ACCGTAAAGATCCCGC-1,CtC57CD90R1
CtC57CD90R1_ACCGTAACATTAGGCT-1,CtC57CD90R1
CtC57CD90R1_ACCGTAAGTCGTGGCT-1,CtC57CD90R1
CtC57CD90R1_ACCGTAAGTTCGCGAC-1,CtC57CD90R1
CtC57CD90R1_ACCGTAATCAGCGATT-1,CtC57CD90R1
CtC57CD90R1_ACCGTAATCATGCATG-1,CtC57CD90R1
CtC57CD90R1_ACCGTAATCCGTAGTA-1,CtC57CD90R1
CtC57CD90R1_ACCGTAATCGCTGATA-1,CtC57CD90R1
CtC57CD90R1_ACCGTAATCTCGTTTA-1,CtC57CD90R1
CtC57CD90R1_ACCTTTAAGCCTCGTG-1,CtC57CD90R1
CtC57CD90R1_ACCTTTAAGTCTCCTC-1,CtC57CD90R1
CtC57CD90R1_ACCTTTACACCGATAT-1,CtC57CD90R1
CtC57CD90R1_ACCTTTATCAGAGCTT-1,CtC57CD90R1
CtC57CD90R1_ACCTTTATCGCGATCG-1,CtC57CD90R1
CtC57CD90R1_ACGAGCCCAAGAAAGG-1,CtC57CD90R1
CtC57CD90R1_ACGAGCCCAGTGAGTG-1,CtC57CD90R1
CtC57CD90R1_ACGAGCCGTACTTGAC-1,CtC57CD90R1
CtC57CD90R1_ACGAGCCGTCATGCCG-1,CtC57CD90R1
CtC57CD90R1_ACGAGCCGTGTTCGAT-1,CtC57CD90R1
CtC57CD90R1_ACGAGCCGTTAGTGGG-1,CtC57CD90R1
CtC57CD90R1_ACGAGGAAGCGACGTA-1,CtC57CD90R1
CtC57CD90R1_ACGAGGAAGGATCGCA-1,CtC57CD90R1
CtC57CD90R1_ACGAGGACATTTCACT-1,CtC57CD90R1
CtC57CD90R1_ACGAGGAGTTTCGCTC-1,CtC57CD90R1
CtC57CD90R1_ACGAGGATCAAGATCC-1,CtC57CD90R1
CtC57CD90R1_ACGAGGATCCGTTGTC-1,CtC57CD90R1
CtC57CD90R1_ACGAGGATCCTCGCAT-1,CtC57CD90R1
CtC57CD90R1_ACGATACAGATCCTGT-1,CtC57CD90R1
CtC57CD90R1_ACGATACAGCTCCTTC-1,CtC57CD90R1
CtC57CD90R1_ACGATACCAACGCACC-1,CtC57CD90R1
CtC57CD90R1_ACGATACCACATTAGC-1,CtC57CD90R1
CtC57CD90R1_ACGATACGTCACCTAA-1,CtC57CD90R1
CtC57CD90R1_ACGATACGTGATAAAC-1,CtC57CD90R1
CtC57CD90R1_ACGATACTCTTGCATT-1,CtC57CD90R1
CtC57CD90R1_ACGATGTCAGACTCGC-1,CtC57CD90R1
CtC57CD90R1_ACGATGTCATGGTCAT-1,CtC57CD90R1
CtC57CD90R1_ACGATGTGTCCATCCT-1,CtC57CD90R1
CtC57CD90R1_ACGATGTGTCGGCACT-1,CtC57CD90R1
CtC57CD90R1_ACGATGTTCAAGAAGT-1,CtC57CD90R1
CtC57CD90R1_ACGATGTTCATTCACT-1,CtC57CD90R1
CtC57CD90R1_ACGCAGCCAACTGGCC-1,CtC57CD90R1
CtC57CD90R1_ACGCAGCCACAGATTC-1,CtC57CD90R1
CtC57CD90R1_ACGCAGCGTACCGTTA-1,CtC57CD90R1
CtC57CD90R1_ACGCAGCGTCAAAGAT-1,CtC57CD90R1
CtC57CD90R1_ACGCAGCGTCCTGCTT-1,CtC57CD90R1
CtC57CD90R1_ACGCAGCGTGCAGGTA-1,CtC57CD90R1
CtC57CD90R1_ACGCAGCGTTCCACTC-1,CtC57CD90R1
CtC57CD90R1_ACGCAGCTCCCTTGTG-1,CtC57CD90R1
CtC57CD90R1_ACGCAGCTCGTAGGTT-1,CtC57CD90R1
CtC57CD90R1_ACGCAGCTCGTCCAGG-1,CtC57CD90R1
CtC57CD90R1_ACGCAGCTCTTACCGC-1,CtC57CD90R1
CtC57CD90R1_ACGCCAGAGCTCTCGG-1,CtC57CD90R1
CtC57CD90R1_ACGCCAGCACAAGACG-1,CtC57CD90R1
CtC57CD90R1_ACGCCAGTCTATGTGG-1,CtC57CD90R1
CtC57CD90R1_ACGCCAGTCTTAGCCC-1,CtC57CD90R1
CtC57CD90R1_ACGCCGATCACTTCAT-1,CtC57CD90R1
CtC57CD90R1_ACGGAGAAGCAATATG-1,CtC57CD90R1
CtC57CD90R1_ACGGAGACAATGGATA-1,CtC57CD90R1
CtC57CD90R1_ACGGAGACACAACTGT-1,CtC57CD90R1
CtC57CD90R1_ACGGAGACATTAGGCT-1,CtC57CD90R1
CtC57CD90R1_ACGGAGAGTGAGTATA-1,CtC57CD90R1
CtC57CD90R1_ACGGAGAGTTGGTTTG-1,CtC57CD90R1
CtC57CD90R1_ACGGAGATCAGCTGGC-1,CtC57CD90R1
CtC57CD90R1_ACGGAGATCTCCTATA-1,CtC57CD90R1
CtC57CD90R1_ACGGCCAAGTCGAGTG-1,CtC57CD90R1
CtC57CD90R1_ACGGCCAGTCCTCTTG-1,CtC57CD90R1
CtC57CD90R1_ACGGCCATCCAAGCCG-1,CtC57CD90R1
CtC57CD90R1_ACGGCCATCTACTCAT-1,CtC57CD90R1
CtC57CD90R1_ACGGCCATCTGCCCTA-1,CtC57CD90R1
CtC57CD90R1_ACGGCCATCTTCTGGC-1,CtC57CD90R1
CtC57CD90R1_ACGGGCTGTACCTACA-1,CtC57CD90R1
CtC57CD90R1_ACGGGCTGTTCTGAAC-1,CtC57CD90R1
CtC57CD90R1_ACGGGCTTCAAAGTAG-1,CtC57CD90R1
CtC57CD90R1_ACGGGCTTCATGCTCC-1,CtC57CD90R1
CtC57CD90R1_ACGGGCTTCTGTGCAA-1,CtC57CD90R1
CtC57CD90R1_ACGGGCTTCTTTAGTC-1,CtC57CD90R1
CtC57CD90R1_ACGGGTCCAAACTGTC-1,CtC57CD90R1
CtC57CD90R1_ACGGGTCGTACAGTTC-1,CtC57CD90R1
CtC57CD90R1_ACGTCAAAGACGCTTT-1,CtC57CD90R1
CtC57CD90R1_ACGTCAACACGAAGCA-1,CtC57CD90R1
CtC57CD90R1_ACGTCAAGTTCAGACT-1,CtC57CD90R1
CtC57CD90R1_ACGTCAAGTTCGGCAC-1,CtC57CD90R1
CtC57CD90R1_ACTATCTAGAAACGAG-1,CtC57CD90R1
CtC57CD90R1_ACTATCTCAAGCCGTC-1,CtC57CD90R1
CtC57CD90R1_ACTATCTCACTAGTAC-1,CtC57CD90R1
CtC57CD90R1_ACTATCTGTGCACCAC-1,CtC57CD90R1
CtC57CD90R1_ACTATCTGTTCGTTGA-1,CtC57CD90R1
CtC57CD90R1_ACTATCTTCCGAAGAG-1,CtC57CD90R1
CtC57CD90R1_ACTGAACAGACAAAGG-1,CtC57CD90R1
CtC57CD90R1_ACTGAACAGCCCAACC-1,CtC57CD90R1
CtC57CD90R1_ACTGAACAGCTCCTTC-1,CtC57CD90R1
CtC57CD90R1_ACTGAACCAAGACGTG-1,CtC57CD90R1
CtC57CD90R1_ACTGAACGTCACTTCC-1,CtC57CD90R1
CtC57CD90R1_ACTGAACGTGAAAGAG-1,CtC57CD90R1
CtC57CD90R1_ACTGAACGTGACTCAT-1,CtC57CD90R1
CtC57CD90R1_ACTGAACGTTGATTGC-1,CtC57CD90R1
CtC57CD90R1_ACTGAGTAGTCCTCCT-1,CtC57CD90R1
CtC57CD90R1_ACTGAGTCATTAGCCA-1,CtC57CD90R1
CtC57CD90R1_ACTGAGTGTTCTGGTA-1,CtC57CD90R1
CtC57CD90R1_ACTGAGTTCAGGTAAA-1,CtC57CD90R1
CtC57CD90R1_ACTGATGAGAGGTACC-1,CtC57CD90R1
CtC57CD90R1_ACTGATGAGGGCTTCC-1,CtC57CD90R1
CtC57CD90R1_ACTGATGCAAGGACTG-1,CtC57CD90R1
CtC57CD90R1_ACTGATGCACATCTTT-1,CtC57CD90R1
CtC57CD90R1_ACTGATGCACATTAGC-1,CtC57CD90R1
CtC57CD90R1_ACTGATGCACGGATAG-1,CtC57CD90R1
CtC57CD90R1_ACTGATGCAGCCAATT-1,CtC57CD90R1
CtC57CD90R1_ACTGATGCATTCTCAT-1,CtC57CD90R1
CtC57CD90R1_ACTGATGGTAGCTGCC-1,CtC57CD90R1
CtC57CD90R1_ACTGATGGTATGCTTG-1,CtC57CD90R1
CtC57CD90R1_ACTGATGGTCATCCCT-1,CtC57CD90R1
CtC57CD90R1_ACTGATGGTCCAACTA-1,CtC57CD90R1
CtC57CD90R1_ACTGATGGTTCCACGG-1,CtC57CD90R1
CtC57CD90R1_ACTGATGTCTTGACGA-1,CtC57CD90R1
CtC57CD90R1_ACTGCTCAGGGTTTCT-1,CtC57CD90R1
CtC57CD90R1_ACTGCTCGTGCATCTA-1,CtC57CD90R1
CtC57CD90R1_ACTGCTCGTGGCTCCA-1,CtC57CD90R1
CtC57CD90R1_ACTGCTCTCCTGCCAT-1,CtC57CD90R1
CtC57CD90R1_ACTGCTCTCGGGAGTA-1,CtC57CD90R1
CtC57CD90R1_ACTGTCCAGACACTAA-1,CtC57CD90R1
CtC57CD90R1_ACTGTCCCAACAACCT-1,CtC57CD90R1
CtC57CD90R1_ACTGTCCCAGTTAACC-1,CtC57CD90R1
CtC57CD90R1_ACTGTCCCATCATCCC-1,CtC57CD90R1
CtC57CD90R1_ACTGTCCCATGCCTAA-1,CtC57CD90R1
CtC57CD90R1_ACTGTCCTCAGTTAGC-1,CtC57CD90R1
CtC57CD90R1_ACTGTCCTCGGAAACG-1,CtC57CD90R1
CtC57CD90R1_ACTTACTAGACATAAC-1,CtC57CD90R1
CtC57CD90R1_ACTTACTAGATGGGTC-1,CtC57CD90R1
CtC57CD90R1_ACTTACTCAAAGGCGT-1,CtC57CD90R1
CtC57CD90R1_ACTTACTCACAACTGT-1,CtC57CD90R1
CtC57CD90R1_ACTTACTCACAGGCCT-1,CtC57CD90R1
CtC57CD90R1_ACTTACTCACCGAATT-1,CtC57CD90R1
CtC57CD90R1_ACTTACTGTAGCGTGA-1,CtC57CD90R1
CtC57CD90R1_ACTTACTGTCAAACTC-1,CtC57CD90R1
CtC57CD90R1_ACTTACTGTTCTGTTT-1,CtC57CD90R1
CtC57CD90R1_ACTTACTTCCAGAAGG-1,CtC57CD90R1
CtC57CD90R1_ACTTACTTCCTCGCAT-1,CtC57CD90R1
CtC57CD90R1_ACTTGTTAGAGGTTGC-1,CtC57CD90R1
CtC57CD90R1_ACTTGTTAGATGTCGG-1,CtC57CD90R1
CtC57CD90R1_ACTTGTTAGGACCACA-1,CtC57CD90R1
CtC57CD90R1_ACTTGTTAGGTAGCTG-1,CtC57CD90R1
CtC57CD90R1_ACTTGTTCATACTCTT-1,CtC57CD90R1
CtC57CD90R1_ACTTGTTCATTGTGCA-1,CtC57CD90R1
CtC57CD90R1_ACTTGTTTCGTCGTTC-1,CtC57CD90R1
CtC57CD90R1_ACTTGTTTCTCTTATG-1,CtC57CD90R1
CtC57CD90R1_ACTTTCAAGCCGCCTA-1,CtC57CD90R1
CtC57CD90R1_ACTTTCAAGGCTCAGA-1,CtC57CD90R1
CtC57CD90R1_ACTTTCACACTACAGT-1,CtC57CD90R1
CtC57CD90R1_ACTTTCAGTAGAGCTG-1,CtC57CD90R1
CtC57CD90R1_ACTTTCAGTAGGCATG-1,CtC57CD90R1
CtC57CD90R1_ACTTTCAGTAGGGACT-1,CtC57CD90R1
CtC57CD90R1_ACTTTCAGTATTCTCT-1,CtC57CD90R1
CtC57CD90R1_ACTTTCAGTGTCTGAT-1,CtC57CD90R1
CtC57CD90R1_ACTTTCATCCTCATTA-1,CtC57CD90R1
CtC57CD90R1_ACTTTCATCGAACTGT-1,CtC57CD90R1
CtC57CD90R1_AGAATAGAGTAACCCT-1,CtC57CD90R1
CtC57CD90R1_AGAATAGAGTACATGA-1,CtC57CD90R1
CtC57CD90R1_AGAATAGGTATTCGTG-1,CtC57CD90R1
CtC57CD90R1_AGAATAGTCGTCTGAA-1,CtC57CD90R1
CtC57CD90R1_AGACGTTAGAGTCTGG-1,CtC57CD90R1
CtC57CD90R1_AGACGTTAGCTAGCCC-1,CtC57CD90R1
CtC57CD90R1_AGACGTTCAGTAGAGC-1,CtC57CD90R1
CtC57CD90R1_AGACGTTCATAGAAAC-1,CtC57CD90R1
CtC57CD90R1_AGACGTTCATAGTAAG-1,CtC57CD90R1
CtC57CD90R1_AGACGTTGTAAGTTCC-1,CtC57CD90R1
CtC57CD90R1_AGACGTTGTCCGCTGA-1,CtC57CD90R1
CtC57CD90R1_AGACGTTTCATCACCC-1,CtC57CD90R1
CtC57CD90R1_AGACGTTTCATCGGAT-1,CtC57CD90R1
CtC57CD90R1_AGACGTTTCCTCCTAG-1,CtC57CD90R1
CtC57CD90R1_AGACGTTTCTTGCATT-1,CtC57CD90R1
CtC57CD90R1_AGACGTTTCTTTCCTC-1,CtC57CD90R1
CtC57CD90R1_AGAGCGAAGTGCCAGA-1,CtC57CD90R1
CtC57CD90R1_AGAGCGAAGTGGACGT-1,CtC57CD90R1
CtC57CD90R1_AGAGCGACAGAGTGTG-1,CtC57CD90R1
CtC57CD90R1_AGAGCGAGTCAAGCGA-1,CtC57CD90R1
CtC57CD90R1_AGAGCGAGTCTCAACA-1,CtC57CD90R1
CtC57CD90R1_AGAGCGAGTGTGCCTG-1,CtC57CD90R1
CtC57CD90R1_AGAGCGAGTTCGGGCT-1,CtC57CD90R1
CtC57CD90R1_AGAGCGATCTCACATT-1,CtC57CD90R1
CtC57CD90R1_AGAGCGATCTTGTCAT-1,CtC57CD90R1
CtC57CD90R1_AGAGCTTAGAGGTAGA-1,CtC57CD90R1
CtC57CD90R1_AGAGCTTAGCTCTCGG-1,CtC57CD90R1
CtC57CD90R1_AGAGCTTCACGACTCG-1,CtC57CD90R1
CtC57CD90R1_AGAGCTTCATTGCGGC-1,CtC57CD90R1
CtC57CD90R1_AGAGCTTCATTTGCTT-1,CtC57CD90R1
CtC57CD90R1_AGAGCTTGTAAGTTCC-1,CtC57CD90R1
CtC57CD90R1_AGAGCTTGTGGAAAGA-1,CtC57CD90R1
CtC57CD90R1_AGAGCTTTCCCATTTA-1,CtC57CD90R1
CtC57CD90R1_AGAGCTTTCTCCAGGG-1,CtC57CD90R1
CtC57CD90R1_AGAGTGGAGAGAACAG-1,CtC57CD90R1
CtC57CD90R1_AGAGTGGAGATGTGTA-1,CtC57CD90R1
CtC57CD90R1_AGAGTGGAGGACACCA-1,CtC57CD90R1
CtC57CD90R1_AGAGTGGCATTGTGCA-1,CtC57CD90R1
CtC57CD90R1_AGAGTGGTCAGTACGT-1,CtC57CD90R1
CtC57CD90R1_AGATCTGAGCTGAAAT-1,CtC57CD90R1
CtC57CD90R1_AGATCTGAGTCCTCCT-1,CtC57CD90R1
CtC57CD90R1_AGATCTGGTCAAAGAT-1,CtC57CD90R1
CtC57CD90R1_AGATCTGGTCCCTTGT-1,CtC57CD90R1
CtC57CD90R1_AGATCTGTCCAATGGT-1,CtC57CD90R1
CtC57CD90R1_AGATTGCAGATGTTAG-1,CtC57CD90R1
CtC57CD90R1_AGATTGCAGGAATCGC-1,CtC57CD90R1
CtC57CD90R1_AGATTGCGTCTAGAGG-1,CtC57CD90R1
CtC57CD90R1_AGATTGCTCCTAGAAC-1,CtC57CD90R1
CtC57CD90R1_AGATTGCTCGTTGCCT-1,CtC57CD90R1
CtC57CD90R1_AGCAGCCAGGCCGAAT-1,CtC57CD90R1
CtC57CD90R1_AGCAGCCCACCATCCT-1,CtC57CD90R1
CtC57CD90R1_AGCAGCCCATTAACCG-1,CtC57CD90R1
CtC57CD90R1_AGCAGCCGTCATATGC-1,CtC57CD90R1
CtC57CD90R1_AGCAGCCGTTTGGGCC-1,CtC57CD90R1
CtC57CD90R1_AGCAGCCTCATTCACT-1,CtC57CD90R1
CtC57CD90R1_AGCAGCCTCGTAGGTT-1,CtC57CD90R1
CtC57CD90R1_AGCAGCCTCTTCGGTC-1,CtC57CD90R1
CtC57CD90R1_AGCATACAGACACGAC-1,CtC57CD90R1
CtC57CD90R1_AGCATACAGAGGGCTT-1,CtC57CD90R1
CtC57CD90R1_AGCATACAGCCAACAG-1,CtC57CD90R1
CtC57CD90R1_AGCATACAGCGTTTAC-1,CtC57CD90R1
CtC57CD90R1_AGCATACCACTTACGA-1,CtC57CD90R1
CtC57CD90R1_AGCATACCATCCGGGT-1,CtC57CD90R1
CtC57CD90R1_AGCATACTCACAATGC-1,CtC57CD90R1
CtC57CD90R1_AGCATACTCATGTAGC-1,CtC57CD90R1
CtC57CD90R1_AGCCTAAAGCGCCTCA-1,CtC57CD90R1
CtC57CD90R1_AGCCTAACAATGGAAT-1,CtC57CD90R1
CtC57CD90R1_AGCCTAAGTACCGAGA-1,CtC57CD90R1
CtC57CD90R1_AGCCTAAGTAGGGACT-1,CtC57CD90R1
CtC57CD90R1_AGCCTAAGTCGCATCG-1,CtC57CD90R1
CtC57CD90R1_AGCCTAATCAGGTAAA-1,CtC57CD90R1
CtC57CD90R1_AGCCTAATCCAGAGGA-1,CtC57CD90R1
CtC57CD90R1_AGCCTAATCTCGTATT-1,CtC57CD90R1
CtC57CD90R1_AGCGGTCAGATGTAAC-1,CtC57CD90R1
CtC57CD90R1_AGCGGTCAGGATGGTC-1,CtC57CD90R1
CtC57CD90R1_AGCGGTCAGTCCGTAT-1,CtC57CD90R1
CtC57CD90R1_AGCGGTCGTACAGCAG-1,CtC57CD90R1
CtC57CD90R1_AGCGGTCGTGTGGTTT-1,CtC57CD90R1
CtC57CD90R1_AGCGGTCTCATGCATG-1,CtC57CD90R1
CtC57CD90R1_AGCGGTCTCCAGTATG-1,CtC57CD90R1
CtC57CD90R1_AGCGGTCTCCGTTGTC-1,CtC57CD90R1
CtC57CD90R1_AGCGGTCTCCTAAGTG-1,CtC57CD90R1
CtC57CD90R1_AGCGTATAGGGCATGT-1,CtC57CD90R1
CtC57CD90R1_AGCGTATCACACAGAG-1,CtC57CD90R1
CtC57CD90R1_AGCGTATGTCAAACTC-1,CtC57CD90R1
CtC57CD90R1_AGCGTATGTGGTAACG-1,CtC57CD90R1
CtC57CD90R1_AGCGTATGTTGTTTGG-1,CtC57CD90R1
CtC57CD90R1_AGCGTATTCATGTCTT-1,CtC57CD90R1
CtC57CD90R1_AGCGTATTCATTTGGG-1,CtC57CD90R1
CtC57CD90R1_AGCGTCGCAGACACTT-1,CtC57CD90R1
CtC57CD90R1_AGCGTCGGTTTGGCGC-1,CtC57CD90R1
CtC57CD90R1_AGCGTCGTCAAACAAG-1,CtC57CD90R1
CtC57CD90R1_AGCGTCGTCACCCGAG-1,CtC57CD90R1
CtC57CD90R1_AGCGTCGTCGCCCTTA-1,CtC57CD90R1
CtC57CD90R1_AGCGTCGTCGGCGCAT-1,CtC57CD90R1
CtC57CD90R1_AGCGTCGTCTAACTTC-1,CtC57CD90R1
CtC57CD90R1_AGCGTCGTCTGCTGCT-1,CtC57CD90R1
CtC57CD90R1_AGCTCCTAGCGTGAGT-1,CtC57CD90R1
CtC57CD90R1_AGCTCCTCAGATGGGT-1,CtC57CD90R1
CtC57CD90R1_AGCTCCTGTAAACCTC-1,CtC57CD90R1
CtC57CD90R1_AGCTCTCAGTGGGTTG-1,CtC57CD90R1
CtC57CD90R1_AGCTCTCCACAGGTTT-1,CtC57CD90R1
CtC57CD90R1_AGCTCTCCACCAGATT-1,CtC57CD90R1
CtC57CD90R1_AGCTCTCCATGGTAGG-1,CtC57CD90R1
CtC57CD90R1_AGCTCTCGTTCAGCGC-1,CtC57CD90R1
CtC57CD90R1_AGCTCTCTCCTTCAAT-1,CtC57CD90R1
CtC57CD90R1_AGCTTGAAGAAGGACA-1,CtC57CD90R1
CtC57CD90R1_AGCTTGACATACTACG-1,CtC57CD90R1
CtC57CD90R1_AGGCCACAGATACACA-1,CtC57CD90R1
CtC57CD90R1_AGGCCACCAAACAACA-1,CtC57CD90R1
CtC57CD90R1_AGGCCACGTTTGACTG-1,CtC57CD90R1
CtC57CD90R1_AGGCCACTCTGGTATG-1,CtC57CD90R1
CtC57CD90R1_AGGCCGTAGGAGCGAG-1,CtC57CD90R1
CtC57CD90R1_AGGCCGTCACCTTGTC-1,CtC57CD90R1
CtC57CD90R1_AGGCCGTGTGAGCGAT-1,CtC57CD90R1
CtC57CD90R1_AGGCCGTGTGTCGCTG-1,CtC57CD90R1
CtC57CD90R1_AGGCCGTGTGTTGAGG-1,CtC57CD90R1
CtC57CD90R1_AGGCCGTTCCTTGACC-1,CtC57CD90R1
CtC57CD90R1_AGGCCGTTCCTTGGTC-1,CtC57CD90R1
CtC57CD90R1_AGGGAGTAGAAGATTC-1,CtC57CD90R1
CtC57CD90R1_AGGGAGTAGAAGGCCT-1,CtC57CD90R1
CtC57CD90R1_AGGGAGTAGAATCTCC-1,CtC57CD90R1
CtC57CD90R1_AGGGAGTAGAGCCTAG-1,CtC57CD90R1
CtC57CD90R1_AGGGAGTAGCCCAATT-1,CtC57CD90R1
CtC57CD90R1_AGGGAGTAGGCATGTG-1,CtC57CD90R1
CtC57CD90R1_AGGGAGTGTGCAGGTA-1,CtC57CD90R1
CtC57CD90R1_AGGGAGTTCATGCTCC-1,CtC57CD90R1
CtC57CD90R1_AGGGAGTTCGACAGCC-1,CtC57CD90R1
CtC57CD90R1_AGGGAGTTCGATGAGG-1,CtC57CD90R1
CtC57CD90R1_AGGGATGAGACAAAGG-1,CtC57CD90R1
CtC57CD90R1_AGGGATGAGACCACGA-1,CtC57CD90R1
CtC57CD90R1_AGGGATGTCGTGGTCG-1,CtC57CD90R1
CtC57CD90R1_AGGGTGACACATGACT-1,CtC57CD90R1
CtC57CD90R1_AGGGTGACACCGATAT-1,CtC57CD90R1
CtC57CD90R1_AGGGTGATCATAACCG-1,CtC57CD90R1
CtC57CD90R1_AGGGTGATCGCCTGAG-1,CtC57CD90R1
CtC57CD90R1_AGGGTGATCGGCTACG-1,CtC57CD90R1
CtC57CD90R1_AGGTCATGTACGCTGC-1,CtC57CD90R1
CtC57CD90R1_AGGTCATGTGCAGACA-1,CtC57CD90R1
CtC57CD90R1_AGGTCATGTTTCCACC-1,CtC57CD90R1
CtC57CD90R1_AGGTCATTCCCAACGG-1,CtC57CD90R1
CtC57CD90R1_AGGTCATTCTGAGTGT-1,CtC57CD90R1
CtC57CD90R1_AGGTCCGCAAGCCTAT-1,CtC57CD90R1
CtC57CD90R1_AGGTCCGCACCAGATT-1,CtC57CD90R1
CtC57CD90R1_AGGTCCGGTTATCGGT-1,CtC57CD90R1
CtC57CD90R1_AGTAGTCGTCAAAGCG-1,CtC57CD90R1
CtC57CD90R1_AGTAGTCGTCAGTGGA-1,CtC57CD90R1
CtC57CD90R1_AGTAGTCGTTACGGAG-1,CtC57CD90R1
CtC57CD90R1_AGTAGTCTCAGAGCTT-1,CtC57CD90R1
CtC57CD90R1_AGTAGTCTCGGAGCAA-1,CtC57CD90R1
CtC57CD90R1_AGTCTTTAGTACATGA-1,CtC57CD90R1
CtC57CD90R1_AGTCTTTCAAGACGTG-1,CtC57CD90R1
CtC57CD90R1_AGTCTTTCAATGAATG-1,CtC57CD90R1
CtC57CD90R1_AGTCTTTGTCGGCACT-1,CtC57CD90R1
CtC57CD90R1_AGTCTTTGTCGTCTTC-1,CtC57CD90R1
CtC57CD90R1_AGTCTTTTCACTTACT-1,CtC57CD90R1
CtC57CD90R1_AGTCTTTTCGAATGGG-1,CtC57CD90R1
CtC57CD90R1_AGTCTTTTCTCGAGTA-1,CtC57CD90R1
CtC57CD90R1_AGTCTTTTCTTGGGTA-1,CtC57CD90R1
CtC57CD90R1_AGTGAGGAGTACACCT-1,CtC57CD90R1
CtC57CD90R1_AGTGAGGCAGCTTCGG-1,CtC57CD90R1
CtC57CD90R1_AGTGAGGTCAGTGCAT-1,CtC57CD90R1
CtC57CD90R1_AGTGAGGTCCACTGGG-1,CtC57CD90R1
CtC57CD90R1_AGTGGGAAGCCTATGT-1,CtC57CD90R1
CtC57CD90R1_AGTGGGAAGGGCTTCC-1,CtC57CD90R1
CtC57CD90R1_AGTGGGAAGTCTCCTC-1,CtC57CD90R1
CtC57CD90R1_AGTGGGAAGTGTCTCA-1,CtC57CD90R1
CtC57CD90R1_AGTGGGAGTTGGTGGA-1,CtC57CD90R1
CtC57CD90R1_AGTGGGATCACAAACC-1,CtC57CD90R1
CtC57CD90R1_AGTGTCACAATCTACG-1,CtC57CD90R1
CtC57CD90R1_AGTGTCACAGGCGATA-1,CtC57CD90R1
CtC57CD90R1_AGTGTCACATGTTGAC-1,CtC57CD90R1
CtC57CD90R1_AGTGTCAGTCAGATAA-1,CtC57CD90R1
CtC57CD90R1_AGTGTCAGTGGCTCCA-1,CtC57CD90R1
CtC57CD90R1_AGTGTCATCGTCGTTC-1,CtC57CD90R1
CtC57CD90R1_AGTTGGTAGCAATATG-1,CtC57CD90R1
CtC57CD90R1_AGTTGGTAGGACCACA-1,CtC57CD90R1
CtC57CD90R1_AGTTGGTGTAACGTTC-1,CtC57CD90R1
CtC57CD90R1_AGTTGGTGTCGCTTTC-1,CtC57CD90R1
CtC57CD90R1_AGTTGGTTCAGAGACG-1,CtC57CD90R1
CtC57CD90R1_AGTTGGTTCATAACCG-1,CtC57CD90R1
CtC57CD90R1_AGTTGGTTCATCATTC-1,CtC57CD90R1
CtC57CD90R1_AGTTGGTTCCCGACTT-1,CtC57CD90R1
CtC57CD90R1_AGTTGGTTCCTTGCCA-1,CtC57CD90R1
CtC57CD90R1_ATAACGCCAGACGCCT-1,CtC57CD90R1
CtC57CD90R1_ATAACGCCAGAGTGTG-1,CtC57CD90R1
CtC57CD90R1_ATAACGCTCGGATGGA-1,CtC57CD90R1
CtC57CD90R1_ATAAGAGAGACTAAGT-1,CtC57CD90R1
CtC57CD90R1_ATAAGAGAGCAGACTG-1,CtC57CD90R1
CtC57CD90R1_ATAAGAGAGGTGATTA-1,CtC57CD90R1
CtC57CD90R1_ATAAGAGCAATGTTGC-1,CtC57CD90R1
CtC57CD90R1_ATAAGAGCACCGTTGG-1,CtC57CD90R1
CtC57CD90R1_ATAAGAGCATCGGACC-1,CtC57CD90R1
CtC57CD90R1_ATAAGAGGTCTCCATC-1,CtC57CD90R1
CtC57CD90R1_ATAAGAGGTGACGCCT-1,CtC57CD90R1
CtC57CD90R1_ATAAGAGTCACATAGC-1,CtC57CD90R1
CtC57CD90R1_ATAAGAGTCATGTGGT-1,CtC57CD90R1
CtC57CD90R1_ATAAGAGTCCGAACGC-1,CtC57CD90R1
CtC57CD90R1_ATAGACCAGAACTGTA-1,CtC57CD90R1
CtC57CD90R1_ATAGACCAGCTTTGGT-1,CtC57CD90R1
CtC57CD90R1_ATAGACCGTAACGACG-1,CtC57CD90R1
CtC57CD90R1_ATAGACCGTATTCTCT-1,CtC57CD90R1
CtC57CD90R1_ATAGACCGTTTGGCGC-1,CtC57CD90R1
CtC57CD90R1_ATAGACCTCATGTCCC-1,CtC57CD90R1
CtC57CD90R1_ATCACGAAGATATGGT-1,CtC57CD90R1
CtC57CD90R1_ATCACGAAGCGTTCCG-1,CtC57CD90R1
CtC57CD90R1_ATCACGAAGTGGTAAT-1,CtC57CD90R1
CtC57CD90R1_ATCACGACACGTCAGC-1,CtC57CD90R1
CtC57CD90R1_ATCACGACACTCAGGC-1,CtC57CD90R1
CtC57CD90R1_ATCACGAGTAGATTAG-1,CtC57CD90R1
CtC57CD90R1_ATCACGAGTCATTAGC-1,CtC57CD90R1
CtC57CD90R1_ATCACGAGTGGGTCAA-1,CtC57CD90R1
CtC57CD90R1_ATCACGATCCACGACG-1,CtC57CD90R1
CtC57CD90R1_ATCATCTAGAACTCGG-1,CtC57CD90R1
CtC57CD90R1_ATCATCTAGCGAGAAA-1,CtC57CD90R1
CtC57CD90R1_ATCATCTAGCTAGTCT-1,CtC57CD90R1
CtC57CD90R1_ATCATCTGTGATGTGG-1,CtC57CD90R1
CtC57CD90R1_ATCATCTGTTCTGTTT-1,CtC57CD90R1
CtC57CD90R1_ATCATCTTCCGCGGTA-1,CtC57CD90R1
CtC57CD90R1_ATCATCTTCTCACATT-1,CtC57CD90R1
CtC57CD90R1_ATCATCTTCTGCCAGG-1,CtC57CD90R1
CtC57CD90R1_ATCATGGAGACGCACA-1,CtC57CD90R1
CtC57CD90R1_ATCATGGAGATACACA-1,CtC57CD90R1
CtC57CD90R1_ATCATGGAGGGTTTCT-1,CtC57CD90R1
CtC57CD90R1_ATCATGGAGTTTGCGT-1,CtC57CD90R1
CtC57CD90R1_ATCATGGCATCCCACT-1,CtC57CD90R1
CtC57CD90R1_ATCATGGGTGTGAATA-1,CtC57CD90R1
CtC57CD90R1_ATCATGGGTTCTGAAC-1,CtC57CD90R1
CtC57CD90R1_ATCATGGTCGCAAGCC-1,CtC57CD90R1
CtC57CD90R1_ATCCACCAGAGTCGGT-1,CtC57CD90R1
CtC57CD90R1_ATCCACCAGTGGCACA-1,CtC57CD90R1
CtC57CD90R1_ATCCACCCAGATTGCT-1,CtC57CD90R1
CtC57CD90R1_ATCCGAAAGCCCAACC-1,CtC57CD90R1
CtC57CD90R1_ATCCGAAAGTCGCCGT-1,CtC57CD90R1
CtC57CD90R1_ATCCGAACAAGTTAAG-1,CtC57CD90R1
CtC57CD90R1_ATCCGAACACCTCGTT-1,CtC57CD90R1
CtC57CD90R1_ATCCGAACAGTAAGCG-1,CtC57CD90R1
CtC57CD90R1_ATCCGAAGTAGGAGTC-1,CtC57CD90R1
CtC57CD90R1_ATCCGAAGTAGTACCT-1,CtC57CD90R1
CtC57CD90R1_ATCCGAAGTTCATGGT-1,CtC57CD90R1
CtC57CD90R1_ATCCGAATCCCAACGG-1,CtC57CD90R1
CtC57CD90R1_ATCCGAATCCGCAAGC-1,CtC57CD90R1
CtC57CD90R1_ATCCGAATCTTGAGGT-1,CtC57CD90R1
CtC57CD90R1_ATCGAGTAGCAACGGT-1,CtC57CD90R1
CtC57CD90R1_ATCGAGTCAAAGCAAT-1,CtC57CD90R1
CtC57CD90R1_ATCGAGTCACTATCTT-1,CtC57CD90R1
CtC57CD90R1_ATCGAGTGTGTCCTCT-1,CtC57CD90R1
CtC57CD90R1_ATCGAGTTCCACGTGG-1,CtC57CD90R1
CtC57CD90R1_ATCTACTAGAGCTGGT-1,CtC57CD90R1
CtC57CD90R1_ATCTACTCAAGCCGCT-1,CtC57CD90R1
CtC57CD90R1_ATCTACTGTCTGCGGT-1,CtC57CD90R1
CtC57CD90R1_ATCTACTTCAGCGATT-1,CtC57CD90R1
CtC57CD90R1_ATCTACTTCGAGCCCA-1,CtC57CD90R1
CtC57CD90R1_ATCTGCCAGAGCCCAA-1,CtC57CD90R1
CtC57CD90R1_ATCTGCCCACCTATCC-1,CtC57CD90R1
CtC57CD90R1_ATCTGCCCACTGAAGG-1,CtC57CD90R1
CtC57CD90R1_ATCTGCCCAGTCTTCC-1,CtC57CD90R1
CtC57CD90R1_ATCTGCCGTCCATGAT-1,CtC57CD90R1
CtC57CD90R1_ATCTGCCGTCCGAATT-1,CtC57CD90R1
CtC57CD90R1_ATCTGCCGTTTAGCTG-1,CtC57CD90R1
CtC57CD90R1_ATCTGCCTCTTGACGA-1,CtC57CD90R1
CtC57CD90R1_ATGAGGGAGACTTTCG-1,CtC57CD90R1
CtC57CD90R1_ATGAGGGCAAACTGTC-1,CtC57CD90R1
CtC57CD90R1_ATGAGGGGTTGGAGGT-1,CtC57CD90R1
CtC57CD90R1_ATGAGGGTCAACACCA-1,CtC57CD90R1
CtC57CD90R1_ATGCGATAGACGCACA-1,CtC57CD90R1
CtC57CD90R1_ATGCGATAGATGGGTC-1,CtC57CD90R1
CtC57CD90R1_ATGCGATCACTTACGA-1,CtC57CD90R1
CtC57CD90R1_ATGCGATTCAACGCTA-1,CtC57CD90R1
CtC57CD90R1_ATGCGATTCCAAAGTC-1,CtC57CD90R1
CtC57CD90R1_ATGGGAGAGGGTATCG-1,CtC57CD90R1
CtC57CD90R1_ATGGGAGAGTGTACCT-1,CtC57CD90R1
CtC57CD90R1_ATGGGAGCATTTGCTT-1,CtC57CD90R1
CtC57CD90R1_ATGGGAGGTGTTGGGA-1,CtC57CD90R1
CtC57CD90R1_ATGGGAGTCGCTTAGA-1,CtC57CD90R1
CtC57CD90R1_ATGTGTGAGGCACATG-1,CtC57CD90R1
CtC57CD90R1_ATGTGTGAGTATGACA-1,CtC57CD90R1
CtC57CD90R1_ATGTGTGGTCTGCCAG-1,CtC57CD90R1
CtC57CD90R1_ATGTGTGGTTGGACCC-1,CtC57CD90R1
CtC57CD90R1_ATGTGTGTCACTGGGC-1,CtC57CD90R1
CtC57CD90R1_ATGTGTGTCCTGTAGA-1,CtC57CD90R1
CtC57CD90R1_ATGTGTGTCTGCAAGT-1,CtC57CD90R1
CtC57CD90R1_ATTACTCAGATCGGGT-1,CtC57CD90R1
CtC57CD90R1_ATTACTCAGCAGGCTA-1,CtC57CD90R1
CtC57CD90R1_ATTACTCAGCGTCAAG-1,CtC57CD90R1
CtC57CD90R1_ATTACTCGTCCAGTAT-1,CtC57CD90R1
CtC57CD90R1_ATTATCCAGACAAGCC-1,CtC57CD90R1
CtC57CD90R1_ATTATCCAGCCTCGTG-1,CtC57CD90R1
CtC57CD90R1_ATTATCCCACGGCCAT-1,CtC57CD90R1
CtC57CD90R1_ATTATCCTCCGCGTTT-1,CtC57CD90R1
CtC57CD90R1_ATTATCCTCCTGCAGG-1,CtC57CD90R1
CtC57CD90R1_ATTATCCTCCTTTCGG-1,CtC57CD90R1
CtC57CD90R1_ATTATCCTCTGTACGA-1,CtC57CD90R1
CtC57CD90R1_ATTCTACCACGAAATA-1,CtC57CD90R1
CtC57CD90R1_ATTCTACCACGGTTTA-1,CtC57CD90R1
CtC57CD90R1_ATTCTACCAGCTGTAT-1,CtC57CD90R1
CtC57CD90R1_ATTCTACGTAAGAGAG-1,CtC57CD90R1
CtC57CD90R1_ATTCTACGTGATGATA-1,CtC57CD90R1
CtC57CD90R1_ATTCTACTCATAACCG-1,CtC57CD90R1
CtC57CD90R1_ATTCTACTCTGTCTCG-1,CtC57CD90R1
CtC57CD90R1_ATTGGACAGCCGCCTA-1,CtC57CD90R1
CtC57CD90R1_ATTGGACCATCAGTAC-1,CtC57CD90R1
CtC57CD90R1_ATTGGACGTACCGGCT-1,CtC57CD90R1
CtC57CD90R1_ATTGGACGTCACCTAA-1,CtC57CD90R1
CtC57CD90R1_ATTGGACGTGATGTGG-1,CtC57CD90R1
CtC57CD90R1_ATTGGACGTTACGGAG-1,CtC57CD90R1
CtC57CD90R1_ATTGGACTCATGCATG-1,CtC57CD90R1
CtC57CD90R1_ATTGGACTCGCGGATC-1,CtC57CD90R1
CtC57CD90R1_ATTGGTGAGACATAAC-1,CtC57CD90R1
CtC57CD90R1_ATTGGTGAGATGAGAG-1,CtC57CD90R1
CtC57CD90R1_ATTGGTGAGATGTCGG-1,CtC57CD90R1
CtC57CD90R1_ATTGGTGCACAGGTTT-1,CtC57CD90R1
CtC57CD90R1_ATTGGTGCAGATGGGT-1,CtC57CD90R1
CtC57CD90R1_ATTGGTGGTCACCTAA-1,CtC57CD90R1
CtC57CD90R1_ATTGGTGGTCCATCCT-1,CtC57CD90R1
CtC57CD90R1_ATTGGTGGTGTCCTCT-1,CtC57CD90R1
CtC57CD90R1_ATTGGTGGTTGATTGC-1,CtC57CD90R1
CtC57CD90R1_ATTTCTGAGAGTGACC-1,CtC57CD90R1
CtC57CD90R1_ATTTCTGAGGGATACC-1,CtC57CD90R1
CtC57CD90R1_ATTTCTGAGGGTTCCC-1,CtC57CD90R1
CtC57CD90R1_ATTTCTGGTACAGTTC-1,CtC57CD90R1
CtC57CD90R1_ATTTCTGGTATCTGCA-1,CtC57CD90R1
CtC57CD90R1_ATTTCTGTCAACCATG-1,CtC57CD90R1
CtC57CD90R1_CAACCAAAGCCAGGAT-1,CtC57CD90R1
CtC57CD90R1_CAACCAAAGCTTATCG-1,CtC57CD90R1
CtC57CD90R1_CAACCAAGTCGACTAT-1,CtC57CD90R1
CtC57CD90R1_CAACCAAGTCTCACCT-1,CtC57CD90R1
CtC57CD90R1_CAACCAAGTGATGATA-1,CtC57CD90R1
CtC57CD90R1_CAACCAATCGCGTAGC-1,CtC57CD90R1
CtC57CD90R1_CAACCAATCTACTATC-1,CtC57CD90R1
CtC57CD90R1_CAACCTCAGAACTGTA-1,CtC57CD90R1
CtC57CD90R1_CAACCTCAGGAATGGA-1,CtC57CD90R1
CtC57CD90R1_CAACCTCCAATAACGA-1,CtC57CD90R1
CtC57CD90R1_CAACCTCCACCTCGTT-1,CtC57CD90R1
CtC57CD90R1_CAACCTCTCAAGGTAA-1,CtC57CD90R1
CtC57CD90R1_CAACCTCTCCACTGGG-1,CtC57CD90R1
CtC57CD90R1_CAACCTCTCCCTCAGT-1,CtC57CD90R1
CtC57CD90R1_CAACCTCTCTTTACGT-1,CtC57CD90R1
CtC57CD90R1_CAACTAGAGCATCATC-1,CtC57CD90R1
CtC57CD90R1_CAACTAGCACAGACTT-1,CtC57CD90R1
CtC57CD90R1_CAACTAGCATCGGAAG-1,CtC57CD90R1
CtC57CD90R1_CAACTAGCATGGTAGG-1,CtC57CD90R1
CtC57CD90R1_CAACTAGGTACTCAAC-1,CtC57CD90R1
CtC57CD90R1_CAACTAGGTCTGCCAG-1,CtC57CD90R1
CtC57CD90R1_CAACTAGGTGCAGACA-1,CtC57CD90R1
CtC57CD90R1_CAACTAGGTGGTGTAG-1,CtC57CD90R1
CtC57CD90R1_CAACTAGTCCGCAGTG-1,CtC57CD90R1
CtC57CD90R1_CAACTAGTCTTCATGT-1,CtC57CD90R1
CtC57CD90R1_CAAGAAAAGAGGTACC-1,CtC57CD90R1
CtC57CD90R1_CAAGAAAAGTACGCGA-1,CtC57CD90R1
CtC57CD90R1_CAAGAAAAGTGAATTG-1,CtC57CD90R1
CtC57CD90R1_CAAGAAAGTCATCGGC-1,CtC57CD90R1
CtC57CD90R1_CAAGAAAGTGAGGGAG-1,CtC57CD90R1
CtC57CD90R1_CAAGAAATCCAAATGC-1,CtC57CD90R1
CtC57CD90R1_CAAGAAATCGTTGCCT-1,CtC57CD90R1
CtC57CD90R1_CAAGATCAGTAACCCT-1,CtC57CD90R1
CtC57CD90R1_CAAGATCCACAACGTT-1,CtC57CD90R1
CtC57CD90R1_CAAGATCCACCTGGTG-1,CtC57CD90R1
CtC57CD90R1_CAAGATCTCGCTTGTC-1,CtC57CD90R1
CtC57CD90R1_CAAGATCTCTCGGACG-1,CtC57CD90R1
CtC57CD90R1_CAAGATCTCTCGTATT-1,CtC57CD90R1
CtC57CD90R1_CAAGGCCCACACCGAC-1,CtC57CD90R1
CtC57CD90R1_CAAGGCCCAGGACCCT-1,CtC57CD90R1
CtC57CD90R1_CAAGGCCCATCCCACT-1,CtC57CD90R1
CtC57CD90R1_CAAGGCCGTCGATTGT-1,CtC57CD90R1
CtC57CD90R1_CAAGGCCGTCGGATCC-1,CtC57CD90R1
CtC57CD90R1_CAAGGCCGTTCTCATT-1,CtC57CD90R1
CtC57CD90R1_CAAGGCCTCAAACCGT-1,CtC57CD90R1
CtC57CD90R1_CAAGTTGCAGGATTGG-1,CtC57CD90R1
CtC57CD90R1_CAAGTTGCATGGTCTA-1,CtC57CD90R1
CtC57CD90R1_CAAGTTGGTACCGGCT-1,CtC57CD90R1
CtC57CD90R1_CAAGTTGGTAGCCTCG-1,CtC57CD90R1
CtC57CD90R1_CAAGTTGGTCTAGGTT-1,CtC57CD90R1
CtC57CD90R1_CACAAACAGCGTGAAC-1,CtC57CD90R1
CtC57CD90R1_CACAAACCACTGTGTA-1,CtC57CD90R1
CtC57CD90R1_CACAAACGTATAATGG-1,CtC57CD90R1
CtC57CD90R1_CACAAACGTGGCTCCA-1,CtC57CD90R1
CtC57CD90R1_CACAAACTCACGAAGG-1,CtC57CD90R1
CtC57CD90R1_CACACAACACCCTATC-1,CtC57CD90R1
CtC57CD90R1_CACACAACAGGTCTCG-1,CtC57CD90R1
CtC57CD90R1_CACACAACATAGGATA-1,CtC57CD90R1
CtC57CD90R1_CACACAACATATGGTC-1,CtC57CD90R1
CtC57CD90R1_CACACAACATCTATGG-1,CtC57CD90R1
CtC57CD90R1_CACACAATCACCACCT-1,CtC57CD90R1
CtC57CD90R1_CACACAATCATGCATG-1,CtC57CD90R1
CtC57CD90R1_CACACCTAGCACACAG-1,CtC57CD90R1
CtC57CD90R1_CACACCTAGGTACTCT-1,CtC57CD90R1
CtC57CD90R1_CACACCTAGTACTTGC-1,CtC57CD90R1
CtC57CD90R1_CACACCTAGTGATCGG-1,CtC57CD90R1
CtC57CD90R1_CACACCTCACGGCTAC-1,CtC57CD90R1
CtC57CD90R1_CACACCTCACTCGACG-1,CtC57CD90R1
CtC57CD90R1_CACACCTCAGTCTTCC-1,CtC57CD90R1
CtC57CD90R1_CACACCTTCATGCAAC-1,CtC57CD90R1
CtC57CD90R1_CACACCTTCGTGTAGT-1,CtC57CD90R1
CtC57CD90R1_CACACTCAGAACAACT-1,CtC57CD90R1
CtC57CD90R1_CACACTCCATAGAAAC-1,CtC57CD90R1
CtC57CD90R1_CACACTCCATATACGC-1,CtC57CD90R1
CtC57CD90R1_CACACTCGTCTTGTCC-1,CtC57CD90R1
CtC57CD90R1_CACACTCTCAACGCTA-1,CtC57CD90R1
CtC57CD90R1_CACACTCTCGTAGATC-1,CtC57CD90R1
CtC57CD90R1_CACACTCTCTGTTGAG-1,CtC57CD90R1
CtC57CD90R1_CACAGGCCACTGTTAG-1,CtC57CD90R1
CtC57CD90R1_CACAGGCCATCTACGA-1,CtC57CD90R1
CtC57CD90R1_CACAGGCGTGCCTTGG-1,CtC57CD90R1
CtC57CD90R1_CACAGGCTCCATGAAC-1,CtC57CD90R1
CtC57CD90R1_CACAGTAAGACAGGCT-1,CtC57CD90R1
CtC57CD90R1_CACAGTACAAGTAATG-1,CtC57CD90R1
CtC57CD90R1_CACAGTACACATCCGG-1,CtC57CD90R1
CtC57CD90R1_CACAGTAGTTCCACTC-1,CtC57CD90R1
CtC57CD90R1_CACATAGAGCTGCAAG-1,CtC57CD90R1
CtC57CD90R1_CACATAGAGGTGCACA-1,CtC57CD90R1
CtC57CD90R1_CACATAGAGTACGTAA-1,CtC57CD90R1
CtC57CD90R1_CACATAGCACCAGATT-1,CtC57CD90R1
CtC57CD90R1_CACATAGGTCTTCGTC-1,CtC57CD90R1
CtC57CD90R1_CACATAGGTTGAACTC-1,CtC57CD90R1
CtC57CD90R1_CACATAGTCACTATTC-1,CtC57CD90R1
CtC57CD90R1_CACATTTAGGGATGGG-1,CtC57CD90R1
CtC57CD90R1_CACATTTAGTTAGGTA-1,CtC57CD90R1
CtC57CD90R1_CACATTTCATCAGTAC-1,CtC57CD90R1
CtC57CD90R1_CACATTTGTGATGTCT-1,CtC57CD90R1
CtC57CD90R1_CACATTTTCCCTTGCA-1,CtC57CD90R1
CtC57CD90R1_CACATTTTCGCGCCAA-1,CtC57CD90R1
CtC57CD90R1_CACATTTTCGGCGCTA-1,CtC57CD90R1
CtC57CD90R1_CACCACTAGAACAATC-1,CtC57CD90R1
CtC57CD90R1_CACCACTAGCCACCTG-1,CtC57CD90R1
CtC57CD90R1_CACCACTAGCTCCTTC-1,CtC57CD90R1
CtC57CD90R1_CACCACTAGGGCTTCC-1,CtC57CD90R1
CtC57CD90R1_CACCACTCAGCCTTTC-1,CtC57CD90R1
CtC57CD90R1_CACCACTGTCTTCTCG-1,CtC57CD90R1
CtC57CD90R1_CACCACTTCAATCACG-1,CtC57CD90R1
CtC57CD90R1_CACCACTTCATCATTC-1,CtC57CD90R1
CtC57CD90R1_CACCACTTCTTGTACT-1,CtC57CD90R1
CtC57CD90R1_CACCAGGAGAAGGCCT-1,CtC57CD90R1
CtC57CD90R1_CACCAGGAGACCCACC-1,CtC57CD90R1
CtC57CD90R1_CACCAGGAGGAATTAC-1,CtC57CD90R1
CtC57CD90R1_CACCAGGAGTGGGATC-1,CtC57CD90R1
CtC57CD90R1_CACCAGGCAACCGCCA-1,CtC57CD90R1
CtC57CD90R1_CACCAGGCACGGTTTA-1,CtC57CD90R1
CtC57CD90R1_CACCAGGCATGAAGTA-1,CtC57CD90R1
CtC57CD90R1_CACCAGGGTACCGAGA-1,CtC57CD90R1
CtC57CD90R1_CACCAGGGTTTGGCGC-1,CtC57CD90R1
CtC57CD90R1_CACCAGGTCAACCATG-1,CtC57CD90R1
CtC57CD90R1_CACCTTGAGACTCGGA-1,CtC57CD90R1
CtC57CD90R1_CACCTTGAGCCGCCTA-1,CtC57CD90R1
CtC57CD90R1_CACCTTGAGGGCTTGA-1,CtC57CD90R1
CtC57CD90R1_CACCTTGCAATCCGAT-1,CtC57CD90R1
CtC57CD90R1_CACCTTGCAGGTCCAC-1,CtC57CD90R1
CtC57CD90R1_CACCTTGGTGGTACAG-1,CtC57CD90R1
CtC57CD90R1_CACCTTGGTTATGCGT-1,CtC57CD90R1
CtC57CD90R1_CACCTTGGTTTAAGCC-1,CtC57CD90R1
CtC57CD90R1_CACCTTGTCGAGAACG-1,CtC57CD90R1
CtC57CD90R1_CACTCCACAAGGTGTG-1,CtC57CD90R1
CtC57CD90R1_CACTCCACACCACCAG-1,CtC57CD90R1
CtC57CD90R1_CACTCCAGTTCAGCGC-1,CtC57CD90R1
CtC57CD90R1_CACTCCATCATCGGAT-1,CtC57CD90R1
CtC57CD90R1_CACTCCATCGTTGACA-1,CtC57CD90R1
CtC57CD90R1_CAGAATCAGCAAATCA-1,CtC57CD90R1
CtC57CD90R1_CAGAATCAGCGAAGGG-1,CtC57CD90R1
CtC57CD90R1_CAGAATCAGGCGATAC-1,CtC57CD90R1
CtC57CD90R1_CAGAATCAGGGTCGAT-1,CtC57CD90R1
CtC57CD90R1_CAGAATCCAGAGCCAA-1,CtC57CD90R1
CtC57CD90R1_CAGAATCGTCCGAACC-1,CtC57CD90R1
CtC57CD90R1_CAGAATCGTCTCTCTG-1,CtC57CD90R1
CtC57CD90R1_CAGAATCTCTGTCTCG-1,CtC57CD90R1
CtC57CD90R1_CAGAGAGAGCCGTCGT-1,CtC57CD90R1
CtC57CD90R1_CAGAGAGAGGAGTTGC-1,CtC57CD90R1
CtC57CD90R1_CAGAGAGAGTCGTACT-1,CtC57CD90R1
CtC57CD90R1_CAGAGAGCAGATCTGT-1,CtC57CD90R1
CtC57CD90R1_CAGAGAGCAGGGAGAG-1,CtC57CD90R1
CtC57CD90R1_CAGAGAGCAGTAAGAT-1,CtC57CD90R1
CtC57CD90R1_CAGAGAGTCATCTGCC-1,CtC57CD90R1
CtC57CD90R1_CAGATCAAGGATGGTC-1,CtC57CD90R1
CtC57CD90R1_CAGATCAAGGCACATG-1,CtC57CD90R1
CtC57CD90R1_CAGATCACAGACAAGC-1,CtC57CD90R1
CtC57CD90R1_CAGATCAGTACGCACC-1,CtC57CD90R1
CtC57CD90R1_CAGATCAGTCGGATCC-1,CtC57CD90R1
CtC57CD90R1_CAGATCAGTGAAGGCT-1,CtC57CD90R1
CtC57CD90R1_CAGCAGCAGCGAAGGG-1,CtC57CD90R1
CtC57CD90R1_CAGCAGCCAAATCCGT-1,CtC57CD90R1
CtC57CD90R1_CAGCAGCCAACGATCT-1,CtC57CD90R1
CtC57CD90R1_CAGCAGCCAAGCCATT-1,CtC57CD90R1
CtC57CD90R1_CAGCAGCCATATGGTC-1,CtC57CD90R1
CtC57CD90R1_CAGCAGCGTACAGTGG-1,CtC57CD90R1
CtC57CD90R1_CAGCAGCGTTCCGGCA-1,CtC57CD90R1
CtC57CD90R1_CAGCAGCGTTTGTGTG-1,CtC57CD90R1
CtC57CD90R1_CAGCAGCTCATGCATG-1,CtC57CD90R1
CtC57CD90R1_CAGCAGCTCTTAACCT-1,CtC57CD90R1
CtC57CD90R1_CAGCATACACGAGGTA-1,CtC57CD90R1
CtC57CD90R1_CAGCATACAGCGTTCG-1,CtC57CD90R1
CtC57CD90R1_CAGCATAGTGAGCGAT-1,CtC57CD90R1
CtC57CD90R1_CAGCATATCACCATAG-1,CtC57CD90R1
CtC57CD90R1_CAGCATATCGACCAGC-1,CtC57CD90R1
CtC57CD90R1_CAGCATATCGTTGACA-1,CtC57CD90R1
CtC57CD90R1_CAGCATATCTGGCGAC-1,CtC57CD90R1
CtC57CD90R1_CAGCCGAAGGACACCA-1,CtC57CD90R1
CtC57CD90R1_CAGCCGATCTACCTGC-1,CtC57CD90R1
CtC57CD90R1_CAGCGACAGTTAACGA-1,CtC57CD90R1
CtC57CD90R1_CAGCGACCACAGCCCA-1,CtC57CD90R1
CtC57CD90R1_CAGCGACCAGCTTCGG-1,CtC57CD90R1
CtC57CD90R1_CAGCGACGTAAATGAC-1,CtC57CD90R1
CtC57CD90R1_CAGCGACGTAGCTCCG-1,CtC57CD90R1
CtC57CD90R1_CAGCGACTCAATACCG-1,CtC57CD90R1
CtC57CD90R1_CAGCGACTCGAATGCT-1,CtC57CD90R1
CtC57CD90R1_CAGCGACTCGTACCGG-1,CtC57CD90R1
CtC57CD90R1_CAGCTAAAGACTCGGA-1,CtC57CD90R1
CtC57CD90R1_CAGCTAAAGAGAGCTC-1,CtC57CD90R1
CtC57CD90R1_CAGCTAACAAGTTGTC-1,CtC57CD90R1
CtC57CD90R1_CAGCTAACAGTACACT-1,CtC57CD90R1
CtC57CD90R1_CAGCTAACATGGGAAC-1,CtC57CD90R1
CtC57CD90R1_CAGCTAACATTCCTGC-1,CtC57CD90R1
CtC57CD90R1_CAGCTAAGTATATGAG-1,CtC57CD90R1
CtC57CD90R1_CAGCTAATCTCTGCTG-1,CtC57CD90R1
CtC57CD90R1_CAGCTGGAGATATGGT-1,CtC57CD90R1
CtC57CD90R1_CAGCTGGAGCGCCTTG-1,CtC57CD90R1
CtC57CD90R1_CAGCTGGAGGCCGAAT-1,CtC57CD90R1
CtC57CD90R1_CAGCTGGCAAGAGGCT-1,CtC57CD90R1
CtC57CD90R1_CAGCTGGCACCCAGTG-1,CtC57CD90R1
CtC57CD90R1_CAGCTGGCAGACAAAT-1,CtC57CD90R1
CtC57CD90R1_CAGCTGGTCTGCTGCT-1,CtC57CD90R1
CtC57CD90R1_CAGCTGGTCTGCTGTC-1,CtC57CD90R1
CtC57CD90R1_CAGGTGCAGGACAGAA-1,CtC57CD90R1
CtC57CD90R1_CAGGTGCAGGGCACTA-1,CtC57CD90R1
CtC57CD90R1_CAGGTGCCAAGCGAGT-1,CtC57CD90R1
CtC57CD90R1_CAGGTGCCATTGCGGC-1,CtC57CD90R1
CtC57CD90R1_CAGGTGCGTAAAGGAG-1,CtC57CD90R1
CtC57CD90R1_CAGGTGCGTCCAAGTT-1,CtC57CD90R1
CtC57CD90R1_CAGGTGCGTCGTCTTC-1,CtC57CD90R1
CtC57CD90R1_CAGGTGCGTGATGTCT-1,CtC57CD90R1
CtC57CD90R1_CAGGTGCTCCCATTAT-1,CtC57CD90R1
CtC57CD90R1_CAGGTGCTCCCTTGCA-1,CtC57CD90R1
CtC57CD90R1_CAGGTGCTCCGCATAA-1,CtC57CD90R1
CtC57CD90R1_CAGTAACAGACTGTAA-1,CtC57CD90R1
CtC57CD90R1_CAGTAACAGGCTACGA-1,CtC57CD90R1
CtC57CD90R1_CAGTAACAGTCACGCC-1,CtC57CD90R1
CtC57CD90R1_CAGTAACGTGAAGGCT-1,CtC57CD90R1
CtC57CD90R1_CAGTAACGTTAAGGGC-1,CtC57CD90R1
CtC57CD90R1_CAGTAACGTTTAAGCC-1,CtC57CD90R1
CtC57CD90R1_CAGTAACTCATGTCTT-1,CtC57CD90R1
CtC57CD90R1_CAGTAACTCCGCAGTG-1,CtC57CD90R1
CtC57CD90R1_CAGTCCTGTACCTACA-1,CtC57CD90R1
CtC57CD90R1_CAGTCCTTCCCAAGAT-1,CtC57CD90R1
CtC57CD90R1_CATATGGAGACAGACC-1,CtC57CD90R1
CtC57CD90R1_CATATGGAGACAGGCT-1,CtC57CD90R1
CtC57CD90R1_CATATGGAGGACTGGT-1,CtC57CD90R1
CtC57CD90R1_CATATGGAGGTTACCT-1,CtC57CD90R1
CtC57CD90R1_CATATGGAGTCTCAAC-1,CtC57CD90R1
CtC57CD90R1_CATATGGCAGTCACTA-1,CtC57CD90R1
CtC57CD90R1_CATATGGGTTAAGACA-1,CtC57CD90R1
CtC57CD90R1_CATATGGGTTACTGAC-1,CtC57CD90R1
CtC57CD90R1_CATATTCTCACTTATC-1,CtC57CD90R1
CtC57CD90R1_CATATTCTCGAATGGG-1,CtC57CD90R1
CtC57CD90R1_CATATTCTCTTCGGTC-1,CtC57CD90R1
CtC57CD90R1_CATATTCTCTTCTGGC-1,CtC57CD90R1
CtC57CD90R1_CATCAAGAGCTTCGCG-1,CtC57CD90R1
CtC57CD90R1_CATCAAGCACCACCAG-1,CtC57CD90R1
CtC57CD90R1_CATCAAGCAGGATCGA-1,CtC57CD90R1
CtC57CD90R1_CATCAAGCAGTCGATT-1,CtC57CD90R1
CtC57CD90R1_CATCAAGGTAAACGCG-1,CtC57CD90R1
CtC57CD90R1_CATCAAGGTGCAGACA-1,CtC57CD90R1
CtC57CD90R1_CATCAAGGTGCTAGCC-1,CtC57CD90R1
CtC57CD90R1_CATCAAGTCCTATGTT-1,CtC57CD90R1
CtC57CD90R1_CATCAAGTCGAATCCA-1,CtC57CD90R1
CtC57CD90R1_CATCAGAAGGATGGAA-1,CtC57CD90R1
CtC57CD90R1_CATCAGACACAGACTT-1,CtC57CD90R1
CtC57CD90R1_CATCAGACACCTTGTC-1,CtC57CD90R1
CtC57CD90R1_CATCAGAGTCCAAGTT-1,CtC57CD90R1
CtC57CD90R1_CATCAGAGTTTGGGCC-1,CtC57CD90R1
CtC57CD90R1_CATCAGATCACGATGT-1,CtC57CD90R1
CtC57CD90R1_CATCAGATCACGCGGT-1,CtC57CD90R1
CtC57CD90R1_CATCCACAGCCTATGT-1,CtC57CD90R1
CtC57CD90R1_CATCCACGTGATGTGG-1,CtC57CD90R1
CtC57CD90R1_CATCCACTCTGAGGGA-1,CtC57CD90R1
CtC57CD90R1_CATCGAACACTGCCAG-1,CtC57CD90R1
CtC57CD90R1_CATCGAAGTCACTTCC-1,CtC57CD90R1
CtC57CD90R1_CATCGAAGTCTAACGT-1,CtC57CD90R1
CtC57CD90R1_CATCGAAGTCTAGCGC-1,CtC57CD90R1
CtC57CD90R1_CATCGAAGTTAGGGTG-1,CtC57CD90R1
CtC57CD90R1_CATCGAAGTTGTACAC-1,CtC57CD90R1
CtC57CD90R1_CATCGAATCAGTTGAC-1,CtC57CD90R1
CtC57CD90R1_CATCGGGAGATCCCAT-1,CtC57CD90R1
CtC57CD90R1_CATCGGGGTCACCCAG-1,CtC57CD90R1
CtC57CD90R1_CATCGGGGTGGTGTAG-1,CtC57CD90R1
CtC57CD90R1_CATCGGGGTGTTAAGA-1,CtC57CD90R1
CtC57CD90R1_CATCGGGGTTTCCACC-1,CtC57CD90R1
CtC57CD90R1_CATCGGGTCACTCTTA-1,CtC57CD90R1
CtC57CD90R1_CATCGGGTCGCAGGCT-1,CtC57CD90R1
CtC57CD90R1_CATGACAAGAAGGTGA-1,CtC57CD90R1
CtC57CD90R1_CATGACAAGCATGGCA-1,CtC57CD90R1
CtC57CD90R1_CATGACAAGGCTACGA-1,CtC57CD90R1
CtC57CD90R1_CATGACACAATCACAC-1,CtC57CD90R1
CtC57CD90R1_CATGACAGTCTAGAGG-1,CtC57CD90R1
CtC57CD90R1_CATGACAGTTCCATGA-1,CtC57CD90R1
CtC57CD90R1_CATGACATCAGAGCTT-1,CtC57CD90R1
CtC57CD90R1_CATGCCTAGAAGAAGC-1,CtC57CD90R1
CtC57CD90R1_CATGCCTAGCAGATCG-1,CtC57CD90R1
CtC57CD90R1_CATGCCTAGCCACCTG-1,CtC57CD90R1
CtC57CD90R1_CATGCCTAGCTGTTCA-1,CtC57CD90R1
CtC57CD90R1_CATGCCTCATCCGGGT-1,CtC57CD90R1
CtC57CD90R1_CATGCCTGTCATGCAT-1,CtC57CD90R1
CtC57CD90R1_CATGCCTGTCCGCTGA-1,CtC57CD90R1
CtC57CD90R1_CATGCCTGTCTCTCGT-1,CtC57CD90R1
CtC57CD90R1_CATGCCTTCTCTTATG-1,CtC57CD90R1
CtC57CD90R1_CATGGCGAGATGTGTA-1,CtC57CD90R1
CtC57CD90R1_CATGGCGAGGTCGGAT-1,CtC57CD90R1
CtC57CD90R1_CATGGCGGTGCATCTA-1,CtC57CD90R1
CtC57CD90R1_CATGGCGTCCATTCTA-1,CtC57CD90R1
CtC57CD90R1_CATGGCGTCCCGACTT-1,CtC57CD90R1
CtC57CD90R1_CATGGCGTCGTTACAG-1,CtC57CD90R1
CtC57CD90R1_CATTATCAGTAACCCT-1,CtC57CD90R1
CtC57CD90R1_CATTATCAGTAGGCCA-1,CtC57CD90R1
CtC57CD90R1_CATTATCCAACACGCC-1,CtC57CD90R1
CtC57CD90R1_CATTATCCATACTACG-1,CtC57CD90R1
CtC57CD90R1_CATTATCGTCTAGGTT-1,CtC57CD90R1
CtC57CD90R1_CATTATCTCAAAGTAG-1,CtC57CD90R1
CtC57CD90R1_CATTCGCAGTACGATA-1,CtC57CD90R1
CtC57CD90R1_CATTCGCCAACTGGCC-1,CtC57CD90R1
CtC57CD90R1_CATTCGCCAATAGAGT-1,CtC57CD90R1
CtC57CD90R1_CATTCGCCACGGTGTC-1,CtC57CD90R1
CtC57CD90R1_CATTCGCCAGACAAGC-1,CtC57CD90R1
CtC57CD90R1_CATTCGCGTCCGTCAG-1,CtC57CD90R1
CtC57CD90R1_CATTCGCTCGGAAACG-1,CtC57CD90R1
CtC57CD90R1_CCAATCCAGCGATTCT-1,CtC57CD90R1
CtC57CD90R1_CCAATCCCAATGAAAC-1,CtC57CD90R1
CtC57CD90R1_CCAATCCCACGAAGCA-1,CtC57CD90R1
CtC57CD90R1_CCAATCCCATTCCTGC-1,CtC57CD90R1
CtC57CD90R1_CCAATCCGTGCACCAC-1,CtC57CD90R1
CtC57CD90R1_CCAATCCTCGAGAACG-1,CtC57CD90R1
CtC57CD90R1_CCAATCCTCTATCGCC-1,CtC57CD90R1
CtC57CD90R1_CCACCTAAGAGTTGGC-1,CtC57CD90R1
CtC57CD90R1_CCACCTACACAGACTT-1,CtC57CD90R1
CtC57CD90R1_CCACCTAGTCGACTAT-1,CtC57CD90R1
CtC57CD90R1_CCACCTATCAGGCCCA-1,CtC57CD90R1
CtC57CD90R1_CCACCTATCTCACATT-1,CtC57CD90R1
CtC57CD90R1_CCACGGAAGAGTTGGC-1,CtC57CD90R1
CtC57CD90R1_CCACGGAAGCACACAG-1,CtC57CD90R1
CtC57CD90R1_CCACGGACATGGTCTA-1,CtC57CD90R1
CtC57CD90R1_CCACGGATCCTTAATC-1,CtC57CD90R1
CtC57CD90R1_CCACGGATCGGCGCTA-1,CtC57CD90R1
CtC57CD90R1_CCACTACAGCGTGAAC-1,CtC57CD90R1
CtC57CD90R1_CCACTACAGCGTGTCC-1,CtC57CD90R1
CtC57CD90R1_CCACTACGTGTGTGCC-1,CtC57CD90R1
CtC57CD90R1_CCACTACTCAGGCAAG-1,CtC57CD90R1
CtC57CD90R1_CCACTACTCCTCAATT-1,CtC57CD90R1
CtC57CD90R1_CCACTACTCGGTGTTA-1,CtC57CD90R1
CtC57CD90R1_CCACTACTCGTCTGCT-1,CtC57CD90R1
CtC57CD90R1_CCAGCGACACCGAATT-1,CtC57CD90R1
CtC57CD90R1_CCAGCGACATCTATGG-1,CtC57CD90R1
CtC57CD90R1_CCAGCGACATGTTGAC-1,CtC57CD90R1
CtC57CD90R1_CCATGTCAGCAAATCA-1,CtC57CD90R1
CtC57CD90R1_CCATGTCCAATCTGCA-1,CtC57CD90R1
CtC57CD90R1_CCATGTCCATGCCCGA-1,CtC57CD90R1
CtC57CD90R1_CCATGTCCATGGATGG-1,CtC57CD90R1
CtC57CD90R1_CCATGTCGTGAGGCTA-1,CtC57CD90R1
CtC57CD90R1_CCATGTCGTTAAGGGC-1,CtC57CD90R1
CtC57CD90R1_CCATGTCGTTCCTCCA-1,CtC57CD90R1
CtC57CD90R1_CCATGTCTCCAGATCA-1,CtC57CD90R1
CtC57CD90R1_CCATGTCTCCCATTTA-1,CtC57CD90R1
CtC57CD90R1_CCATTCGAGGAGCGTT-1,CtC57CD90R1
CtC57CD90R1_CCATTCGAGTAGATGT-1,CtC57CD90R1
CtC57CD90R1_CCATTCGAGTTCCACA-1,CtC57CD90R1
CtC57CD90R1_CCATTCGCACGTAAGG-1,CtC57CD90R1
CtC57CD90R1_CCATTCGTCAAGAAGT-1,CtC57CD90R1
CtC57CD90R1_CCATTCGTCCCATTTA-1,CtC57CD90R1
CtC57CD90R1_CCATTCGTCTGTGCAA-1,CtC57CD90R1
CtC57CD90R1_CCCAATCAGACTAAGT-1,CtC57CD90R1
CtC57CD90R1_CCCAATCAGTTACGGG-1,CtC57CD90R1
CtC57CD90R1_CCCAATCCAATCACAC-1,CtC57CD90R1
CtC57CD90R1_CCCAATCCACGCTTTC-1,CtC57CD90R1
CtC57CD90R1_CCCAATCGTGCACGAA-1,CtC57CD90R1
CtC57CD90R1_CCCAATCTCTCGTATT-1,CtC57CD90R1
CtC57CD90R1_CCCAGTTAGACAAAGG-1,CtC57CD90R1
CtC57CD90R1_CCCAGTTAGCTTATCG-1,CtC57CD90R1
CtC57CD90R1_CCCAGTTCATGCATGT-1,CtC57CD90R1
CtC57CD90R1_CCCAGTTGTTGGTTTG-1,CtC57CD90R1
CtC57CD90R1_CCCATACAGGTCGGAT-1,CtC57CD90R1
CtC57CD90R1_CCCATACCAAGCGCTC-1,CtC57CD90R1
CtC57CD90R1_CCCATACCAAGTACCT-1,CtC57CD90R1
CtC57CD90R1_CCCATACCAGCTTAAC-1,CtC57CD90R1
CtC57CD90R1_CCCATACGTGCAGACA-1,CtC57CD90R1
CtC57CD90R1_CCCATACTCTCCAACC-1,CtC57CD90R1
CtC57CD90R1_CCCTCCTAGGGCATGT-1,CtC57CD90R1
CtC57CD90R1_CCCTCCTCATGGTCTA-1,CtC57CD90R1
CtC57CD90R1_CCCTCCTGTAAATACG-1,CtC57CD90R1
CtC57CD90R1_CCCTCCTGTAGAAGGA-1,CtC57CD90R1
CtC57CD90R1_CCCTCCTGTTCGCTAA-1,CtC57CD90R1
CtC57CD90R1_CCGGGATAGGCCGAAT-1,CtC57CD90R1
CtC57CD90R1_CCGGGATAGGGTGTTG-1,CtC57CD90R1
CtC57CD90R1_CCGGGATAGGTGATTA-1,CtC57CD90R1
CtC57CD90R1_CCGGGATCAAGAAAGG-1,CtC57CD90R1
CtC57CD90R1_CCGGGATGTCAACATC-1,CtC57CD90R1
CtC57CD90R1_CCGGGATTCCGCGGTA-1,CtC57CD90R1
CtC57CD90R1_CCGGGATTCCTTAATC-1,CtC57CD90R1
CtC57CD90R1_CCGGGATTCTGAGGGA-1,CtC57CD90R1
CtC57CD90R1_CCGGGATTCTTCTGGC-1,CtC57CD90R1
CtC57CD90R1_CCGGTAGAGACGCAAC-1,CtC57CD90R1
CtC57CD90R1_CCGGTAGAGGAATCGC-1,CtC57CD90R1
CtC57CD90R1_CCGGTAGGTAGCGCAA-1,CtC57CD90R1
CtC57CD90R1_CCGGTAGGTCAAAGAT-1,CtC57CD90R1
CtC57CD90R1_CCGGTAGGTCGGCACT-1,CtC57CD90R1
CtC57CD90R1_CCGGTAGGTTCCCTTG-1,CtC57CD90R1
CtC57CD90R1_CCGGTAGTCCCAGGTG-1,CtC57CD90R1
CtC57CD90R1_CCGTACTAGGAGCGTT-1,CtC57CD90R1
CtC57CD90R1_CCGTACTAGTCCGTAT-1,CtC57CD90R1
CtC57CD90R1_CCGTACTCAAGGACTG-1,CtC57CD90R1
CtC57CD90R1_CCGTACTCACTAGTAC-1,CtC57CD90R1
CtC57CD90R1_CCGTACTCACTGAAGG-1,CtC57CD90R1
CtC57CD90R1_CCGTACTCATAACCTG-1,CtC57CD90R1
CtC57CD90R1_CCGTACTGTAAGAGAG-1,CtC57CD90R1
CtC57CD90R1_CCGTACTGTCCATGAT-1,CtC57CD90R1
CtC57CD90R1_CCGTACTGTCTAGCGC-1,CtC57CD90R1
CtC57CD90R1_CCGTACTGTTGAGTTC-1,CtC57CD90R1
CtC57CD90R1_CCGTACTTCACCCGAG-1,CtC57CD90R1
CtC57CD90R1_CCGTACTTCCCTCAGT-1,CtC57CD90R1
CtC57CD90R1_CCGTACTTCTCGCTTG-1,CtC57CD90R1
CtC57CD90R1_CCGTGGAAGACAGGCT-1,CtC57CD90R1
CtC57CD90R1_CCGTGGAAGACTTGAA-1,CtC57CD90R1
CtC57CD90R1_CCGTGGAAGTGGGTTG-1,CtC57CD90R1
CtC57CD90R1_CCGTGGACAAGGTTTC-1,CtC57CD90R1
CtC57CD90R1_CCGTGGACATGGGAAC-1,CtC57CD90R1
CtC57CD90R1_CCGTGGACATTAACCG-1,CtC57CD90R1
CtC57CD90R1_CCGTGGAGTCCGAACC-1,CtC57CD90R1
CtC57CD90R1_CCGTGGAGTTTGACTG-1,CtC57CD90R1
CtC57CD90R1_CCGTTCAAGAAGATTC-1,CtC57CD90R1
CtC57CD90R1_CCGTTCACAAGGTGTG-1,CtC57CD90R1
CtC57CD90R1_CCGTTCACAAGTCTGT-1,CtC57CD90R1
CtC57CD90R1_CCGTTCACACAGGCCT-1,CtC57CD90R1
CtC57CD90R1_CCGTTCACACGTAAGG-1,CtC57CD90R1
CtC57CD90R1_CCGTTCACATTTCACT-1,CtC57CD90R1
CtC57CD90R1_CCGTTCAGTATTCGTG-1,CtC57CD90R1
CtC57CD90R1_CCGTTCAGTCTAGAGG-1,CtC57CD90R1
CtC57CD90R1_CCGTTCATCGGCGCAT-1,CtC57CD90R1
CtC57CD90R1_CCGTTCATCGTAGGAG-1,CtC57CD90R1
CtC57CD90R1_CCTAAAGAGTGGGATC-1,CtC57CD90R1
CtC57CD90R1_CCTAAAGGTCCTCTTG-1,CtC57CD90R1
CtC57CD90R1_CCTAAAGTCGCAGGCT-1,CtC57CD90R1
CtC57CD90R1_CCTAAAGTCTATCCTA-1,CtC57CD90R1
CtC57CD90R1_CCTAAAGTCTGATACG-1,CtC57CD90R1
CtC57CD90R1_CCTACACAGAATTGTG-1,CtC57CD90R1
CtC57CD90R1_CCTACACAGGTTACCT-1,CtC57CD90R1
CtC57CD90R1_CCTACACAGTTCGCGC-1,CtC57CD90R1
CtC57CD90R1_CCTACACCAACCGCCA-1,CtC57CD90R1
CtC57CD90R1_CCTACACCAAGACGTG-1,CtC57CD90R1
CtC57CD90R1_CCTACACCAGAGTGTG-1,CtC57CD90R1
CtC57CD90R1_CCTACACGTAAGAGGA-1,CtC57CD90R1
CtC57CD90R1_CCTACACTCCCTCAGT-1,CtC57CD90R1
CtC57CD90R1_CCTACACTCGGCATCG-1,CtC57CD90R1
CtC57CD90R1_CCTACCACATTAACCG-1,CtC57CD90R1
CtC57CD90R1_CCTACCAGTACGCACC-1,CtC57CD90R1
CtC57CD90R1_CCTACCAGTCATGCAT-1,CtC57CD90R1
CtC57CD90R1_CCTACCAGTTAAGATG-1,CtC57CD90R1
CtC57CD90R1_CCTACCAGTTACCAGT-1,CtC57CD90R1
CtC57CD90R1_CCTACCAGTTCCACAA-1,CtC57CD90R1
CtC57CD90R1_CCTACCATCCAGTATG-1,CtC57CD90R1
CtC57CD90R1_CCTAGCTAGGCTCAGA-1,CtC57CD90R1
CtC57CD90R1_CCTAGCTAGTATCTCG-1,CtC57CD90R1
CtC57CD90R1_CCTAGCTTCCGCAAGC-1,CtC57CD90R1
CtC57CD90R1_CCTATTAGTATATGGA-1,CtC57CD90R1
CtC57CD90R1_CCTATTAGTCGCATAT-1,CtC57CD90R1
CtC57CD90R1_CCTATTAGTCTTCTCG-1,CtC57CD90R1
CtC57CD90R1_CCTATTATCACCATAG-1,CtC57CD90R1
CtC57CD90R1_CCTATTATCTGACCTC-1,CtC57CD90R1
CtC57CD90R1_CCTCAGTAGAATGTTG-1,CtC57CD90R1
CtC57CD90R1_CCTCAGTAGATACACA-1,CtC57CD90R1
CtC57CD90R1_CCTCAGTAGCAGGCTA-1,CtC57CD90R1
CtC57CD90R1_CCTCAGTAGTCGTTTG-1,CtC57CD90R1
CtC57CD90R1_CCTCAGTAGTGAAGTT-1,CtC57CD90R1
CtC57CD90R1_CCTCAGTCAGCTCCGA-1,CtC57CD90R1
CtC57CD90R1_CCTCAGTGTAAACACA-1,CtC57CD90R1
CtC57CD90R1_CCTCAGTGTACAGACG-1,CtC57CD90R1
CtC57CD90R1_CCTCAGTGTCGAATCT-1,CtC57CD90R1
CtC57CD90R1_CCTCAGTTCCTCGCAT-1,CtC57CD90R1
CtC57CD90R1_CCTCAGTTCTTAACCT-1,CtC57CD90R1
CtC57CD90R1_CCTCTGAAGGCAGGTT-1,CtC57CD90R1
CtC57CD90R1_CCTCTGACACCAGGTC-1,CtC57CD90R1
CtC57CD90R1_CCTCTGATCCAGGGCT-1,CtC57CD90R1
CtC57CD90R1_CCTCTGATCCTACAGA-1,CtC57CD90R1
CtC57CD90R1_CCTCTGATCTGAGGGA-1,CtC57CD90R1
CtC57CD90R1_CCTTACGAGGCATTGG-1,CtC57CD90R1
CtC57CD90R1_CCTTACGAGTGCGATG-1,CtC57CD90R1
CtC57CD90R1_CCTTACGCAAGACGTG-1,CtC57CD90R1
CtC57CD90R1_CCTTACGCAATAGAGT-1,CtC57CD90R1
CtC57CD90R1_CCTTACGCATCACAAC-1,CtC57CD90R1
CtC57CD90R1_CCTTACGGTAGAAGGA-1,CtC57CD90R1
CtC57CD90R1_CCTTACGGTTAAGACA-1,CtC57CD90R1
CtC57CD90R1_CCTTCCCAGAAGGCCT-1,CtC57CD90R1
CtC57CD90R1_CCTTCCCGTTGATTCG-1,CtC57CD90R1
CtC57CD90R1_CCTTCCCTCCTGTACC-1,CtC57CD90R1
CtC57CD90R1_CCTTCGAAGCTAGTCT-1,CtC57CD90R1
CtC57CD90R1_CCTTCGACACAGTCGC-1,CtC57CD90R1
CtC57CD90R1_CCTTCGACATCCGCGA-1,CtC57CD90R1
CtC57CD90R1_CCTTCGAGTAAGGGAA-1,CtC57CD90R1
CtC57CD90R1_CCTTCGAGTACGCTGC-1,CtC57CD90R1
CtC57CD90R1_CCTTCGATCATTCACT-1,CtC57CD90R1
CtC57CD90R1_CCTTTCTCACGAAAGC-1,CtC57CD90R1
CtC57CD90R1_CCTTTCTCAGGTCCAC-1,CtC57CD90R1
CtC57CD90R1_CCTTTCTGTGCAACTT-1,CtC57CD90R1
CtC57CD90R1_CCTTTCTTCCCTCAGT-1,CtC57CD90R1
CtC57CD90R1_CGAACATAGATATGCA-1,CtC57CD90R1
CtC57CD90R1_CGAACATAGGATATAC-1,CtC57CD90R1
CtC57CD90R1_CGAACATGTTTGACTG-1,CtC57CD90R1
CtC57CD90R1_CGAATGTCACATTTCT-1,CtC57CD90R1
CtC57CD90R1_CGACCTTAGCGTGTCC-1,CtC57CD90R1
CtC57CD90R1_CGACCTTCAACGATCT-1,CtC57CD90R1
CtC57CD90R1_CGACCTTCATGGTCAT-1,CtC57CD90R1
CtC57CD90R1_CGACCTTGTAGGCTGA-1,CtC57CD90R1
CtC57CD90R1_CGACCTTGTCAATGTC-1,CtC57CD90R1
CtC57CD90R1_CGACCTTGTTGTGGCC-1,CtC57CD90R1
CtC57CD90R1_CGACCTTTCAGGCAAG-1,CtC57CD90R1
CtC57CD90R1_CGACCTTTCTCTTATG-1,CtC57CD90R1
CtC57CD90R1_CGACCTTTCTGTCTCG-1,CtC57CD90R1
CtC57CD90R1_CGACTTCGTTGTACAC-1,CtC57CD90R1
CtC57CD90R1_CGACTTCTCCCTCAGT-1,CtC57CD90R1
CtC57CD90R1_CGACTTCTCCTATTCA-1,CtC57CD90R1
CtC57CD90R1_CGACTTCTCTCCTATA-1,CtC57CD90R1
CtC57CD90R1_CGAGAAGCACTGTTAG-1,CtC57CD90R1
CtC57CD90R1_CGAGAAGCAGGAATCG-1,CtC57CD90R1
CtC57CD90R1_CGAGAAGGTAGCGCAA-1,CtC57CD90R1
CtC57CD90R1_CGAGAAGGTCCTCCAT-1,CtC57CD90R1
CtC57CD90R1_CGAGAAGTCAAGCCTA-1,CtC57CD90R1
CtC57CD90R1_CGAGAAGTCATCACCC-1,CtC57CD90R1
CtC57CD90R1_CGAGAAGTCATGTAGC-1,CtC57CD90R1
CtC57CD90R1_CGAGAAGTCCAAGCCG-1,CtC57CD90R1
CtC57CD90R1_CGAGCACAGAGCCTAG-1,CtC57CD90R1
CtC57CD90R1_CGAGCACAGTCCTCCT-1,CtC57CD90R1
CtC57CD90R1_CGAGCACGTAATTGGA-1,CtC57CD90R1
CtC57CD90R1_CGAGCACTCGCCTGTT-1,CtC57CD90R1
CtC57CD90R1_CGAGCCAAGACGCAAC-1,CtC57CD90R1
CtC57CD90R1_CGAGCCAAGGTTACCT-1,CtC57CD90R1
CtC57CD90R1_CGAGCCAAGTGAAGTT-1,CtC57CD90R1
CtC57CD90R1_CGAGCCATCGTTTGCC-1,CtC57CD90R1
CtC57CD90R1_CGATCGGCACCAGCAC-1,CtC57CD90R1
CtC57CD90R1_CGATCGGGTCTTGTCC-1,CtC57CD90R1
CtC57CD90R1_CGATCGGGTTCAGACT-1,CtC57CD90R1
CtC57CD90R1_CGATCGGGTTCGGGCT-1,CtC57CD90R1
CtC57CD90R1_CGATGGCAGACTTTCG-1,CtC57CD90R1
CtC57CD90R1_CGATGGCCAACTGCGC-1,CtC57CD90R1
CtC57CD90R1_CGATGGCCACGAGGTA-1,CtC57CD90R1
CtC57CD90R1_CGATGGCCAGTATAAG-1,CtC57CD90R1
CtC57CD90R1_CGATGGCGTTCACCTC-1,CtC57CD90R1
CtC57CD90R1_CGATGGCTCTGGTATG-1,CtC57CD90R1
CtC57CD90R1_CGATGTAAGAATAGGG-1,CtC57CD90R1
CtC57CD90R1_CGATGTAAGACCCACC-1,CtC57CD90R1
CtC57CD90R1_CGATGTAAGATGTAAC-1,CtC57CD90R1
CtC57CD90R1_CGATGTAAGGTGCACA-1,CtC57CD90R1
CtC57CD90R1_CGATGTAAGTGATCGG-1,CtC57CD90R1
CtC57CD90R1_CGATGTACACAGCCCA-1,CtC57CD90R1
CtC57CD90R1_CGATGTAGTGACGGTA-1,CtC57CD90R1
CtC57CD90R1_CGATGTAGTTTGCATG-1,CtC57CD90R1
CtC57CD90R1_CGATGTATCTGTCCGT-1,CtC57CD90R1
CtC57CD90R1_CGATGTATCTTTACAC-1,CtC57CD90R1
CtC57CD90R1_CGATTGACATAGTAAG-1,CtC57CD90R1
CtC57CD90R1_CGATTGACATTACGAC-1,CtC57CD90R1
CtC57CD90R1_CGATTGAGTTACGTCA-1,CtC57CD90R1
CtC57CD90R1_CGATTGAGTTATCGGT-1,CtC57CD90R1
CtC57CD90R1_CGATTGAGTTGCGCAC-1,CtC57CD90R1
CtC57CD90R1_CGCCAAGAGCTGAACG-1,CtC57CD90R1
CtC57CD90R1_CGCCAAGAGTAATCCC-1,CtC57CD90R1
CtC57CD90R1_CGCCAAGAGTTCGCAT-1,CtC57CD90R1
CtC57CD90R1_CGCCAAGTCCACGTGG-1,CtC57CD90R1
CtC57CD90R1_CGCCAAGTCCAGTATG-1,CtC57CD90R1
CtC57CD90R1_CGCCAAGTCCATTCTA-1,CtC57CD90R1
CtC57CD90R1_CGCGGTAAGCTCTCGG-1,CtC57CD90R1
CtC57CD90R1_CGCGGTACAAGTTAAG-1,CtC57CD90R1
CtC57CD90R1_CGCGGTACACGTGAGA-1,CtC57CD90R1
CtC57CD90R1_CGCGGTAGTATATGAG-1,CtC57CD90R1
CtC57CD90R1_CGCGGTAGTGACCAAG-1,CtC57CD90R1
CtC57CD90R1_CGCGGTATCCTCAATT-1,CtC57CD90R1
CtC57CD90R1_CGCGTTTAGGTAAACT-1,CtC57CD90R1
CtC57CD90R1_CGCGTTTAGGTGCACA-1,CtC57CD90R1
CtC57CD90R1_CGCGTTTAGGTTACCT-1,CtC57CD90R1
CtC57CD90R1_CGCGTTTAGTAGCCGA-1,CtC57CD90R1
CtC57CD90R1_CGCGTTTCACAACGCC-1,CtC57CD90R1
CtC57CD90R1_CGCGTTTCAGTATGCT-1,CtC57CD90R1
CtC57CD90R1_CGCGTTTCATCCTTGC-1,CtC57CD90R1
CtC57CD90R1_CGCGTTTGTCCTCCAT-1,CtC57CD90R1
CtC57CD90R1_CGCGTTTTCCTTAATC-1,CtC57CD90R1
CtC57CD90R1_CGCGTTTTCGTAGGTT-1,CtC57CD90R1
CtC57CD90R1_CGCTATCAGTCAAGCG-1,CtC57CD90R1
CtC57CD90R1_CGCTATCCAAGCGTAG-1,CtC57CD90R1
CtC57CD90R1_CGCTATCCACATTAGC-1,CtC57CD90R1
CtC57CD90R1_CGCTATCGTAAGGATT-1,CtC57CD90R1
CtC57CD90R1_CGCTATCGTATATCCG-1,CtC57CD90R1
CtC57CD90R1_CGCTGGAAGCTTATCG-1,CtC57CD90R1
CtC57CD90R1_CGCTGGAAGGACAGAA-1,CtC57CD90R1
CtC57CD90R1_CGCTGGAAGTCCGTAT-1,CtC57CD90R1
CtC57CD90R1_CGCTGGACAAGTCATC-1,CtC57CD90R1
CtC57CD90R1_CGCTGGACACAAGTAA-1,CtC57CD90R1
CtC57CD90R1_CGCTGGACACTGTCGG-1,CtC57CD90R1
CtC57CD90R1_CGCTGGACAGCTATTG-1,CtC57CD90R1
CtC57CD90R1_CGCTGGAGTAGCTAAA-1,CtC57CD90R1
CtC57CD90R1_CGCTGGATCAAGCCTA-1,CtC57CD90R1
CtC57CD90R1_CGCTGGATCACATACG-1,CtC57CD90R1
CtC57CD90R1_CGCTTCAAGTCAAGCG-1,CtC57CD90R1
CtC57CD90R1_CGCTTCACAATCGGTT-1,CtC57CD90R1
CtC57CD90R1_CGCTTCACAGTCTTCC-1,CtC57CD90R1
CtC57CD90R1_CGCTTCAGTAATCGTC-1,CtC57CD90R1
CtC57CD90R1_CGCTTCAGTAGCTTGT-1,CtC57CD90R1
CtC57CD90R1_CGCTTCATCTAACTCT-1,CtC57CD90R1
CtC57CD90R1_CGCTTCATCTCCAACC-1,CtC57CD90R1
CtC57CD90R1_CGCTTCATCTGTCTCG-1,CtC57CD90R1
CtC57CD90R1_CGGACACAGGTGTTAA-1,CtC57CD90R1
CtC57CD90R1_CGGACACCAAGAAGAG-1,CtC57CD90R1
CtC57CD90R1_CGGACACGTAGTAGTA-1,CtC57CD90R1
CtC57CD90R1_CGGACACGTCGAACAG-1,CtC57CD90R1
CtC57CD90R1_CGGACACTCCTATTCA-1,CtC57CD90R1
CtC57CD90R1_CGGACACTCTCGAGTA-1,CtC57CD90R1
CtC57CD90R1_CGGACGTAGATGCGAC-1,CtC57CD90R1
CtC57CD90R1_CGGACGTAGGCACATG-1,CtC57CD90R1
CtC57CD90R1_CGGACGTCACGAAATA-1,CtC57CD90R1
CtC57CD90R1_CGGACGTGTAATAGCA-1,CtC57CD90R1
CtC57CD90R1_CGGACGTGTCAGAAGC-1,CtC57CD90R1
CtC57CD90R1_CGGACGTGTCTGCAAT-1,CtC57CD90R1
CtC57CD90R1_CGGACGTTCTGGAGCC-1,CtC57CD90R1
CtC57CD90R1_CGGACTGGTAAATGAC-1,CtC57CD90R1
CtC57CD90R1_CGGACTGGTGCGATAG-1,CtC57CD90R1
CtC57CD90R1_CGGACTGGTTGGAGGT-1,CtC57CD90R1
CtC57CD90R1_CGGACTGTCAGGCCCA-1,CtC57CD90R1
CtC57CD90R1_CGGACTGTCCTCTAGC-1,CtC57CD90R1
CtC57CD90R1_CGGAGCTAGAGACGAA-1,CtC57CD90R1
CtC57CD90R1_CGGAGCTAGCATGGCA-1,CtC57CD90R1
CtC57CD90R1_CGGAGCTAGGCTCTTA-1,CtC57CD90R1
CtC57CD90R1_CGGAGCTAGGGAACGG-1,CtC57CD90R1
CtC57CD90R1_CGGAGCTCAATTGCTG-1,CtC57CD90R1
CtC57CD90R1_CGGAGCTCACTACAGT-1,CtC57CD90R1
CtC57CD90R1_CGGAGCTGTAGCCTCG-1,CtC57CD90R1
CtC57CD90R1_CGGAGCTGTCTAACGT-1,CtC57CD90R1
CtC57CD90R1_CGGAGTCAGCACAGGT-1,CtC57CD90R1
CtC57CD90R1_CGGAGTCAGCTACCTA-1,CtC57CD90R1
CtC57CD90R1_CGGAGTCAGGCCCTTG-1,CtC57CD90R1
CtC57CD90R1_CGGAGTCAGGTGCACA-1,CtC57CD90R1
CtC57CD90R1_CGGAGTCAGTGCTGCC-1,CtC57CD90R1
CtC57CD90R1_CGGAGTCCACCATCCT-1,CtC57CD90R1
CtC57CD90R1_CGGAGTCTCAACCATG-1,CtC57CD90R1
CtC57CD90R1_CGGAGTCTCTCTAGGA-1,CtC57CD90R1
CtC57CD90R1_CGGAGTCTCTTTACGT-1,CtC57CD90R1
CtC57CD90R1_CGGCTAGAGTCACGCC-1,CtC57CD90R1
CtC57CD90R1_CGGCTAGCACATAACC-1,CtC57CD90R1
CtC57CD90R1_CGGGTCAAGATACACA-1,CtC57CD90R1
CtC57CD90R1_CGGGTCAAGGCCGAAT-1,CtC57CD90R1
CtC57CD90R1_CGGGTCAGTAGATTAG-1,CtC57CD90R1
CtC57CD90R1_CGGGTCAGTTAAGACA-1,CtC57CD90R1
CtC57CD90R1_CGGGTCATCCAGGGCT-1,CtC57CD90R1
CtC57CD90R1_CGGGTCATCGTACCGG-1,CtC57CD90R1
CtC57CD90R1_CGGTTAAAGAAACCAT-1,CtC57CD90R1
CtC57CD90R1_CGGTTAAAGGGCATGT-1,CtC57CD90R1
CtC57CD90R1_CGGTTAACAGCATACT-1,CtC57CD90R1
CtC57CD90R1_CGGTTAAGTAGGACAC-1,CtC57CD90R1
CtC57CD90R1_CGGTTAAGTGGTACAG-1,CtC57CD90R1
CtC57CD90R1_CGGTTAATCTAGCACA-1,CtC57CD90R1
CtC57CD90R1_CGGTTAATCTTAGCCC-1,CtC57CD90R1
CtC57CD90R1_CGTAGCGAGCATGGCA-1,CtC57CD90R1
CtC57CD90R1_CGTAGCGAGTAACCCT-1,CtC57CD90R1
CtC57CD90R1_CGTAGCGGTCCGAATT-1,CtC57CD90R1
CtC57CD90R1_CGTAGCGTCAACACGT-1,CtC57CD90R1
CtC57CD90R1_CGTAGCGTCCCATTAT-1,CtC57CD90R1
CtC57CD90R1_CGTAGCGTCTTAGCCC-1,CtC57CD90R1
CtC57CD90R1_CGTAGGCAGTGGTAAT-1,CtC57CD90R1
CtC57CD90R1_CGTAGGCGTGTCAATC-1,CtC57CD90R1
CtC57CD90R1_CGTAGGCTCCGTCATC-1,CtC57CD90R1
CtC57CD90R1_CGTAGGCTCGTTTGCC-1,CtC57CD90R1
CtC57CD90R1_CGTAGGCTCTATGTGG-1,CtC57CD90R1
CtC57CD90R1_CGTCACTAGCGCCTTG-1,CtC57CD90R1
CtC57CD90R1_CGTCACTAGCGTGAAC-1,CtC57CD90R1
CtC57CD90R1_CGTCACTAGCTGCCCA-1,CtC57CD90R1
CtC57CD90R1_CGTCACTCAGTGGAGT-1,CtC57CD90R1
CtC57CD90R1_CGTCACTCATTAGCCA-1,CtC57CD90R1
CtC57CD90R1_CGTCACTGTGCACCAC-1,CtC57CD90R1
CtC57CD90R1_CGTCACTTCCATTCTA-1,CtC57CD90R1
CtC57CD90R1_CGTCAGGAGAGTACCG-1,CtC57CD90R1
CtC57CD90R1_CGTCAGGAGATTACCC-1,CtC57CD90R1
CtC57CD90R1_CGTCAGGAGGTCATCT-1,CtC57CD90R1
CtC57CD90R1_CGTCAGGTCAACGCTA-1,CtC57CD90R1
CtC57CD90R1_CGTCAGGTCGAATGGG-1,CtC57CD90R1
CtC57CD90R1_CGTCCATAGCACAGGT-1,CtC57CD90R1
CtC57CD90R1_CGTCCATAGTCCCACG-1,CtC57CD90R1
CtC57CD90R1_CGTCCATCATGCCCGA-1,CtC57CD90R1
CtC57CD90R1_CGTCCATCATGCTGGC-1,CtC57CD90R1
CtC57CD90R1_CGTCCATTCGAATCCA-1,CtC57CD90R1
CtC57CD90R1_CGTCTACAGCTCTCGG-1,CtC57CD90R1
CtC57CD90R1_CGTCTACTCCACGACG-1,CtC57CD90R1
CtC57CD90R1_CGTGAGCAGCTCAACT-1,CtC57CD90R1
CtC57CD90R1_CGTGAGCAGTCTCGGC-1,CtC57CD90R1
CtC57CD90R1_CGTGAGCCATGACGGA-1,CtC57CD90R1
CtC57CD90R1_CGTGAGCGTTACTGAC-1,CtC57CD90R1
CtC57CD90R1_CGTGTAAAGGTGTTAA-1,CtC57CD90R1
CtC57CD90R1_CGTGTAAGTCATACTG-1,CtC57CD90R1
CtC57CD90R1_CGTGTAATCACCGTAA-1,CtC57CD90R1
CtC57CD90R1_CGTGTCTAGAACTGTA-1,CtC57CD90R1
CtC57CD90R1_CGTGTCTAGCCACGTC-1,CtC57CD90R1
CtC57CD90R1_CGTGTCTAGTCGCCGT-1,CtC57CD90R1
CtC57CD90R1_CGTTAGAAGATGTGGC-1,CtC57CD90R1
CtC57CD90R1_CGTTAGACAGGTCCAC-1,CtC57CD90R1
CtC57CD90R1_CGTTAGACAGTTAACC-1,CtC57CD90R1
CtC57CD90R1_CGTTAGAGTCGCGTGT-1,CtC57CD90R1
CtC57CD90R1_CGTTCTGAGTGAATTG-1,CtC57CD90R1
CtC57CD90R1_CGTTCTGAGTTTAGGA-1,CtC57CD90R1
CtC57CD90R1_CGTTCTGCAAAGTCAA-1,CtC57CD90R1
CtC57CD90R1_CGTTCTGCATCCCATC-1,CtC57CD90R1
CtC57CD90R1_CGTTCTGGTCAACTGT-1,CtC57CD90R1
CtC57CD90R1_CGTTCTGGTGCGAAAC-1,CtC57CD90R1
CtC57CD90R1_CGTTCTGTCCTATGTT-1,CtC57CD90R1
CtC57CD90R1_CGTTCTGTCGGCTACG-1,CtC57CD90R1
CtC57CD90R1_CGTTCTGTCTGCGGCA-1,CtC57CD90R1
CtC57CD90R1_CGTTGGGAGGTGCAAC-1,CtC57CD90R1
CtC57CD90R1_CGTTGGGCAATTCCTT-1,CtC57CD90R1
CtC57CD90R1_CGTTGGGCATGGAATA-1,CtC57CD90R1
CtC57CD90R1_CGTTGGGGTAGCAAAT-1,CtC57CD90R1
CtC57CD90R1_CTAACTTAGCGCCTCA-1,CtC57CD90R1
CtC57CD90R1_CTAACTTAGGCATGTG-1,CtC57CD90R1
CtC57CD90R1_CTAACTTAGTCCGTAT-1,CtC57CD90R1
CtC57CD90R1_CTAACTTAGTGGGATC-1,CtC57CD90R1
CtC57CD90R1_CTAACTTCAGTATCTG-1,CtC57CD90R1
CtC57CD90R1_CTAACTTGTAGATTAG-1,CtC57CD90R1
CtC57CD90R1_CTAACTTTCACGCATA-1,CtC57CD90R1
CtC57CD90R1_CTAACTTTCCTATGTT-1,CtC57CD90R1
CtC57CD90R1_CTAAGACAGAGTGAGA-1,CtC57CD90R1
CtC57CD90R1_CTAAGACAGCCTCGTG-1,CtC57CD90R1
CtC57CD90R1_CTAAGACAGTACGTAA-1,CtC57CD90R1
CtC57CD90R1_CTAAGACCACAGACTT-1,CtC57CD90R1
CtC57CD90R1_CTAAGACGTGAGTGAC-1,CtC57CD90R1
CtC57CD90R1_CTAAGACGTTTGGCGC-1,CtC57CD90R1
CtC57CD90R1_CTAAGACTCGCAAACT-1,CtC57CD90R1
CtC57CD90R1_CTAATGGAGAGAGCTC-1,CtC57CD90R1
CtC57CD90R1_CTAATGGAGGTGCACA-1,CtC57CD90R1
CtC57CD90R1_CTAATGGAGGTGCTTT-1,CtC57CD90R1
CtC57CD90R1_CTAATGGAGTGGAGAA-1,CtC57CD90R1
CtC57CD90R1_CTAATGGCAGCCACCA-1,CtC57CD90R1
CtC57CD90R1_CTAATGGCATGCTGGC-1,CtC57CD90R1
CtC57CD90R1_CTAATGGGTAAGGATT-1,CtC57CD90R1
CtC57CD90R1_CTAATGGGTGTTCGAT-1,CtC57CD90R1
CtC57CD90R1_CTAATGGGTTCCCTTG-1,CtC57CD90R1
CtC57CD90R1_CTAATGGTCGACAGCC-1,CtC57CD90R1
CtC57CD90R1_CTAATGGTCTGGTTCC-1,CtC57CD90R1
CtC57CD90R1_CTACACCAGATACACA-1,CtC57CD90R1
CtC57CD90R1_CTACACCAGCGAGAAA-1,CtC57CD90R1
CtC57CD90R1_CTACACCAGCGTGAAC-1,CtC57CD90R1
CtC57CD90R1_CTACACCAGGCAAAGA-1,CtC57CD90R1
CtC57CD90R1_CTACACCCAATCACAC-1,CtC57CD90R1
CtC57CD90R1_CTACACCCATGCTAGT-1,CtC57CD90R1
CtC57CD90R1_CTACACCGTTCCACAA-1,CtC57CD90R1
CtC57CD90R1_CTACACCTCCATGAGT-1,CtC57CD90R1
CtC57CD90R1_CTACATTAGACAATAC-1,CtC57CD90R1
CtC57CD90R1_CTACATTCAATGAAAC-1,CtC57CD90R1
CtC57CD90R1_CTACATTGTAGAGTGC-1,CtC57CD90R1
CtC57CD90R1_CTACATTGTCATACTG-1,CtC57CD90R1
CtC57CD90R1_CTACCCAAGCGCTCCA-1,CtC57CD90R1
CtC57CD90R1_CTACCCAAGGATTCGG-1,CtC57CD90R1
CtC57CD90R1_CTACCCACATCTCGCT-1,CtC57CD90R1
CtC57CD90R1_CTACCCAGTCATATCG-1,CtC57CD90R1
CtC57CD90R1_CTACCCAGTCTAGCGC-1,CtC57CD90R1
CtC57CD90R1_CTACCCATCACCGGGT-1,CtC57CD90R1
CtC57CD90R1_CTACCCATCTGCTGCT-1,CtC57CD90R1
CtC57CD90R1_CTACCCATCTTACCTA-1,CtC57CD90R1
CtC57CD90R1_CTACGTCAGGGCATGT-1,CtC57CD90R1
CtC57CD90R1_CTACGTCCATGTTGAC-1,CtC57CD90R1
CtC57CD90R1_CTACGTCGTAGCGCTC-1,CtC57CD90R1
CtC57CD90R1_CTACGTCTCCACGACG-1,CtC57CD90R1
CtC57CD90R1_CTACGTCTCTCGGACG-1,CtC57CD90R1
CtC57CD90R1_CTACGTCTCTCGTATT-1,CtC57CD90R1
CtC57CD90R1_CTACGTCTCTGTGCAA-1,CtC57CD90R1
CtC57CD90R1_CTAGAGTAGTGAACGC-1,CtC57CD90R1
CtC57CD90R1_CTAGAGTCAGGAATGC-1,CtC57CD90R1
CtC57CD90R1_CTAGAGTGTGCCTTGG-1,CtC57CD90R1
CtC57CD90R1_CTAGCCTAGTTATCGC-1,CtC57CD90R1
CtC57CD90R1_CTAGCCTCAGTCAGCC-1,CtC57CD90R1
CtC57CD90R1_CTAGCCTTCAGTTCGA-1,CtC57CD90R1
CtC57CD90R1_CTAGCCTTCTGTCAAG-1,CtC57CD90R1
CtC57CD90R1_CTAGTGACACCGATAT-1,CtC57CD90R1
CtC57CD90R1_CTAGTGATCTTTACGT-1,CtC57CD90R1
CtC57CD90R1_CTCACACAGCCCAATT-1,CtC57CD90R1
CtC57CD90R1_CTCACACAGCCCGAAA-1,CtC57CD90R1
CtC57CD90R1_CTCACACAGGTGACCA-1,CtC57CD90R1
CtC57CD90R1_CTCACACCAGGTCGTC-1,CtC57CD90R1
CtC57CD90R1_CTCACACGTTGTCTTT-1,CtC57CD90R1
CtC57CD90R1_CTCACACTCATGTGGT-1,CtC57CD90R1
CtC57CD90R1_CTCACACTCCATTCTA-1,CtC57CD90R1
CtC57CD90R1_CTCACACTCTAACTCT-1,CtC57CD90R1
CtC57CD90R1_CTCAGAAAGCCACGTC-1,CtC57CD90R1
CtC57CD90R1_CTCAGAAAGTGTTAGA-1,CtC57CD90R1
CtC57CD90R1_CTCAGAAAGTTGCAGG-1,CtC57CD90R1
CtC57CD90R1_CTCAGAAGTACCCAAT-1,CtC57CD90R1
CtC57CD90R1_CTCAGAATCTGTGCAA-1,CtC57CD90R1
CtC57CD90R1_CTCAGAATCTTGAGAC-1,CtC57CD90R1
CtC57CD90R1_CTCATTAAGGTGATAT-1,CtC57CD90R1
CtC57CD90R1_CTCATTAAGTCTCGGC-1,CtC57CD90R1
CtC57CD90R1_CTCATTAGTCTCACCT-1,CtC57CD90R1
CtC57CD90R1_CTCATTATCAACGCTA-1,CtC57CD90R1
CtC57CD90R1_CTCATTATCAACGGGA-1,CtC57CD90R1
CtC57CD90R1_CTCCTAGCACGGCGTT-1,CtC57CD90R1
CtC57CD90R1_CTCCTAGGTAAGAGAG-1,CtC57CD90R1
CtC57CD90R1_CTCCTAGGTACCGGCT-1,CtC57CD90R1
CtC57CD90R1_CTCCTAGGTACTCAAC-1,CtC57CD90R1
CtC57CD90R1_CTCGAAAAGACTAAGT-1,CtC57CD90R1
CtC57CD90R1_CTCGAAACAGGCGATA-1,CtC57CD90R1
CtC57CD90R1_CTCGAAACATTCCTCG-1,CtC57CD90R1
CtC57CD90R1_CTCGAAATCATGCTCC-1,CtC57CD90R1
CtC57CD90R1_CTCGAAATCGCTTAGA-1,CtC57CD90R1
CtC57CD90R1_CTCGAGGAGAGCAATT-1,CtC57CD90R1
CtC57CD90R1_CTCGAGGCATCTACGA-1,CtC57CD90R1
CtC57CD90R1_CTCGAGGCATCTGGTA-1,CtC57CD90R1
CtC57CD90R1_CTCGAGGGTAAGTGTA-1,CtC57CD90R1
CtC57CD90R1_CTCGAGGGTATGAATG-1,CtC57CD90R1
CtC57CD90R1_CTCGAGGGTCCGTCAG-1,CtC57CD90R1
CtC57CD90R1_CTCGAGGTCACTTATC-1,CtC57CD90R1
CtC57CD90R1_CTCGAGGTCTGCAGTA-1,CtC57CD90R1
CtC57CD90R1_CTCGGAGAGTGGAGTC-1,CtC57CD90R1
CtC57CD90R1_CTCGGAGGTTTAGGAA-1,CtC57CD90R1
CtC57CD90R1_CTCGGAGTCACCATAG-1,CtC57CD90R1
CtC57CD90R1_CTCGGAGTCACCTCGT-1,CtC57CD90R1
CtC57CD90R1_CTCGGAGTCACTATTC-1,CtC57CD90R1
CtC57CD90R1_CTCGGAGTCGATGAGG-1,CtC57CD90R1
CtC57CD90R1_CTCGGGAGTACGACCC-1,CtC57CD90R1
CtC57CD90R1_CTCGGGAGTCCAGTGC-1,CtC57CD90R1
CtC57CD90R1_CTCGGGATCGCACTCT-1,CtC57CD90R1
CtC57CD90R1_CTCGTACAGAGCCTAG-1,CtC57CD90R1
CtC57CD90R1_CTCGTACAGCAACGGT-1,CtC57CD90R1
CtC57CD90R1_CTCGTACAGGATCGCA-1,CtC57CD90R1
CtC57CD90R1_CTCGTACAGGATGCGT-1,CtC57CD90R1
CtC57CD90R1_CTCGTACCAAGGACTG-1,CtC57CD90R1
CtC57CD90R1_CTCGTACCAGGATTGG-1,CtC57CD90R1
CtC57CD90R1_CTCGTACCATAAGACA-1,CtC57CD90R1
CtC57CD90R1_CTCGTACGTACCGTAT-1,CtC57CD90R1
CtC57CD90R1_CTCGTACGTACGACCC-1,CtC57CD90R1
CtC57CD90R1_CTCGTACGTAGGGACT-1,CtC57CD90R1
CtC57CD90R1_CTCGTACTCGTTACAG-1,CtC57CD90R1
CtC57CD90R1_CTCGTCACAAGCCCAC-1,CtC57CD90R1
CtC57CD90R1_CTCGTCAGTTGGACCC-1,CtC57CD90R1
CtC57CD90R1_CTCGTCATCACGATGT-1,CtC57CD90R1
CtC57CD90R1_CTCGTCATCTTGTACT-1,CtC57CD90R1
CtC57CD90R1_CTCTAATAGATATGGT-1,CtC57CD90R1
CtC57CD90R1_CTCTAATAGATCTGCT-1,CtC57CD90R1
CtC57CD90R1_CTCTAATAGCCGCCTA-1,CtC57CD90R1
CtC57CD90R1_CTCTAATAGCGTAATA-1,CtC57CD90R1
CtC57CD90R1_CTCTAATGTACGAAAT-1,CtC57CD90R1
CtC57CD90R1_CTCTAATGTGATGCCC-1,CtC57CD90R1
CtC57CD90R1_CTCTAATGTTCACGGC-1,CtC57CD90R1
CtC57CD90R1_CTCTAATGTTCGTTGA-1,CtC57CD90R1
CtC57CD90R1_CTCTAATTCGTTGACA-1,CtC57CD90R1
CtC57CD90R1_CTCTACGAGTATCTCG-1,CtC57CD90R1
CtC57CD90R1_CTCTACGAGTCGATAA-1,CtC57CD90R1
CtC57CD90R1_CTCTACGAGTTGTCGT-1,CtC57CD90R1
CtC57CD90R1_CTCTACGCAAGAAAGG-1,CtC57CD90R1
CtC57CD90R1_CTCTACGCACCTATCC-1,CtC57CD90R1
CtC57CD90R1_CTCTACGCAGTATAAG-1,CtC57CD90R1
CtC57CD90R1_CTCTACGTCATGCATG-1,CtC57CD90R1
CtC57CD90R1_CTCTACGTCCTTTCTC-1,CtC57CD90R1
CtC57CD90R1_CTCTACGTCGGCCGAT-1,CtC57CD90R1
CtC57CD90R1_CTCTACGTCTAACGGT-1,CtC57CD90R1
CtC57CD90R1_CTCTGGTCACGAAGCA-1,CtC57CD90R1
CtC57CD90R1_CTCTGGTGTCCTGCTT-1,CtC57CD90R1
CtC57CD90R1_CTCTGGTTCCACTCCA-1,CtC57CD90R1
CtC57CD90R1_CTCTGGTTCCCATTTA-1,CtC57CD90R1
CtC57CD90R1_CTGAAACAGAGAACAG-1,CtC57CD90R1
CtC57CD90R1_CTGAAACAGTCTCAAC-1,CtC57CD90R1
CtC57CD90R1_CTGAAACTCATATCGG-1,CtC57CD90R1
CtC57CD90R1_CTGAAGTAGCGCCTTG-1,CtC57CD90R1
CtC57CD90R1_CTGAAGTCAACTGGCC-1,CtC57CD90R1
CtC57CD90R1_CTGAAGTCAGATCGGA-1,CtC57CD90R1
CtC57CD90R1_CTGAAGTCAGCCAGAA-1,CtC57CD90R1
CtC57CD90R1_CTGAAGTGTATAGGGC-1,CtC57CD90R1
CtC57CD90R1_CTGAAGTGTCGGCACT-1,CtC57CD90R1
CtC57CD90R1_CTGAAGTGTCTAGCGC-1,CtC57CD90R1
CtC57CD90R1_CTGAAGTGTTAGGGTG-1,CtC57CD90R1
CtC57CD90R1_CTGAAGTTCATAGCAC-1,CtC57CD90R1
CtC57CD90R1_CTGAAGTTCGTAGGTT-1,CtC57CD90R1
CtC57CD90R1_CTGATAGAGGAACTGC-1,CtC57CD90R1
CtC57CD90R1_CTGATAGCAACAACCT-1,CtC57CD90R1
CtC57CD90R1_CTGATAGCAGCTGTTA-1,CtC57CD90R1
CtC57CD90R1_CTGATAGTCCATGAGT-1,CtC57CD90R1
CtC57CD90R1_CTGATAGTCCCATTAT-1,CtC57CD90R1
CtC57CD90R1_CTGATCCAGAAACCTA-1,CtC57CD90R1
CtC57CD90R1_CTGATCCAGTGCTGCC-1,CtC57CD90R1
CtC57CD90R1_CTGATCCGTACTCGCG-1,CtC57CD90R1
CtC57CD90R1_CTGATCCGTCCGAACC-1,CtC57CD90R1
CtC57CD90R1_CTGATCCTCTGGTATG-1,CtC57CD90R1
CtC57CD90R1_CTGCCTAAGAGGTTAT-1,CtC57CD90R1
CtC57CD90R1_CTGCCTAAGTCCAGGA-1,CtC57CD90R1
CtC57CD90R1_CTGCCTACAAGGTTTC-1,CtC57CD90R1
CtC57CD90R1_CTGCCTACATCTCGCT-1,CtC57CD90R1
CtC57CD90R1_CTGCCTACATTAGGCT-1,CtC57CD90R1
CtC57CD90R1_CTGCCTAGTCACTTCC-1,CtC57CD90R1
CtC57CD90R1_CTGCCTAGTCTAGCGC-1,CtC57CD90R1
CtC57CD90R1_CTGCCTAGTGACTCAT-1,CtC57CD90R1
CtC57CD90R1_CTGCCTATCAATAAGG-1,CtC57CD90R1
CtC57CD90R1_CTGCCTATCATGCATG-1,CtC57CD90R1
CtC57CD90R1_CTGCCTATCATGGTCA-1,CtC57CD90R1
CtC57CD90R1_CTGCCTATCTTTACAC-1,CtC57CD90R1
CtC57CD90R1_CTGCGGACAAGGTTTC-1,CtC57CD90R1
CtC57CD90R1_CTGCGGACATTACCTT-1,CtC57CD90R1
CtC57CD90R1_CTGCGGAGTCTCCACT-1,CtC57CD90R1
CtC57CD90R1_CTGCGGAGTGTATGGG-1,CtC57CD90R1
CtC57CD90R1_CTGCGGAGTTACGTCA-1,CtC57CD90R1
CtC57CD90R1_CTGCGGATCAACCAAC-1,CtC57CD90R1
CtC57CD90R1_CTGCGGATCACCTCGT-1,CtC57CD90R1
CtC57CD90R1_CTGCGGATCATTTGGG-1,CtC57CD90R1
CtC57CD90R1_CTGCGGATCTGTACGA-1,CtC57CD90R1
CtC57CD90R1_CTGCGGATCTTAGCCC-1,CtC57CD90R1
CtC57CD90R1_CTGCTGTAGGAGCGTT-1,CtC57CD90R1
CtC57CD90R1_CTGCTGTCAAGAGTCG-1,CtC57CD90R1
CtC57CD90R1_CTGCTGTCATCTGGTA-1,CtC57CD90R1
CtC57CD90R1_CTGCTGTGTACAGTTC-1,CtC57CD90R1
CtC57CD90R1_CTGCTGTTCCATGAGT-1,CtC57CD90R1
CtC57CD90R1_CTGGTCTCAATCGAAA-1,CtC57CD90R1
CtC57CD90R1_CTGGTCTGTAATTGGA-1,CtC57CD90R1
CtC57CD90R1_CTGGTCTGTATGAAAC-1,CtC57CD90R1
CtC57CD90R1_CTGGTCTGTCAGCTAT-1,CtC57CD90R1
CtC57CD90R1_CTGGTCTGTCCTGCTT-1,CtC57CD90R1
CtC57CD90R1_CTGGTCTGTCTAACGT-1,CtC57CD90R1
CtC57CD90R1_CTGGTCTGTTCCACTC-1,CtC57CD90R1
CtC57CD90R1_CTGGTCTTCATCATTC-1,CtC57CD90R1
CtC57CD90R1_CTGGTCTTCCCTAACC-1,CtC57CD90R1
CtC57CD90R1_CTGGTCTTCTAACTCT-1,CtC57CD90R1
CtC57CD90R1_CTGTGCTAGTAGATGT-1,CtC57CD90R1
CtC57CD90R1_CTGTGCTCAGGTCGTC-1,CtC57CD90R1
CtC57CD90R1_CTGTGCTGTCTTCTCG-1,CtC57CD90R1
CtC57CD90R1_CTGTTTAAGCCCAGCT-1,CtC57CD90R1
CtC57CD90R1_CTGTTTACACTTACGA-1,CtC57CD90R1
CtC57CD90R1_CTGTTTACATCCGCGA-1,CtC57CD90R1
CtC57CD90R1_CTGTTTAGTGTGAATA-1,CtC57CD90R1
CtC57CD90R1_CTGTTTATCCAGTAGT-1,CtC57CD90R1
CtC57CD90R1_CTGTTTATCGTCCAGG-1,CtC57CD90R1
CtC57CD90R1_CTGTTTATCTGTCTCG-1,CtC57CD90R1
CtC57CD90R1_CTTAACTCACACATGT-1,CtC57CD90R1
CtC57CD90R1_CTTAACTCAGGGCATA-1,CtC57CD90R1
CtC57CD90R1_CTTAACTGTAAACACA-1,CtC57CD90R1
CtC57CD90R1_CTTAACTTCTCCTATA-1,CtC57CD90R1
CtC57CD90R1_CTTACCGAGGATGCGT-1,CtC57CD90R1
CtC57CD90R1_CTTACCGAGGTAGCTG-1,CtC57CD90R1
CtC57CD90R1_CTTACCGAGTAGATGT-1,CtC57CD90R1
CtC57CD90R1_CTTACCGCAACACCTA-1,CtC57CD90R1
CtC57CD90R1_CTTACCGCAATTGCTG-1,CtC57CD90R1
CtC57CD90R1_CTTACCGGTCTCAACA-1,CtC57CD90R1
CtC57CD90R1_CTTAGGAAGATTACCC-1,CtC57CD90R1
CtC57CD90R1_CTTAGGAAGCACGCCT-1,CtC57CD90R1
CtC57CD90R1_CTTAGGAAGGGATGGG-1,CtC57CD90R1
CtC57CD90R1_CTTAGGACAAAGTGCG-1,CtC57CD90R1
CtC57CD90R1_CTTAGGACACCAGGTC-1,CtC57CD90R1
CtC57CD90R1_CTTAGGACATGCATGT-1,CtC57CD90R1
CtC57CD90R1_CTTAGGACATTACCTT-1,CtC57CD90R1
CtC57CD90R1_CTTAGGATCTCCAGGG-1,CtC57CD90R1
CtC57CD90R1_CTTCTCTAGCCTATGT-1,CtC57CD90R1
CtC57CD90R1_CTTCTCTGTAGAGCTG-1,CtC57CD90R1
CtC57CD90R1_CTTCTCTGTCAATGTC-1,CtC57CD90R1
CtC57CD90R1_CTTCTCTTCGGAAACG-1,CtC57CD90R1
CtC57CD90R1_CTTCTCTTCTCGCATC-1,CtC57CD90R1
CtC57CD90R1_CTTGGCTAGTCTCCTC-1,CtC57CD90R1
CtC57CD90R1_CTTGGCTCAGGGATTG-1,CtC57CD90R1
CtC57CD90R1_CTTGGCTTCAACACAC-1,CtC57CD90R1
CtC57CD90R1_CTTGGCTTCTTCCTTC-1,CtC57CD90R1
CtC57CD90R1_CTTTGCGCAATCAGAA-1,CtC57CD90R1
CtC57CD90R1_CTTTGCGCACGAAACG-1,CtC57CD90R1
CtC57CD90R1_CTTTGCGCACGCCAGT-1,CtC57CD90R1
CtC57CD90R1_CTTTGCGCAGACAAGC-1,CtC57CD90R1
CtC57CD90R1_CTTTGCGGTATCTGCA-1,CtC57CD90R1
CtC57CD90R1_CTTTGCGGTCAGAAGC-1,CtC57CD90R1
CtC57CD90R1_CTTTGCGTCCATGAAC-1,CtC57CD90R1
CtC57CD90R1_CTTTGCGTCCTTGCCA-1,CtC57CD90R1
CtC57CD90R1_CTTTGCGTCTGCCCTA-1,CtC57CD90R1
CtC57CD90R1_GAAACTCAGCGGCTTC-1,CtC57CD90R1
CtC57CD90R1_GAAACTCAGTCATGCT-1,CtC57CD90R1
CtC57CD90R1_GAAACTCAGTGTCCCG-1,CtC57CD90R1
CtC57CD90R1_GAAATGAAGGCAATTA-1,CtC57CD90R1
CtC57CD90R1_GAAATGAAGGCTAGCA-1,CtC57CD90R1
CtC57CD90R1_GAAATGACAGTAGAGC-1,CtC57CD90R1
CtC57CD90R1_GAACATCAGACCTAGG-1,CtC57CD90R1
CtC57CD90R1_GAACATCAGGCAATTA-1,CtC57CD90R1
CtC57CD90R1_GAACATCCAGTGGGAT-1,CtC57CD90R1
CtC57CD90R1_GAACATCGTAGTGAAT-1,CtC57CD90R1
CtC57CD90R1_GAACATCGTCACAAGG-1,CtC57CD90R1
CtC57CD90R1_GAACATCGTCTCTTAT-1,CtC57CD90R1
CtC57CD90R1_GAACATCGTTGGTTTG-1,CtC57CD90R1
CtC57CD90R1_GAACATCTCAACCAAC-1,CtC57CD90R1
CtC57CD90R1_GAACATCTCAGGTAAA-1,CtC57CD90R1
CtC57CD90R1_GAACCTACATGGAATA-1,CtC57CD90R1
CtC57CD90R1_GAACCTAGTTATTCTC-1,CtC57CD90R1
CtC57CD90R1_GAACCTAGTTCGGCAC-1,CtC57CD90R1
CtC57CD90R1_GAACCTAGTTGCTCCT-1,CtC57CD90R1
CtC57CD90R1_GAACCTATCAACCATG-1,CtC57CD90R1
CtC57CD90R1_GAACCTATCAGGTAAA-1,CtC57CD90R1
CtC57CD90R1_GAACGGACACTGTTAG-1,CtC57CD90R1
CtC57CD90R1_GAACGGAGTACCGCTG-1,CtC57CD90R1
CtC57CD90R1_GAACGGAGTGGTTTCA-1,CtC57CD90R1
CtC57CD90R1_GAACGGAGTTCTGAAC-1,CtC57CD90R1
CtC57CD90R1_GAAGCAGAGCTAGTTC-1,CtC57CD90R1
CtC57CD90R1_GAAGCAGCACTGCCAG-1,CtC57CD90R1
CtC57CD90R1_GAAGCAGCAGTATCTG-1,CtC57CD90R1
CtC57CD90R1_GAAGCAGCATCGTCGG-1,CtC57CD90R1
CtC57CD90R1_GAAGCAGGTATTCTCT-1,CtC57CD90R1
CtC57CD90R1_GAAGCAGGTGCGAAAC-1,CtC57CD90R1
CtC57CD90R1_GAATAAGCAGCCAGAA-1,CtC57CD90R1
CtC57CD90R1_GAATAAGTCAACGCTA-1,CtC57CD90R1
CtC57CD90R1_GAATAAGTCTCAACTT-1,CtC57CD90R1
CtC57CD90R1_GAATGAACAAATTGCC-1,CtC57CD90R1
CtC57CD90R1_GAATGAACACGTCAGC-1,CtC57CD90R1
CtC57CD90R1_GAATGAACATCAGTCA-1,CtC57CD90R1
CtC57CD90R1_GAATGAAGTCAGCTAT-1,CtC57CD90R1
CtC57CD90R1_GAATGAAGTCATTAGC-1,CtC57CD90R1
CtC57CD90R1_GAATGAATCACCATAG-1,CtC57CD90R1
CtC57CD90R1_GAATGAATCCAGAGGA-1,CtC57CD90R1
CtC57CD90R1_GAATGAATCCCATTTA-1,CtC57CD90R1
CtC57CD90R1_GACACGCAGCGTGAGT-1,CtC57CD90R1
CtC57CD90R1_GACACGCAGGATCGCA-1,CtC57CD90R1
CtC57CD90R1_GACACGCAGGCCCTTG-1,CtC57CD90R1
CtC57CD90R1_GACACGCCATCCGTGG-1,CtC57CD90R1
CtC57CD90R1_GACACGCGTAGCAAAT-1,CtC57CD90R1
CtC57CD90R1_GACACGCGTATGCTTG-1,CtC57CD90R1
CtC57CD90R1_GACACGCTCCGAATGT-1,CtC57CD90R1
CtC57CD90R1_GACACGCTCCTATTCA-1,CtC57CD90R1
CtC57CD90R1_GACACGCTCTCGATGA-1,CtC57CD90R1
CtC57CD90R1_GACACGCTCTGAGGGA-1,CtC57CD90R1
CtC57CD90R1_GACAGAGAGCGATAGC-1,CtC57CD90R1
CtC57CD90R1_GACAGAGCAAGCTGGA-1,CtC57CD90R1
CtC57CD90R1_GACAGAGTCTGGTGTA-1,CtC57CD90R1
CtC57CD90R1_GACCAATAGTCCTCCT-1,CtC57CD90R1
CtC57CD90R1_GACCAATCACGAAATA-1,CtC57CD90R1
CtC57CD90R1_GACCAATCAGACAGGT-1,CtC57CD90R1
CtC57CD90R1_GACCAATGTCATCCCT-1,CtC57CD90R1
CtC57CD90R1_GACCAATGTTTGTTGG-1,CtC57CD90R1
CtC57CD90R1_GACCTGGAGAAGGTTT-1,CtC57CD90R1
CtC57CD90R1_GACCTGGAGCCAGTTT-1,CtC57CD90R1
CtC57CD90R1_GACCTGGAGCTCCCAG-1,CtC57CD90R1
CtC57CD90R1_GACCTGGAGTACATGA-1,CtC57CD90R1
CtC57CD90R1_GACCTGGCACGAAAGC-1,CtC57CD90R1
CtC57CD90R1_GACCTGGGTGCGATAG-1,CtC57CD90R1
CtC57CD90R1_GACCTGGTCCCTCAGT-1,CtC57CD90R1
CtC57CD90R1_GACCTGGTCCCTTGTG-1,CtC57CD90R1
CtC57CD90R1_GACGCGTCACTACAGT-1,CtC57CD90R1
CtC57CD90R1_GACGCGTGTAGAGTGC-1,CtC57CD90R1
CtC57CD90R1_GACGCGTGTATAATGG-1,CtC57CD90R1
CtC57CD90R1_GACGCGTTCAGTTCGA-1,CtC57CD90R1
CtC57CD90R1_GACGCGTTCCGAACGC-1,CtC57CD90R1
CtC57CD90R1_GACGGCTAGGACAGCT-1,CtC57CD90R1
CtC57CD90R1_GACGGCTAGTAATCCC-1,CtC57CD90R1
CtC57CD90R1_GACGGCTCACTTGGAT-1,CtC57CD90R1
CtC57CD90R1_GACGGCTCAGACTCGC-1,CtC57CD90R1
CtC57CD90R1_GACGGCTGTCTGGAGA-1,CtC57CD90R1
CtC57CD90R1_GACGGCTGTTATTCTC-1,CtC57CD90R1
CtC57CD90R1_GACGGCTTCGCACTCT-1,CtC57CD90R1
CtC57CD90R1_GACGGCTTCGTCCAGG-1,CtC57CD90R1
CtC57CD90R1_GACGTGCCAGCTCCGA-1,CtC57CD90R1
CtC57CD90R1_GACGTTAAGCACCGTC-1,CtC57CD90R1
CtC57CD90R1_GACGTTAAGTCCGTAT-1,CtC57CD90R1
CtC57CD90R1_GACGTTACACTCTGTC-1,CtC57CD90R1
CtC57CD90R1_GACTAACAGCCGCCTA-1,CtC57CD90R1
CtC57CD90R1_GACTAACAGGTGACCA-1,CtC57CD90R1
CtC57CD90R1_GACTAACAGTACACCT-1,CtC57CD90R1
CtC57CD90R1_GACTAACCATATACCG-1,CtC57CD90R1
CtC57CD90R1_GACTAACGTCAGAGGT-1,CtC57CD90R1
CtC57CD90R1_GACTAACGTCAGCTAT-1,CtC57CD90R1
CtC57CD90R1_GACTAACGTTAAAGAC-1,CtC57CD90R1
CtC57CD90R1_GACTAACGTTACCAGT-1,CtC57CD90R1
CtC57CD90R1_GACTAACGTTCTGTTT-1,CtC57CD90R1
CtC57CD90R1_GACTAACTCCCTTGTG-1,CtC57CD90R1
CtC57CD90R1_GACTAACTCCTATGTT-1,CtC57CD90R1
CtC57CD90R1_GACTAACTCTCCTATA-1,CtC57CD90R1
CtC57CD90R1_GACTACACAATGGAGC-1,CtC57CD90R1
CtC57CD90R1_GACTACACACACCGCA-1,CtC57CD90R1
CtC57CD90R1_GACTACACAGCGAACA-1,CtC57CD90R1
CtC57CD90R1_GACTACACAGGCAGTA-1,CtC57CD90R1
CtC57CD90R1_GACTACACAGGCGATA-1,CtC57CD90R1
CtC57CD90R1_GACTACAGTGATAAGT-1,CtC57CD90R1
CtC57CD90R1_GACTACAGTTTGTTGG-1,CtC57CD90R1
CtC57CD90R1_GACTACATCACTTCAT-1,CtC57CD90R1
CtC57CD90R1_GACTACATCGTATCAG-1,CtC57CD90R1
CtC57CD90R1_GACTGCGAGAGCTTCT-1,CtC57CD90R1
CtC57CD90R1_GACTGCGAGGGTTCCC-1,CtC57CD90R1
CtC57CD90R1_GACTGCGCACGTCAGC-1,CtC57CD90R1
CtC57CD90R1_GACTGCGCAGACAAAT-1,CtC57CD90R1
CtC57CD90R1_GACTGCGTCGTCCAGG-1,CtC57CD90R1
CtC57CD90R1_GAGCAGAAGACTAGGC-1,CtC57CD90R1
CtC57CD90R1_GAGCAGAAGCAATCTC-1,CtC57CD90R1
CtC57CD90R1_GAGCAGACAAAGTGCG-1,CtC57CD90R1
CtC57CD90R1_GAGCAGAGTCAGAGGT-1,CtC57CD90R1
CtC57CD90R1_GAGCAGATCCTCAATT-1,CtC57CD90R1
CtC57CD90R1_GAGCAGATCGCAGGCT-1,CtC57CD90R1
CtC57CD90R1_GAGCAGATCTGCGACG-1,CtC57CD90R1
CtC57CD90R1_GAGGTGAAGCTCTCGG-1,CtC57CD90R1
CtC57CD90R1_GAGGTGAAGGGATGGG-1,CtC57CD90R1
CtC57CD90R1_GAGGTGAAGTTACCCA-1,CtC57CD90R1
CtC57CD90R1_GAGGTGACAGCTCGCA-1,CtC57CD90R1
CtC57CD90R1_GAGGTGAGTACATCCA-1,CtC57CD90R1
CtC57CD90R1_GAGGTGAGTATTAGCC-1,CtC57CD90R1
CtC57CD90R1_GAGGTGAGTTGCTCCT-1,CtC57CD90R1
CtC57CD90R1_GAGGTGATCAGGTTCA-1,CtC57CD90R1
CtC57CD90R1_GAGGTGATCGTGGTCG-1,CtC57CD90R1
CtC57CD90R1_GAGGTGATCTTGTATC-1,CtC57CD90R1
CtC57CD90R1_GAGTCCGAGAATCTCC-1,CtC57CD90R1
CtC57CD90R1_GAGTCCGAGTCAATAG-1,CtC57CD90R1
CtC57CD90R1_GAGTCCGCAATGGAGC-1,CtC57CD90R1
CtC57CD90R1_GAGTCCGCAATTGCTG-1,CtC57CD90R1
CtC57CD90R1_GAGTCCGGTAGCGTGA-1,CtC57CD90R1
CtC57CD90R1_GAGTCCGGTGAGGGAG-1,CtC57CD90R1
CtC57CD90R1_GAGTCCGTCCAAGCCG-1,CtC57CD90R1
CtC57CD90R1_GATCAGTTCCTTTCTC-1,CtC57CD90R1
CtC57CD90R1_GATCAGTTCGGAGCAA-1,CtC57CD90R1
CtC57CD90R1_GATCGATAGCGTTCCG-1,CtC57CD90R1
CtC57CD90R1_GATCGATAGTGGGCTA-1,CtC57CD90R1
CtC57CD90R1_GATCGATCAAGCCGTC-1,CtC57CD90R1
CtC57CD90R1_GATCGATCATGGAATA-1,CtC57CD90R1
CtC57CD90R1_GATCGATCATTTCAGG-1,CtC57CD90R1
CtC57CD90R1_GATCGATGTCCATCCT-1,CtC57CD90R1
CtC57CD90R1_GATCGATTCCCTCTTT-1,CtC57CD90R1
CtC57CD90R1_GATCGATTCTACCTGC-1,CtC57CD90R1
CtC57CD90R1_GATCGCGAGTTAAGTG-1,CtC57CD90R1
CtC57CD90R1_GATCGCGGTAAGAGAG-1,CtC57CD90R1
CtC57CD90R1_GATCGCGGTATAGGGC-1,CtC57CD90R1
CtC57CD90R1_GATCGCGGTATCAGTC-1,CtC57CD90R1
CtC57CD90R1_GATCGCGGTTTACTCT-1,CtC57CD90R1
CtC57CD90R1_GATCGTAAGGACATTA-1,CtC57CD90R1
CtC57CD90R1_GATCGTAAGGAGTACC-1,CtC57CD90R1
CtC57CD90R1_GATCGTAAGGTGCAAC-1,CtC57CD90R1
CtC57CD90R1_GATCGTAAGTAATCCC-1,CtC57CD90R1
CtC57CD90R1_GATCGTACATCCTTGC-1,CtC57CD90R1
CtC57CD90R1_GATCGTATCATCGATG-1,CtC57CD90R1
CtC57CD90R1_GATCTAGCACTTGGAT-1,CtC57CD90R1
CtC57CD90R1_GATCTAGCATGAACCT-1,CtC57CD90R1
CtC57CD90R1_GATCTAGTCGGCGCAT-1,CtC57CD90R1
CtC57CD90R1_GATGAAAAGTTGAGAT-1,CtC57CD90R1
CtC57CD90R1_GATGAAAAGTTGAGTA-1,CtC57CD90R1
CtC57CD90R1_GATGAAACACGAAACG-1,CtC57CD90R1
CtC57CD90R1_GATGAAAGTATGCTTG-1,CtC57CD90R1
CtC57CD90R1_GATGAAAGTGAAGGCT-1,CtC57CD90R1
CtC57CD90R1_GATGAAAGTTTAAGCC-1,CtC57CD90R1
CtC57CD90R1_GATGAAATCGGAAACG-1,CtC57CD90R1
CtC57CD90R1_GATGAGGCAAGCCGTC-1,CtC57CD90R1
CtC57CD90R1_GATGAGGCAATAGAGT-1,CtC57CD90R1
CtC57CD90R1_GATGAGGGTAAGTGTA-1,CtC57CD90R1
CtC57CD90R1_GATGAGGGTTCCATGA-1,CtC57CD90R1
CtC57CD90R1_GATGAGGTCTTAACCT-1,CtC57CD90R1
CtC57CD90R1_GATGCTAAGAAGGCCT-1,CtC57CD90R1
CtC57CD90R1_GATGCTAAGGACAGAA-1,CtC57CD90R1
CtC57CD90R1_GATGCTAAGTTAAGTG-1,CtC57CD90R1
CtC57CD90R1_GATGCTAAGTTTCCTT-1,CtC57CD90R1
CtC57CD90R1_GATGCTACATCACGAT-1,CtC57CD90R1
CtC57CD90R1_GATGCTAGTAGCGTAG-1,CtC57CD90R1
CtC57CD90R1_GATGCTAGTTCCACTC-1,CtC57CD90R1
CtC57CD90R1_GATGCTATCGTAGGTT-1,CtC57CD90R1
CtC57CD90R1_GATGCTATCTAGCACA-1,CtC57CD90R1
CtC57CD90R1_GATGCTATCTTGACGA-1,CtC57CD90R1
CtC57CD90R1_GATTCAGAGGACTGGT-1,CtC57CD90R1
CtC57CD90R1_GATTCAGAGGTAGCCA-1,CtC57CD90R1
CtC57CD90R1_GATTCAGCAACGATGG-1,CtC57CD90R1
CtC57CD90R1_GATTCAGCAAGAAAGG-1,CtC57CD90R1
CtC57CD90R1_GATTCAGCAATCCGAT-1,CtC57CD90R1
CtC57CD90R1_GATTCAGCAGTTCCCT-1,CtC57CD90R1
CtC57CD90R1_GATTCAGCATCCTTGC-1,CtC57CD90R1
CtC57CD90R1_GATTCAGGTTACCAGT-1,CtC57CD90R1
CtC57CD90R1_GATTCAGTCATAACCG-1,CtC57CD90R1
CtC57CD90R1_GATTCAGTCCTTAATC-1,CtC57CD90R1
CtC57CD90R1_GCAAACTAGTAGTGCG-1,CtC57CD90R1
CtC57CD90R1_GCAAACTGTCATACTG-1,CtC57CD90R1
CtC57CD90R1_GCAATCAAGACGCTTT-1,CtC57CD90R1
CtC57CD90R1_GCAATCAAGCCAGGAT-1,CtC57CD90R1
CtC57CD90R1_GCAATCAAGGCTCATT-1,CtC57CD90R1
CtC57CD90R1_GCAATCAAGGTGCACA-1,CtC57CD90R1
CtC57CD90R1_GCAATCAGTAAGGGAA-1,CtC57CD90R1
CtC57CD90R1_GCAATCAGTGATGCCC-1,CtC57CD90R1
CtC57CD90R1_GCAATCATCCGCGCAA-1,CtC57CD90R1
CtC57CD90R1_GCACATAAGCGGCTTC-1,CtC57CD90R1
CtC57CD90R1_GCACATACAAACAACA-1,CtC57CD90R1
CtC57CD90R1_GCACATACACCAGATT-1,CtC57CD90R1
CtC57CD90R1_GCACATACAGCGAACA-1,CtC57CD90R1
CtC57CD90R1_GCACATACAGTGAGTG-1,CtC57CD90R1
CtC57CD90R1_GCACATAGTAAATACG-1,CtC57CD90R1
CtC57CD90R1_GCACATAGTACAGTTC-1,CtC57CD90R1
CtC57CD90R1_GCACATAGTCAATACC-1,CtC57CD90R1
CtC57CD90R1_GCACATAGTCGGATCC-1,CtC57CD90R1
CtC57CD90R1_GCACATATCAGCTGGC-1,CtC57CD90R1
CtC57CD90R1_GCACTCTAGAATCTCC-1,CtC57CD90R1
CtC57CD90R1_GCACTCTAGATATACG-1,CtC57CD90R1
CtC57CD90R1_GCACTCTAGGACGAAA-1,CtC57CD90R1
CtC57CD90R1_GCACTCTAGGTCATCT-1,CtC57CD90R1
CtC57CD90R1_GCACTCTGTCCATGAT-1,CtC57CD90R1
CtC57CD90R1_GCACTCTTCATGCTCC-1,CtC57CD90R1
CtC57CD90R1_GCAGCCAAGTGCGATG-1,CtC57CD90R1
CtC57CD90R1_GCAGCCAAGTGCTGCC-1,CtC57CD90R1
CtC57CD90R1_GCAGCCACAAGCTGGA-1,CtC57CD90R1
CtC57CD90R1_GCAGCCACAGGGTTAG-1,CtC57CD90R1
CtC57CD90R1_GCAGCCAGTCAAGCGA-1,CtC57CD90R1
CtC57CD90R1_GCAGCCAGTCACCTAA-1,CtC57CD90R1
CtC57CD90R1_GCAGCCAGTCCGAACC-1,CtC57CD90R1
CtC57CD90R1_GCAGCCAGTTCATGGT-1,CtC57CD90R1
CtC57CD90R1_GCAGCCATCAGAGACG-1,CtC57CD90R1
CtC57CD90R1_GCAGCCATCATGCATG-1,CtC57CD90R1
CtC57CD90R1_GCAGCCATCGCTAGCG-1,CtC57CD90R1
CtC57CD90R1_GCAGCCATCGGAAATA-1,CtC57CD90R1
CtC57CD90R1_GCAGTTAAGTACGTTC-1,CtC57CD90R1
CtC57CD90R1_GCAGTTAAGTATGACA-1,CtC57CD90R1
CtC57CD90R1_GCAGTTAAGTGGGATC-1,CtC57CD90R1
CtC57CD90R1_GCAGTTACAACGCACC-1,CtC57CD90R1
CtC57CD90R1_GCAGTTACACTCGACG-1,CtC57CD90R1
CtC57CD90R1_GCAGTTACAGGCAGTA-1,CtC57CD90R1
CtC57CD90R1_GCAGTTAGTGCACGAA-1,CtC57CD90R1
CtC57CD90R1_GCAGTTAGTGCAGGTA-1,CtC57CD90R1
CtC57CD90R1_GCAGTTATCAACGAAA-1,CtC57CD90R1
CtC57CD90R1_GCAGTTATCCAGATCA-1,CtC57CD90R1
CtC57CD90R1_GCAGTTATCCTTGCCA-1,CtC57CD90R1
CtC57CD90R1_GCATACAAGGACGAAA-1,CtC57CD90R1
CtC57CD90R1_GCATACAAGTTGCAGG-1,CtC57CD90R1
CtC57CD90R1_GCATACACATCGATTG-1,CtC57CD90R1
CtC57CD90R1_GCATACAGTCCATGAT-1,CtC57CD90R1
CtC57CD90R1_GCATGATCACTGTTAG-1,CtC57CD90R1
CtC57CD90R1_GCATGATCAGACAAAT-1,CtC57CD90R1
CtC57CD90R1_GCATGATCATCTGGTA-1,CtC57CD90R1
CtC57CD90R1_GCATGATTCCAGAGGA-1,CtC57CD90R1
CtC57CD90R1_GCATGATTCCGTACAA-1,CtC57CD90R1
CtC57CD90R1_GCATGATTCGTGGACC-1,CtC57CD90R1
CtC57CD90R1_GCATGCGAGAACAATC-1,CtC57CD90R1
CtC57CD90R1_GCATGCGAGATGTGGC-1,CtC57CD90R1
CtC57CD90R1_GCATGCGAGCAGACTG-1,CtC57CD90R1
CtC57CD90R1_GCATGCGAGGATGGAA-1,CtC57CD90R1
CtC57CD90R1_GCATGCGCAGTAACGG-1,CtC57CD90R1
CtC57CD90R1_GCATGCGGTTACTGAC-1,CtC57CD90R1
CtC57CD90R1_GCATGCGTCACTATTC-1,CtC57CD90R1
CtC57CD90R1_GCATGCGTCGTAGGAG-1,CtC57CD90R1
CtC57CD90R1_GCATGTAAGACCTAGG-1,CtC57CD90R1
CtC57CD90R1_GCATGTACACGCGAAA-1,CtC57CD90R1
CtC57CD90R1_GCATGTAGTGAAGGCT-1,CtC57CD90R1
CtC57CD90R1_GCATGTAGTTAAGGGC-1,CtC57CD90R1
CtC57CD90R1_GCATGTATCACGAAGG-1,CtC57CD90R1
CtC57CD90R1_GCATGTATCATTGCCC-1,CtC57CD90R1
CtC57CD90R1_GCATGTATCCAAATGC-1,CtC57CD90R1
CtC57CD90R1_GCCAAATAGACATAAC-1,CtC57CD90R1
CtC57CD90R1_GCCAAATAGGAGTAGA-1,CtC57CD90R1
CtC57CD90R1_GCCAAATAGTGTTTGC-1,CtC57CD90R1
CtC57CD90R1_GCCAAATCAACACCCG-1,CtC57CD90R1
CtC57CD90R1_GCCAAATCAACCGCCA-1,CtC57CD90R1
CtC57CD90R1_GCCAAATCATACTACG-1,CtC57CD90R1
CtC57CD90R1_GCCAAATCATATGCTG-1,CtC57CD90R1
CtC57CD90R1_GCCAAATGTATTCTCT-1,CtC57CD90R1
CtC57CD90R1_GCCAAATGTCGGATCC-1,CtC57CD90R1
CtC57CD90R1_GCCAAATGTCTCTTTA-1,CtC57CD90R1
CtC57CD90R1_GCCAAATTCTCGCTTG-1,CtC57CD90R1
CtC57CD90R1_GCCAAATTCTTACCGC-1,CtC57CD90R1
CtC57CD90R1_GCCTCTAAGATCTGCT-1,CtC57CD90R1
CtC57CD90R1_GCCTCTAAGCGCTTAT-1,CtC57CD90R1
CtC57CD90R1_GCCTCTAAGGCAAAGA-1,CtC57CD90R1
CtC57CD90R1_GCCTCTACAAACGCGA-1,CtC57CD90R1
CtC57CD90R1_GCCTCTACACCTCGGA-1,CtC57CD90R1
CtC57CD90R1_GCCTCTACACTAAGTC-1,CtC57CD90R1
CtC57CD90R1_GCCTCTATCGCCTGTT-1,CtC57CD90R1
CtC57CD90R1_GCGACCAGTGGGTATG-1,CtC57CD90R1
CtC57CD90R1_GCGAGAACAGCTCGAC-1,CtC57CD90R1
CtC57CD90R1_GCGAGAACATCTATGG-1,CtC57CD90R1
CtC57CD90R1_GCGCAACAGTAGGCCA-1,CtC57CD90R1
CtC57CD90R1_GCGCAACCAATTCCTT-1,CtC57CD90R1
CtC57CD90R1_GCGCAACCACATGTGT-1,CtC57CD90R1
CtC57CD90R1_GCGCAACCATGGTTGT-1,CtC57CD90R1
CtC57CD90R1_GCGCAACGTCTTGATG-1,CtC57CD90R1
CtC57CD90R1_GCGCAACGTCTTGTCC-1,CtC57CD90R1
CtC57CD90R1_GCGCAGTAGAAGGGTA-1,CtC57CD90R1
CtC57CD90R1_GCGCAGTAGTTTCCTT-1,CtC57CD90R1
CtC57CD90R1_GCGCAGTCACTCAGGC-1,CtC57CD90R1
CtC57CD90R1_GCGCAGTCAGGCAGTA-1,CtC57CD90R1
CtC57CD90R1_GCGCAGTGTTCGTTGA-1,CtC57CD90R1
CtC57CD90R1_GCGCAGTTCACCGTAA-1,CtC57CD90R1
CtC57CD90R1_GCGCAGTTCTGACCTC-1,CtC57CD90R1
CtC57CD90R1_GCGCCAACAAGCCTAT-1,CtC57CD90R1
CtC57CD90R1_GCGCCAACATAGAAAC-1,CtC57CD90R1
CtC57CD90R1_GCGCCAACATGGTTGT-1,CtC57CD90R1
CtC57CD90R1_GCGCCAAGTAGCACGA-1,CtC57CD90R1
CtC57CD90R1_GCGCCAAGTGAGGGTT-1,CtC57CD90R1
CtC57CD90R1_GCGCCAATCATGCAAC-1,CtC57CD90R1
CtC57CD90R1_GCGCCAATCCGCTGTT-1,CtC57CD90R1
CtC57CD90R1_GCGCGATAGAAGGTGA-1,CtC57CD90R1
CtC57CD90R1_GCGCGATAGATCCCGC-1,CtC57CD90R1
CtC57CD90R1_GCGCGATAGGAGCGTT-1,CtC57CD90R1
CtC57CD90R1_GCGCGATGTAGGCTGA-1,CtC57CD90R1
CtC57CD90R1_GCGCGATGTCTAGCGC-1,CtC57CD90R1
CtC57CD90R1_GCGCGATGTCTTCAAG-1,CtC57CD90R1
CtC57CD90R1_GCGGGTTAGTGCCATT-1,CtC57CD90R1
CtC57CD90R1_GCGGGTTCAGCCAGAA-1,CtC57CD90R1
CtC57CD90R1_GCGGGTTCAGCTGTAT-1,CtC57CD90R1
CtC57CD90R1_GCGGGTTTCCTAGAAC-1,CtC57CD90R1
CtC57CD90R1_GCGGGTTTCTCTAGGA-1,CtC57CD90R1
CtC57CD90R1_GCTCCTAAGTGAAGAG-1,CtC57CD90R1
CtC57CD90R1_GCTCCTATCAGCTCGG-1,CtC57CD90R1
CtC57CD90R1_GCTCCTATCGCTTAGA-1,CtC57CD90R1
CtC57CD90R1_GCTCCTATCTAACCGA-1,CtC57CD90R1
CtC57CD90R1_GCTCCTATCTTGTACT-1,CtC57CD90R1
CtC57CD90R1_GCTCTGTAGAGTGACC-1,CtC57CD90R1
CtC57CD90R1_GCTCTGTCACTGTTAG-1,CtC57CD90R1
CtC57CD90R1_GCTCTGTCACTTAAGC-1,CtC57CD90R1
CtC57CD90R1_GCTCTGTGTCGCGGTT-1,CtC57CD90R1
CtC57CD90R1_GCTCTGTTCGACCAGC-1,CtC57CD90R1
CtC57CD90R1_GCTCTGTTCTTAACCT-1,CtC57CD90R1
CtC57CD90R1_GCTCTGTTCTTGTACT-1,CtC57CD90R1
CtC57CD90R1_GCTGCAGAGGGTTCCC-1,CtC57CD90R1
CtC57CD90R1_GCTGCAGGTACAGCAG-1,CtC57CD90R1
CtC57CD90R1_GCTGCAGGTCAGAATA-1,CtC57CD90R1
CtC57CD90R1_GCTGCAGGTCCCTACT-1,CtC57CD90R1
CtC57CD90R1_GCTGCAGGTCTAGTCA-1,CtC57CD90R1
CtC57CD90R1_GCTGCAGGTGTAACGG-1,CtC57CD90R1
CtC57CD90R1_GCTGCAGTCAGCGATT-1,CtC57CD90R1
CtC57CD90R1_GCTGCGAAGGACCACA-1,CtC57CD90R1
CtC57CD90R1_GCTGCGAAGGATGGTC-1,CtC57CD90R1
CtC57CD90R1_GCTGCGACACTAGTAC-1,CtC57CD90R1
CtC57CD90R1_GCTGCGAGTAGCGTAG-1,CtC57CD90R1
CtC57CD90R1_GCTGCGAGTGCGCTTG-1,CtC57CD90R1
CtC57CD90R1_GCTGCGATCCAAATGC-1,CtC57CD90R1
CtC57CD90R1_GCTGCTTAGGCGCTCT-1,CtC57CD90R1
CtC57CD90R1_GCTGCTTCATACTCTT-1,CtC57CD90R1
CtC57CD90R1_GCTGCTTCATCGATGT-1,CtC57CD90R1
CtC57CD90R1_GCTGCTTGTAACGTTC-1,CtC57CD90R1
CtC57CD90R1_GCTGGGTAGGAGCGAG-1,CtC57CD90R1
CtC57CD90R1_GCTGGGTCACACCGAC-1,CtC57CD90R1
CtC57CD90R1_GCTGGGTCACGCATCG-1,CtC57CD90R1
CtC57CD90R1_GCTGGGTGTATCTGCA-1,CtC57CD90R1
CtC57CD90R1_GCTGGGTTCGATGAGG-1,CtC57CD90R1
CtC57CD90R1_GCTTCCAAGTCCCACG-1,CtC57CD90R1
CtC57CD90R1_GCTTCCACACGGCGTT-1,CtC57CD90R1
CtC57CD90R1_GCTTCCACAGATCCAT-1,CtC57CD90R1
CtC57CD90R1_GCTTCCAGTTTACTCT-1,CtC57CD90R1
CtC57CD90R1_GCTTCCATCTTGACGA-1,CtC57CD90R1
CtC57CD90R1_GCTTGAACACCTGGTG-1,CtC57CD90R1
CtC57CD90R1_GCTTGAATCAAACAAG-1,CtC57CD90R1
CtC57CD90R1_GCTTGAATCACATACG-1,CtC57CD90R1
CtC57CD90R1_GCTTGAATCACGCATA-1,CtC57CD90R1
CtC57CD90R1_GGAAAGCAGAAGATTC-1,CtC57CD90R1
CtC57CD90R1_GGAAAGCAGATCCCAT-1,CtC57CD90R1
CtC57CD90R1_GGAAAGCAGTACGTAA-1,CtC57CD90R1
CtC57CD90R1_GGAAAGCCAACTGCGC-1,CtC57CD90R1
CtC57CD90R1_GGAAAGCCATCCGGGT-1,CtC57CD90R1
CtC57CD90R1_GGAACTTCAGACGCAA-1,CtC57CD90R1
CtC57CD90R1_GGAACTTCAGATCGGA-1,CtC57CD90R1
CtC57CD90R1_GGAACTTCATGGTTGT-1,CtC57CD90R1
CtC57CD90R1_GGAACTTGTTCAGTAC-1,CtC57CD90R1
CtC57CD90R1_GGAACTTGTTTCGCTC-1,CtC57CD90R1
CtC57CD90R1_GGAACTTTCCAGTAGT-1,CtC57CD90R1
CtC57CD90R1_GGAACTTTCCCTTGTG-1,CtC57CD90R1
CtC57CD90R1_GGAATAAAGTGGGCTA-1,CtC57CD90R1
CtC57CD90R1_GGAATAACACACAGAG-1,CtC57CD90R1
CtC57CD90R1_GGAATAACATAGACTC-1,CtC57CD90R1
CtC57CD90R1_GGAATAACATCGGACC-1,CtC57CD90R1
CtC57CD90R1_GGAATAAGTCTTGATG-1,CtC57CD90R1
CtC57CD90R1_GGAATAATCATCATTC-1,CtC57CD90R1
CtC57CD90R1_GGAATAATCCGTAGTA-1,CtC57CD90R1
CtC57CD90R1_GGACAAGAGTACGCCC-1,CtC57CD90R1
CtC57CD90R1_GGACAAGAGTGCGATG-1,CtC57CD90R1
CtC57CD90R1_GGACAAGCACCGAAAG-1,CtC57CD90R1
CtC57CD90R1_GGACAAGGTGCACTTA-1,CtC57CD90R1
CtC57CD90R1_GGACAAGGTGCGCTTG-1,CtC57CD90R1
CtC57CD90R1_GGACAAGTCCGCATAA-1,CtC57CD90R1
CtC57CD90R1_GGACAAGTCGTTGACA-1,CtC57CD90R1
CtC57CD90R1_GGACAGAAGAATTGTG-1,CtC57CD90R1
CtC57CD90R1_GGACAGACATTTGCTT-1,CtC57CD90R1
CtC57CD90R1_GGACAGATCCGCTGTT-1,CtC57CD90R1
CtC57CD90R1_GGACAGATCTTCCTTC-1,CtC57CD90R1
CtC57CD90R1_GGACATTAGGAGTACC-1,CtC57CD90R1
CtC57CD90R1_GGACATTAGGGTCGAT-1,CtC57CD90R1
CtC57CD90R1_GGACATTAGTCCGGTC-1,CtC57CD90R1
CtC57CD90R1_GGACATTCAAAGGTGC-1,CtC57CD90R1
CtC57CD90R1_GGACATTCATGGAATA-1,CtC57CD90R1
CtC57CD90R1_GGACATTCATGTCTCC-1,CtC57CD90R1
CtC57CD90R1_GGACATTGTAGCTAAA-1,CtC57CD90R1
CtC57CD90R1_GGACATTGTCGACTGC-1,CtC57CD90R1
CtC57CD90R1_GGACATTGTTGACGTT-1,CtC57CD90R1
CtC57CD90R1_GGACATTTCTTCTGGC-1,CtC57CD90R1
CtC57CD90R1_GGACGTCAGGCCCTTG-1,CtC57CD90R1
CtC57CD90R1_GGACGTCAGTGGGATC-1,CtC57CD90R1
CtC57CD90R1_GGACGTCCACAACGTT-1,CtC57CD90R1
CtC57CD90R1_GGACGTCCACGGCTAC-1,CtC57CD90R1
CtC57CD90R1_GGACGTCTCAGGCGAA-1,CtC57CD90R1
CtC57CD90R1_GGACGTCTCAGTCCCT-1,CtC57CD90R1
CtC57CD90R1_GGAGCAAAGCTAGCCC-1,CtC57CD90R1
CtC57CD90R1_GGAGCAACACGGACAA-1,CtC57CD90R1
CtC57CD90R1_GGAGCAAGTCAACTGT-1,CtC57CD90R1
CtC57CD90R1_GGAGCAAGTTCGGGCT-1,CtC57CD90R1
CtC57CD90R1_GGATGTTAGCTGATAA-1,CtC57CD90R1
CtC57CD90R1_GGATGTTAGGAGTACC-1,CtC57CD90R1
CtC57CD90R1_GGATGTTGTAAGGATT-1,CtC57CD90R1
CtC57CD90R1_GGATGTTTCAGCAACT-1,CtC57CD90R1
CtC57CD90R1_GGATGTTTCAGGATCT-1,CtC57CD90R1
CtC57CD90R1_GGATTACCACATCCGG-1,CtC57CD90R1
CtC57CD90R1_GGATTACCAGCTTAAC-1,CtC57CD90R1
CtC57CD90R1_GGATTACCATCCCATC-1,CtC57CD90R1
CtC57CD90R1_GGATTACGTTATCGGT-1,CtC57CD90R1
CtC57CD90R1_GGATTACGTTGATTGC-1,CtC57CD90R1
CtC57CD90R1_GGATTACGTTTGGGCC-1,CtC57CD90R1
CtC57CD90R1_GGATTACTCCATGCTC-1,CtC57CD90R1
CtC57CD90R1_GGATTACTCGCCTGAG-1,CtC57CD90R1
CtC57CD90R1_GGCAATTAGGCTAGAC-1,CtC57CD90R1
CtC57CD90R1_GGCAATTGTTCGTGAT-1,CtC57CD90R1
CtC57CD90R1_GGCAATTGTTCTGGTA-1,CtC57CD90R1
CtC57CD90R1_GGCAATTGTTGACGTT-1,CtC57CD90R1
CtC57CD90R1_GGCAATTTCCCGGATG-1,CtC57CD90R1
CtC57CD90R1_GGCAATTTCCGCGTTT-1,CtC57CD90R1
CtC57CD90R1_GGCCGATAGAACTCGG-1,CtC57CD90R1
CtC57CD90R1_GGCCGATAGATCTGAA-1,CtC57CD90R1
CtC57CD90R1_GGCCGATTCATGTAGC-1,CtC57CD90R1
CtC57CD90R1_GGCGACTAGCCCTAAT-1,CtC57CD90R1
CtC57CD90R1_GGCGACTAGCGTCAAG-1,CtC57CD90R1
CtC57CD90R1_GGCGACTAGGATTCGG-1,CtC57CD90R1
CtC57CD90R1_GGCGACTAGTAATCCC-1,CtC57CD90R1
CtC57CD90R1_GGCGACTGTAAACACA-1,CtC57CD90R1
CtC57CD90R1_GGCGACTGTTGGTAAA-1,CtC57CD90R1
CtC57CD90R1_GGCGACTTCCGCAGTG-1,CtC57CD90R1
CtC57CD90R1_GGCGACTTCGCTTGTC-1,CtC57CD90R1
CtC57CD90R1_GGCGTGTAGAGAACAG-1,CtC57CD90R1
CtC57CD90R1_GGCGTGTAGATGCCTT-1,CtC57CD90R1
CtC57CD90R1_GGCGTGTCACTTAAGC-1,CtC57CD90R1
CtC57CD90R1_GGCGTGTCAGTTTACG-1,CtC57CD90R1
CtC57CD90R1_GGCGTGTCATTGGGCC-1,CtC57CD90R1
CtC57CD90R1_GGCGTGTGTTTGACAC-1,CtC57CD90R1
CtC57CD90R1_GGCGTGTTCAGCGACC-1,CtC57CD90R1
CtC57CD90R1_GGCTCGACACGTAAGG-1,CtC57CD90R1
CtC57CD90R1_GGCTCGACACTGTTAG-1,CtC57CD90R1
CtC57CD90R1_GGCTCGATCTCCGGTT-1,CtC57CD90R1
CtC57CD90R1_GGCTGGTAGGGATGGG-1,CtC57CD90R1
CtC57CD90R1_GGCTGGTCAGTCAGAG-1,CtC57CD90R1
CtC57CD90R1_GGCTGGTCATTACCTT-1,CtC57CD90R1
CtC57CD90R1_GGCTGGTGTGAACCTT-1,CtC57CD90R1
CtC57CD90R1_GGCTGGTTCAGTCCCT-1,CtC57CD90R1
CtC57CD90R1_GGCTGGTTCATAACCG-1,CtC57CD90R1
CtC57CD90R1_GGCTGGTTCCACGCAG-1,CtC57CD90R1
CtC57CD90R1_GGCTGGTTCCCGACTT-1,CtC57CD90R1
CtC57CD90R1_GGGAATGCAGCTGCTG-1,CtC57CD90R1
CtC57CD90R1_GGGAATGCATCGGTTA-1,CtC57CD90R1
CtC57CD90R1_GGGAATGGTCAGAAGC-1,CtC57CD90R1
CtC57CD90R1_GGGAATGGTCCGTGAC-1,CtC57CD90R1
CtC57CD90R1_GGGAATGGTGGTCCGT-1,CtC57CD90R1
CtC57CD90R1_GGGAATGTCATCTGTT-1,CtC57CD90R1
CtC57CD90R1_GGGACCTAGAAGGGTA-1,CtC57CD90R1
CtC57CD90R1_GGGACCTAGCACCGCT-1,CtC57CD90R1
CtC57CD90R1_GGGACCTAGCGCTTAT-1,CtC57CD90R1
CtC57CD90R1_GGGACCTCAGCTCGAC-1,CtC57CD90R1
CtC57CD90R1_GGGACCTTCTGGCGAC-1,CtC57CD90R1
CtC57CD90R1_GGGAGATAGAACTCGG-1,CtC57CD90R1
CtC57CD90R1_GGGAGATAGACTTGAA-1,CtC57CD90R1
CtC57CD90R1_GGGAGATCAGCCACCA-1,CtC57CD90R1
CtC57CD90R1_GGGAGATCATACTACG-1,CtC57CD90R1
CtC57CD90R1_GGGAGATGTTTGACTG-1,CtC57CD90R1
CtC57CD90R1_GGGAGATTCATCGGAT-1,CtC57CD90R1
CtC57CD90R1_GGGATGAAGTAGGTGC-1,CtC57CD90R1
CtC57CD90R1_GGGATGAAGTGTTTGC-1,CtC57CD90R1
CtC57CD90R1_GGGATGACAAAGAATC-1,CtC57CD90R1
CtC57CD90R1_GGGATGACACAGCGTC-1,CtC57CD90R1
CtC57CD90R1_GGGATGACACGGATAG-1,CtC57CD90R1
CtC57CD90R1_GGGATGAGTCTAGTGT-1,CtC57CD90R1
CtC57CD90R1_GGGATGAGTGTTTGTG-1,CtC57CD90R1
CtC57CD90R1_GGGATGATCACGCGGT-1,CtC57CD90R1
CtC57CD90R1_GGGATGATCTAAGCCA-1,CtC57CD90R1
CtC57CD90R1_GGGATGATCTACTCAT-1,CtC57CD90R1
CtC57CD90R1_GGGCACTCACCAGGCT-1,CtC57CD90R1
CtC57CD90R1_GGGCACTCAGACGTAG-1,CtC57CD90R1
CtC57CD90R1_GGGCACTCAGCTCGAC-1,CtC57CD90R1
CtC57CD90R1_GGGCACTTCAATACCG-1,CtC57CD90R1
CtC57CD90R1_GGGCACTTCCAGAAGG-1,CtC57CD90R1
CtC57CD90R1_GGGCACTTCTCGATGA-1,CtC57CD90R1
CtC57CD90R1_GGGCACTTCTGGTATG-1,CtC57CD90R1
CtC57CD90R1_GGGCATCAGACCACGA-1,CtC57CD90R1
CtC57CD90R1_GGGCATCAGACTACAA-1,CtC57CD90R1
CtC57CD90R1_GGGCATCAGGACTGGT-1,CtC57CD90R1
CtC57CD90R1_GGGCATCAGGAGTACC-1,CtC57CD90R1
CtC57CD90R1_GGGCATCAGGTGTGGT-1,CtC57CD90R1
CtC57CD90R1_GGGCATCCAAGAAAGG-1,CtC57CD90R1
CtC57CD90R1_GGGCATCGTCTGGAGA-1,CtC57CD90R1
CtC57CD90R1_GGGCATCTCTCTGTCG-1,CtC57CD90R1
CtC57CD90R1_GGGTCTGAGATCCCAT-1,CtC57CD90R1
CtC57CD90R1_GGGTCTGAGGAGTCTG-1,CtC57CD90R1
CtC57CD90R1_GGGTCTGCAATGGTCT-1,CtC57CD90R1
CtC57CD90R1_GGGTCTGGTTCTGAAC-1,CtC57CD90R1
CtC57CD90R1_GGGTCTGTCAGTTCGA-1,CtC57CD90R1
CtC57CD90R1_GGGTCTGTCATGCTCC-1,CtC57CD90R1
CtC57CD90R1_GGGTCTGTCCTATGTT-1,CtC57CD90R1
CtC57CD90R1_GGGTTGCAGGCCCTTG-1,CtC57CD90R1
CtC57CD90R1_GGGTTGCAGTCCATAC-1,CtC57CD90R1
CtC57CD90R1_GGGTTGCCACGAAAGC-1,CtC57CD90R1
CtC57CD90R1_GGGTTGCTCAAACAAG-1,CtC57CD90R1
CtC57CD90R1_GGGTTGCTCACAACGT-1,CtC57CD90R1
CtC57CD90R1_GGGTTGCTCCGCATCT-1,CtC57CD90R1
CtC57CD90R1_GGGTTGCTCGTTACAG-1,CtC57CD90R1
CtC57CD90R1_GGTATTGAGCTAGCCC-1,CtC57CD90R1
CtC57CD90R1_GGTATTGCACGGCCAT-1,CtC57CD90R1
CtC57CD90R1_GGTATTGGTAGTGAAT-1,CtC57CD90R1
CtC57CD90R1_GGTATTGGTCAGGACA-1,CtC57CD90R1
CtC57CD90R1_GGTATTGGTCCGTCAG-1,CtC57CD90R1
CtC57CD90R1_GGTGAAGAGCAATCTC-1,CtC57CD90R1
CtC57CD90R1_GGTGAAGAGCAGCCTC-1,CtC57CD90R1
CtC57CD90R1_GGTGAAGCAAGTAGTA-1,CtC57CD90R1
CtC57CD90R1_GGTGAAGCACAACGCC-1,CtC57CD90R1
CtC57CD90R1_GGTGAAGGTCGAAAGC-1,CtC57CD90R1
CtC57CD90R1_GGTGAAGGTTATCCGA-1,CtC57CD90R1
CtC57CD90R1_GGTGAAGGTTCACGGC-1,CtC57CD90R1
CtC57CD90R1_GGTGAAGTCACTCTTA-1,CtC57CD90R1
CtC57CD90R1_GGTGCGTAGAACTGTA-1,CtC57CD90R1
CtC57CD90R1_GGTGCGTAGCTTCGCG-1,CtC57CD90R1
CtC57CD90R1_GGTGCGTAGGGTTTCT-1,CtC57CD90R1
CtC57CD90R1_GGTGCGTAGTTGAGAT-1,CtC57CD90R1
CtC57CD90R1_GGTGCGTCAATCAGAA-1,CtC57CD90R1
CtC57CD90R1_GGTGCGTCACATTAGC-1,CtC57CD90R1
CtC57CD90R1_GGTGCGTGTTCTGAAC-1,CtC57CD90R1
CtC57CD90R1_GGTGCGTTCTCTGAGA-1,CtC57CD90R1
CtC57CD90R1_GGTGCGTTCTGGCGTG-1,CtC57CD90R1
CtC57CD90R1_GGTGTTAGTACGACCC-1,CtC57CD90R1
CtC57CD90R1_GGTGTTAGTCTCGTTC-1,CtC57CD90R1
CtC57CD90R1_GGTGTTAGTGGCAAAC-1,CtC57CD90R1
CtC57CD90R1_GGTGTTAGTTCGGGCT-1,CtC57CD90R1
CtC57CD90R1_GGTGTTATCTTTAGTC-1,CtC57CD90R1
CtC57CD90R1_GTAACGTAGGATGTAT-1,CtC57CD90R1
CtC57CD90R1_GTAACGTAGTGGACGT-1,CtC57CD90R1
CtC57CD90R1_GTAACGTAGTGTACTC-1,CtC57CD90R1
CtC57CD90R1_GTAACGTGTACAGTGG-1,CtC57CD90R1
CtC57CD90R1_GTAACGTGTACCGTTA-1,CtC57CD90R1
CtC57CD90R1_GTAACGTGTATAGTAG-1,CtC57CD90R1
CtC57CD90R1_GTAACGTGTCCAGTAT-1,CtC57CD90R1
CtC57CD90R1_GTAACGTGTCGGGTCT-1,CtC57CD90R1
CtC57CD90R1_GTAACGTGTCTTGTCC-1,CtC57CD90R1
CtC57CD90R1_GTAACGTTCGGAAACG-1,CtC57CD90R1
CtC57CD90R1_GTAACTGCAAGACGTG-1,CtC57CD90R1
CtC57CD90R1_GTAACTGCACACGCTG-1,CtC57CD90R1
CtC57CD90R1_GTAACTGCATCCAACA-1,CtC57CD90R1
CtC57CD90R1_GTAACTGGTAAAGGAG-1,CtC57CD90R1
CtC57CD90R1_GTAACTGGTTCGGGCT-1,CtC57CD90R1
CtC57CD90R1_GTAACTGTCCTCATTA-1,CtC57CD90R1
CtC57CD90R1_GTAACTGTCTCACATT-1,CtC57CD90R1
CtC57CD90R1_GTAACTGTCTCGGACG-1,CtC57CD90R1
CtC57CD90R1_GTAACTGTCTTAGAGC-1,CtC57CD90R1
CtC57CD90R1_GTACGTAAGGACCACA-1,CtC57CD90R1
CtC57CD90R1_GTACGTAAGTCACGCC-1,CtC57CD90R1
CtC57CD90R1_GTACGTACAATTGCTG-1,CtC57CD90R1
CtC57CD90R1_GTACGTAGTGTATGGG-1,CtC57CD90R1
CtC57CD90R1_GTACTCCAGTTCGCGC-1,CtC57CD90R1
CtC57CD90R1_GTACTCCGTAAATGAC-1,CtC57CD90R1
CtC57CD90R1_GTACTCCGTATATGAG-1,CtC57CD90R1
CtC57CD90R1_GTACTCCGTCATCCCT-1,CtC57CD90R1
CtC57CD90R1_GTACTTTAGACAGACC-1,CtC57CD90R1
CtC57CD90R1_GTACTTTAGAGTACCG-1,CtC57CD90R1
CtC57CD90R1_GTACTTTAGGAATGGA-1,CtC57CD90R1
CtC57CD90R1_GTACTTTAGTGTTGAA-1,CtC57CD90R1
CtC57CD90R1_GTACTTTCACAGACTT-1,CtC57CD90R1
CtC57CD90R1_GTACTTTCAGCGTTCG-1,CtC57CD90R1
CtC57CD90R1_GTACTTTTCACGACTA-1,CtC57CD90R1
CtC57CD90R1_GTACTTTTCGGCTTGG-1,CtC57CD90R1
CtC57CD90R1_GTAGGCCAGTACGATA-1,CtC57CD90R1
CtC57CD90R1_GTAGGCCCAAGCTGTT-1,CtC57CD90R1
CtC57CD90R1_GTAGGCCCACTCTGTC-1,CtC57CD90R1
CtC57CD90R1_GTAGGCCGTAAGTTCC-1,CtC57CD90R1
CtC57CD90R1_GTAGGCCGTGATGTCT-1,CtC57CD90R1
CtC57CD90R1_GTAGGCCTCACTATTC-1,CtC57CD90R1
CtC57CD90R1_GTAGGCCTCTAGAGTC-1,CtC57CD90R1
CtC57CD90R1_GTAGTCAAGCCTATGT-1,CtC57CD90R1
CtC57CD90R1_GTAGTCACAGCCTTTC-1,CtC57CD90R1
CtC57CD90R1_GTAGTCAGTGTGCCTG-1,CtC57CD90R1
CtC57CD90R1_GTAGTCAGTTGAGGTG-1,CtC57CD90R1
CtC57CD90R1_GTAGTCAGTTTGCATG-1,CtC57CD90R1
CtC57CD90R1_GTAGTCATCTCCTATA-1,CtC57CD90R1
CtC57CD90R1_GTATCTTAGTGGTAGC-1,CtC57CD90R1
CtC57CD90R1_GTATCTTCACCAGGCT-1,CtC57CD90R1
CtC57CD90R1_GTATCTTCAGATGAGC-1,CtC57CD90R1
CtC57CD90R1_GTATCTTCAGGTTTCA-1,CtC57CD90R1
CtC57CD90R1_GTATCTTGTCGCGGTT-1,CtC57CD90R1
CtC57CD90R1_GTATCTTGTGATGATA-1,CtC57CD90R1
CtC57CD90R1_GTATCTTTCTTAGCCC-1,CtC57CD90R1
CtC57CD90R1_GTATTCTGTCGGCTCA-1,CtC57CD90R1
CtC57CD90R1_GTATTCTGTCGTCTTC-1,CtC57CD90R1
CtC57CD90R1_GTATTCTGTCTCCCTA-1,CtC57CD90R1
CtC57CD90R1_GTATTCTGTTGAACTC-1,CtC57CD90R1
CtC57CD90R1_GTATTCTTCACGACTA-1,CtC57CD90R1
CtC57CD90R1_GTATTCTTCCTAGAAC-1,CtC57CD90R1
CtC57CD90R1_GTCAAGTCACCGAATT-1,CtC57CD90R1
CtC57CD90R1_GTCAAGTCAGGTGGAT-1,CtC57CD90R1
CtC57CD90R1_GTCAAGTGTGACTCAT-1,CtC57CD90R1
CtC57CD90R1_GTCAAGTGTGTCAATC-1,CtC57CD90R1
CtC57CD90R1_GTCAAGTTCCTCATTA-1,CtC57CD90R1
CtC57CD90R1_GTCACAACAATTGCTG-1,CtC57CD90R1
CtC57CD90R1_GTCACAACAGCCTTTC-1,CtC57CD90R1
CtC57CD90R1_GTCACAACAGGTGCCT-1,CtC57CD90R1
CtC57CD90R1_GTCACAATCGCCAGCA-1,CtC57CD90R1
CtC57CD90R1_GTCACGGAGAAACCGC-1,CtC57CD90R1
CtC57CD90R1_GTCACGGAGATTACCC-1,CtC57CD90R1
CtC57CD90R1_GTCACGGAGCACGCCT-1,CtC57CD90R1
CtC57CD90R1_GTCACGGAGTTAAGTG-1,CtC57CD90R1
CtC57CD90R1_GTCACGGCATTTGCCC-1,CtC57CD90R1
CtC57CD90R1_GTCACGGGTGCGATAG-1,CtC57CD90R1
CtC57CD90R1_GTCACGGTCTCTAAGG-1,CtC57CD90R1
CtC57CD90R1_GTCATTTAGCACGCCT-1,CtC57CD90R1
CtC57CD90R1_GTCATTTCACTAAGTC-1,CtC57CD90R1
CtC57CD90R1_GTCATTTGTACATCCA-1,CtC57CD90R1
CtC57CD90R1_GTCATTTGTAGCGCTC-1,CtC57CD90R1
CtC57CD90R1_GTCATTTGTATCTGCA-1,CtC57CD90R1
CtC57CD90R1_GTCATTTGTCGAAAGC-1,CtC57CD90R1
CtC57CD90R1_GTCATTTGTGAGGCTA-1,CtC57CD90R1
CtC57CD90R1_GTCATTTTCAGCCTAA-1,CtC57CD90R1
CtC57CD90R1_GTCATTTTCCCACTTG-1,CtC57CD90R1
CtC57CD90R1_GTCATTTTCTGCCAGG-1,CtC57CD90R1
CtC57CD90R1_GTCCTCAAGGTAAACT-1,CtC57CD90R1
CtC57CD90R1_GTCCTCACATGAACCT-1,CtC57CD90R1
CtC57CD90R1_GTCCTCAGTACGAAAT-1,CtC57CD90R1
CtC57CD90R1_GTCCTCAGTATCAGTC-1,CtC57CD90R1
CtC57CD90R1_GTCCTCAGTGACTACT-1,CtC57CD90R1
CtC57CD90R1_GTCCTCAGTTGCGCAC-1,CtC57CD90R1
CtC57CD90R1_GTCCTCATCCTAGAAC-1,CtC57CD90R1
CtC57CD90R1_GTCGGGTCAGGAATGC-1,CtC57CD90R1
CtC57CD90R1_GTCGGGTGTAAAGTCA-1,CtC57CD90R1
CtC57CD90R1_GTCGGGTGTCACACGC-1,CtC57CD90R1
CtC57CD90R1_GTCGGGTGTCGCTTTC-1,CtC57CD90R1
CtC57CD90R1_GTCGGGTTCAACTCTT-1,CtC57CD90R1
CtC57CD90R1_GTCGGGTTCCCATTAT-1,CtC57CD90R1
CtC57CD90R1_GTCGGGTTCGATAGAA-1,CtC57CD90R1
CtC57CD90R1_GTCGGGTTCGGCGCTA-1,CtC57CD90R1
CtC57CD90R1_GTCGTAAAGCCTTGAT-1,CtC57CD90R1
CtC57CD90R1_GTCGTAAAGGGCATGT-1,CtC57CD90R1
CtC57CD90R1_GTCGTAACAATGGACG-1,CtC57CD90R1
CtC57CD90R1_GTCGTAACACGGTAAG-1,CtC57CD90R1
CtC57CD90R1_GTCGTAACATGCAACT-1,CtC57CD90R1
CtC57CD90R1_GTCGTAAGTACTTGAC-1,CtC57CD90R1
CtC57CD90R1_GTCGTAAGTCGAGATG-1,CtC57CD90R1
CtC57CD90R1_GTCGTAATCCGAATGT-1,CtC57CD90R1
CtC57CD90R1_GTCGTAATCTCGGACG-1,CtC57CD90R1
CtC57CD90R1_GTCGTAATCTGATTCT-1,CtC57CD90R1
CtC57CD90R1_GTCTCGTAGGATGTAT-1,CtC57CD90R1
CtC57CD90R1_GTCTCGTCAGCTGCAC-1,CtC57CD90R1
CtC57CD90R1_GTCTCGTGTGTGAAAT-1,CtC57CD90R1
CtC57CD90R1_GTCTCGTTCATGCAAC-1,CtC57CD90R1
CtC57CD90R1_GTCTCGTTCTACCTGC-1,CtC57CD90R1
CtC57CD90R1_GTCTTCGAGAGCTTCT-1,CtC57CD90R1
CtC57CD90R1_GTCTTCGAGCGTTCCG-1,CtC57CD90R1
CtC57CD90R1_GTCTTCGCAACAACCT-1,CtC57CD90R1
CtC57CD90R1_GTCTTCGCATTCCTGC-1,CtC57CD90R1
CtC57CD90R1_GTCTTCGGTCAAAGCG-1,CtC57CD90R1
CtC57CD90R1_GTCTTCGTCAATAAGG-1,CtC57CD90R1
CtC57CD90R1_GTCTTCGTCTTCTGGC-1,CtC57CD90R1
CtC57CD90R1_GTGAAGGGTCATATGC-1,CtC57CD90R1
CtC57CD90R1_GTGAAGGGTGCCTGTG-1,CtC57CD90R1
CtC57CD90R1_GTGAAGGGTTACCGAT-1,CtC57CD90R1
CtC57CD90R1_GTGCAGCCATGAACCT-1,CtC57CD90R1
CtC57CD90R1_GTGCAGCCATTTGCTT-1,CtC57CD90R1
CtC57CD90R1_GTGCAGCGTCAGAAGC-1,CtC57CD90R1
CtC57CD90R1_GTGCAGCGTGGTCCGT-1,CtC57CD90R1
CtC57CD90R1_GTGCAGCTCAAACCAC-1,CtC57CD90R1
CtC57CD90R1_GTGCAGCTCTATCCCG-1,CtC57CD90R1
CtC57CD90R1_GTGCAGCTCTGTCCGT-1,CtC57CD90R1
CtC57CD90R1_GTGCATACAATCCAAC-1,CtC57CD90R1
CtC57CD90R1_GTGCATAGTAGCGCTC-1,CtC57CD90R1
CtC57CD90R1_GTGCATATCAACACAC-1,CtC57CD90R1
CtC57CD90R1_GTGCATATCAAGCCTA-1,CtC57CD90R1
CtC57CD90R1_GTGCATATCTCGTTTA-1,CtC57CD90R1
CtC57CD90R1_GTGCGGTAGAACAACT-1,CtC57CD90R1
CtC57CD90R1_GTGCGGTAGAATAGGG-1,CtC57CD90R1
CtC57CD90R1_GTGCGGTAGCTCCTCT-1,CtC57CD90R1
CtC57CD90R1_GTGCGGTCAAGTACCT-1,CtC57CD90R1
CtC57CD90R1_GTGCGGTCAGGTCCAC-1,CtC57CD90R1
CtC57CD90R1_GTGCGGTCATAACCTG-1,CtC57CD90R1
CtC57CD90R1_GTGCGGTCATCCTAGA-1,CtC57CD90R1
CtC57CD90R1_GTGCGGTGTACAGACG-1,CtC57CD90R1
CtC57CD90R1_GTGCGGTGTATATGAG-1,CtC57CD90R1
CtC57CD90R1_GTGCGGTGTCCTCTTG-1,CtC57CD90R1
CtC57CD90R1_GTGCTTCAGCGTGAGT-1,CtC57CD90R1
CtC57CD90R1_GTGCTTCAGTCTCCTC-1,CtC57CD90R1
CtC57CD90R1_GTGCTTCCAATGACCT-1,CtC57CD90R1
CtC57CD90R1_GTGCTTCCAGTGAGTG-1,CtC57CD90R1
CtC57CD90R1_GTGCTTCTCAACGGCC-1,CtC57CD90R1
CtC57CD90R1_GTGCTTCTCCCTTGTG-1,CtC57CD90R1
CtC57CD90R1_GTGCTTCTCTAACTGG-1,CtC57CD90R1
CtC57CD90R1_GTGGGTCAGGTTACCT-1,CtC57CD90R1
CtC57CD90R1_GTGGGTCGTACATGTC-1,CtC57CD90R1
CtC57CD90R1_GTGGGTCGTATCAGTC-1,CtC57CD90R1
CtC57CD90R1_GTGTGCGAGCACACAG-1,CtC57CD90R1
CtC57CD90R1_GTGTGCGCACGTCAGC-1,CtC57CD90R1
CtC57CD90R1_GTGTGCGCAGCGTTCG-1,CtC57CD90R1
CtC57CD90R1_GTGTGCGCATATGCTG-1,CtC57CD90R1
CtC57CD90R1_GTGTGCGGTCGCGTGT-1,CtC57CD90R1
CtC57CD90R1_GTGTGCGGTCGTCTTC-1,CtC57CD90R1
CtC57CD90R1_GTGTGCGTCACCCTCA-1,CtC57CD90R1
CtC57CD90R1_GTGTTAGAGGAGTAGA-1,CtC57CD90R1
CtC57CD90R1_GTGTTAGAGTAGATGT-1,CtC57CD90R1
CtC57CD90R1_GTGTTAGAGTATCGAA-1,CtC57CD90R1
CtC57CD90R1_GTGTTAGTCCAGGGCT-1,CtC57CD90R1
CtC57CD90R1_GTGTTAGTCCTCCTAG-1,CtC57CD90R1
CtC57CD90R1_GTGTTAGTCTTCAACT-1,CtC57CD90R1
CtC57CD90R1_GTTAAGCCAGCCACCA-1,CtC57CD90R1
CtC57CD90R1_GTTAAGCGTTGTACAC-1,CtC57CD90R1
CtC57CD90R1_GTTAAGCTCAATACCG-1,CtC57CD90R1
CtC57CD90R1_GTTAAGCTCTTGACGA-1,CtC57CD90R1
CtC57CD90R1_GTTACAGAGACACTAA-1,CtC57CD90R1
CtC57CD90R1_GTTACAGAGATGTAAC-1,CtC57CD90R1
CtC57CD90R1_GTTACAGAGCCCTAAT-1,CtC57CD90R1
CtC57CD90R1_GTTACAGAGGGAACGG-1,CtC57CD90R1
CtC57CD90R1_GTTACAGAGTCCATAC-1,CtC57CD90R1
CtC57CD90R1_GTTACAGCAGTGACAG-1,CtC57CD90R1
CtC57CD90R1_GTTACAGGTTGAGTTC-1,CtC57CD90R1
CtC57CD90R1_GTTACAGTCACTGGGC-1,CtC57CD90R1
CtC57CD90R1_GTTACAGTCAGCTCGG-1,CtC57CD90R1
CtC57CD90R1_GTTACAGTCTGCGGCA-1,CtC57CD90R1
CtC57CD90R1_GTTCATTAGCTCTCGG-1,CtC57CD90R1
CtC57CD90R1_GTTCATTAGTGCCAGA-1,CtC57CD90R1
CtC57CD90R1_GTTCATTCAAGCCATT-1,CtC57CD90R1
CtC57CD90R1_GTTCGGGAGAACAATC-1,CtC57CD90R1
CtC57CD90R1_GTTCGGGAGATCCTGT-1,CtC57CD90R1
CtC57CD90R1_GTTCGGGAGCGCCTTG-1,CtC57CD90R1
CtC57CD90R1_GTTCGGGCAACGCACC-1,CtC57CD90R1
CtC57CD90R1_GTTCGGGCAGTCACTA-1,CtC57CD90R1
CtC57CD90R1_GTTCGGGCATGTCTCC-1,CtC57CD90R1
CtC57CD90R1_GTTCGGGGTATTAGCC-1,CtC57CD90R1
CtC57CD90R1_GTTCGGGGTTGACGTT-1,CtC57CD90R1
CtC57CD90R1_GTTCGGGTCTCGCATC-1,CtC57CD90R1
CtC57CD90R1_GTTCGGGTCTTTCCTC-1,CtC57CD90R1
CtC57CD90R1_GTTCTCGAGACACGAC-1,CtC57CD90R1
CtC57CD90R1_GTTCTCGAGTATCGAA-1,CtC57CD90R1
CtC57CD90R1_GTTCTCGAGTTTCCTT-1,CtC57CD90R1
CtC57CD90R1_GTTCTCGCACAGCCCA-1,CtC57CD90R1
CtC57CD90R1_GTTCTCGCACAGGCCT-1,CtC57CD90R1
CtC57CD90R1_GTTCTCGCACGGTAGA-1,CtC57CD90R1
CtC57CD90R1_GTTCTCGCAGATCCAT-1,CtC57CD90R1
CtC57CD90R1_GTTCTCGGTTGCGCAC-1,CtC57CD90R1
CtC57CD90R1_GTTCTCGGTTGGAGGT-1,CtC57CD90R1
CtC57CD90R1_GTTCTCGTCTCAACTT-1,CtC57CD90R1
CtC57CD90R1_GTTCTCGTCTCGGACG-1,CtC57CD90R1
CtC57CD90R1_GTTTCTAAGATATACG-1,CtC57CD90R1
CtC57CD90R1_GTTTCTAGTAGGAGTC-1,CtC57CD90R1
CtC57CD90R1_GTTTCTAGTCTCACCT-1,CtC57CD90R1
CtC57CD90R1_GTTTCTATCCAGAGGA-1,CtC57CD90R1
CtC57CD90R1_TAAACCGAGTGGTAGC-1,CtC57CD90R1
CtC57CD90R1_TAAGAGAAGGATTCGG-1,CtC57CD90R1
CtC57CD90R1_TAAGAGAAGTCGATAA-1,CtC57CD90R1
CtC57CD90R1_TAAGAGAAGTGAATTG-1,CtC57CD90R1
CtC57CD90R1_TAAGAGATCACCATAG-1,CtC57CD90R1
CtC57CD90R1_TAAGCGTCAAGTAGTA-1,CtC57CD90R1
CtC57CD90R1_TAAGCGTGTCTAGTCA-1,CtC57CD90R1
CtC57CD90R1_TAAGCGTGTGTGAAAT-1,CtC57CD90R1
CtC57CD90R1_TAAGCGTGTTACCGAT-1,CtC57CD90R1
CtC57CD90R1_TAAGCGTGTTACTGAC-1,CtC57CD90R1
CtC57CD90R1_TAAGCGTGTTCGCTAA-1,CtC57CD90R1
CtC57CD90R1_TAAGCGTGTTTGGGCC-1,CtC57CD90R1
CtC57CD90R1_TAAGCGTTCAAAGTAG-1,CtC57CD90R1
CtC57CD90R1_TAAGCGTTCATGGTCA-1,CtC57CD90R1
CtC57CD90R1_TAAGTGCAGGAATTAC-1,CtC57CD90R1
CtC57CD90R1_TAAGTGCCAATCACAC-1,CtC57CD90R1
CtC57CD90R1_TAAGTGCCAGCGTCCA-1,CtC57CD90R1
CtC57CD90R1_TAAGTGCGTCCAGTTA-1,CtC57CD90R1
CtC57CD90R1_TAAGTGCGTGTTTGTG-1,CtC57CD90R1
CtC57CD90R1_TAAGTGCTCAAGGTAA-1,CtC57CD90R1
CtC57CD90R1_TACACGAAGAGCCTAG-1,CtC57CD90R1
CtC57CD90R1_TACACGAAGCTGGAAC-1,CtC57CD90R1
CtC57CD90R1_TACACGAAGTACGCCC-1,CtC57CD90R1
CtC57CD90R1_TACACGACACATTCGA-1,CtC57CD90R1
CtC57CD90R1_TACACGACAGGGAGAG-1,CtC57CD90R1
CtC57CD90R1_TACACGAGTTCGTGAT-1,CtC57CD90R1
CtC57CD90R1_TACACGATCACCGGGT-1,CtC57CD90R1
CtC57CD90R1_TACACGATCCGAGCCA-1,CtC57CD90R1
CtC57CD90R1_TACACGATCCGATATG-1,CtC57CD90R1
CtC57CD90R1_TACACGATCCGCTGTT-1,CtC57CD90R1
CtC57CD90R1_TACAGTGAGCGAAGGG-1,CtC57CD90R1
CtC57CD90R1_TACAGTGAGGCACATG-1,CtC57CD90R1
CtC57CD90R1_TACAGTGCAATAGCAA-1,CtC57CD90R1
CtC57CD90R1_TACAGTGCAGGGTACA-1,CtC57CD90R1
CtC57CD90R1_TACCTATAGACGACGT-1,CtC57CD90R1
CtC57CD90R1_TACCTATAGCGATATA-1,CtC57CD90R1
CtC57CD90R1_TACCTATAGCTTTGGT-1,CtC57CD90R1
CtC57CD90R1_TACCTATAGGCATGGT-1,CtC57CD90R1
CtC57CD90R1_TACCTATCACGAGGTA-1,CtC57CD90R1
CtC57CD90R1_TACCTATGTATGAAAC-1,CtC57CD90R1
CtC57CD90R1_TACCTATGTTACGCGC-1,CtC57CD90R1
CtC57CD90R1_TACCTATGTTCGTGAT-1,CtC57CD90R1
CtC57CD90R1_TACCTATTCCAAGTAC-1,CtC57CD90R1
CtC57CD90R1_TACCTTAAGACTAGGC-1,CtC57CD90R1
CtC57CD90R1_TACCTTACAAACCTAC-1,CtC57CD90R1
CtC57CD90R1_TACCTTAGTAGCACGA-1,CtC57CD90R1
CtC57CD90R1_TACCTTAGTCGGCATC-1,CtC57CD90R1
CtC57CD90R1_TACCTTAGTGTTGAGG-1,CtC57CD90R1
CtC57CD90R1_TACCTTATCAATAAGG-1,CtC57CD90R1
CtC57CD90R1_TACCTTATCCAAGCCG-1,CtC57CD90R1
CtC57CD90R1_TACCTTATCTGCTGCT-1,CtC57CD90R1
CtC57CD90R1_TACGGATAGCATCATC-1,CtC57CD90R1
CtC57CD90R1_TACGGATAGCTAACAA-1,CtC57CD90R1
CtC57CD90R1_TACGGATCATCGGTTA-1,CtC57CD90R1
CtC57CD90R1_TACGGGCAGATGTGGC-1,CtC57CD90R1
CtC57CD90R1_TACGGGCGTGGCGAAT-1,CtC57CD90R1
CtC57CD90R1_TACGGGCGTTAAAGAC-1,CtC57CD90R1
CtC57CD90R1_TACGGGCTCCCAGGTG-1,CtC57CD90R1
CtC57CD90R1_TACGGGCTCTATGTGG-1,CtC57CD90R1
CtC57CD90R1_TACGGTAAGCTCAACT-1,CtC57CD90R1
CtC57CD90R1_TACGGTAAGTGTACCT-1,CtC57CD90R1
CtC57CD90R1_TACGGTAAGTTCCACA-1,CtC57CD90R1
CtC57CD90R1_TACGGTACAGCATACT-1,CtC57CD90R1
CtC57CD90R1_TACGGTAGTTGATTCG-1,CtC57CD90R1
CtC57CD90R1_TACGGTATCAAGGTAA-1,CtC57CD90R1
CtC57CD90R1_TACGGTATCTCAAGTG-1,CtC57CD90R1
CtC57CD90R1_TACTCATAGACCCACC-1,CtC57CD90R1
CtC57CD90R1_TACTCATAGCGTCAAG-1,CtC57CD90R1
CtC57CD90R1_TACTCATAGGGAACGG-1,CtC57CD90R1
CtC57CD90R1_TACTCATCAGGACGTA-1,CtC57CD90R1
CtC57CD90R1_TACTCATCATTCCTGC-1,CtC57CD90R1
CtC57CD90R1_TACTCATGTACCGTTA-1,CtC57CD90R1
CtC57CD90R1_TACTCATGTCCCTTGT-1,CtC57CD90R1
CtC57CD90R1_TACTTACGTTGTTTGG-1,CtC57CD90R1
CtC57CD90R1_TACTTGTAGCTCCCAG-1,CtC57CD90R1
CtC57CD90R1_TACTTGTAGTGAAGTT-1,CtC57CD90R1
CtC57CD90R1_TACTTGTCAGGTCGTC-1,CtC57CD90R1
CtC57CD90R1_TACTTGTGTCGAGATG-1,CtC57CD90R1
CtC57CD90R1_TACTTGTGTGGGTATG-1,CtC57CD90R1
CtC57CD90R1_TACTTGTTCCGGCACA-1,CtC57CD90R1
CtC57CD90R1_TAGACCAAGCTGTCTA-1,CtC57CD90R1
CtC57CD90R1_TAGACCAGTGACGCCT-1,CtC57CD90R1
CtC57CD90R1_TAGACCAGTGCTGTAT-1,CtC57CD90R1
CtC57CD90R1_TAGACCAGTTGCGCAC-1,CtC57CD90R1
CtC57CD90R1_TAGACCATCCTCCTAG-1,CtC57CD90R1
CtC57CD90R1_TAGAGCTCAGATGGGT-1,CtC57CD90R1
CtC57CD90R1_TAGAGCTCATCCGCGA-1,CtC57CD90R1
CtC57CD90R1_TAGAGCTCATCTGGTA-1,CtC57CD90R1
CtC57CD90R1_TAGAGCTCATGCTAGT-1,CtC57CD90R1
CtC57CD90R1_TAGAGCTGTGTAATGA-1,CtC57CD90R1
CtC57CD90R1_TAGAGCTGTTTGGGCC-1,CtC57CD90R1
CtC57CD90R1_TAGAGCTTCATGTCCC-1,CtC57CD90R1
CtC57CD90R1_TAGAGCTTCTGGGCCA-1,CtC57CD90R1
CtC57CD90R1_TAGCCGGAGATCACGG-1,CtC57CD90R1
CtC57CD90R1_TAGCCGGAGCCAGTTT-1,CtC57CD90R1
CtC57CD90R1_TAGCCGGCAACTGCGC-1,CtC57CD90R1
CtC57CD90R1_TAGCCGGCACAAGCCC-1,CtC57CD90R1
CtC57CD90R1_TAGCCGGCAGCAGTTT-1,CtC57CD90R1
CtC57CD90R1_TAGCCGGCATAGACTC-1,CtC57CD90R1
CtC57CD90R1_TAGCCGGGTTATTCTC-1,CtC57CD90R1
CtC57CD90R1_TAGCCGGTCATGCAAC-1,CtC57CD90R1
CtC57CD90R1_TAGCCGGTCCACGTTC-1,CtC57CD90R1
CtC57CD90R1_TAGCCGGTCCGCAAGC-1,CtC57CD90R1
CtC57CD90R1_TAGCCGGTCCTAAGTG-1,CtC57CD90R1
CtC57CD90R1_TAGGCATAGCGTGTCC-1,CtC57CD90R1
CtC57CD90R1_TAGGCATAGGCACATG-1,CtC57CD90R1
CtC57CD90R1_TAGGCATAGGCTAGAC-1,CtC57CD90R1
CtC57CD90R1_TAGGCATAGGGCACTA-1,CtC57CD90R1
CtC57CD90R1_TAGGCATCAAACCCAT-1,CtC57CD90R1
CtC57CD90R1_TAGGCATCACTTAACG-1,CtC57CD90R1
CtC57CD90R1_TAGGCATCACTTCGAA-1,CtC57CD90R1
CtC57CD90R1_TAGGCATCAGACAAGC-1,CtC57CD90R1
CtC57CD90R1_TAGGCATCAGCCTGTG-1,CtC57CD90R1
CtC57CD90R1_TAGTGGTAGACAAAGG-1,CtC57CD90R1
CtC57CD90R1_TAGTGGTAGAGAACAG-1,CtC57CD90R1
CtC57CD90R1_TAGTGGTAGATGGGTC-1,CtC57CD90R1
CtC57CD90R1_TAGTGGTAGATGTTAG-1,CtC57CD90R1
CtC57CD90R1_TAGTGGTAGGTGCTTT-1,CtC57CD90R1
CtC57CD90R1_TAGTGGTCAAAGTCAA-1,CtC57CD90R1
CtC57CD90R1_TAGTGGTGTAGCGTAG-1,CtC57CD90R1
CtC57CD90R1_TAGTGGTGTCGCGTGT-1,CtC57CD90R1
CtC57CD90R1_TAGTTGGAGATCTGCT-1,CtC57CD90R1
CtC57CD90R1_TAGTTGGCAAGCCCAC-1,CtC57CD90R1
CtC57CD90R1_TAGTTGGCATTGGTAC-1,CtC57CD90R1
CtC57CD90R1_TAGTTGGGTAAATGAC-1,CtC57CD90R1
CtC57CD90R1_TAGTTGGGTAGAAAGG-1,CtC57CD90R1
CtC57CD90R1_TAGTTGGTCCAGGGCT-1,CtC57CD90R1
CtC57CD90R1_TATCAGGAGAGCTGCA-1,CtC57CD90R1
CtC57CD90R1_TATCAGGCAACCGCCA-1,CtC57CD90R1
CtC57CD90R1_TATCAGGTCATTGCCC-1,CtC57CD90R1
CtC57CD90R1_TATCAGGTCTGGGCCA-1,CtC57CD90R1
CtC57CD90R1_TATCTCAAGCCACGTC-1,CtC57CD90R1
CtC57CD90R1_TATCTCAAGCGAAGGG-1,CtC57CD90R1
CtC57CD90R1_TATCTCACAAGTACCT-1,CtC57CD90R1
CtC57CD90R1_TATCTCAGTAAGTGTA-1,CtC57CD90R1
CtC57CD90R1_TATCTCAGTACCCAAT-1,CtC57CD90R1
CtC57CD90R1_TATCTCAGTCGACTAT-1,CtC57CD90R1
CtC57CD90R1_TATCTCATCAAGGCTT-1,CtC57CD90R1
CtC57CD90R1_TATCTCATCGAGCCCA-1,CtC57CD90R1
CtC57CD90R1_TATGCCCAGGAGCGTT-1,CtC57CD90R1
CtC57CD90R1_TATGCCCAGGTTCCTA-1,CtC57CD90R1
CtC57CD90R1_TATGCCCAGTCCGGTC-1,CtC57CD90R1
CtC57CD90R1_TATGCCCGTGGTACAG-1,CtC57CD90R1
CtC57CD90R1_TATGCCCTCAACCATG-1,CtC57CD90R1
CtC57CD90R1_TATGCCCTCTGATTCT-1,CtC57CD90R1
CtC57CD90R1_TATTACCAGGAATTAC-1,CtC57CD90R1
CtC57CD90R1_TATTACCAGTCGTACT-1,CtC57CD90R1
CtC57CD90R1_TATTACCAGTGCCATT-1,CtC57CD90R1
CtC57CD90R1_TATTACCAGTGTCCCG-1,CtC57CD90R1
CtC57CD90R1_TATTACCCAGTTCCCT-1,CtC57CD90R1
CtC57CD90R1_TATTACCGTATCGCAT-1,CtC57CD90R1
CtC57CD90R1_TATTACCGTTCACCTC-1,CtC57CD90R1
CtC57CD90R1_TATTACCTCCGGCACA-1,CtC57CD90R1
CtC57CD90R1_TCAACGAAGAATTGTG-1,CtC57CD90R1
CtC57CD90R1_TCAACGACAGGAACGT-1,CtC57CD90R1
CtC57CD90R1_TCAACGACATCACGTA-1,CtC57CD90R1
CtC57CD90R1_TCAACGAGTTCAGTAC-1,CtC57CD90R1
CtC57CD90R1_TCAACGATCTGTCTCG-1,CtC57CD90R1
CtC57CD90R1_TCAATCTAGAGTGACC-1,CtC57CD90R1
CtC57CD90R1_TCAATCTAGCTAAACA-1,CtC57CD90R1
CtC57CD90R1_TCAATCTAGGCTCTTA-1,CtC57CD90R1
CtC57CD90R1_TCAATCTAGTTGAGAT-1,CtC57CD90R1
CtC57CD90R1_TCAATCTCAACTGCGC-1,CtC57CD90R1
CtC57CD90R1_TCAATCTCAATAGCGG-1,CtC57CD90R1
CtC57CD90R1_TCAATCTCATGTCCTC-1,CtC57CD90R1
CtC57CD90R1_TCAATCTGTCGCTTTC-1,CtC57CD90R1
CtC57CD90R1_TCAATCTTCGATCCCT-1,CtC57CD90R1
CtC57CD90R1_TCAATCTTCGCCAAAT-1,CtC57CD90R1
CtC57CD90R1_TCACAAGAGCTCTCGG-1,CtC57CD90R1
CtC57CD90R1_TCACAAGCAAAGGCGT-1,CtC57CD90R1
CtC57CD90R1_TCACAAGGTCGAGATG-1,CtC57CD90R1
CtC57CD90R1_TCACAAGTCCAGAAGG-1,CtC57CD90R1
CtC57CD90R1_TCACGAACAACGATGG-1,CtC57CD90R1
CtC57CD90R1_TCACGAACAGTAAGAT-1,CtC57CD90R1
CtC57CD90R1_TCACGAACATATGGTC-1,CtC57CD90R1
CtC57CD90R1_TCACGAACATGCAATC-1,CtC57CD90R1
CtC57CD90R1_TCACGAAGTAGTAGTA-1,CtC57CD90R1
CtC57CD90R1_TCACGAATCCGGGTGT-1,CtC57CD90R1
CtC57CD90R1_TCACGAATCTCAAGTG-1,CtC57CD90R1
CtC57CD90R1_TCAGATGAGAGGGATA-1,CtC57CD90R1
CtC57CD90R1_TCAGATGAGCGCTTAT-1,CtC57CD90R1
CtC57CD90R1_TCAGATGCACCTGGTG-1,CtC57CD90R1
CtC57CD90R1_TCAGATGGTCTACCTC-1,CtC57CD90R1
CtC57CD90R1_TCAGATGGTTCAACCA-1,CtC57CD90R1
CtC57CD90R1_TCAGATGTCAGCACAT-1,CtC57CD90R1
CtC57CD90R1_TCAGATGTCTTAACCT-1,CtC57CD90R1
CtC57CD90R1_TCAGCAAAGCTAACTC-1,CtC57CD90R1
CtC57CD90R1_TCAGCAAAGGCTAGCA-1,CtC57CD90R1
CtC57CD90R1_TCAGCAAGTACGACCC-1,CtC57CD90R1
CtC57CD90R1_TCAGCAAGTCCAACTA-1,CtC57CD90R1
CtC57CD90R1_TCAGCAAGTGACCAAG-1,CtC57CD90R1
CtC57CD90R1_TCAGCAATCGTGGGAA-1,CtC57CD90R1
CtC57CD90R1_TCAGCTCAGATGAGAG-1,CtC57CD90R1
CtC57CD90R1_TCAGCTCGTCTAGTGT-1,CtC57CD90R1
CtC57CD90R1_TCAGCTCGTCTGCAAT-1,CtC57CD90R1
CtC57CD90R1_TCAGCTCGTTCTGGTA-1,CtC57CD90R1
CtC57CD90R1_TCAGGATAGACAGACC-1,CtC57CD90R1
CtC57CD90R1_TCAGGATAGACGCAAC-1,CtC57CD90R1
CtC57CD90R1_TCAGGATAGTACGACG-1,CtC57CD90R1
CtC57CD90R1_TCAGGATCATGCTGGC-1,CtC57CD90R1
CtC57CD90R1_TCAGGATTCAACGAAA-1,CtC57CD90R1
CtC57CD90R1_TCAGGTAAGAGACTAT-1,CtC57CD90R1
CtC57CD90R1_TCAGGTACACATCCAA-1,CtC57CD90R1
CtC57CD90R1_TCAGGTAGTCAAAGCG-1,CtC57CD90R1
CtC57CD90R1_TCAGGTATCTATGTGG-1,CtC57CD90R1
CtC57CD90R1_TCATTACAGATGCGAC-1,CtC57CD90R1
CtC57CD90R1_TCATTACAGCTAGTGG-1,CtC57CD90R1
CtC57CD90R1_TCATTACCAAGTAGTA-1,CtC57CD90R1
CtC57CD90R1_TCATTACCACACCGCA-1,CtC57CD90R1
CtC57CD90R1_TCATTACGTTATGCGT-1,CtC57CD90R1
CtC57CD90R1_TCATTACTCAACACGT-1,CtC57CD90R1
CtC57CD90R1_TCATTTGAGACTCGGA-1,CtC57CD90R1
CtC57CD90R1_TCATTTGAGATGGCGT-1,CtC57CD90R1
CtC57CD90R1_TCATTTGAGGGTATCG-1,CtC57CD90R1
CtC57CD90R1_TCATTTGAGTGTTGAA-1,CtC57CD90R1
CtC57CD90R1_TCATTTGCAATGCCAT-1,CtC57CD90R1
CtC57CD90R1_TCATTTGCACTTAAGC-1,CtC57CD90R1
CtC57CD90R1_TCATTTGCAGCTGCTG-1,CtC57CD90R1
CtC57CD90R1_TCATTTGGTAGGAGTC-1,CtC57CD90R1
CtC57CD90R1_TCATTTGGTCGCGGTT-1,CtC57CD90R1
CtC57CD90R1_TCATTTGGTGCACGAA-1,CtC57CD90R1
CtC57CD90R1_TCATTTGTCTCCAACC-1,CtC57CD90R1
CtC57CD90R1_TCATTTGTCTGTCAAG-1,CtC57CD90R1
CtC57CD90R1_TCCACACAGACTGGGT-1,CtC57CD90R1
CtC57CD90R1_TCCACACAGCCCTAAT-1,CtC57CD90R1
CtC57CD90R1_TCCACACAGGGCTCTC-1,CtC57CD90R1
CtC57CD90R1_TCCACACCAAGAGGCT-1,CtC57CD90R1
CtC57CD90R1_TCCACACCATCACAAC-1,CtC57CD90R1
CtC57CD90R1_TCCACACGTACAGTGG-1,CtC57CD90R1
CtC57CD90R1_TCCACACGTGCATCTA-1,CtC57CD90R1
CtC57CD90R1_TCCACACGTGCGATAG-1,CtC57CD90R1
CtC57CD90R1_TCCACACGTTGTGGAG-1,CtC57CD90R1
CtC57CD90R1_TCCACACGTTTGCATG-1,CtC57CD90R1
CtC57CD90R1_TCCACACTCAGGTAAA-1,CtC57CD90R1
CtC57CD90R1_TCCCGATAGACAATAC-1,CtC57CD90R1
CtC57CD90R1_TCCCGATAGACTTGAA-1,CtC57CD90R1
CtC57CD90R1_TCCCGATCACAGCCCA-1,CtC57CD90R1
CtC57CD90R1_TCCCGATGTAGGCTGA-1,CtC57CD90R1
CtC57CD90R1_TCCCGATGTTGTACAC-1,CtC57CD90R1
CtC57CD90R1_TCCCGATTCTTAGAGC-1,CtC57CD90R1
CtC57CD90R1_TCGAGGCAGGTACTCT-1,CtC57CD90R1
CtC57CD90R1_TCGAGGCAGTTAAGTG-1,CtC57CD90R1
CtC57CD90R1_TCGAGGCCACTGTCGG-1,CtC57CD90R1
CtC57CD90R1_TCGAGGCCAGCTGTGC-1,CtC57CD90R1
CtC57CD90R1_TCGAGGCGTACGAAAT-1,CtC57CD90R1
CtC57CD90R1_TCGAGGCGTACTCGCG-1,CtC57CD90R1
CtC57CD90R1_TCGAGGCGTTCCAACA-1,CtC57CD90R1
CtC57CD90R1_TCGAGGCTCTCTGAGA-1,CtC57CD90R1
CtC57CD90R1_TCGAGGCTCTTATCTG-1,CtC57CD90R1
CtC57CD90R1_TCGCGAGAGGTCGGAT-1,CtC57CD90R1
CtC57CD90R1_TCGCGAGCAAACGTGG-1,CtC57CD90R1
CtC57CD90R1_TCGCGAGGTACAGTGG-1,CtC57CD90R1
CtC57CD90R1_TCGCGAGGTGTGGTTT-1,CtC57CD90R1
CtC57CD90R1_TCGCGAGTCATTATCC-1,CtC57CD90R1
CtC57CD90R1_TCGCGAGTCGTTACAG-1,CtC57CD90R1
CtC57CD90R1_TCGCGTTGTCCAGTGC-1,CtC57CD90R1
CtC57CD90R1_TCGCGTTGTGATGATA-1,CtC57CD90R1
CtC57CD90R1_TCGCGTTGTTAAAGAC-1,CtC57CD90R1
CtC57CD90R1_TCGCGTTTCCTCATTA-1,CtC57CD90R1
CtC57CD90R1_TCGCGTTTCCTTGACC-1,CtC57CD90R1
CtC57CD90R1_TCGGGACAGCGACGTA-1,CtC57CD90R1
CtC57CD90R1_TCGGGACTCCCTAATT-1,CtC57CD90R1
CtC57CD90R1_TCGGGACTCGTATCAG-1,CtC57CD90R1
CtC57CD90R1_TCGGTAAAGATAGCAT-1,CtC57CD90R1
CtC57CD90R1_TCGGTAAAGATGCCTT-1,CtC57CD90R1
CtC57CD90R1_TCGGTAACAAAGCGGT-1,CtC57CD90R1
CtC57CD90R1_TCGGTAACACCTATCC-1,CtC57CD90R1
CtC57CD90R1_TCGGTAACATACTACG-1,CtC57CD90R1
CtC57CD90R1_TCGGTAACATTCACTT-1,CtC57CD90R1
CtC57CD90R1_TCGGTAAGTACTCGCG-1,CtC57CD90R1
CtC57CD90R1_TCGGTAAGTAGAGCTG-1,CtC57CD90R1
CtC57CD90R1_TCGGTAAGTCGACTAT-1,CtC57CD90R1
CtC57CD90R1_TCGGTAATCACGCATA-1,CtC57CD90R1
CtC57CD90R1_TCGGTAATCCGTTGCT-1,CtC57CD90R1
CtC57CD90R1_TCGTACCAGACGCTTT-1,CtC57CD90R1
CtC57CD90R1_TCGTACCGTGGGTATG-1,CtC57CD90R1
CtC57CD90R1_TCGTACCTCGTACGGC-1,CtC57CD90R1
CtC57CD90R1_TCGTACCTCTACCTGC-1,CtC57CD90R1
CtC57CD90R1_TCGTAGACAGCTTCGG-1,CtC57CD90R1
CtC57CD90R1_TCGTAGATCAAACCGT-1,CtC57CD90R1
CtC57CD90R1_TCTATTGAGACTTGAA-1,CtC57CD90R1
CtC57CD90R1_TCTATTGAGTACGACG-1,CtC57CD90R1
CtC57CD90R1_TCTATTGCACTTACGA-1,CtC57CD90R1
CtC57CD90R1_TCTATTGCATCACAAC-1,CtC57CD90R1
CtC57CD90R1_TCTATTGCATCTGGTA-1,CtC57CD90R1
CtC57CD90R1_TCTATTGGTCATGCAT-1,CtC57CD90R1
CtC57CD90R1_TCTATTGGTTCACCTC-1,CtC57CD90R1
CtC57CD90R1_TCTATTGTCAAACCAC-1,CtC57CD90R1
CtC57CD90R1_TCTATTGTCAGTACGT-1,CtC57CD90R1
CtC57CD90R1_TCTATTGTCTTGCAAG-1,CtC57CD90R1
CtC57CD90R1_TCTCATAAGAAGGACA-1,CtC57CD90R1
CtC57CD90R1_TCTCATAAGACTAAGT-1,CtC57CD90R1
CtC57CD90R1_TCTCATAAGGGCTTCC-1,CtC57CD90R1
CtC57CD90R1_TCTCATACATATACCG-1,CtC57CD90R1
CtC57CD90R1_TCTCATAGTATAATGG-1,CtC57CD90R1
CtC57CD90R1_TCTCATAGTCATGCAT-1,CtC57CD90R1
CtC57CD90R1_TCTCATAGTGCTCTTC-1,CtC57CD90R1
CtC57CD90R1_TCTCTAAAGTGAAGAG-1,CtC57CD90R1
CtC57CD90R1_TCTCTAAAGTTGTCGT-1,CtC57CD90R1
CtC57CD90R1_TCTCTAACAAGTCATC-1,CtC57CD90R1
CtC57CD90R1_TCTCTAAGTAGTAGTA-1,CtC57CD90R1
CtC57CD90R1_TCTCTAAGTCATACTG-1,CtC57CD90R1
CtC57CD90R1_TCTCTAATCCTCAACC-1,CtC57CD90R1
CtC57CD90R1_TCTGAGAGTACAGCAG-1,CtC57CD90R1
CtC57CD90R1_TCTGAGAGTAGCGATG-1,CtC57CD90R1
CtC57CD90R1_TCTGAGAGTCCATGAT-1,CtC57CD90R1
CtC57CD90R1_TCTGAGAGTTACAGAA-1,CtC57CD90R1
CtC57CD90R1_TCTGAGAGTTACGTCA-1,CtC57CD90R1
CtC57CD90R1_TCTGAGATCACCACCT-1,CtC57CD90R1
CtC57CD90R1_TCTGAGATCGAATCCA-1,CtC57CD90R1
CtC57CD90R1_TCTGGAAAGATATACG-1,CtC57CD90R1
CtC57CD90R1_TCTGGAACACGAAATA-1,CtC57CD90R1
CtC57CD90R1_TCTGGAAGTCCAGTAT-1,CtC57CD90R1
CtC57CD90R1_TCTGGAATCACGGTTA-1,CtC57CD90R1
CtC57CD90R1_TCTTCGGAGATACACA-1,CtC57CD90R1
CtC57CD90R1_TCTTCGGAGTGGTAAT-1,CtC57CD90R1
CtC57CD90R1_TCTTCGGGTAAGGATT-1,CtC57CD90R1
CtC57CD90R1_TCTTCGGGTGAGCGAT-1,CtC57CD90R1
CtC57CD90R1_TCTTCGGGTTGTTTGG-1,CtC57CD90R1
CtC57CD90R1_TCTTCGGTCCCAACGG-1,CtC57CD90R1
CtC57CD90R1_TCTTCGGTCGAATGCT-1,CtC57CD90R1
CtC57CD90R1_TCTTCGGTCGAGGTAG-1,CtC57CD90R1
CtC57CD90R1_TCTTCGGTCTCGTTTA-1,CtC57CD90R1
CtC57CD90R1_TCTTTCCAGAAGAAGC-1,CtC57CD90R1
CtC57CD90R1_TCTTTCCCAGCCTTGG-1,CtC57CD90R1
CtC57CD90R1_TCTTTCCCATACGCCG-1,CtC57CD90R1
CtC57CD90R1_TCTTTCCGTATCAGTC-1,CtC57CD90R1
CtC57CD90R1_TCTTTCCGTCACTTCC-1,CtC57CD90R1
CtC57CD90R1_TCTTTCCGTTCCACGG-1,CtC57CD90R1
CtC57CD90R1_TCTTTCCTCCGTCAAA-1,CtC57CD90R1
CtC57CD90R1_TCTTTCCTCCTTAATC-1,CtC57CD90R1
CtC57CD90R1_TGAAAGAAGCTGTCTA-1,CtC57CD90R1
CtC57CD90R1_TGAAAGACAGGTCTCG-1,CtC57CD90R1
CtC57CD90R1_TGAAAGACATCGATTG-1,CtC57CD90R1
CtC57CD90R1_TGAAAGACATGAACCT-1,CtC57CD90R1
CtC57CD90R1_TGAAAGAGTGGGTCAA-1,CtC57CD90R1
CtC57CD90R1_TGAAAGATCCTTTCGG-1,CtC57CD90R1
CtC57CD90R1_TGACAACAGACTTGAA-1,CtC57CD90R1
CtC57CD90R1_TGACAACAGAGTTGGC-1,CtC57CD90R1
CtC57CD90R1_TGACAACAGCCCTAAT-1,CtC57CD90R1
CtC57CD90R1_TGACAACAGCGCTTAT-1,CtC57CD90R1
CtC57CD90R1_TGACAACCACAGGTTT-1,CtC57CD90R1
CtC57CD90R1_TGACAACCATACCATG-1,CtC57CD90R1
CtC57CD90R1_TGACAACCATGGTCTA-1,CtC57CD90R1
CtC57CD90R1_TGACAACGTAGTACCT-1,CtC57CD90R1
CtC57CD90R1_TGACAACGTTGTGGAG-1,CtC57CD90R1
CtC57CD90R1_TGACAACTCAGTTTGG-1,CtC57CD90R1
CtC57CD90R1_TGACAACTCCACGTGG-1,CtC57CD90R1
CtC57CD90R1_TGACGGCAGTCCGTAT-1,CtC57CD90R1
CtC57CD90R1_TGACGGCCATCCGTGG-1,CtC57CD90R1
CtC57CD90R1_TGACGGCCATTCGACA-1,CtC57CD90R1
CtC57CD90R1_TGACGGCGTCGACTAT-1,CtC57CD90R1
CtC57CD90R1_TGACGGCGTTATCCGA-1,CtC57CD90R1
CtC57CD90R1_TGACGGCTCACATGCA-1,CtC57CD90R1
CtC57CD90R1_TGACGGCTCTAACTTC-1,CtC57CD90R1
CtC57CD90R1_TGACGGCTCTTGGGTA-1,CtC57CD90R1
CtC57CD90R1_TGACTAGCATCGGGTC-1,CtC57CD90R1
CtC57CD90R1_TGACTAGGTCTGCAAT-1,CtC57CD90R1
CtC57CD90R1_TGACTAGGTCTGCGGT-1,CtC57CD90R1
CtC57CD90R1_TGACTAGGTGAGCGAT-1,CtC57CD90R1
CtC57CD90R1_TGACTAGGTTTACTCT-1,CtC57CD90R1
CtC57CD90R1_TGACTAGTCTGCGACG-1,CtC57CD90R1
CtC57CD90R1_TGACTTTCAGACTCGC-1,CtC57CD90R1
CtC57CD90R1_TGACTTTGTCGGGTCT-1,CtC57CD90R1
CtC57CD90R1_TGACTTTTCAACGAAA-1,CtC57CD90R1
CtC57CD90R1_TGACTTTTCACAGTAC-1,CtC57CD90R1
CtC57CD90R1_TGACTTTTCCACTCCA-1,CtC57CD90R1
CtC57CD90R1_TGAGAGGAGCACAGGT-1,CtC57CD90R1
CtC57CD90R1_TGAGAGGAGGTGACCA-1,CtC57CD90R1
CtC57CD90R1_TGAGAGGCAAACTGCT-1,CtC57CD90R1
CtC57CD90R1_TGAGAGGCACACAGAG-1,CtC57CD90R1
CtC57CD90R1_TGAGAGGGTAGCCTCG-1,CtC57CD90R1
CtC57CD90R1_TGAGAGGGTAGCTTGT-1,CtC57CD90R1
CtC57CD90R1_TGAGAGGGTCTTGTCC-1,CtC57CD90R1
CtC57CD90R1_TGAGCATAGGGCTTCC-1,CtC57CD90R1
CtC57CD90R1_TGAGCATCAAGTCTGT-1,CtC57CD90R1
CtC57CD90R1_TGAGCATCAATACGCT-1,CtC57CD90R1
CtC57CD90R1_TGAGCATCACGGCCAT-1,CtC57CD90R1
CtC57CD90R1_TGAGCATCACTAAGTC-1,CtC57CD90R1
CtC57CD90R1_TGAGCATTCAAACCAC-1,CtC57CD90R1
CtC57CD90R1_TGAGCATTCCAAGTAC-1,CtC57CD90R1
CtC57CD90R1_TGAGCCGAGACTTTCG-1,CtC57CD90R1
CtC57CD90R1_TGAGCCGAGAGCTATA-1,CtC57CD90R1
CtC57CD90R1_TGAGCCGAGGCATGTG-1,CtC57CD90R1
CtC57CD90R1_TGAGCCGAGTATGACA-1,CtC57CD90R1
CtC57CD90R1_TGAGCCGCAATCACAC-1,CtC57CD90R1
CtC57CD90R1_TGAGCCGCAATCGGTT-1,CtC57CD90R1
CtC57CD90R1_TGAGCCGCAGTGACAG-1,CtC57CD90R1
CtC57CD90R1_TGAGCCGTCCCTTGTG-1,CtC57CD90R1
CtC57CD90R1_TGAGGGAAGACGCTTT-1,CtC57CD90R1
CtC57CD90R1_TGAGGGAAGATACACA-1,CtC57CD90R1
CtC57CD90R1_TGAGGGAAGCTAGTGG-1,CtC57CD90R1
CtC57CD90R1_TGAGGGAAGGGTTCCC-1,CtC57CD90R1
CtC57CD90R1_TGAGGGAGTGACTACT-1,CtC57CD90R1
CtC57CD90R1_TGAGGGATCACAATGC-1,CtC57CD90R1
CtC57CD90R1_TGAGGGATCTGAAAGA-1,CtC57CD90R1
CtC57CD90R1_TGATTTCAGATGTTAG-1,CtC57CD90R1
CtC57CD90R1_TGATTTCAGCACACAG-1,CtC57CD90R1
CtC57CD90R1_TGATTTCAGGAGTACC-1,CtC57CD90R1
CtC57CD90R1_TGATTTCAGGGTTCCC-1,CtC57CD90R1
CtC57CD90R1_TGATTTCCACGAAACG-1,CtC57CD90R1
CtC57CD90R1_TGATTTCGTAAGTGGC-1,CtC57CD90R1
CtC57CD90R1_TGCACCTAGAAGGTTT-1,CtC57CD90R1
CtC57CD90R1_TGCACCTCAGCCTTTC-1,CtC57CD90R1
CtC57CD90R1_TGCACCTCAGGTGCCT-1,CtC57CD90R1
CtC57CD90R1_TGCACCTGTAATCGTC-1,CtC57CD90R1
CtC57CD90R1_TGCACCTGTTGGTAAA-1,CtC57CD90R1
CtC57CD90R1_TGCACCTTCCAGAAGG-1,CtC57CD90R1
CtC57CD90R1_TGCACCTTCCTGCCAT-1,CtC57CD90R1
CtC57CD90R1_TGCCAAACAAATTGCC-1,CtC57CD90R1
CtC57CD90R1_TGCCAAACACAAGCCC-1,CtC57CD90R1
CtC57CD90R1_TGCCAAACACCAGGTC-1,CtC57CD90R1
CtC57CD90R1_TGCCAAACACCATCCT-1,CtC57CD90R1
CtC57CD90R1_TGCCAAACACCTTGTC-1,CtC57CD90R1
CtC57CD90R1_TGCCAAACACTAGTAC-1,CtC57CD90R1
CtC57CD90R1_TGCCAAAGTAGGGACT-1,CtC57CD90R1
CtC57CD90R1_TGCCAAATCACAGTAC-1,CtC57CD90R1
CtC57CD90R1_TGCCAAATCAGTTTGG-1,CtC57CD90R1
CtC57CD90R1_TGCCCATAGCTGATAA-1,CtC57CD90R1
CtC57CD90R1_TGCCCATAGTTTGCGT-1,CtC57CD90R1
CtC57CD90R1_TGCCCATCAACACCCG-1,CtC57CD90R1
CtC57CD90R1_TGCCCATCACCCATTC-1,CtC57CD90R1
CtC57CD90R1_TGCCCATCATGACGGA-1,CtC57CD90R1
CtC57CD90R1_TGCCCATGTAGTAGTA-1,CtC57CD90R1
CtC57CD90R1_TGCCCATTCGCGCCAA-1,CtC57CD90R1
CtC57CD90R1_TGCCCATTCGTAGGTT-1,CtC57CD90R1
CtC57CD90R1_TGCCCATTCTCAACTT-1,CtC57CD90R1
CtC57CD90R1_TGCCCATTCTGAAAGA-1,CtC57CD90R1
CtC57CD90R1_TGCCCTAAGACAATAC-1,CtC57CD90R1
CtC57CD90R1_TGCCCTAAGCTGTCTA-1,CtC57CD90R1
CtC57CD90R1_TGCCCTAAGGTGCAAC-1,CtC57CD90R1
CtC57CD90R1_TGCCCTACAGGGCATA-1,CtC57CD90R1
CtC57CD90R1_TGCCCTACATAGAAAC-1,CtC57CD90R1
CtC57CD90R1_TGCCCTACATTATCTC-1,CtC57CD90R1
CtC57CD90R1_TGCCCTAGTCGAGATG-1,CtC57CD90R1
CtC57CD90R1_TGCCCTAGTTTGGCGC-1,CtC57CD90R1
CtC57CD90R1_TGCCCTATCCAGTAGT-1,CtC57CD90R1
CtC57CD90R1_TGCGCAGAGGTACTCT-1,CtC57CD90R1
CtC57CD90R1_TGCGCAGCATTGGTAC-1,CtC57CD90R1
CtC57CD90R1_TGCGCAGGTACAGACG-1,CtC57CD90R1
CtC57CD90R1_TGCGCAGTCCTTGACC-1,CtC57CD90R1
CtC57CD90R1_TGCGCAGTCTCCAGGG-1,CtC57CD90R1
CtC57CD90R1_TGCGGGTCAAGCTGAG-1,CtC57CD90R1
CtC57CD90R1_TGCGGGTCACATGACT-1,CtC57CD90R1
CtC57CD90R1_TGCGGGTCACGCATCG-1,CtC57CD90R1
CtC57CD90R1_TGCGGGTGTACAGTGG-1,CtC57CD90R1
CtC57CD90R1_TGCGGGTGTGTAACGG-1,CtC57CD90R1
CtC57CD90R1_TGCGGGTGTTGGTGGA-1,CtC57CD90R1
CtC57CD90R1_TGCGGGTTCCCATTTA-1,CtC57CD90R1
CtC57CD90R1_TGCGTGGAGCTGTCTA-1,CtC57CD90R1
CtC57CD90R1_TGCGTGGCAACACCCG-1,CtC57CD90R1
CtC57CD90R1_TGCGTGGCAGGGCATA-1,CtC57CD90R1
CtC57CD90R1_TGCGTGGTCTGGTTCC-1,CtC57CD90R1
CtC57CD90R1_TGCTACCAGAGTACAT-1,CtC57CD90R1
CtC57CD90R1_TGCTACCGTCTTGTCC-1,CtC57CD90R1
CtC57CD90R1_TGCTACCGTGCCTGGT-1,CtC57CD90R1
CtC57CD90R1_TGCTACCGTGTTAAGA-1,CtC57CD90R1
CtC57CD90R1_TGCTACCGTTCTGAAC-1,CtC57CD90R1
CtC57CD90R1_TGCTACCGTTTCCACC-1,CtC57CD90R1
CtC57CD90R1_TGCTACCTCCCTCTTT-1,CtC57CD90R1
CtC57CD90R1_TGCTACCTCGAGAGCA-1,CtC57CD90R1
CtC57CD90R1_TGCTGCTAGACGCACA-1,CtC57CD90R1
CtC57CD90R1_TGCTGCTAGATGGGTC-1,CtC57CD90R1
CtC57CD90R1_TGCTGCTAGGACTGGT-1,CtC57CD90R1
CtC57CD90R1_TGCTGCTAGGCATGGT-1,CtC57CD90R1
CtC57CD90R1_TGCTGCTAGGGTGTGT-1,CtC57CD90R1
CtC57CD90R1_TGCTGCTAGTGTTTGC-1,CtC57CD90R1
CtC57CD90R1_TGCTGCTCAAAGTCAA-1,CtC57CD90R1
CtC57CD90R1_TGCTGCTCAAGCTGAG-1,CtC57CD90R1
CtC57CD90R1_TGCTGCTCAGAGCCAA-1,CtC57CD90R1
CtC57CD90R1_TGCTGCTGTGTCTGAT-1,CtC57CD90R1
CtC57CD90R1_TGCTGCTTCCATGCTC-1,CtC57CD90R1
CtC57CD90R1_TGCTGCTTCGACAGCC-1,CtC57CD90R1
CtC57CD90R1_TGCTGCTTCTTGCATT-1,CtC57CD90R1
CtC57CD90R1_TGGACGCCAAGTCTAC-1,CtC57CD90R1
CtC57CD90R1_TGGACGCCATGGATGG-1,CtC57CD90R1
CtC57CD90R1_TGGACGCGTATAGGTA-1,CtC57CD90R1
CtC57CD90R1_TGGACGCGTGGCAAAC-1,CtC57CD90R1
CtC57CD90R1_TGGACGCGTGTTGGGA-1,CtC57CD90R1
CtC57CD90R1_TGGACGCTCAGTTCGA-1,CtC57CD90R1
CtC57CD90R1_TGGACGCTCCAAATGC-1,CtC57CD90R1
CtC57CD90R1_TGGCCAGAGTGGTAGC-1,CtC57CD90R1
CtC57CD90R1_TGGCCAGAGTTCGATC-1,CtC57CD90R1
CtC57CD90R1_TGGCCAGCATCGGGTC-1,CtC57CD90R1
CtC57CD90R1_TGGCCAGCATGACGGA-1,CtC57CD90R1
CtC57CD90R1_TGGCCAGGTGACTACT-1,CtC57CD90R1
CtC57CD90R1_TGGCCAGTCATAAAGG-1,CtC57CD90R1
CtC57CD90R1_TGGCCAGTCATATCGG-1,CtC57CD90R1
CtC57CD90R1_TGGCCAGTCGGTTAAC-1,CtC57CD90R1
CtC57CD90R1_TGGCGCACACAGACTT-1,CtC57CD90R1
CtC57CD90R1_TGGCGCACAGTGAGTG-1,CtC57CD90R1
CtC57CD90R1_TGGCGCAGTACGCTGC-1,CtC57CD90R1
CtC57CD90R1_TGGCGCATCCACTCCA-1,CtC57CD90R1
CtC57CD90R1_TGGCTGGCAGTATGCT-1,CtC57CD90R1
CtC57CD90R1_TGGCTGGGTCTCAACA-1,CtC57CD90R1
CtC57CD90R1_TGGCTGGGTGCTTCTC-1,CtC57CD90R1
CtC57CD90R1_TGGCTGGTCAATACCG-1,CtC57CD90R1
CtC57CD90R1_TGGCTGGTCGGCTTGG-1,CtC57CD90R1
CtC57CD90R1_TGGGAAGAGAAACCTA-1,CtC57CD90R1
CtC57CD90R1_TGGGAAGAGAGTTGGC-1,CtC57CD90R1
CtC57CD90R1_TGGGAAGAGTGATCGG-1,CtC57CD90R1
CtC57CD90R1_TGGGAAGCAGTGAGTG-1,CtC57CD90R1
CtC57CD90R1_TGGGAAGCATCCGGGT-1,CtC57CD90R1
CtC57CD90R1_TGGGAAGCATCTACGA-1,CtC57CD90R1
CtC57CD90R1_TGGGAAGGTTACCAGT-1,CtC57CD90R1
CtC57CD90R1_TGGGAAGTCACTCTTA-1,CtC57CD90R1
CtC57CD90R1_TGGGAAGTCCGATATG-1,CtC57CD90R1
CtC57CD90R1_TGGGAAGTCGTCTGCT-1,CtC57CD90R1
CtC57CD90R1_TGGGAAGTCTGTCTAT-1,CtC57CD90R1
CtC57CD90R1_TGGGCGTAGACCACGA-1,CtC57CD90R1
CtC57CD90R1_TGGGCGTAGGCAAAGA-1,CtC57CD90R1
CtC57CD90R1_TGGGCGTAGTCAAGCG-1,CtC57CD90R1
CtC57CD90R1_TGGGCGTAGTGGTAAT-1,CtC57CD90R1
CtC57CD90R1_TGGGCGTCAACCGCCA-1,CtC57CD90R1
CtC57CD90R1_TGGGCGTCAATACGCT-1,CtC57CD90R1
CtC57CD90R1_TGGGCGTCATATGGTC-1,CtC57CD90R1
CtC57CD90R1_TGGGCGTGTCTCTTTA-1,CtC57CD90R1
CtC57CD90R1_TGGGCGTGTTGAGTTC-1,CtC57CD90R1
CtC57CD90R1_TGGGCGTTCGTTTGCC-1,CtC57CD90R1
CtC57CD90R1_TGGTTAGAGACTTTCG-1,CtC57CD90R1
CtC57CD90R1_TGGTTAGAGCGATGAC-1,CtC57CD90R1
CtC57CD90R1_TGGTTAGCAGCTCGCA-1,CtC57CD90R1
CtC57CD90R1_TGGTTAGCAGGCTCAC-1,CtC57CD90R1
CtC57CD90R1_TGGTTAGGTCTTGTCC-1,CtC57CD90R1
CtC57CD90R1_TGGTTAGGTTGAGGTG-1,CtC57CD90R1
CtC57CD90R1_TGGTTAGTCCTAAGTG-1,CtC57CD90R1
CtC57CD90R1_TGGTTCCAGAAACGCC-1,CtC57CD90R1
CtC57CD90R1_TGGTTCCAGAGTTGGC-1,CtC57CD90R1
CtC57CD90R1_TGGTTCCAGTGTACTC-1,CtC57CD90R1
CtC57CD90R1_TGGTTCCCACCAGGCT-1,CtC57CD90R1
CtC57CD90R1_TGGTTCCGTCGCTTCT-1,CtC57CD90R1
CtC57CD90R1_TGGTTCCGTTTGCATG-1,CtC57CD90R1
CtC57CD90R1_TGGTTCCTCCAGAGGA-1,CtC57CD90R1
CtC57CD90R1_TGGTTCCTCTAAGCCA-1,CtC57CD90R1
CtC57CD90R1_TGTATTCAGAACAATC-1,CtC57CD90R1
CtC57CD90R1_TGTATTCAGCCATCGC-1,CtC57CD90R1
CtC57CD90R1_TGTATTCAGGAGTCTG-1,CtC57CD90R1
CtC57CD90R1_TGTATTCCATAGAAAC-1,CtC57CD90R1
CtC57CD90R1_TGTATTCGTACCGTAT-1,CtC57CD90R1
CtC57CD90R1_TGTATTCGTGTGTGCC-1,CtC57CD90R1
CtC57CD90R1_TGTATTCTCCATGAGT-1,CtC57CD90R1
CtC57CD90R1_TGTATTCTCCCATTAT-1,CtC57CD90R1
CtC57CD90R1_TGTCCCAAGTGAAGAG-1,CtC57CD90R1
CtC57CD90R1_TGTCCCACAGTCCTTC-1,CtC57CD90R1
CtC57CD90R1_TGTCCCAGTAAGAGGA-1,CtC57CD90R1
CtC57CD90R1_TGTCCCATCCTCTAGC-1,CtC57CD90R1
CtC57CD90R1_TGTCCCATCGGTGTCG-1,CtC57CD90R1
CtC57CD90R1_TGTGGTAAGAGCAATT-1,CtC57CD90R1
CtC57CD90R1_TGTGGTACACTTGGAT-1,CtC57CD90R1
CtC57CD90R1_TGTGGTAGTGACTCAT-1,CtC57CD90R1
CtC57CD90R1_TGTGGTATCGAACGGA-1,CtC57CD90R1
CtC57CD90R1_TGTGGTATCGAGAGCA-1,CtC57CD90R1
CtC57CD90R1_TGTGTTTAGCCACCTG-1,CtC57CD90R1
CtC57CD90R1_TGTGTTTGTATGAATG-1,CtC57CD90R1
CtC57CD90R1_TGTGTTTTCCACGTGG-1,CtC57CD90R1
CtC57CD90R1_TGTGTTTTCTACCTGC-1,CtC57CD90R1
CtC57CD90R1_TGTTCCGAGAGTCGGT-1,CtC57CD90R1
CtC57CD90R1_TGTTCCGAGTAGGCCA-1,CtC57CD90R1
CtC57CD90R1_TGTTCCGCAAGTTCTG-1,CtC57CD90R1
CtC57CD90R1_TGTTCCGGTAACGACG-1,CtC57CD90R1
CtC57CD90R1_TGTTCCGGTAAGTGGC-1,CtC57CD90R1
CtC57CD90R1_TGTTCCGGTATAGGGC-1,CtC57CD90R1
CtC57CD90R1_TGTTCCGGTTACGACT-1,CtC57CD90R1
CtC57CD90R1_TGTTCCGTCATCACCC-1,CtC57CD90R1
CtC57CD90R1_TGTTCCGTCCTAGTGA-1,CtC57CD90R1
CtC57CD90R1_TGTTCCGTCTAGCACA-1,CtC57CD90R1
CtC57CD90R1_TGTTCCGTCTGTTGAG-1,CtC57CD90R1
CtC57CD90R1_TTAACTCCAATCAGAA-1,CtC57CD90R1
CtC57CD90R1_TTAACTCCACGAAAGC-1,CtC57CD90R1
CtC57CD90R1_TTAACTCGTCTGCGGT-1,CtC57CD90R1
CtC57CD90R1_TTAACTCTCAACGCTA-1,CtC57CD90R1
CtC57CD90R1_TTAACTCTCTAACTTC-1,CtC57CD90R1
CtC57CD90R1_TTAGGACAGACTCGGA-1,CtC57CD90R1
CtC57CD90R1_TTAGGACCACAACGCC-1,CtC57CD90R1
CtC57CD90R1_TTAGGACCATTATCTC-1,CtC57CD90R1
CtC57CD90R1_TTAGGACTCGGATGGA-1,CtC57CD90R1
CtC57CD90R1_TTAGGCAAGATCTGCT-1,CtC57CD90R1
CtC57CD90R1_TTAGGCAAGGCTACGA-1,CtC57CD90R1
CtC57CD90R1_TTAGGCACAACTGGCC-1,CtC57CD90R1
CtC57CD90R1_TTAGGCACAATCGAAA-1,CtC57CD90R1
CtC57CD90R1_TTAGGCACATCGATTG-1,CtC57CD90R1
CtC57CD90R1_TTAGGCAGTAAGTGTA-1,CtC57CD90R1
CtC57CD90R1_TTAGGCAGTTGGACCC-1,CtC57CD90R1
CtC57CD90R1_TTAGGCAGTTGGTTTG-1,CtC57CD90R1
CtC57CD90R1_TTAGTTCAGCCCAGCT-1,CtC57CD90R1
CtC57CD90R1_TTAGTTCAGTAGGTGC-1,CtC57CD90R1
CtC57CD90R1_TTAGTTCCAGACTCGC-1,CtC57CD90R1
CtC57CD90R1_TTAGTTCCATAGAAAC-1,CtC57CD90R1
CtC57CD90R1_TTAGTTCGTGCCTGTG-1,CtC57CD90R1
CtC57CD90R1_TTAGTTCGTGTTCGAT-1,CtC57CD90R1
CtC57CD90R1_TTAGTTCTCATCACCC-1,CtC57CD90R1
CtC57CD90R1_TTATGCTAGGCTAGGT-1,CtC57CD90R1
CtC57CD90R1_TTATGCTCAAGACGTG-1,CtC57CD90R1
CtC57CD90R1_TTATGCTGTCATTAGC-1,CtC57CD90R1
CtC57CD90R1_TTATGCTGTGTGACCC-1,CtC57CD90R1
CtC57CD90R1_TTCCCAGCACGGACAA-1,CtC57CD90R1
CtC57CD90R1_TTCCCAGCACTTCGAA-1,CtC57CD90R1
CtC57CD90R1_TTCCCAGGTCCGTCAG-1,CtC57CD90R1
CtC57CD90R1_TTCCCAGGTGTAACGG-1,CtC57CD90R1
CtC57CD90R1_TTCCCAGTCCAGTATG-1,CtC57CD90R1
CtC57CD90R1_TTCGAAGAGCGGCTTC-1,CtC57CD90R1
CtC57CD90R1_TTCGAAGCAAGTTGTC-1,CtC57CD90R1
CtC57CD90R1_TTCGAAGCACAGGCCT-1,CtC57CD90R1
CtC57CD90R1_TTCGAAGGTAAGGGAA-1,CtC57CD90R1
CtC57CD90R1_TTCGAAGGTAGAAAGG-1,CtC57CD90R1
CtC57CD90R1_TTCGAAGGTATATCCG-1,CtC57CD90R1
CtC57CD90R1_TTCGAAGTCCTCCTAG-1,CtC57CD90R1
CtC57CD90R1_TTCGGTCTCTCAAACG-1,CtC57CD90R1
CtC57CD90R1_TTCTACAAGACAAGCC-1,CtC57CD90R1
CtC57CD90R1_TTCTACAAGCCAGTTT-1,CtC57CD90R1
CtC57CD90R1_TTCTACACACCTATCC-1,CtC57CD90R1
CtC57CD90R1_TTCTACACAGATGAGC-1,CtC57CD90R1
CtC57CD90R1_TTCTACAGTTAAGACA-1,CtC57CD90R1
CtC57CD90R1_TTCTACATCCTACAGA-1,CtC57CD90R1
CtC57CD90R1_TTCTCAAAGATGTGTA-1,CtC57CD90R1
CtC57CD90R1_TTCTCAAAGGAATGGA-1,CtC57CD90R1
CtC57CD90R1_TTCTCAACATAAGACA-1,CtC57CD90R1
CtC57CD90R1_TTCTCAAGTGCACTTA-1,CtC57CD90R1
CtC57CD90R1_TTCTCAATCAGTTTGG-1,CtC57CD90R1
CtC57CD90R1_TTCTCCTAGCAGACTG-1,CtC57CD90R1
CtC57CD90R1_TTCTCCTAGCGTCTAT-1,CtC57CD90R1
CtC57CD90R1_TTCTCCTAGGCCATAG-1,CtC57CD90R1
CtC57CD90R1_TTCTCCTAGGCGCTCT-1,CtC57CD90R1
CtC57CD90R1_TTCTCCTCAACGATGG-1,CtC57CD90R1
CtC57CD90R1_TTCTCCTCAATAGCGG-1,CtC57CD90R1
CtC57CD90R1_TTCTTAGAGACAAGCC-1,CtC57CD90R1
CtC57CD90R1_TTCTTAGAGATGTCGG-1,CtC57CD90R1
CtC57CD90R1_TTCTTAGAGTATGACA-1,CtC57CD90R1
CtC57CD90R1_TTCTTAGCACCGAATT-1,CtC57CD90R1
CtC57CD90R1_TTCTTAGCACGGTAAG-1,CtC57CD90R1
CtC57CD90R1_TTCTTAGGTATTCTCT-1,CtC57CD90R1
CtC57CD90R1_TTCTTAGGTTATGCGT-1,CtC57CD90R1
CtC57CD90R1_TTCTTAGGTTGAGTTC-1,CtC57CD90R1
CtC57CD90R1_TTCTTAGGTTTCCACC-1,CtC57CD90R1
CtC57CD90R1_TTCTTAGTCAAGGCTT-1,CtC57CD90R1
CtC57CD90R1_TTCTTAGTCACCCTCA-1,CtC57CD90R1
CtC57CD90R1_TTGAACGCAGGCTGAA-1,CtC57CD90R1
CtC57CD90R1_TTGAACGGTAAAGGAG-1,CtC57CD90R1
CtC57CD90R1_TTGAACGGTGCTTCTC-1,CtC57CD90R1
CtC57CD90R1_TTGAACGTCGCGCCAA-1,CtC57CD90R1
CtC57CD90R1_TTGAACGTCGCTAGCG-1,CtC57CD90R1
CtC57CD90R1_TTGAACGTCGGTTAAC-1,CtC57CD90R1
CtC57CD90R1_TTGAACGTCTAGAGTC-1,CtC57CD90R1
CtC57CD90R1_TTGACTTAGGCTAGAC-1,CtC57CD90R1
CtC57CD90R1_TTGACTTAGGCTATCT-1,CtC57CD90R1
CtC57CD90R1_TTGACTTAGTTATCGC-1,CtC57CD90R1
CtC57CD90R1_TTGACTTCACGGCCAT-1,CtC57CD90R1
CtC57CD90R1_TTGACTTCATCACAAC-1,CtC57CD90R1
CtC57CD90R1_TTGACTTCATGAGCGA-1,CtC57CD90R1
CtC57CD90R1_TTGACTTGTCAATACC-1,CtC57CD90R1
CtC57CD90R1_TTGACTTGTCCAACTA-1,CtC57CD90R1
CtC57CD90R1_TTGACTTGTTCAGACT-1,CtC57CD90R1
CtC57CD90R1_TTGACTTTCATCATTC-1,CtC57CD90R1
CtC57CD90R1_TTGACTTTCCTTGGTC-1,CtC57CD90R1
CtC57CD90R1_TTGCCGTAGCGTGAGT-1,CtC57CD90R1
CtC57CD90R1_TTGCCGTAGGTGGGTT-1,CtC57CD90R1
CtC57CD90R1_TTGCCGTCAAACAACA-1,CtC57CD90R1
CtC57CD90R1_TTGCCGTCAACGCACC-1,CtC57CD90R1
CtC57CD90R1_TTGCCGTCAAGTAATG-1,CtC57CD90R1
CtC57CD90R1_TTGCGTCAGGCGATAC-1,CtC57CD90R1
CtC57CD90R1_TTGCGTCAGTAGATGT-1,CtC57CD90R1
CtC57CD90R1_TTGCGTCAGTAGCGGT-1,CtC57CD90R1
CtC57CD90R1_TTGCGTCAGTTAGGTA-1,CtC57CD90R1
CtC57CD90R1_TTGCGTCCACATCCGG-1,CtC57CD90R1
CtC57CD90R1_TTGCGTCGTATGAATG-1,CtC57CD90R1
CtC57CD90R1_TTGCGTCGTCGCGTGT-1,CtC57CD90R1
CtC57CD90R1_TTGCGTCGTGACTCAT-1,CtC57CD90R1
CtC57CD90R1_TTGCGTCGTTAGATGA-1,CtC57CD90R1
CtC57CD90R1_TTGCGTCTCCAAACTG-1,CtC57CD90R1
CtC57CD90R1_TTGGAACAGACAATAC-1,CtC57CD90R1
CtC57CD90R1_TTGGAACAGCTTCGCG-1,CtC57CD90R1
CtC57CD90R1_TTGGAACAGTCGAGTG-1,CtC57CD90R1
CtC57CD90R1_TTGGAACGTCAAGCGA-1,CtC57CD90R1
CtC57CD90R1_TTGGAACTCATGGTCA-1,CtC57CD90R1
CtC57CD90R1_TTGGAACTCCCATTAT-1,CtC57CD90R1
CtC57CD90R1_TTGGCAAGTAAACCTC-1,CtC57CD90R1
CtC57CD90R1_TTGGCAAGTCTGATCA-1,CtC57CD90R1
CtC57CD90R1_TTGGCAATCCACGCAG-1,CtC57CD90R1
CtC57CD90R1_TTGGCAATCTCCAACC-1,CtC57CD90R1
CtC57CD90R1_TTGTAGGAGAGACTTA-1,CtC57CD90R1
CtC57CD90R1_TTGTAGGAGGGTGTTG-1,CtC57CD90R1
CtC57CD90R1_TTGTAGGCAACTGCGC-1,CtC57CD90R1
CtC57CD90R1_TTGTAGGCAATGAATG-1,CtC57CD90R1
CtC57CD90R1_TTGTAGGCACAACGCC-1,CtC57CD90R1
CtC57CD90R1_TTGTAGGGTTCCACTC-1,CtC57CD90R1
CtC57CD90R1_TTTACTGAGCTAAGAT-1,CtC57CD90R1
CtC57CD90R1_TTTACTGCAACTTGAC-1,CtC57CD90R1
CtC57CD90R1_TTTACTGCAATCCAAC-1,CtC57CD90R1
CtC57CD90R1_TTTACTGGTATCGCAT-1,CtC57CD90R1
CtC57CD90R1_TTTACTGGTCCCTACT-1,CtC57CD90R1
CtC57CD90R1_TTTACTGGTGAGCGAT-1,CtC57CD90R1
CtC57CD90R1_TTTACTGGTTAAGACA-1,CtC57CD90R1
CtC57CD90R1_TTTACTGTCCAAGCCG-1,CtC57CD90R1
CtC57CD90R1_TTTACTGTCCTTGGTC-1,CtC57CD90R1
CtC57CD90R1_TTTACTGTCTCGCTTG-1,CtC57CD90R1
CtC57CD90R1_TTTATGCAGCTACCGC-1,CtC57CD90R1
CtC57CD90R1_TTTATGCCACGCTTTC-1,CtC57CD90R1
CtC57CD90R1_TTTATGCCAGGAACGT-1,CtC57CD90R1
CtC57CD90R1_TTTATGCCATCGTCGG-1,CtC57CD90R1
CtC57CD90R1_TTTATGCGTCGCTTTC-1,CtC57CD90R1
CtC57CD90R1_TTTATGCGTTTAGCTG-1,CtC57CD90R1
CtC57CD90R1_TTTCCTCAGGAGCGTT-1,CtC57CD90R1
CtC57CD90R1_TTTCCTCTCCTCAACC-1,CtC57CD90R1
CtC57CD90R1_TTTGCGCAGAGACGAA-1,CtC57CD90R1
CtC57CD90R1_TTTGCGCCAGATGGGT-1,CtC57CD90R1
CtC57CD90R1_TTTGCGCCATGTCTCC-1,CtC57CD90R1
CtC57CD90R1_TTTGCGCGTACTCAAC-1,CtC57CD90R1
CtC57CD90R1_TTTGCGCGTCAGAATA-1,CtC57CD90R1
CtC57CD90R1_TTTGCGCGTCTCTCTG-1,CtC57CD90R1
CtC57CD90R1_TTTGCGCGTTCGTCTC-1,CtC57CD90R1
CtC57CD90R1_TTTGCGCGTTGCGTTA-1,CtC57CD90R1
CtC57CD90R1_TTTGCGCTCAAGGTAA-1,CtC57CD90R1
CtC57CD90R1_TTTGCGCTCCAATGGT-1,CtC57CD90R1
CtC57CD90R1_TTTGCGCTCTCGGACG-1,CtC57CD90R1
CtC57CD90R1_TTTGGTTAGAAGGACA-1,CtC57CD90R1
CtC57CD90R1_TTTGGTTAGGTGTGGT-1,CtC57CD90R1
CtC57CD90R1_TTTGGTTCATCTACGA-1,CtC57CD90R1
CtC57CD90R1_TTTGGTTGTCTCCCTA-1,CtC57CD90R1
CtC57CD90R1_TTTGGTTGTGCAACTT-1,CtC57CD90R1
CtC57CD90R1_TTTGTCAAGGAGCGTT-1,CtC57CD90R1
CtC57CD90R1_TTTGTCACACGTCTCT-1,CtC57CD90R1
CtC57CD90R1_TTTGTCACATTCCTGC-1,CtC57CD90R1
CtC57CD90R1_TTTGTCATCGCCAGCA-1,CtC57CD90R1
CtC57CD90R1_TTTGTCATCTGCTGTC-1,CtC57CD90R1
CtC57CD90R1_TTTGTCATCTTACCTA-1,CtC57CD90R1
CtVgCD90R1_AAACCTGAGCGCTTAT-1,CtVgCD90R1
CtVgCD90R1_AAACCTGAGTGAAGAG-1,CtVgCD90R1
CtVgCD90R1_AAACCTGCAAAGGCGT-1,CtVgCD90R1
CtVgCD90R1_AAACCTGCAAAGGTGC-1,CtVgCD90R1
CtVgCD90R1_AAACCTGCAAGGTTTC-1,CtVgCD90R1
CtVgCD90R1_AAACCTGCACAGACTT-1,CtVgCD90R1
CtVgCD90R1_AAACCTGCACCAGGCT-1,CtVgCD90R1
CtVgCD90R1_AAACCTGGTATGCTTG-1,CtVgCD90R1
CtVgCD90R1_AAACCTGGTGCTTCTC-1,CtVgCD90R1
CtVgCD90R1_AAACCTGTCTCATTCA-1,CtVgCD90R1
CtVgCD90R1_AAACGGGAGAGGTAGA-1,CtVgCD90R1
CtVgCD90R1_AAACGGGAGCAAATCA-1,CtVgCD90R1
CtVgCD90R1_AAACGGGAGCAGACTG-1,CtVgCD90R1
CtVgCD90R1_AAACGGGAGCTGCCCA-1,CtVgCD90R1
CtVgCD90R1_AAACGGGCAAACTGTC-1,CtVgCD90R1
CtVgCD90R1_AAACGGGCAAGTCTAC-1,CtVgCD90R1
CtVgCD90R1_AAACGGGCACACTGCG-1,CtVgCD90R1
CtVgCD90R1_AAACGGGGTAAGTAGT-1,CtVgCD90R1
CtVgCD90R1_AAACGGGGTATCACCA-1,CtVgCD90R1
CtVgCD90R1_AAACGGGGTCCGAAGA-1,CtVgCD90R1
CtVgCD90R1_AAACGGGGTCGACTAT-1,CtVgCD90R1
CtVgCD90R1_AAACGGGGTCGTGGCT-1,CtVgCD90R1
CtVgCD90R1_AAACGGGGTGTTCTTT-1,CtVgCD90R1
CtVgCD90R1_AAACGGGTCAGCACAT-1,CtVgCD90R1
CtVgCD90R1_AAACGGGTCCCTAACC-1,CtVgCD90R1
CtVgCD90R1_AAAGATGAGATGCGAC-1,CtVgCD90R1
CtVgCD90R1_AAAGATGAGGCTAGGT-1,CtVgCD90R1
CtVgCD90R1_AAAGATGAGTACGTTC-1,CtVgCD90R1
CtVgCD90R1_AAAGATGCAAGGTTCT-1,CtVgCD90R1
CtVgCD90R1_AAAGATGCACCAGGCT-1,CtVgCD90R1
CtVgCD90R1_AAAGATGCACTCGACG-1,CtVgCD90R1
CtVgCD90R1_AAAGATGCATATACCG-1,CtVgCD90R1
CtVgCD90R1_AAAGATGCATGGGACA-1,CtVgCD90R1
CtVgCD90R1_AAAGATGCATGTAAGA-1,CtVgCD90R1
CtVgCD90R1_AAAGATGGTCAACTGT-1,CtVgCD90R1
CtVgCD90R1_AAAGATGGTCTCTTAT-1,CtVgCD90R1
CtVgCD90R1_AAAGATGGTCTGCCAG-1,CtVgCD90R1
CtVgCD90R1_AAAGCAAAGACACGAC-1,CtVgCD90R1
CtVgCD90R1_AAAGCAAAGACTTTCG-1,CtVgCD90R1
CtVgCD90R1_AAAGCAAAGGCTCATT-1,CtVgCD90R1
CtVgCD90R1_AAAGCAACAAGTTGTC-1,CtVgCD90R1
CtVgCD90R1_AAAGCAACACACCGAC-1,CtVgCD90R1
CtVgCD90R1_AAAGCAACATCGTCGG-1,CtVgCD90R1
CtVgCD90R1_AAAGCAAGTCCGACGT-1,CtVgCD90R1
CtVgCD90R1_AAAGCAAGTCTAGTGT-1,CtVgCD90R1
CtVgCD90R1_AAAGCAAGTTAAGAAC-1,CtVgCD90R1
CtVgCD90R1_AAAGCAAGTTCCGGCA-1,CtVgCD90R1
CtVgCD90R1_AAAGCAATCCGTACAA-1,CtVgCD90R1
CtVgCD90R1_AAAGCAATCTAACTTC-1,CtVgCD90R1
CtVgCD90R1_AAAGCAATCTTTAGTC-1,CtVgCD90R1
CtVgCD90R1_AAAGTAGAGACACTAA-1,CtVgCD90R1
CtVgCD90R1_AAAGTAGAGCGTTGCC-1,CtVgCD90R1
CtVgCD90R1_AAAGTAGAGTTGTAGA-1,CtVgCD90R1
CtVgCD90R1_AAAGTAGCAAACGCGA-1,CtVgCD90R1
CtVgCD90R1_AAAGTAGCAAGCGATG-1,CtVgCD90R1
CtVgCD90R1_AAAGTAGCACCTTGTC-1,CtVgCD90R1
CtVgCD90R1_AAAGTAGCACTGCCAG-1,CtVgCD90R1
CtVgCD90R1_AAAGTAGGTAACGTTC-1,CtVgCD90R1
CtVgCD90R1_AAAGTAGGTAGCTCCG-1,CtVgCD90R1
CtVgCD90R1_AAAGTAGGTCCCTACT-1,CtVgCD90R1
CtVgCD90R1_AAAGTAGGTCGCCATG-1,CtVgCD90R1
CtVgCD90R1_AAAGTAGGTGATGATA-1,CtVgCD90R1
CtVgCD90R1_AAAGTAGGTTTGCATG-1,CtVgCD90R1
CtVgCD90R1_AAATGCCAGAAACCGC-1,CtVgCD90R1
CtVgCD90R1_AAATGCCAGACGACGT-1,CtVgCD90R1
CtVgCD90R1_AAATGCCAGATGCCTT-1,CtVgCD90R1
CtVgCD90R1_AAATGCCAGCAGACTG-1,CtVgCD90R1
CtVgCD90R1_AAATGCCCAATGCCAT-1,CtVgCD90R1
CtVgCD90R1_AAATGCCGTCTCTTTA-1,CtVgCD90R1
CtVgCD90R1_AAATGCCGTTGGTAAA-1,CtVgCD90R1
CtVgCD90R1_AAATGCCGTTTCCACC-1,CtVgCD90R1
CtVgCD90R1_AAATGCCTCACGCGGT-1,CtVgCD90R1
CtVgCD90R1_AAATGCCTCCTGTAGA-1,CtVgCD90R1
CtVgCD90R1_AAATGCCTCTTCTGGC-1,CtVgCD90R1
CtVgCD90R1_AACACGTAGATCGGGT-1,CtVgCD90R1
CtVgCD90R1_AACACGTAGGGAGTAA-1,CtVgCD90R1
CtVgCD90R1_AACACGTAGGTTCCTA-1,CtVgCD90R1
CtVgCD90R1_AACACGTAGTACACCT-1,CtVgCD90R1
CtVgCD90R1_AACACGTAGTGACTCT-1,CtVgCD90R1
CtVgCD90R1_AACACGTAGTTCCACA-1,CtVgCD90R1
CtVgCD90R1_AACACGTCAACTGCTA-1,CtVgCD90R1
CtVgCD90R1_AACACGTCAGGATCGA-1,CtVgCD90R1
CtVgCD90R1_AACACGTGTAGAAGGA-1,CtVgCD90R1
CtVgCD90R1_AACACGTGTCTGCGGT-1,CtVgCD90R1
CtVgCD90R1_AACACGTGTTCCGTCT-1,CtVgCD90R1
CtVgCD90R1_AACACGTGTTTCCACC-1,CtVgCD90R1
CtVgCD90R1_AACACGTTCAGTCAGT-1,CtVgCD90R1
CtVgCD90R1_AACACGTTCCTTTCGG-1,CtVgCD90R1
CtVgCD90R1_AACACGTTCGCATGGC-1,CtVgCD90R1
CtVgCD90R1_AACACGTTCGGTGTCG-1,CtVgCD90R1
CtVgCD90R1_AACACGTTCGTACGGC-1,CtVgCD90R1
CtVgCD90R1_AACCATGCACAGCCCA-1,CtVgCD90R1
CtVgCD90R1_AACCATGCAGCTGTAT-1,CtVgCD90R1
CtVgCD90R1_AACCATGGTCTCCATC-1,CtVgCD90R1
CtVgCD90R1_AACCATGGTTGAACTC-1,CtVgCD90R1
CtVgCD90R1_AACCATGGTTGTTTGG-1,CtVgCD90R1
CtVgCD90R1_AACCATGTCAACACAC-1,CtVgCD90R1
CtVgCD90R1_AACCATGTCCAAGCCG-1,CtVgCD90R1
CtVgCD90R1_AACCATGTCCACGACG-1,CtVgCD90R1
CtVgCD90R1_AACCGCGCACCAGGCT-1,CtVgCD90R1
CtVgCD90R1_AACCGCGCAGTATAAG-1,CtVgCD90R1
CtVgCD90R1_AACCGCGGTACACCGC-1,CtVgCD90R1
CtVgCD90R1_AACCGCGGTAGAAAGG-1,CtVgCD90R1
CtVgCD90R1_AACCGCGTCGAACGGA-1,CtVgCD90R1
CtVgCD90R1_AACCGCGTCTTGTCAT-1,CtVgCD90R1
CtVgCD90R1_AACGTTGAGAATCTCC-1,CtVgCD90R1
CtVgCD90R1_AACGTTGAGATGCCTT-1,CtVgCD90R1
CtVgCD90R1_AACGTTGAGGCTCAGA-1,CtVgCD90R1
CtVgCD90R1_AACGTTGAGGTGTTAA-1,CtVgCD90R1
CtVgCD90R1_AACGTTGAGTGCCAGA-1,CtVgCD90R1
CtVgCD90R1_AACGTTGCACATTTCT-1,CtVgCD90R1
CtVgCD90R1_AACGTTGCACTTCGAA-1,CtVgCD90R1
CtVgCD90R1_AACGTTGCAGCGATCC-1,CtVgCD90R1
CtVgCD90R1_AACGTTGTCCAACCAA-1,CtVgCD90R1
CtVgCD90R1_AACGTTGTCTCAAGTG-1,CtVgCD90R1
CtVgCD90R1_AACTCAGAGATCACGG-1,CtVgCD90R1
CtVgCD90R1_AACTCAGAGCGTGTCC-1,CtVgCD90R1
CtVgCD90R1_AACTCAGAGGGCACTA-1,CtVgCD90R1
CtVgCD90R1_AACTCAGAGTGCCAGA-1,CtVgCD90R1
CtVgCD90R1_AACTCAGAGTGCGATG-1,CtVgCD90R1
CtVgCD90R1_AACTCAGAGTGGACGT-1,CtVgCD90R1
CtVgCD90R1_AACTCAGGTACCGCTG-1,CtVgCD90R1
CtVgCD90R1_AACTCAGGTAGCTAAA-1,CtVgCD90R1
CtVgCD90R1_AACTCAGGTGCATCTA-1,CtVgCD90R1
CtVgCD90R1_AACTCAGTCGGAGCAA-1,CtVgCD90R1
CtVgCD90R1_AACTCAGTCTCTGAGA-1,CtVgCD90R1
CtVgCD90R1_AACTCAGTCTCTGCTG-1,CtVgCD90R1
CtVgCD90R1_AACTCCCAGAGACTAT-1,CtVgCD90R1
CtVgCD90R1_AACTCCCAGGATGTAT-1,CtVgCD90R1
CtVgCD90R1_AACTCCCCACCGAAAG-1,CtVgCD90R1
CtVgCD90R1_AACTCCCCACGAGGTA-1,CtVgCD90R1
CtVgCD90R1_AACTCCCGTATTCGTG-1,CtVgCD90R1
CtVgCD90R1_AACTCCCGTCCAGTAT-1,CtVgCD90R1
CtVgCD90R1_AACTCCCGTCCAGTGC-1,CtVgCD90R1
CtVgCD90R1_AACTCCCGTCGCATCG-1,CtVgCD90R1
CtVgCD90R1_AACTCCCGTTAGTGGG-1,CtVgCD90R1
CtVgCD90R1_AACTCCCGTTCACGGC-1,CtVgCD90R1
CtVgCD90R1_AACTCCCTCACCATAG-1,CtVgCD90R1
CtVgCD90R1_AACTCCCTCTACTCAT-1,CtVgCD90R1
CtVgCD90R1_AACTCTTCATTGCGGC-1,CtVgCD90R1
CtVgCD90R1_AACTCTTGTACAGCAG-1,CtVgCD90R1
CtVgCD90R1_AACTCTTGTCTCTCTG-1,CtVgCD90R1
CtVgCD90R1_AACTCTTGTGCTAGCC-1,CtVgCD90R1
CtVgCD90R1_AACTCTTTCACCGTAA-1,CtVgCD90R1
CtVgCD90R1_AACTCTTTCATCTGTT-1,CtVgCD90R1
CtVgCD90R1_AACTCTTTCCCGACTT-1,CtVgCD90R1
CtVgCD90R1_AACTCTTTCTCTTGAT-1,CtVgCD90R1
CtVgCD90R1_AACTCTTTCTGCAGTA-1,CtVgCD90R1
CtVgCD90R1_AACTCTTTCTGCTGCT-1,CtVgCD90R1
CtVgCD90R1_AACTCTTTCTTACCTA-1,CtVgCD90R1
CtVgCD90R1_AACTGGTAGAAACGCC-1,CtVgCD90R1
CtVgCD90R1_AACTGGTAGATATGCA-1,CtVgCD90R1
CtVgCD90R1_AACTGGTAGTAGGTGC-1,CtVgCD90R1
CtVgCD90R1_AACTGGTAGTTGTAGA-1,CtVgCD90R1
CtVgCD90R1_AACTGGTCAATGGAGC-1,CtVgCD90R1
CtVgCD90R1_AACTGGTCACATGTGT-1,CtVgCD90R1
CtVgCD90R1_AACTGGTCAGGTCCAC-1,CtVgCD90R1
CtVgCD90R1_AACTGGTCATACTACG-1,CtVgCD90R1
CtVgCD90R1_AACTGGTCATGTAAGA-1,CtVgCD90R1
CtVgCD90R1_AACTGGTGTCGACTGC-1,CtVgCD90R1
CtVgCD90R1_AACTGGTGTCTTTCAT-1,CtVgCD90R1
CtVgCD90R1_AACTGGTGTGCAGTAG-1,CtVgCD90R1
CtVgCD90R1_AACTGGTGTTTACTCT-1,CtVgCD90R1
CtVgCD90R1_AACTGGTTCTGGTATG-1,CtVgCD90R1
CtVgCD90R1_AACTTTCAGCTTTGGT-1,CtVgCD90R1
CtVgCD90R1_AACTTTCCACAAGTAA-1,CtVgCD90R1
CtVgCD90R1_AACTTTCCACCATGTA-1,CtVgCD90R1
CtVgCD90R1_AACTTTCCATGGGAAC-1,CtVgCD90R1
CtVgCD90R1_AACTTTCCATGGTAGG-1,CtVgCD90R1
CtVgCD90R1_AACTTTCCATTAACCG-1,CtVgCD90R1
CtVgCD90R1_AACTTTCGTAAAGGAG-1,CtVgCD90R1
CtVgCD90R1_AACTTTCGTCGAGTTT-1,CtVgCD90R1
CtVgCD90R1_AACTTTCTCAAACCAC-1,CtVgCD90R1
CtVgCD90R1_AACTTTCTCACCGGGT-1,CtVgCD90R1
CtVgCD90R1_AACTTTCTCTAGCACA-1,CtVgCD90R1
CtVgCD90R1_AAGACCTAGACCGGAT-1,CtVgCD90R1
CtVgCD90R1_AAGACCTCAGCAGTTT-1,CtVgCD90R1
CtVgCD90R1_AAGACCTCATAGAAAC-1,CtVgCD90R1
CtVgCD90R1_AAGACCTGTAGCGTCC-1,CtVgCD90R1
CtVgCD90R1_AAGACCTGTGTCCTCT-1,CtVgCD90R1
CtVgCD90R1_AAGACCTTCGATCCCT-1,CtVgCD90R1
CtVgCD90R1_AAGACCTTCTCTTATG-1,CtVgCD90R1
CtVgCD90R1_AAGACCTTCTTGACGA-1,CtVgCD90R1
CtVgCD90R1_AAGCCGCAGACCTAGG-1,CtVgCD90R1
CtVgCD90R1_AAGCCGCAGACTAGAT-1,CtVgCD90R1
CtVgCD90R1_AAGCCGCAGAGGTACC-1,CtVgCD90R1
CtVgCD90R1_AAGCCGCAGGTGACCA-1,CtVgCD90R1
CtVgCD90R1_AAGCCGCAGTTCGCGC-1,CtVgCD90R1
CtVgCD90R1_AAGCCGCCATGCAACT-1,CtVgCD90R1
CtVgCD90R1_AAGCCGCGTAGGAGTC-1,CtVgCD90R1
CtVgCD90R1_AAGCCGCGTCCGAGTC-1,CtVgCD90R1
CtVgCD90R1_AAGCCGCGTCTTGTCC-1,CtVgCD90R1
CtVgCD90R1_AAGCCGCGTGGTACAG-1,CtVgCD90R1
CtVgCD90R1_AAGCCGCGTTTCCACC-1,CtVgCD90R1
CtVgCD90R1_AAGGAGCAGGTGATAT-1,CtVgCD90R1
CtVgCD90R1_AAGGAGCCACTAGTAC-1,CtVgCD90R1
CtVgCD90R1_AAGGAGCCACTGTCGG-1,CtVgCD90R1
CtVgCD90R1_AAGGAGCCATATACCG-1,CtVgCD90R1
CtVgCD90R1_AAGGAGCGTAGCGTGA-1,CtVgCD90R1
CtVgCD90R1_AAGGAGCTCGTACGGC-1,CtVgCD90R1
CtVgCD90R1_AAGGAGCTCTCCAACC-1,CtVgCD90R1
CtVgCD90R1_AAGGAGCTCTGCTGCT-1,CtVgCD90R1
CtVgCD90R1_AAGGCAGAGAGCCCAA-1,CtVgCD90R1
CtVgCD90R1_AAGGCAGCAAATACAG-1,CtVgCD90R1
CtVgCD90R1_AAGGCAGCACAACGCC-1,CtVgCD90R1
CtVgCD90R1_AAGGCAGCACGGTAGA-1,CtVgCD90R1
CtVgCD90R1_AAGGCAGGTAGGGACT-1,CtVgCD90R1
CtVgCD90R1_AAGGCAGGTATGAATG-1,CtVgCD90R1
CtVgCD90R1_AAGGCAGGTCAGAAGC-1,CtVgCD90R1
CtVgCD90R1_AAGGCAGGTCATTAGC-1,CtVgCD90R1
CtVgCD90R1_AAGGCAGGTCTTTCAT-1,CtVgCD90R1
CtVgCD90R1_AAGGCAGTCAACGGCC-1,CtVgCD90R1
CtVgCD90R1_AAGGTTCAGGCATTGG-1,CtVgCD90R1
CtVgCD90R1_AAGGTTCAGGTGCAAC-1,CtVgCD90R1
CtVgCD90R1_AAGGTTCCACGACGAA-1,CtVgCD90R1
CtVgCD90R1_AAGGTTCCATCAGTAC-1,CtVgCD90R1
CtVgCD90R1_AAGGTTCCATGAAGTA-1,CtVgCD90R1
CtVgCD90R1_AAGGTTCCATTGTGCA-1,CtVgCD90R1
CtVgCD90R1_AAGGTTCGTCTAAAGA-1,CtVgCD90R1
CtVgCD90R1_AAGGTTCGTGAGGCTA-1,CtVgCD90R1
CtVgCD90R1_AAGGTTCGTTAAAGTG-1,CtVgCD90R1
CtVgCD90R1_AAGGTTCTCCTGTAGA-1,CtVgCD90R1
CtVgCD90R1_AAGGTTCTCTCAACTT-1,CtVgCD90R1
CtVgCD90R1_AAGTCTGAGGATTCGG-1,CtVgCD90R1
CtVgCD90R1_AAGTCTGAGTCAATAG-1,CtVgCD90R1
CtVgCD90R1_AAGTCTGCAATAAGCA-1,CtVgCD90R1
CtVgCD90R1_AAGTCTGGTCACTGGC-1,CtVgCD90R1
CtVgCD90R1_AAGTCTGGTGTGACCC-1,CtVgCD90R1
CtVgCD90R1_AAGTCTGTCCTGCTTG-1,CtVgCD90R1
CtVgCD90R1_AAGTCTGTCGTCCGTT-1,CtVgCD90R1
CtVgCD90R1_AAGTCTGTCTAGCACA-1,CtVgCD90R1
CtVgCD90R1_AAGTCTGTCTATCCCG-1,CtVgCD90R1
CtVgCD90R1_AAGTCTGTCTGAAAGA-1,CtVgCD90R1
CtVgCD90R1_AATCCAGAGAGAACAG-1,CtVgCD90R1
CtVgCD90R1_AATCCAGAGGTCATCT-1,CtVgCD90R1
CtVgCD90R1_AATCCAGCACTGTCGG-1,CtVgCD90R1
CtVgCD90R1_AATCCAGCAGATTGCT-1,CtVgCD90R1
CtVgCD90R1_AATCCAGGTTATCGGT-1,CtVgCD90R1
CtVgCD90R1_AATCCAGGTTCACGGC-1,CtVgCD90R1
CtVgCD90R1_AATCCAGTCACCGTAA-1,CtVgCD90R1
CtVgCD90R1_AATCCAGTCCTATTCA-1,CtVgCD90R1
CtVgCD90R1_AATCCAGTCTGGTTCC-1,CtVgCD90R1
CtVgCD90R1_AATCCAGTCTGTACGA-1,CtVgCD90R1
CtVgCD90R1_AATCGGTAGACACGAC-1,CtVgCD90R1
CtVgCD90R1_AATCGGTAGTGCTGCC-1,CtVgCD90R1
CtVgCD90R1_AATCGGTAGTTGCAGG-1,CtVgCD90R1
CtVgCD90R1_AATCGGTCAGCGTAAG-1,CtVgCD90R1
CtVgCD90R1_AATCGGTGTACAGTGG-1,CtVgCD90R1
CtVgCD90R1_AATCGGTGTAGGCTGA-1,CtVgCD90R1
CtVgCD90R1_AATCGGTGTCAGAAGC-1,CtVgCD90R1
CtVgCD90R1_AATCGGTGTTAGTGGG-1,CtVgCD90R1
CtVgCD90R1_AATCGGTTCGATAGAA-1,CtVgCD90R1
CtVgCD90R1_AATCGGTTCGGACAAG-1,CtVgCD90R1
CtVgCD90R1_ACACCAACAGCCTATA-1,CtVgCD90R1
CtVgCD90R1_ACACCAAGTGACGCCT-1,CtVgCD90R1
CtVgCD90R1_ACACCAAGTGGTGTAG-1,CtVgCD90R1
CtVgCD90R1_ACACCAATCGCCTGTT-1,CtVgCD90R1
CtVgCD90R1_ACACCAATCGGATGTT-1,CtVgCD90R1
CtVgCD90R1_ACACCAATCGTACGGC-1,CtVgCD90R1
CtVgCD90R1_ACACCAATCTCTGAGA-1,CtVgCD90R1
CtVgCD90R1_ACACCAATCTCTGCTG-1,CtVgCD90R1
CtVgCD90R1_ACACCAATCTTCTGGC-1,CtVgCD90R1
CtVgCD90R1_ACACCCTAGAGTGACC-1,CtVgCD90R1
CtVgCD90R1_ACACCCTAGCGTCTAT-1,CtVgCD90R1
CtVgCD90R1_ACACCCTCAAGCTGAG-1,CtVgCD90R1
CtVgCD90R1_ACACCCTCAGCGAACA-1,CtVgCD90R1
CtVgCD90R1_ACACCCTCATTCTCAT-1,CtVgCD90R1
CtVgCD90R1_ACACCCTGTACTTCTT-1,CtVgCD90R1
CtVgCD90R1_ACACCCTGTATCACCA-1,CtVgCD90R1
CtVgCD90R1_ACACCCTGTCGACTGC-1,CtVgCD90R1
CtVgCD90R1_ACACCCTGTCGATTGT-1,CtVgCD90R1
CtVgCD90R1_ACACCCTTCCGCGGTA-1,CtVgCD90R1
CtVgCD90R1_ACACCCTTCTAACCGA-1,CtVgCD90R1
CtVgCD90R1_ACACCGGAGAGGACGG-1,CtVgCD90R1
CtVgCD90R1_ACACCGGAGATGTCGG-1,CtVgCD90R1
CtVgCD90R1_ACACCGGCAAAGTCAA-1,CtVgCD90R1
CtVgCD90R1_ACACCGGCAATCGGTT-1,CtVgCD90R1
CtVgCD90R1_ACACCGGCAGGCTGAA-1,CtVgCD90R1
CtVgCD90R1_ACACCGGGTAGCGTAG-1,CtVgCD90R1
CtVgCD90R1_ACACCGGTCATGCATG-1,CtVgCD90R1
CtVgCD90R1_ACACCGGTCCTATGTT-1,CtVgCD90R1
CtVgCD90R1_ACACCGGTCGCAAACT-1,CtVgCD90R1
CtVgCD90R1_ACACCGGTCTCCAGGG-1,CtVgCD90R1
CtVgCD90R1_ACACTGAAGAGACTAT-1,CtVgCD90R1
CtVgCD90R1_ACACTGAAGAGCCTAG-1,CtVgCD90R1
CtVgCD90R1_ACACTGAAGGAGCGTT-1,CtVgCD90R1
CtVgCD90R1_ACACTGAAGTAGATGT-1,CtVgCD90R1
CtVgCD90R1_ACACTGAAGTGAAGAG-1,CtVgCD90R1
CtVgCD90R1_ACACTGAGTAGGCATG-1,CtVgCD90R1
CtVgCD90R1_ACACTGAGTCTGATCA-1,CtVgCD90R1
CtVgCD90R1_ACACTGAGTGAGGCTA-1,CtVgCD90R1
CtVgCD90R1_ACACTGAGTGTTGGGA-1,CtVgCD90R1
CtVgCD90R1_ACACTGAGTTACGCGC-1,CtVgCD90R1
CtVgCD90R1_ACACTGAGTTGTCTTT-1,CtVgCD90R1
CtVgCD90R1_ACACTGATCGCTTAGA-1,CtVgCD90R1
CtVgCD90R1_ACACTGATCGTCACGG-1,CtVgCD90R1
CtVgCD90R1_ACACTGATCTAACTTC-1,CtVgCD90R1
CtVgCD90R1_ACACTGATCTCTAAGG-1,CtVgCD90R1
CtVgCD90R1_ACACTGATCTTGACGA-1,CtVgCD90R1
CtVgCD90R1_ACAGCCGAGTGCAAGC-1,CtVgCD90R1
CtVgCD90R1_ACAGCCGCAATAGAGT-1,CtVgCD90R1
CtVgCD90R1_ACAGCCGGTAATCACC-1,CtVgCD90R1
CtVgCD90R1_ACAGCCGGTCGAGATG-1,CtVgCD90R1
CtVgCD90R1_ACAGCCGGTGTAAGTA-1,CtVgCD90R1
CtVgCD90R1_ACAGCCGTCCTCTAGC-1,CtVgCD90R1
CtVgCD90R1_ACAGCCGTCTTCATGT-1,CtVgCD90R1
CtVgCD90R1_ACAGCTAAGAAGGTGA-1,CtVgCD90R1
CtVgCD90R1_ACAGCTAAGCACGCCT-1,CtVgCD90R1
CtVgCD90R1_ACAGCTAAGCTGTCTA-1,CtVgCD90R1
CtVgCD90R1_ACAGCTAAGTGGGCTA-1,CtVgCD90R1
CtVgCD90R1_ACAGCTAAGTTCGCAT-1,CtVgCD90R1
CtVgCD90R1_ACAGCTACAATACGCT-1,CtVgCD90R1
CtVgCD90R1_ACAGCTACACGCCAGT-1,CtVgCD90R1
CtVgCD90R1_ACAGCTACATCCTTGC-1,CtVgCD90R1
CtVgCD90R1_ACAGCTAGTCCAGTGC-1,CtVgCD90R1
CtVgCD90R1_ACAGCTAGTCGAACAG-1,CtVgCD90R1
CtVgCD90R1_ACAGCTAGTCGTTGTA-1,CtVgCD90R1
CtVgCD90R1_ACAGCTATCACCCGAG-1,CtVgCD90R1
CtVgCD90R1_ACATACGAGCGCCTTG-1,CtVgCD90R1
CtVgCD90R1_ACATACGAGTCGAGTG-1,CtVgCD90R1
CtVgCD90R1_ACATACGAGTGTCTCA-1,CtVgCD90R1
CtVgCD90R1_ACATACGCAACGATGG-1,CtVgCD90R1
CtVgCD90R1_ACATACGGTCTAGAGG-1,CtVgCD90R1
CtVgCD90R1_ACATACGGTCTTCTCG-1,CtVgCD90R1
CtVgCD90R1_ACATACGTCAAACCAC-1,CtVgCD90R1
CtVgCD90R1_ACATACGTCCTTGCCA-1,CtVgCD90R1
CtVgCD90R1_ACATCAGAGAGACTTA-1,CtVgCD90R1
CtVgCD90R1_ACATCAGAGTCCCACG-1,CtVgCD90R1
CtVgCD90R1_ACATCAGCAAGTCTGT-1,CtVgCD90R1
CtVgCD90R1_ACATCAGCAGCCAATT-1,CtVgCD90R1
CtVgCD90R1_ACATCAGCAGTATGCT-1,CtVgCD90R1
CtVgCD90R1_ACATCAGGTATAGGGC-1,CtVgCD90R1
CtVgCD90R1_ACATCAGGTCTGGTCG-1,CtVgCD90R1
CtVgCD90R1_ACATCAGGTTAGGGTG-1,CtVgCD90R1
CtVgCD90R1_ACATCAGGTTATGCGT-1,CtVgCD90R1
CtVgCD90R1_ACATCAGGTTCCACAA-1,CtVgCD90R1
CtVgCD90R1_ACATGGTAGAGTAATC-1,CtVgCD90R1
CtVgCD90R1_ACATGGTAGCTACCTA-1,CtVgCD90R1
CtVgCD90R1_ACATGGTAGCTCAACT-1,CtVgCD90R1
CtVgCD90R1_ACATGGTAGGCATGTG-1,CtVgCD90R1
CtVgCD90R1_ACATGGTAGTACACCT-1,CtVgCD90R1
CtVgCD90R1_ACATGGTCAGATCCAT-1,CtVgCD90R1
CtVgCD90R1_ACATGGTCAGTCGTGC-1,CtVgCD90R1
CtVgCD90R1_ACATGGTCATACTCTT-1,CtVgCD90R1
CtVgCD90R1_ACATGGTCATCGGAAG-1,CtVgCD90R1
CtVgCD90R1_ACATGGTTCAACACCA-1,CtVgCD90R1
CtVgCD90R1_ACATGGTTCTGCGGCA-1,CtVgCD90R1
CtVgCD90R1_ACCAGTAAGAGACTTA-1,CtVgCD90R1
CtVgCD90R1_ACCAGTAAGGTGATTA-1,CtVgCD90R1
CtVgCD90R1_ACCAGTAAGTCAATAG-1,CtVgCD90R1
CtVgCD90R1_ACCAGTAAGTGCTGCC-1,CtVgCD90R1
CtVgCD90R1_ACCAGTACAAGCCGCT-1,CtVgCD90R1
CtVgCD90R1_ACCAGTACACATCCAA-1,CtVgCD90R1
CtVgCD90R1_ACCAGTACACCGAAAG-1,CtVgCD90R1
CtVgCD90R1_ACCAGTACAGCTGTTA-1,CtVgCD90R1
CtVgCD90R1_ACCAGTAGTGTGTGCC-1,CtVgCD90R1
CtVgCD90R1_ACCAGTAGTTCCGTCT-1,CtVgCD90R1
CtVgCD90R1_ACCAGTATCACTTACT-1,CtVgCD90R1
CtVgCD90R1_ACCAGTATCGGATGTT-1,CtVgCD90R1
CtVgCD90R1_ACCAGTATCGTCCGTT-1,CtVgCD90R1
CtVgCD90R1_ACCAGTATCTAAGCCA-1,CtVgCD90R1
CtVgCD90R1_ACCAGTATCTATCGCC-1,CtVgCD90R1
CtVgCD90R1_ACCCACTAGCCCAATT-1,CtVgCD90R1
CtVgCD90R1_ACCCACTAGCGATAGC-1,CtVgCD90R1
CtVgCD90R1_ACCCACTAGCTGCCCA-1,CtVgCD90R1
CtVgCD90R1_ACCCACTCAAGCGAGT-1,CtVgCD90R1
CtVgCD90R1_ACCCACTCATGCAATC-1,CtVgCD90R1
CtVgCD90R1_ACCCACTGTAATCGTC-1,CtVgCD90R1
CtVgCD90R1_ACCCACTTCATTGCCC-1,CtVgCD90R1
CtVgCD90R1_ACCCACTTCCGAACGC-1,CtVgCD90R1
CtVgCD90R1_ACCCACTTCCGAATGT-1,CtVgCD90R1
CtVgCD90R1_ACCCACTTCGAGGTAG-1,CtVgCD90R1
CtVgCD90R1_ACCCACTTCGGTCTAA-1,CtVgCD90R1
CtVgCD90R1_ACCGTAAAGAAGAAGC-1,CtVgCD90R1
CtVgCD90R1_ACCGTAAAGCCGTCGT-1,CtVgCD90R1
CtVgCD90R1_ACCGTAAAGGATGGAA-1,CtVgCD90R1
CtVgCD90R1_ACCGTAAAGGTGCTTT-1,CtVgCD90R1
CtVgCD90R1_ACCGTAACACCGGAAA-1,CtVgCD90R1
CtVgCD90R1_ACCGTAAGTTCGAATC-1,CtVgCD90R1
CtVgCD90R1_ACCGTAATCCATGAGT-1,CtVgCD90R1
CtVgCD90R1_ACCGTAATCTAAGCCA-1,CtVgCD90R1
CtVgCD90R1_ACCTTTAAGGAGTCTG-1,CtVgCD90R1
CtVgCD90R1_ACCTTTAAGTAGCCGA-1,CtVgCD90R1
CtVgCD90R1_ACCTTTAAGTGCAAGC-1,CtVgCD90R1
CtVgCD90R1_ACCTTTACAAGCGCTC-1,CtVgCD90R1
CtVgCD90R1_ACCTTTACACCAGGTC-1,CtVgCD90R1
CtVgCD90R1_ACCTTTACAGTAAGAT-1,CtVgCD90R1
CtVgCD90R1_ACCTTTACATCACCCT-1,CtVgCD90R1
CtVgCD90R1_ACCTTTACATCGGAAG-1,CtVgCD90R1
CtVgCD90R1_ACCTTTACATGAACCT-1,CtVgCD90R1
CtVgCD90R1_ACCTTTAGTAGTACCT-1,CtVgCD90R1
CtVgCD90R1_ACCTTTAGTTTGCATG-1,CtVgCD90R1
CtVgCD90R1_ACCTTTATCTCGCTTG-1,CtVgCD90R1
CtVgCD90R1_ACCTTTATCTTGCCGT-1,CtVgCD90R1
CtVgCD90R1_ACGAGCCAGGAGTTTA-1,CtVgCD90R1
CtVgCD90R1_ACGAGCCCACCACGTG-1,CtVgCD90R1
CtVgCD90R1_ACGAGCCCACGCATCG-1,CtVgCD90R1
CtVgCD90R1_ACGAGCCCAGTATGCT-1,CtVgCD90R1
CtVgCD90R1_ACGAGCCGTCCCTACT-1,CtVgCD90R1
CtVgCD90R1_ACGAGCCGTCTGATTG-1,CtVgCD90R1
CtVgCD90R1_ACGAGCCTCGATGAGG-1,CtVgCD90R1
CtVgCD90R1_ACGAGCCTCGGACAAG-1,CtVgCD90R1
CtVgCD90R1_ACGAGCCTCTTTAGGG-1,CtVgCD90R1
CtVgCD90R1_ACGAGGACAAGCGCTC-1,CtVgCD90R1
CtVgCD90R1_ACGAGGACATAGTAAG-1,CtVgCD90R1
CtVgCD90R1_ACGAGGACATGCAACT-1,CtVgCD90R1
CtVgCD90R1_ACGAGGACATGGGAAC-1,CtVgCD90R1
CtVgCD90R1_ACGAGGAGTAAATGTG-1,CtVgCD90R1
CtVgCD90R1_ACGAGGAGTGAGGGTT-1,CtVgCD90R1
CtVgCD90R1_ACGAGGATCCGGCACA-1,CtVgCD90R1
CtVgCD90R1_ACGAGGATCTACGAGT-1,CtVgCD90R1
CtVgCD90R1_ACGATACAGCGTTCCG-1,CtVgCD90R1
CtVgCD90R1_ACGATACAGGCACATG-1,CtVgCD90R1
CtVgCD90R1_ACGATACAGTGCAAGC-1,CtVgCD90R1
CtVgCD90R1_ACGATACCAACACCCG-1,CtVgCD90R1
CtVgCD90R1_ACGATACGTAGCGTCC-1,CtVgCD90R1
CtVgCD90R1_ACGATACGTCTTGCGG-1,CtVgCD90R1
CtVgCD90R1_ACGATACTCCACGTTC-1,CtVgCD90R1
CtVgCD90R1_ACGATACTCCAGTAGT-1,CtVgCD90R1
CtVgCD90R1_ACGATACTCGTCGTTC-1,CtVgCD90R1
CtVgCD90R1_ACGATACTCTGCGGCA-1,CtVgCD90R1
CtVgCD90R1_ACGATGTAGGTACTCT-1,CtVgCD90R1
CtVgCD90R1_ACGATGTCACAGAGGT-1,CtVgCD90R1
CtVgCD90R1_ACGATGTCATGTCGAT-1,CtVgCD90R1
CtVgCD90R1_ACGATGTGTTGTACAC-1,CtVgCD90R1
CtVgCD90R1_ACGATGTTCCCACTTG-1,CtVgCD90R1
CtVgCD90R1_ACGATGTTCCGTTGTC-1,CtVgCD90R1
CtVgCD90R1_ACGCAGCCACGGCCAT-1,CtVgCD90R1
CtVgCD90R1_ACGCAGCGTCTGATCA-1,CtVgCD90R1
CtVgCD90R1_ACGCAGCGTTCAACCA-1,CtVgCD90R1
CtVgCD90R1_ACGCAGCGTTCTCATT-1,CtVgCD90R1
CtVgCD90R1_ACGCAGCTCAACACCA-1,CtVgCD90R1
CtVgCD90R1_ACGCAGCTCAACCAAC-1,CtVgCD90R1
CtVgCD90R1_ACGCAGCTCGAATGCT-1,CtVgCD90R1
CtVgCD90R1_ACGCAGCTCTAACCGA-1,CtVgCD90R1
CtVgCD90R1_ACGCCAGAGAGTACAT-1,CtVgCD90R1
CtVgCD90R1_ACGCCAGAGTGTTTGC-1,CtVgCD90R1
CtVgCD90R1_ACGCCAGCATAAGACA-1,CtVgCD90R1
CtVgCD90R1_ACGCCAGCATCATCCC-1,CtVgCD90R1
CtVgCD90R1_ACGCCAGCATCCAACA-1,CtVgCD90R1
CtVgCD90R1_ACGCCAGGTAGCTGCC-1,CtVgCD90R1
CtVgCD90R1_ACGCCAGGTTAGGGTG-1,CtVgCD90R1
CtVgCD90R1_ACGCCAGTCCCAAGTA-1,CtVgCD90R1
CtVgCD90R1_ACGCCGAAGGAATTAC-1,CtVgCD90R1
CtVgCD90R1_ACGCCGACACCAACCG-1,CtVgCD90R1
CtVgCD90R1_ACGCCGACACTGTTAG-1,CtVgCD90R1
CtVgCD90R1_ACGCCGACACTTCTGC-1,CtVgCD90R1
CtVgCD90R1_ACGCCGACATAACCTG-1,CtVgCD90R1
CtVgCD90R1_ACGCCGACATACAGCT-1,CtVgCD90R1
CtVgCD90R1_ACGCCGAGTATGCTTG-1,CtVgCD90R1
CtVgCD90R1_ACGCCGAGTCCATGAT-1,CtVgCD90R1
CtVgCD90R1_ACGCCGATCAACGAAA-1,CtVgCD90R1
CtVgCD90R1_ACGCCGATCGTTACAG-1,CtVgCD90R1
CtVgCD90R1_ACGGAGAAGCGAAGGG-1,CtVgCD90R1
CtVgCD90R1_ACGGAGAAGGCTATCT-1,CtVgCD90R1
CtVgCD90R1_ACGGAGACAGCCAGAA-1,CtVgCD90R1
CtVgCD90R1_ACGGAGAGTAGGCATG-1,CtVgCD90R1
CtVgCD90R1_ACGGAGATCCGTACAA-1,CtVgCD90R1
CtVgCD90R1_ACGGAGATCGGAAATA-1,CtVgCD90R1
CtVgCD90R1_ACGGAGATCGGAGCAA-1,CtVgCD90R1
CtVgCD90R1_ACGGAGATCTAAGCCA-1,CtVgCD90R1
CtVgCD90R1_ACGGAGATCTGGTGTA-1,CtVgCD90R1
CtVgCD90R1_ACGGCCAAGATAGCAT-1,CtVgCD90R1
CtVgCD90R1_ACGGCCAAGCGCTCCA-1,CtVgCD90R1
CtVgCD90R1_ACGGCCACAGCCACCA-1,CtVgCD90R1
CtVgCD90R1_ACGGCCACATTCTTAC-1,CtVgCD90R1
CtVgCD90R1_ACGGCCAGTATAAACG-1,CtVgCD90R1
CtVgCD90R1_ACGGCCAGTATCGCAT-1,CtVgCD90R1
CtVgCD90R1_ACGGCCAGTCATTAGC-1,CtVgCD90R1
CtVgCD90R1_ACGGCCAGTTACGCGC-1,CtVgCD90R1
CtVgCD90R1_ACGGCCATCCTTGACC-1,CtVgCD90R1
CtVgCD90R1_ACGGCCATCGTGGTCG-1,CtVgCD90R1
CtVgCD90R1_ACGGCCATCTCGAGTA-1,CtVgCD90R1
CtVgCD90R1_ACGGGCTAGGCAAAGA-1,CtVgCD90R1
CtVgCD90R1_ACGGGCTCAGTGGAGT-1,CtVgCD90R1
CtVgCD90R1_ACGGGCTGTATTAGCC-1,CtVgCD90R1
CtVgCD90R1_ACGGGCTTCACAGGCC-1,CtVgCD90R1
CtVgCD90R1_ACGGGCTTCTATCGCC-1,CtVgCD90R1
CtVgCD90R1_ACGGGTCAGTTCGCAT-1,CtVgCD90R1
CtVgCD90R1_ACGGGTCCAAACTGCT-1,CtVgCD90R1
CtVgCD90R1_ACGGGTCCAAGTACCT-1,CtVgCD90R1
CtVgCD90R1_ACGGGTCCACACGCTG-1,CtVgCD90R1
CtVgCD90R1_ACGGGTCCAGTACACT-1,CtVgCD90R1
CtVgCD90R1_ACGGGTCGTAGTACCT-1,CtVgCD90R1
CtVgCD90R1_ACGGGTCGTATAGGTA-1,CtVgCD90R1
CtVgCD90R1_ACGGGTCGTCAGAAGC-1,CtVgCD90R1
CtVgCD90R1_ACGGGTCTCAAAGTAG-1,CtVgCD90R1
CtVgCD90R1_ACGGGTCTCCTTGCCA-1,CtVgCD90R1
CtVgCD90R1_ACGGGTCTCGAACTGT-1,CtVgCD90R1
CtVgCD90R1_ACGGGTCTCGTTTGCC-1,CtVgCD90R1
CtVgCD90R1_ACGTCAACAGGGATTG-1,CtVgCD90R1
CtVgCD90R1_ACGTCAAGTAAGGGAA-1,CtVgCD90R1
CtVgCD90R1_ACGTCAATCTGGTATG-1,CtVgCD90R1
CtVgCD90R1_ACTATCTAGAGTACAT-1,CtVgCD90R1
CtVgCD90R1_ACTATCTAGATATGCA-1,CtVgCD90R1
CtVgCD90R1_ACTATCTAGATCCCAT-1,CtVgCD90R1
CtVgCD90R1_ACTATCTAGATCCGAG-1,CtVgCD90R1
CtVgCD90R1_ACTATCTAGTAGGTGC-1,CtVgCD90R1
CtVgCD90R1_ACTATCTCAATGGACG-1,CtVgCD90R1
CtVgCD90R1_ACTATCTCATTCCTGC-1,CtVgCD90R1
CtVgCD90R1_ACTATCTGTCTCAACA-1,CtVgCD90R1
CtVgCD90R1_ACTATCTGTCTCTCGT-1,CtVgCD90R1
CtVgCD90R1_ACTATCTTCATGTCCC-1,CtVgCD90R1
CtVgCD90R1_ACTATCTTCGGATGTT-1,CtVgCD90R1
CtVgCD90R1_ACTATCTTCGGCGCAT-1,CtVgCD90R1
CtVgCD90R1_ACTGAACAGCCACCTG-1,CtVgCD90R1
CtVgCD90R1_ACTGAACCACTTCTGC-1,CtVgCD90R1
CtVgCD90R1_ACTGAACCATCGATGT-1,CtVgCD90R1
CtVgCD90R1_ACTGAACGTCGCTTCT-1,CtVgCD90R1
CtVgCD90R1_ACTGAACGTTACAGAA-1,CtVgCD90R1
CtVgCD90R1_ACTGAACGTTTGTTGG-1,CtVgCD90R1
CtVgCD90R1_ACTGAACTCTGATACG-1,CtVgCD90R1
CtVgCD90R1_ACTGAACTCTTGAGGT-1,CtVgCD90R1
CtVgCD90R1_ACTGAGTAGATGTTAG-1,CtVgCD90R1
CtVgCD90R1_ACTGAGTAGCTGATAA-1,CtVgCD90R1
CtVgCD90R1_ACTGAGTAGCTTTGGT-1,CtVgCD90R1
CtVgCD90R1_ACTGAGTAGGTAGCCA-1,CtVgCD90R1
CtVgCD90R1_ACTGAGTCACCCATTC-1,CtVgCD90R1
CtVgCD90R1_ACTGAGTCAGTTCCCT-1,CtVgCD90R1
CtVgCD90R1_ACTGAGTGTATAGTAG-1,CtVgCD90R1
CtVgCD90R1_ACTGAGTGTCCCTTGT-1,CtVgCD90R1
CtVgCD90R1_ACTGAGTGTCGTGGCT-1,CtVgCD90R1
CtVgCD90R1_ACTGAGTGTCTAGCGC-1,CtVgCD90R1
CtVgCD90R1_ACTGAGTGTGGTGTAG-1,CtVgCD90R1
CtVgCD90R1_ACTGAGTTCGATGAGG-1,CtVgCD90R1
CtVgCD90R1_ACTGATGAGACTGGGT-1,CtVgCD90R1
CtVgCD90R1_ACTGATGAGTGCAAGC-1,CtVgCD90R1
CtVgCD90R1_ACTGATGCAAGTAATG-1,CtVgCD90R1
CtVgCD90R1_ACTGATGCAGGCTGAA-1,CtVgCD90R1
CtVgCD90R1_ACTGATGCAGTAGAGC-1,CtVgCD90R1
CtVgCD90R1_ACTGATGGTAACGTTC-1,CtVgCD90R1
CtVgCD90R1_ACTGATGGTACGACCC-1,CtVgCD90R1
CtVgCD90R1_ACTGATGTCATCGCTC-1,CtVgCD90R1
CtVgCD90R1_ACTGATGTCCTTCAAT-1,CtVgCD90R1
CtVgCD90R1_ACTGCTCAGAGTAATC-1,CtVgCD90R1
CtVgCD90R1_ACTGCTCAGCTCAACT-1,CtVgCD90R1
CtVgCD90R1_ACTGCTCAGGTGATTA-1,CtVgCD90R1
CtVgCD90R1_ACTGCTCCAGCTATTG-1,CtVgCD90R1
CtVgCD90R1_ACTGCTCCATATGGTC-1,CtVgCD90R1
CtVgCD90R1_ACTGCTCCATTAGGCT-1,CtVgCD90R1
CtVgCD90R1_ACTGCTCGTCTAAAGA-1,CtVgCD90R1
CtVgCD90R1_ACTGCTCTCACTATTC-1,CtVgCD90R1
CtVgCD90R1_ACTGCTCTCAGATAAG-1,CtVgCD90R1
CtVgCD90R1_ACTGCTCTCATCGGAT-1,CtVgCD90R1
CtVgCD90R1_ACTGCTCTCCTTTCGG-1,CtVgCD90R1
CtVgCD90R1_ACTGCTCTCGGAAATA-1,CtVgCD90R1
CtVgCD90R1_ACTGCTCTCGTCTGAA-1,CtVgCD90R1
CtVgCD90R1_ACTGCTCTCTGCGACG-1,CtVgCD90R1
CtVgCD90R1_ACTGTCCAGAGTCGGT-1,CtVgCD90R1
CtVgCD90R1_ACTGTCCAGCGCCTCA-1,CtVgCD90R1
CtVgCD90R1_ACTGTCCAGCTAACTC-1,CtVgCD90R1
CtVgCD90R1_ACTGTCCAGGCCATAG-1,CtVgCD90R1
CtVgCD90R1_ACTGTCCAGTAGCCGA-1,CtVgCD90R1
CtVgCD90R1_ACTGTCCAGTGCGATG-1,CtVgCD90R1
CtVgCD90R1_ACTGTCCGTAAGCACG-1,CtVgCD90R1
CtVgCD90R1_ACTGTCCGTTGGTGGA-1,CtVgCD90R1
CtVgCD90R1_ACTGTCCTCTAAGCCA-1,CtVgCD90R1
CtVgCD90R1_ACTTACTAGACAAGCC-1,CtVgCD90R1
CtVgCD90R1_ACTTACTAGACTTGAA-1,CtVgCD90R1
CtVgCD90R1_ACTTACTAGATGGCGT-1,CtVgCD90R1
CtVgCD90R1_ACTTACTAGCCCAACC-1,CtVgCD90R1
CtVgCD90R1_ACTTACTCACATCCAA-1,CtVgCD90R1
CtVgCD90R1_ACTTACTCACCCAGTG-1,CtVgCD90R1
CtVgCD90R1_ACTTACTCAGGTCTCG-1,CtVgCD90R1
CtVgCD90R1_ACTTACTCATGTCCTC-1,CtVgCD90R1
CtVgCD90R1_ACTTACTGTGTCTGAT-1,CtVgCD90R1
CtVgCD90R1_ACTTACTGTTCAGCGC-1,CtVgCD90R1
CtVgCD90R1_ACTTACTGTTTAAGCC-1,CtVgCD90R1
CtVgCD90R1_ACTTACTTCCTTGGTC-1,CtVgCD90R1
CtVgCD90R1_ACTTGTTAGACTAGAT-1,CtVgCD90R1
CtVgCD90R1_ACTTGTTAGCAACGGT-1,CtVgCD90R1
CtVgCD90R1_ACTTGTTAGGAGTAGA-1,CtVgCD90R1
CtVgCD90R1_ACTTGTTAGGCGATAC-1,CtVgCD90R1
CtVgCD90R1_ACTTGTTCAAACTGCT-1,CtVgCD90R1
CtVgCD90R1_ACTTGTTCACATGTGT-1,CtVgCD90R1
CtVgCD90R1_ACTTGTTCACCACGTG-1,CtVgCD90R1
CtVgCD90R1_ACTTGTTCACCAGTTA-1,CtVgCD90R1
CtVgCD90R1_ACTTGTTCACGGTAGA-1,CtVgCD90R1
CtVgCD90R1_ACTTGTTGTGACAAAT-1,CtVgCD90R1
CtVgCD90R1_ACTTGTTTCACATACG-1,CtVgCD90R1
CtVgCD90R1_ACTTGTTTCCAAGCCG-1,CtVgCD90R1
CtVgCD90R1_ACTTGTTTCCTTGCCA-1,CtVgCD90R1
CtVgCD90R1_ACTTGTTTCGTGTAGT-1,CtVgCD90R1
CtVgCD90R1_ACTTTCAAGATGAGAG-1,CtVgCD90R1
CtVgCD90R1_ACTTTCACATTCCTGC-1,CtVgCD90R1
CtVgCD90R1_ACTTTCAGTAGAAGGA-1,CtVgCD90R1
CtVgCD90R1_ACTTTCAGTAGGCTGA-1,CtVgCD90R1
CtVgCD90R1_ACTTTCAGTCAAGCGA-1,CtVgCD90R1
CtVgCD90R1_ACTTTCAGTTTGGCGC-1,CtVgCD90R1
CtVgCD90R1_AGAATAGAGAAGGCCT-1,CtVgCD90R1
CtVgCD90R1_AGAATAGAGAGCTATA-1,CtVgCD90R1
CtVgCD90R1_AGAATAGGTCGCGGTT-1,CtVgCD90R1
CtVgCD90R1_AGAATAGGTCGGCTCA-1,CtVgCD90R1
CtVgCD90R1_AGAATAGGTCTTCGTC-1,CtVgCD90R1
CtVgCD90R1_AGAATAGGTCTTGCGG-1,CtVgCD90R1
CtVgCD90R1_AGAATAGTCAGTGCAT-1,CtVgCD90R1
CtVgCD90R1_AGAATAGTCTTTACAC-1,CtVgCD90R1
CtVgCD90R1_AGACGTTAGCTAAACA-1,CtVgCD90R1
CtVgCD90R1_AGACGTTAGGTGATTA-1,CtVgCD90R1
CtVgCD90R1_AGACGTTAGTGACTCT-1,CtVgCD90R1
CtVgCD90R1_AGACGTTCAGGAATGC-1,CtVgCD90R1
CtVgCD90R1_AGACGTTCATGACGGA-1,CtVgCD90R1
CtVgCD90R1_AGACGTTGTACGACCC-1,CtVgCD90R1
CtVgCD90R1_AGACGTTGTCAGAAGC-1,CtVgCD90R1
CtVgCD90R1_AGACGTTGTGACTACT-1,CtVgCD90R1
CtVgCD90R1_AGACGTTGTTTCGCTC-1,CtVgCD90R1
CtVgCD90R1_AGACGTTTCCCTAACC-1,CtVgCD90R1
CtVgCD90R1_AGACGTTTCTCCAGGG-1,CtVgCD90R1
CtVgCD90R1_AGAGCGAAGGACAGAA-1,CtVgCD90R1
CtVgCD90R1_AGAGCGAAGGTGCTTT-1,CtVgCD90R1
CtVgCD90R1_AGAGCGAAGTGTCCAT-1,CtVgCD90R1
CtVgCD90R1_AGAGCGACAAGTAGTA-1,CtVgCD90R1
CtVgCD90R1_AGAGCGACAATCTACG-1,CtVgCD90R1
CtVgCD90R1_AGAGCGAGTCAACTGT-1,CtVgCD90R1
CtVgCD90R1_AGAGCGAGTCGAATCT-1,CtVgCD90R1
CtVgCD90R1_AGAGCGAGTCGACTAT-1,CtVgCD90R1
CtVgCD90R1_AGAGCGAGTGATAAAC-1,CtVgCD90R1
CtVgCD90R1_AGAGCGAGTGTTTGGT-1,CtVgCD90R1
CtVgCD90R1_AGAGCGAGTTAGATGA-1,CtVgCD90R1
CtVgCD90R1_AGAGCGATCATACGGT-1,CtVgCD90R1
CtVgCD90R1_AGAGCGATCTTATCTG-1,CtVgCD90R1
CtVgCD90R1_AGAGCGATCTTTCCTC-1,CtVgCD90R1
CtVgCD90R1_AGAGCTTAGACGCTTT-1,CtVgCD90R1
CtVgCD90R1_AGAGCTTAGACTACAA-1,CtVgCD90R1
CtVgCD90R1_AGAGCTTCATCACGAT-1,CtVgCD90R1
CtVgCD90R1_AGAGCTTCATCGGAAG-1,CtVgCD90R1
CtVgCD90R1_AGAGCTTGTACCGAGA-1,CtVgCD90R1
CtVgCD90R1_AGAGCTTGTGTAACGG-1,CtVgCD90R1
CtVgCD90R1_AGAGCTTGTTGGGACA-1,CtVgCD90R1
CtVgCD90R1_AGAGTGGAGACTAAGT-1,CtVgCD90R1
CtVgCD90R1_AGAGTGGAGCCGGTAA-1,CtVgCD90R1
CtVgCD90R1_AGAGTGGAGCGATAGC-1,CtVgCD90R1
CtVgCD90R1_AGAGTGGCATGAACCT-1,CtVgCD90R1
CtVgCD90R1_AGAGTGGGTACTTAGC-1,CtVgCD90R1
CtVgCD90R1_AGAGTGGGTCTAACGT-1,CtVgCD90R1
CtVgCD90R1_AGAGTGGGTGTTCTTT-1,CtVgCD90R1
CtVgCD90R1_AGAGTGGGTTCCACGG-1,CtVgCD90R1
CtVgCD90R1_AGAGTGGTCAATCACG-1,CtVgCD90R1
CtVgCD90R1_AGAGTGGTCATACGGT-1,CtVgCD90R1
CtVgCD90R1_AGAGTGGTCGTTTAGG-1,CtVgCD90R1
CtVgCD90R1_AGATCTGAGACCGGAT-1,CtVgCD90R1
CtVgCD90R1_AGATCTGAGGTACTCT-1,CtVgCD90R1
CtVgCD90R1_AGATCTGAGTCGTACT-1,CtVgCD90R1
CtVgCD90R1_AGATCTGCACCATCCT-1,CtVgCD90R1
CtVgCD90R1_AGATCTGGTAATCACC-1,CtVgCD90R1
CtVgCD90R1_AGATCTGGTCGACTGC-1,CtVgCD90R1
CtVgCD90R1_AGATCTGGTGATGTGG-1,CtVgCD90R1
CtVgCD90R1_AGATCTGTCCGCATCT-1,CtVgCD90R1
CtVgCD90R1_AGATCTGTCCTAGGGC-1,CtVgCD90R1
CtVgCD90R1_AGATCTGTCTTGCATT-1,CtVgCD90R1
CtVgCD90R1_AGATTGCAGAACTGTA-1,CtVgCD90R1
CtVgCD90R1_AGATTGCAGCAGGTCA-1,CtVgCD90R1
CtVgCD90R1_AGATTGCAGTCTCGGC-1,CtVgCD90R1
CtVgCD90R1_AGATTGCCACACGCTG-1,CtVgCD90R1
CtVgCD90R1_AGATTGCCAGACGTAG-1,CtVgCD90R1
CtVgCD90R1_AGATTGCGTAGGCTGA-1,CtVgCD90R1
CtVgCD90R1_AGATTGCGTCGAGATG-1,CtVgCD90R1
CtVgCD90R1_AGATTGCGTCTTCAAG-1,CtVgCD90R1
CtVgCD90R1_AGATTGCTCGGAAATA-1,CtVgCD90R1
CtVgCD90R1_AGCAGCCAGACTAAGT-1,CtVgCD90R1
CtVgCD90R1_AGCAGCCAGAGATGAG-1,CtVgCD90R1
CtVgCD90R1_AGCAGCCAGGGCACTA-1,CtVgCD90R1
CtVgCD90R1_AGCAGCCCACAGAGGT-1,CtVgCD90R1
CtVgCD90R1_AGCAGCCCACATCCAA-1,CtVgCD90R1
CtVgCD90R1_AGCAGCCCATATGCTG-1,CtVgCD90R1
CtVgCD90R1_AGCAGCCCATGGTCAT-1,CtVgCD90R1
CtVgCD90R1_AGCAGCCGTAGCGTCC-1,CtVgCD90R1
CtVgCD90R1_AGCAGCCGTCACAAGG-1,CtVgCD90R1
CtVgCD90R1_AGCAGCCGTCCGTTAA-1,CtVgCD90R1
CtVgCD90R1_AGCAGCCGTCTAACGT-1,CtVgCD90R1
CtVgCD90R1_AGCAGCCTCGTCCAGG-1,CtVgCD90R1
CtVgCD90R1_AGCATACAGTCCATAC-1,CtVgCD90R1
CtVgCD90R1_AGCATACAGTTTAGGA-1,CtVgCD90R1
CtVgCD90R1_AGCATACCAAACAACA-1,CtVgCD90R1
CtVgCD90R1_AGCATACCAACACCTA-1,CtVgCD90R1
CtVgCD90R1_AGCATACCAAGAGGCT-1,CtVgCD90R1
CtVgCD90R1_AGCATACCAATTCCTT-1,CtVgCD90R1
CtVgCD90R1_AGCATACCACTTCGAA-1,CtVgCD90R1
CtVgCD90R1_AGCATACCAGTTCCCT-1,CtVgCD90R1
CtVgCD90R1_AGCATACGTAAGAGAG-1,CtVgCD90R1
CtVgCD90R1_AGCATACGTACTTCTT-1,CtVgCD90R1
CtVgCD90R1_AGCATACGTCAATACC-1,CtVgCD90R1
CtVgCD90R1_AGCATACGTGAAAGAG-1,CtVgCD90R1
CtVgCD90R1_AGCATACGTGTGAAAT-1,CtVgCD90R1
CtVgCD90R1_AGCATACTCCCTGACT-1,CtVgCD90R1
CtVgCD90R1_AGCATACTCGAATGGG-1,CtVgCD90R1
CtVgCD90R1_AGCATACTCTACGAGT-1,CtVgCD90R1
CtVgCD90R1_AGCATACTCTGTTTGT-1,CtVgCD90R1
CtVgCD90R1_AGCCTAAAGAACTGTA-1,CtVgCD90R1
CtVgCD90R1_AGCCTAAAGCTAGCCC-1,CtVgCD90R1
CtVgCD90R1_AGCCTAACAACACCTA-1,CtVgCD90R1
CtVgCD90R1_AGCCTAACACAGATTC-1,CtVgCD90R1
CtVgCD90R1_AGCCTAAGTAAGCACG-1,CtVgCD90R1
CtVgCD90R1_AGCCTAAGTAGCCTAT-1,CtVgCD90R1
CtVgCD90R1_AGCCTAAGTCACTGGC-1,CtVgCD90R1
CtVgCD90R1_AGCCTAAGTCAGCTAT-1,CtVgCD90R1
CtVgCD90R1_AGCCTAAGTCGAGTTT-1,CtVgCD90R1
CtVgCD90R1_AGCCTAAGTTCGGGCT-1,CtVgCD90R1
CtVgCD90R1_AGCCTAATCACTCTTA-1,CtVgCD90R1
CtVgCD90R1_AGCCTAATCAGGTAAA-1,CtVgCD90R1
CtVgCD90R1_AGCGGTCAGGACACCA-1,CtVgCD90R1
CtVgCD90R1_AGCGGTCAGTCGTTTG-1,CtVgCD90R1
CtVgCD90R1_AGCGGTCCAATCTACG-1,CtVgCD90R1
CtVgCD90R1_AGCGGTCCACATTTCT-1,CtVgCD90R1
CtVgCD90R1_AGCGGTCCATTCCTCG-1,CtVgCD90R1
CtVgCD90R1_AGCGGTCTCCAGTATG-1,CtVgCD90R1
CtVgCD90R1_AGCGGTCTCCCAACGG-1,CtVgCD90R1
CtVgCD90R1_AGCGGTCTCGGCTACG-1,CtVgCD90R1
CtVgCD90R1_AGCGGTCTCTCAACTT-1,CtVgCD90R1
CtVgCD90R1_AGCGGTCTCTCTGAGA-1,CtVgCD90R1
CtVgCD90R1_AGCGTATAGTATTGGA-1,CtVgCD90R1
CtVgCD90R1_AGCGTATAGTGGTAAT-1,CtVgCD90R1
CtVgCD90R1_AGCGTATCAAACTGCT-1,CtVgCD90R1
CtVgCD90R1_AGCGTATCACTGTGTA-1,CtVgCD90R1
CtVgCD90R1_AGCGTATCATCTACGA-1,CtVgCD90R1
CtVgCD90R1_AGCGTATGTCATCCCT-1,CtVgCD90R1
CtVgCD90R1_AGCGTATGTCGCGAAA-1,CtVgCD90R1
CtVgCD90R1_AGCGTATTCACTTACT-1,CtVgCD90R1
CtVgCD90R1_AGCGTATTCATCGGAT-1,CtVgCD90R1
CtVgCD90R1_AGCGTATTCTCGCATC-1,CtVgCD90R1
CtVgCD90R1_AGCGTATTCTCGGACG-1,CtVgCD90R1
CtVgCD90R1_AGCGTCGAGAGCTTCT-1,CtVgCD90R1
CtVgCD90R1_AGCGTCGAGCCCTAAT-1,CtVgCD90R1
CtVgCD90R1_AGCGTCGAGGCTAGAC-1,CtVgCD90R1
CtVgCD90R1_AGCGTCGAGTGTTTGC-1,CtVgCD90R1
CtVgCD90R1_AGCGTCGAGTTTAGGA-1,CtVgCD90R1
CtVgCD90R1_AGCGTCGCACAGCGTC-1,CtVgCD90R1
CtVgCD90R1_AGCGTCGCAGCCTATA-1,CtVgCD90R1
CtVgCD90R1_AGCGTCGGTTCGTCTC-1,CtVgCD90R1
CtVgCD90R1_AGCGTCGTCTGCAGTA-1,CtVgCD90R1
CtVgCD90R1_AGCTCCTAGAGCCCAA-1,CtVgCD90R1
CtVgCD90R1_AGCTCCTTCACCGGGT-1,CtVgCD90R1
CtVgCD90R1_AGCTCCTTCGGCGCTA-1,CtVgCD90R1
CtVgCD90R1_AGCTCCTTCGTAGGAG-1,CtVgCD90R1
CtVgCD90R1_AGCTCCTTCTGCGTAA-1,CtVgCD90R1
CtVgCD90R1_AGCTCTCAGGAGCGAG-1,CtVgCD90R1
CtVgCD90R1_AGCTCTCAGGTGATAT-1,CtVgCD90R1
CtVgCD90R1_AGCTCTCCACCACCAG-1,CtVgCD90R1
CtVgCD90R1_AGCTCTCCAGACAAAT-1,CtVgCD90R1
CtVgCD90R1_AGCTCTCCATTGCGGC-1,CtVgCD90R1
CtVgCD90R1_AGCTCTCGTCGACTAT-1,CtVgCD90R1
CtVgCD90R1_AGCTCTCGTCTAGAGG-1,CtVgCD90R1
CtVgCD90R1_AGCTCTCGTTGACGTT-1,CtVgCD90R1
CtVgCD90R1_AGCTCTCTCAGTTTGG-1,CtVgCD90R1
CtVgCD90R1_AGCTCTCTCCGCAGTG-1,CtVgCD90R1
CtVgCD90R1_AGCTCTCTCCTTGACC-1,CtVgCD90R1
CtVgCD90R1_AGCTCTCTCTAACTCT-1,CtVgCD90R1
CtVgCD90R1_AGCTTGAAGGCCCTCA-1,CtVgCD90R1
CtVgCD90R1_AGCTTGAAGTACGTTC-1,CtVgCD90R1
CtVgCD90R1_AGCTTGACACAGAGGT-1,CtVgCD90R1
CtVgCD90R1_AGCTTGACATCCTAGA-1,CtVgCD90R1
CtVgCD90R1_AGCTTGAGTACCGTAT-1,CtVgCD90R1
CtVgCD90R1_AGCTTGAGTAGCGATG-1,CtVgCD90R1
CtVgCD90R1_AGCTTGAGTCAACATC-1,CtVgCD90R1
CtVgCD90R1_AGCTTGAGTTGGAGGT-1,CtVgCD90R1
CtVgCD90R1_AGCTTGATCGCAAGCC-1,CtVgCD90R1
CtVgCD90R1_AGCTTGATCGTGACAT-1,CtVgCD90R1
CtVgCD90R1_AGCTTGATCTTGAGGT-1,CtVgCD90R1
CtVgCD90R1_AGGCCACAGACACGAC-1,CtVgCD90R1
CtVgCD90R1_AGGCCACAGCTGCCCA-1,CtVgCD90R1
CtVgCD90R1_AGGCCACCACCTTGTC-1,CtVgCD90R1
CtVgCD90R1_AGGCCACCATGTCGAT-1,CtVgCD90R1
CtVgCD90R1_AGGCCACGTCTAACGT-1,CtVgCD90R1
CtVgCD90R1_AGGCCACGTCTGCGGT-1,CtVgCD90R1
CtVgCD90R1_AGGCCACGTGAGGGAG-1,CtVgCD90R1
CtVgCD90R1_AGGCCACGTGCAGGTA-1,CtVgCD90R1
CtVgCD90R1_AGGCCACGTTATCGGT-1,CtVgCD90R1
CtVgCD90R1_AGGCCACTCAGTTAGC-1,CtVgCD90R1
CtVgCD90R1_AGGCCACTCCGTTGCT-1,CtVgCD90R1
CtVgCD90R1_AGGCCACTCTACCTGC-1,CtVgCD90R1
CtVgCD90R1_AGGCCACTCTGGGCCA-1,CtVgCD90R1
CtVgCD90R1_AGGCCACTCTTAGCCC-1,CtVgCD90R1
CtVgCD90R1_AGGCCACTCTTGGGTA-1,CtVgCD90R1
CtVgCD90R1_AGGCCGTAGAACAACT-1,CtVgCD90R1
CtVgCD90R1_AGGCCGTAGACTTGAA-1,CtVgCD90R1
CtVgCD90R1_AGGCCGTAGCCACGCT-1,CtVgCD90R1
CtVgCD90R1_AGGCCGTAGGATATAC-1,CtVgCD90R1
CtVgCD90R1_AGGCCGTAGTCGCCGT-1,CtVgCD90R1
CtVgCD90R1_AGGCCGTCACCAGCAC-1,CtVgCD90R1
CtVgCD90R1_AGGCCGTCACCTATCC-1,CtVgCD90R1
CtVgCD90R1_AGGCCGTCACGTCTCT-1,CtVgCD90R1
CtVgCD90R1_AGGCCGTCAGAAGCAC-1,CtVgCD90R1
CtVgCD90R1_AGGCCGTCATAGTAAG-1,CtVgCD90R1
CtVgCD90R1_AGGCCGTCATTAGCCA-1,CtVgCD90R1
CtVgCD90R1_AGGCCGTGTCCGTGAC-1,CtVgCD90R1
CtVgCD90R1_AGGCCGTTCACCCGAG-1,CtVgCD90R1
CtVgCD90R1_AGGCCGTTCTGAGGGA-1,CtVgCD90R1
CtVgCD90R1_AGGGAGTAGAGGGATA-1,CtVgCD90R1
CtVgCD90R1_AGGGAGTAGCCAACAG-1,CtVgCD90R1
CtVgCD90R1_AGGGAGTAGTATGACA-1,CtVgCD90R1
CtVgCD90R1_AGGGAGTCAGTATAAG-1,CtVgCD90R1
CtVgCD90R1_AGGGAGTCATCGATTG-1,CtVgCD90R1
CtVgCD90R1_AGGGAGTGTCGCGAAA-1,CtVgCD90R1
CtVgCD90R1_AGGGAGTGTCTCTTAT-1,CtVgCD90R1
CtVgCD90R1_AGGGAGTGTTCCCTTG-1,CtVgCD90R1
CtVgCD90R1_AGGGAGTGTTGGAGGT-1,CtVgCD90R1
CtVgCD90R1_AGGGAGTTCGCACTCT-1,CtVgCD90R1
CtVgCD90R1_AGGGATGAGCTGTTCA-1,CtVgCD90R1
CtVgCD90R1_AGGGATGCACTGTCGG-1,CtVgCD90R1
CtVgCD90R1_AGGGATGCAGAAGCAC-1,CtVgCD90R1
CtVgCD90R1_AGGGATGCAGACGTAG-1,CtVgCD90R1
CtVgCD90R1_AGGGATGCAGTTAACC-1,CtVgCD90R1
CtVgCD90R1_AGGGATGCATAACCTG-1,CtVgCD90R1
CtVgCD90R1_AGGGATGCATCACCCT-1,CtVgCD90R1
CtVgCD90R1_AGGGATGCATGCCTTC-1,CtVgCD90R1
CtVgCD90R1_AGGGATGGTCTCACCT-1,CtVgCD90R1
CtVgCD90R1_AGGGATGGTCTGCAAT-1,CtVgCD90R1
CtVgCD90R1_AGGGATGTCAAGATCC-1,CtVgCD90R1
CtVgCD90R1_AGGGATGTCACCGGGT-1,CtVgCD90R1
CtVgCD90R1_AGGGATGTCAGTACGT-1,CtVgCD90R1
CtVgCD90R1_AGGGATGTCATAAAGG-1,CtVgCD90R1
CtVgCD90R1_AGGGATGTCATCGGAT-1,CtVgCD90R1
CtVgCD90R1_AGGGATGTCCACGTGG-1,CtVgCD90R1
CtVgCD90R1_AGGGATGTCGAATGCT-1,CtVgCD90R1
CtVgCD90R1_AGGGATGTCGGTTCGG-1,CtVgCD90R1
CtVgCD90R1_AGGGTGAAGAGTCTGG-1,CtVgCD90R1
CtVgCD90R1_AGGGTGAAGCCTCGTG-1,CtVgCD90R1
CtVgCD90R1_AGGGTGAAGTGACTCT-1,CtVgCD90R1
CtVgCD90R1_AGGGTGAAGTTTGCGT-1,CtVgCD90R1
CtVgCD90R1_AGGGTGACAAGGACTG-1,CtVgCD90R1
CtVgCD90R1_AGGGTGACAATGTAAG-1,CtVgCD90R1
CtVgCD90R1_AGGGTGACACGGATAG-1,CtVgCD90R1
CtVgCD90R1_AGGGTGAGTGCACCAC-1,CtVgCD90R1
CtVgCD90R1_AGGGTGAGTGCTGTAT-1,CtVgCD90R1
CtVgCD90R1_AGGGTGAGTGGTCCGT-1,CtVgCD90R1
CtVgCD90R1_AGGGTGATCACCACCT-1,CtVgCD90R1
CtVgCD90R1_AGGGTGATCAGGCGAA-1,CtVgCD90R1
CtVgCD90R1_AGGGTGATCTGCAGTA-1,CtVgCD90R1
CtVgCD90R1_AGGTCATAGACAGAGA-1,CtVgCD90R1
CtVgCD90R1_AGGTCATAGAGCCCAA-1,CtVgCD90R1
CtVgCD90R1_AGGTCATAGTAGATGT-1,CtVgCD90R1
CtVgCD90R1_AGGTCATCAACTGGCC-1,CtVgCD90R1
CtVgCD90R1_AGGTCATCAAGTCATC-1,CtVgCD90R1
CtVgCD90R1_AGGTCATCAATTCCTT-1,CtVgCD90R1
CtVgCD90R1_AGGTCATCACCAGGTC-1,CtVgCD90R1
CtVgCD90R1_AGGTCATGTATGAAAC-1,CtVgCD90R1
CtVgCD90R1_AGGTCATGTGCAGTAG-1,CtVgCD90R1
CtVgCD90R1_AGGTCATGTGTCTGAT-1,CtVgCD90R1
CtVgCD90R1_AGGTCATTCACTTCAT-1,CtVgCD90R1
CtVgCD90R1_AGGTCATTCTACCAGA-1,CtVgCD90R1
CtVgCD90R1_AGGTCATTCTAGCACA-1,CtVgCD90R1
CtVgCD90R1_AGGTCCGAGACTACAA-1,CtVgCD90R1
CtVgCD90R1_AGGTCCGAGACTTGAA-1,CtVgCD90R1
CtVgCD90R1_AGGTCCGAGGATCGCA-1,CtVgCD90R1
CtVgCD90R1_AGGTCCGCAAGCCGCT-1,CtVgCD90R1
CtVgCD90R1_AGGTCCGCAATCTGCA-1,CtVgCD90R1
CtVgCD90R1_AGGTCCGCATGCCTTC-1,CtVgCD90R1
CtVgCD90R1_AGGTCCGGTCGCTTCT-1,CtVgCD90R1
CtVgCD90R1_AGGTCCGTCATATCGG-1,CtVgCD90R1
CtVgCD90R1_AGGTCCGTCATTTGGG-1,CtVgCD90R1
CtVgCD90R1_AGGTCCGTCGTTTAGG-1,CtVgCD90R1
CtVgCD90R1_AGTAGTCAGCCACCTG-1,CtVgCD90R1
CtVgCD90R1_AGTAGTCAGGCATGTG-1,CtVgCD90R1
CtVgCD90R1_AGTAGTCCAATTCCTT-1,CtVgCD90R1
CtVgCD90R1_AGTAGTCCACGTGAGA-1,CtVgCD90R1
CtVgCD90R1_AGTAGTCGTATGCTTG-1,CtVgCD90R1
CtVgCD90R1_AGTAGTCGTCCTCCAT-1,CtVgCD90R1
CtVgCD90R1_AGTAGTCGTGCTTCTC-1,CtVgCD90R1
CtVgCD90R1_AGTAGTCTCAGTGCAT-1,CtVgCD90R1
CtVgCD90R1_AGTAGTCTCCGGCACA-1,CtVgCD90R1
CtVgCD90R1_AGTAGTCTCTCATTCA-1,CtVgCD90R1
CtVgCD90R1_AGTAGTCTCTGAAAGA-1,CtVgCD90R1
CtVgCD90R1_AGTAGTCTCTTACCGC-1,CtVgCD90R1
CtVgCD90R1_AGTCTTTAGCGATAGC-1,CtVgCD90R1
CtVgCD90R1_AGTCTTTAGGCAATTA-1,CtVgCD90R1
CtVgCD90R1_AGTCTTTAGGCTCAGA-1,CtVgCD90R1
CtVgCD90R1_AGTCTTTAGTACGCCC-1,CtVgCD90R1
CtVgCD90R1_AGTCTTTAGTTGAGTA-1,CtVgCD90R1
CtVgCD90R1_AGTCTTTCACGACTCG-1,CtVgCD90R1
CtVgCD90R1_AGTCTTTCAGATGGGT-1,CtVgCD90R1
CtVgCD90R1_AGTCTTTGTAACGCGA-1,CtVgCD90R1
CtVgCD90R1_AGTCTTTGTAGAGCTG-1,CtVgCD90R1
CtVgCD90R1_AGTCTTTGTATAGGGC-1,CtVgCD90R1
CtVgCD90R1_AGTCTTTGTCTCCACT-1,CtVgCD90R1
CtVgCD90R1_AGTCTTTGTGGCGAAT-1,CtVgCD90R1
CtVgCD90R1_AGTGAGGCACAGATTC-1,CtVgCD90R1
CtVgCD90R1_AGTGAGGCATGACGGA-1,CtVgCD90R1
CtVgCD90R1_AGTGAGGGTAGCAAAT-1,CtVgCD90R1
CtVgCD90R1_AGTGAGGGTCACCCAG-1,CtVgCD90R1
CtVgCD90R1_AGTGAGGGTTAAGACA-1,CtVgCD90R1
CtVgCD90R1_AGTGGGACAAAGGCGT-1,CtVgCD90R1
CtVgCD90R1_AGTGGGACACCTCGGA-1,CtVgCD90R1
CtVgCD90R1_AGTGGGACACGACGAA-1,CtVgCD90R1
CtVgCD90R1_AGTGGGACACTTCGAA-1,CtVgCD90R1
CtVgCD90R1_AGTGGGACAGATGGGT-1,CtVgCD90R1
CtVgCD90R1_AGTGGGACATGCAATC-1,CtVgCD90R1
CtVgCD90R1_AGTGGGAGTCCCTACT-1,CtVgCD90R1
CtVgCD90R1_AGTGGGAGTTCGCGAC-1,CtVgCD90R1
CtVgCD90R1_AGTGGGATCTTCCTTC-1,CtVgCD90R1
CtVgCD90R1_AGTGTCAAGGACCACA-1,CtVgCD90R1
CtVgCD90R1_AGTGTCAAGGATGGAA-1,CtVgCD90R1
CtVgCD90R1_AGTGTCAAGTGGACGT-1,CtVgCD90R1
CtVgCD90R1_AGTGTCACAAAGGAAG-1,CtVgCD90R1
CtVgCD90R1_AGTGTCACACCAGCAC-1,CtVgCD90R1
CtVgCD90R1_AGTGTCACACTTAACG-1,CtVgCD90R1
CtVgCD90R1_AGTGTCACAGTCGATT-1,CtVgCD90R1
CtVgCD90R1_AGTGTCACATCTATGG-1,CtVgCD90R1
CtVgCD90R1_AGTGTCAGTACACCGC-1,CtVgCD90R1
CtVgCD90R1_AGTGTCATCATCACCC-1,CtVgCD90R1
CtVgCD90R1_AGTGTCATCCATGAGT-1,CtVgCD90R1
CtVgCD90R1_AGTGTCATCCGTTGCT-1,CtVgCD90R1
CtVgCD90R1_AGTGTCATCCTCGCAT-1,CtVgCD90R1
CtVgCD90R1_AGTGTCATCGAGCCCA-1,CtVgCD90R1
CtVgCD90R1_AGTTGGTAGAAACCAT-1,CtVgCD90R1
CtVgCD90R1_AGTTGGTAGGCGTACA-1,CtVgCD90R1
CtVgCD90R1_AGTTGGTAGGGCATGT-1,CtVgCD90R1
CtVgCD90R1_AGTTGGTCAGGGTTAG-1,CtVgCD90R1
CtVgCD90R1_AGTTGGTGTATCAGTC-1,CtVgCD90R1
CtVgCD90R1_AGTTGGTGTCGAGATG-1,CtVgCD90R1
CtVgCD90R1_AGTTGGTGTCTAGAGG-1,CtVgCD90R1
CtVgCD90R1_AGTTGGTGTGTCTGAT-1,CtVgCD90R1
CtVgCD90R1_AGTTGGTGTTATCACG-1,CtVgCD90R1
CtVgCD90R1_AGTTGGTGTTTGCATG-1,CtVgCD90R1
CtVgCD90R1_AGTTGGTTCTGCAAGT-1,CtVgCD90R1
CtVgCD90R1_ATAACGCAGATCCCGC-1,CtVgCD90R1
CtVgCD90R1_ATAACGCAGATGAGAG-1,CtVgCD90R1
CtVgCD90R1_ATAACGCCACGGTGTC-1,CtVgCD90R1
CtVgCD90R1_ATAACGCCACTAAGTC-1,CtVgCD90R1
CtVgCD90R1_ATAACGCCAGACGCCT-1,CtVgCD90R1
CtVgCD90R1_ATAACGCCATATACGC-1,CtVgCD90R1
CtVgCD90R1_ATAACGCCATCGATTG-1,CtVgCD90R1
CtVgCD90R1_ATAACGCGTTTAAGCC-1,CtVgCD90R1
CtVgCD90R1_ATAACGCTCTAAGCCA-1,CtVgCD90R1
CtVgCD90R1_ATAAGAGAGAATGTGT-1,CtVgCD90R1
CtVgCD90R1_ATAAGAGAGATGCGAC-1,CtVgCD90R1
CtVgCD90R1_ATAAGAGAGGTACTCT-1,CtVgCD90R1
CtVgCD90R1_ATAAGAGCACCAGATT-1,CtVgCD90R1
CtVgCD90R1_ATAAGAGCACTAGTAC-1,CtVgCD90R1
CtVgCD90R1_ATAAGAGCAGCTGTAT-1,CtVgCD90R1
CtVgCD90R1_ATAAGAGCATTAACCG-1,CtVgCD90R1
CtVgCD90R1_ATAAGAGGTCAAAGCG-1,CtVgCD90R1
CtVgCD90R1_ATAAGAGGTGTGGTTT-1,CtVgCD90R1
CtVgCD90R1_ATAAGAGTCACAAACC-1,CtVgCD90R1
CtVgCD90R1_ATAAGAGTCACCCGAG-1,CtVgCD90R1
CtVgCD90R1_ATAAGAGTCAGAGCTT-1,CtVgCD90R1
CtVgCD90R1_ATAAGAGTCAGGCAAG-1,CtVgCD90R1
CtVgCD90R1_ATAAGAGTCGTTTGCC-1,CtVgCD90R1
CtVgCD90R1_ATAAGAGTCTCCAACC-1,CtVgCD90R1
CtVgCD90R1_ATAGACCCAAAGCAAT-1,CtVgCD90R1
CtVgCD90R1_ATAGACCCACATTCGA-1,CtVgCD90R1
CtVgCD90R1_ATAGACCCAGCTTCGG-1,CtVgCD90R1
CtVgCD90R1_ATAGACCCATCGACGC-1,CtVgCD90R1
CtVgCD90R1_ATAGACCGTCTAAACC-1,CtVgCD90R1
CtVgCD90R1_ATAGACCGTGCATCTA-1,CtVgCD90R1
CtVgCD90R1_ATAGACCTCGCGATCG-1,CtVgCD90R1
CtVgCD90R1_ATAGACCTCGGTCCGA-1,CtVgCD90R1
CtVgCD90R1_ATCACGAAGAATTCCC-1,CtVgCD90R1
CtVgCD90R1_ATCACGAAGGTGCTTT-1,CtVgCD90R1
CtVgCD90R1_ATCACGAAGTGTGGCA-1,CtVgCD90R1
CtVgCD90R1_ATCACGAAGTTAGGTA-1,CtVgCD90R1
CtVgCD90R1_ATCACGAAGTTGAGAT-1,CtVgCD90R1
CtVgCD90R1_ATCACGACACGCGAAA-1,CtVgCD90R1
CtVgCD90R1_ATCACGAGTCATACTG-1,CtVgCD90R1
CtVgCD90R1_ATCACGAGTGCAGACA-1,CtVgCD90R1
CtVgCD90R1_ATCACGAGTGGTGTAG-1,CtVgCD90R1
CtVgCD90R1_ATCACGAGTTAAGACA-1,CtVgCD90R1
CtVgCD90R1_ATCACGAGTTGCGCAC-1,CtVgCD90R1
CtVgCD90R1_ATCACGATCCTATGTT-1,CtVgCD90R1
CtVgCD90R1_ATCACGATCTATCCTA-1,CtVgCD90R1
CtVgCD90R1_ATCACGATCTCCGGTT-1,CtVgCD90R1
CtVgCD90R1_ATCATCTAGCAAATCA-1,CtVgCD90R1
CtVgCD90R1_ATCATCTAGCGATTCT-1,CtVgCD90R1
CtVgCD90R1_ATCATCTAGGAGCGAG-1,CtVgCD90R1
CtVgCD90R1_ATCATCTAGTGTACCT-1,CtVgCD90R1
CtVgCD90R1_ATCATCTAGTTACGGG-1,CtVgCD90R1
CtVgCD90R1_ATCATCTCATCCGGGT-1,CtVgCD90R1
CtVgCD90R1_ATCATCTGTCCTCCAT-1,CtVgCD90R1
CtVgCD90R1_ATCATCTGTGCCTGTG-1,CtVgCD90R1
CtVgCD90R1_ATCATCTGTTAAGTAG-1,CtVgCD90R1
CtVgCD90R1_ATCATCTGTTACGTCA-1,CtVgCD90R1
CtVgCD90R1_ATCATCTTCCCTGACT-1,CtVgCD90R1
CtVgCD90R1_ATCATCTTCTCCCTGA-1,CtVgCD90R1
CtVgCD90R1_ATCATGGAGCCCAACC-1,CtVgCD90R1
CtVgCD90R1_ATCATGGAGCGTGAGT-1,CtVgCD90R1
CtVgCD90R1_ATCATGGAGCTTTGGT-1,CtVgCD90R1
CtVgCD90R1_ATCATGGAGTTTAGGA-1,CtVgCD90R1
CtVgCD90R1_ATCATGGCACTTCTGC-1,CtVgCD90R1
CtVgCD90R1_ATCATGGCATTATCTC-1,CtVgCD90R1
CtVgCD90R1_ATCATGGGTACACCGC-1,CtVgCD90R1
CtVgCD90R1_ATCATGGGTACCAGTT-1,CtVgCD90R1
CtVgCD90R1_ATCATGGGTACTCTCC-1,CtVgCD90R1
CtVgCD90R1_ATCATGGGTATAGGTA-1,CtVgCD90R1
CtVgCD90R1_ATCATGGGTCATGCCG-1,CtVgCD90R1
CtVgCD90R1_ATCATGGGTGCTGTAT-1,CtVgCD90R1
CtVgCD90R1_ATCATGGGTGTTTGGT-1,CtVgCD90R1
CtVgCD90R1_ATCATGGGTTACGCGC-1,CtVgCD90R1
CtVgCD90R1_ATCATGGGTTGTCTTT-1,CtVgCD90R1
CtVgCD90R1_ATCATGGTCGTTGACA-1,CtVgCD90R1
CtVgCD90R1_ATCCACCAGAAGGTTT-1,CtVgCD90R1
CtVgCD90R1_ATCCACCCAAGACACG-1,CtVgCD90R1
CtVgCD90R1_ATCCACCCACCTGGTG-1,CtVgCD90R1
CtVgCD90R1_ATCCACCCACTATCTT-1,CtVgCD90R1
CtVgCD90R1_ATCCACCCATGAAGTA-1,CtVgCD90R1
CtVgCD90R1_ATCCACCTCTATCGCC-1,CtVgCD90R1
CtVgCD90R1_ATCCACCTCTCTAGGA-1,CtVgCD90R1
CtVgCD90R1_ATCCGAAAGCCCGAAA-1,CtVgCD90R1
CtVgCD90R1_ATCCGAAAGCGTGAAC-1,CtVgCD90R1
CtVgCD90R1_ATCCGAAAGCTTCGCG-1,CtVgCD90R1
CtVgCD90R1_ATCCGAAAGCTTTGGT-1,CtVgCD90R1
CtVgCD90R1_ATCCGAAAGGCGTACA-1,CtVgCD90R1
CtVgCD90R1_ATCCGAAAGTGCGTGA-1,CtVgCD90R1
CtVgCD90R1_ATCCGAACAAGGACAC-1,CtVgCD90R1
CtVgCD90R1_ATCCGAACAATGAAAC-1,CtVgCD90R1
CtVgCD90R1_ATCCGAACAGACAGGT-1,CtVgCD90R1
CtVgCD90R1_ATCCGAAGTGCACGAA-1,CtVgCD90R1
CtVgCD90R1_ATCCGAAGTTCTCATT-1,CtVgCD90R1
CtVgCD90R1_ATCCGAAGTTGTACAC-1,CtVgCD90R1
CtVgCD90R1_ATCCGAATCATGCAAC-1,CtVgCD90R1
CtVgCD90R1_ATCCGAATCCGCATAA-1,CtVgCD90R1
CtVgCD90R1_ATCCGAATCTAACCGA-1,CtVgCD90R1
CtVgCD90R1_ATCCGAATCTCCCTGA-1,CtVgCD90R1
CtVgCD90R1_ATCCGAATCTGCCCTA-1,CtVgCD90R1
CtVgCD90R1_ATCGAGTAGAACAATC-1,CtVgCD90R1
CtVgCD90R1_ATCGAGTCAATGGACG-1,CtVgCD90R1
CtVgCD90R1_ATCGAGTCACACCGCA-1,CtVgCD90R1
CtVgCD90R1_ATCGAGTCAGGATTGG-1,CtVgCD90R1
CtVgCD90R1_ATCGAGTGTACTCGCG-1,CtVgCD90R1
CtVgCD90R1_ATCGAGTGTCATACTG-1,CtVgCD90R1
CtVgCD90R1_ATCGAGTGTGTTGAGG-1,CtVgCD90R1
CtVgCD90R1_ATCGAGTTCGTCACGG-1,CtVgCD90R1
CtVgCD90R1_ATCGAGTTCTAACGGT-1,CtVgCD90R1
CtVgCD90R1_ATCTACTAGATCCCGC-1,CtVgCD90R1
CtVgCD90R1_ATCTACTAGCCCAACC-1,CtVgCD90R1
CtVgCD90R1_ATCTACTCAGCGATCC-1,CtVgCD90R1
CtVgCD90R1_ATCTACTCAGCTATTG-1,CtVgCD90R1
CtVgCD90R1_ATCTACTGTATGAATG-1,CtVgCD90R1
CtVgCD90R1_ATCTACTGTGGGTCAA-1,CtVgCD90R1
CtVgCD90R1_ATCTACTGTGTAACGG-1,CtVgCD90R1
CtVgCD90R1_ATCTGCCAGAACAACT-1,CtVgCD90R1
CtVgCD90R1_ATCTGCCAGACGCACA-1,CtVgCD90R1
CtVgCD90R1_ATCTGCCAGATCGGGT-1,CtVgCD90R1
CtVgCD90R1_ATCTGCCAGATCTGAA-1,CtVgCD90R1
CtVgCD90R1_ATCTGCCAGGCTCATT-1,CtVgCD90R1
CtVgCD90R1_ATCTGCCAGTCATCCA-1,CtVgCD90R1
CtVgCD90R1_ATCTGCCCAGTTCCCT-1,CtVgCD90R1
CtVgCD90R1_ATCTGCCGTCGACTAT-1,CtVgCD90R1
CtVgCD90R1_ATCTGCCTCACTTCAT-1,CtVgCD90R1
CtVgCD90R1_ATCTGCCTCCAAACTG-1,CtVgCD90R1
CtVgCD90R1_ATCTGCCTCCTTCAAT-1,CtVgCD90R1
CtVgCD90R1_ATGAGGGAGCCTATGT-1,CtVgCD90R1
CtVgCD90R1_ATGAGGGAGCGTAATA-1,CtVgCD90R1
CtVgCD90R1_ATGAGGGAGGTCGGAT-1,CtVgCD90R1
CtVgCD90R1_ATGAGGGAGTAAGTAC-1,CtVgCD90R1
CtVgCD90R1_ATGAGGGAGTAGGTGC-1,CtVgCD90R1
CtVgCD90R1_ATGAGGGCAAAGGAAG-1,CtVgCD90R1
CtVgCD90R1_ATGAGGGCACGAAAGC-1,CtVgCD90R1
CtVgCD90R1_ATGAGGGCAGATGGCA-1,CtVgCD90R1
CtVgCD90R1_ATGAGGGGTCGGCACT-1,CtVgCD90R1
CtVgCD90R1_ATGAGGGGTCTAACGT-1,CtVgCD90R1
CtVgCD90R1_ATGAGGGGTGTGCGTC-1,CtVgCD90R1
CtVgCD90R1_ATGAGGGGTTTAGCTG-1,CtVgCD90R1
CtVgCD90R1_ATGAGGGTCAGTGTTG-1,CtVgCD90R1
CtVgCD90R1_ATGAGGGTCTATGTGG-1,CtVgCD90R1
CtVgCD90R1_ATGCGATAGATCGATA-1,CtVgCD90R1
CtVgCD90R1_ATGCGATAGCTGTCTA-1,CtVgCD90R1
CtVgCD90R1_ATGCGATCAATAGCAA-1,CtVgCD90R1
CtVgCD90R1_ATGCGATCACCTCGGA-1,CtVgCD90R1
CtVgCD90R1_ATGCGATCACTTCTGC-1,CtVgCD90R1
CtVgCD90R1_ATGCGATCAGCATGAG-1,CtVgCD90R1
CtVgCD90R1_ATGCGATCATACCATG-1,CtVgCD90R1
CtVgCD90R1_ATGCGATCATTCCTGC-1,CtVgCD90R1
CtVgCD90R1_ATGCGATGTAGAAGGA-1,CtVgCD90R1
CtVgCD90R1_ATGCGATGTCGACTAT-1,CtVgCD90R1
CtVgCD90R1_ATGCGATGTGCTTCTC-1,CtVgCD90R1
CtVgCD90R1_ATGCGATGTTCCACAA-1,CtVgCD90R1
CtVgCD90R1_ATGCGATGTTCGGCAC-1,CtVgCD90R1
CtVgCD90R1_ATGCGATGTTTGACTG-1,CtVgCD90R1
CtVgCD90R1_ATGCGATTCAAACCAC-1,CtVgCD90R1
CtVgCD90R1_ATGCGATTCAGGCAAG-1,CtVgCD90R1
CtVgCD90R1_ATGCGATTCGCCAAAT-1,CtVgCD90R1
CtVgCD90R1_ATGGGAGAGCCAGTAG-1,CtVgCD90R1
CtVgCD90R1_ATGGGAGAGGGCTTCC-1,CtVgCD90R1
CtVgCD90R1_ATGGGAGAGTCGCCGT-1,CtVgCD90R1
CtVgCD90R1_ATGGGAGCACGGCCAT-1,CtVgCD90R1
CtVgCD90R1_ATGGGAGCAGTGAGTG-1,CtVgCD90R1
CtVgCD90R1_ATGGGAGCATACGCCG-1,CtVgCD90R1
CtVgCD90R1_ATGGGAGCATCCCATC-1,CtVgCD90R1
CtVgCD90R1_ATGGGAGGTTCGTGAT-1,CtVgCD90R1
CtVgCD90R1_ATGGGAGTCCCTGACT-1,CtVgCD90R1
CtVgCD90R1_ATGGGAGTCTGCTGTC-1,CtVgCD90R1
CtVgCD90R1_ATGTGTGAGATATACG-1,CtVgCD90R1
CtVgCD90R1_ATGTGTGAGCATCATC-1,CtVgCD90R1
CtVgCD90R1_ATGTGTGAGCCGTCGT-1,CtVgCD90R1
CtVgCD90R1_ATGTGTGAGCGTAATA-1,CtVgCD90R1
CtVgCD90R1_ATGTGTGCAAACTGTC-1,CtVgCD90R1
CtVgCD90R1_ATGTGTGCAATGACCT-1,CtVgCD90R1
CtVgCD90R1_ATGTGTGCACGTAAGG-1,CtVgCD90R1
CtVgCD90R1_ATGTGTGCAGTAAGCG-1,CtVgCD90R1
CtVgCD90R1_ATGTGTGGTAGCGCAA-1,CtVgCD90R1
CtVgCD90R1_ATGTGTGGTCGCCATG-1,CtVgCD90R1
CtVgCD90R1_ATGTGTGGTCTGCAAT-1,CtVgCD90R1
CtVgCD90R1_ATGTGTGGTCTGCCAG-1,CtVgCD90R1
CtVgCD90R1_ATGTGTGGTGGTTTCA-1,CtVgCD90R1
CtVgCD90R1_ATGTGTGTCAAGGTAA-1,CtVgCD90R1
CtVgCD90R1_ATGTGTGTCAGGATCT-1,CtVgCD90R1
CtVgCD90R1_ATTACTCAGACGCACA-1,CtVgCD90R1
CtVgCD90R1_ATTACTCAGCAGCCTC-1,CtVgCD90R1
CtVgCD90R1_ATTACTCAGCCCTAAT-1,CtVgCD90R1
CtVgCD90R1_ATTACTCAGCGATAGC-1,CtVgCD90R1
CtVgCD90R1_ATTACTCCAATAACGA-1,CtVgCD90R1
CtVgCD90R1_ATTACTCCACACCGAC-1,CtVgCD90R1
CtVgCD90R1_ATTACTCCACAGGCCT-1,CtVgCD90R1
CtVgCD90R1_ATTACTCCACCAGGCT-1,CtVgCD90R1
CtVgCD90R1_ATTACTCCACCAGTTA-1,CtVgCD90R1
CtVgCD90R1_ATTACTCGTAGCGTCC-1,CtVgCD90R1
CtVgCD90R1_ATTACTCGTCTAAAGA-1,CtVgCD90R1
CtVgCD90R1_ATTACTCTCGATGAGG-1,CtVgCD90R1
CtVgCD90R1_ATTACTCTCGGATGTT-1,CtVgCD90R1
CtVgCD90R1_ATTACTCTCTCTGCTG-1,CtVgCD90R1
CtVgCD90R1_ATTATCCAGAATGTTG-1,CtVgCD90R1
CtVgCD90R1_ATTATCCCAACCGCCA-1,CtVgCD90R1
CtVgCD90R1_ATTATCCCAAGCGCTC-1,CtVgCD90R1
CtVgCD90R1_ATTATCCCAAGTCATC-1,CtVgCD90R1
CtVgCD90R1_ATTATCCGTAGCTTGT-1,CtVgCD90R1
CtVgCD90R1_ATTATCCGTTTACTCT-1,CtVgCD90R1
CtVgCD90R1_ATTATCCTCAGGCCCA-1,CtVgCD90R1
CtVgCD90R1_ATTCTACAGCAGGTCA-1,CtVgCD90R1
CtVgCD90R1_ATTCTACAGCTCCCAG-1,CtVgCD90R1
CtVgCD90R1_ATTCTACAGCTGAAAT-1,CtVgCD90R1
CtVgCD90R1_ATTCTACAGGCAATTA-1,CtVgCD90R1
CtVgCD90R1_ATTCTACAGTAGTGCG-1,CtVgCD90R1
CtVgCD90R1_ATTCTACAGTGGGTTG-1,CtVgCD90R1
CtVgCD90R1_ATTCTACCAAAGCGGT-1,CtVgCD90R1
CtVgCD90R1_ATTCTACCAATGTAAG-1,CtVgCD90R1
CtVgCD90R1_ATTCTACCAGATGGCA-1,CtVgCD90R1
CtVgCD90R1_ATTCTACCATCTATGG-1,CtVgCD90R1
CtVgCD90R1_ATTCTACCATGAGCGA-1,CtVgCD90R1
CtVgCD90R1_ATTCTACGTACTCTCC-1,CtVgCD90R1
CtVgCD90R1_ATTCTACGTTCGAATC-1,CtVgCD90R1
CtVgCD90R1_ATTCTACTCCGCATCT-1,CtVgCD90R1
CtVgCD90R1_ATTCTACTCTTACCTA-1,CtVgCD90R1
CtVgCD90R1_ATTGGACCAACCGCCA-1,CtVgCD90R1
CtVgCD90R1_ATTGGACCACCAGTTA-1,CtVgCD90R1
CtVgCD90R1_ATTGGACGTCTAAAGA-1,CtVgCD90R1
CtVgCD90R1_ATTGGACGTCTGATTG-1,CtVgCD90R1
CtVgCD90R1_ATTGGACGTCTTGCGG-1,CtVgCD90R1
CtVgCD90R1_ATTGGACTCTCTGCTG-1,CtVgCD90R1
CtVgCD90R1_ATTGGTGAGGCCCTCA-1,CtVgCD90R1
CtVgCD90R1_ATTGGTGAGGGAACGG-1,CtVgCD90R1
CtVgCD90R1_ATTGGTGAGGTAGCTG-1,CtVgCD90R1
CtVgCD90R1_ATTGGTGAGTCAAGCG-1,CtVgCD90R1
CtVgCD90R1_ATTGGTGAGTCAAGGC-1,CtVgCD90R1
CtVgCD90R1_ATTGGTGAGTTACCCA-1,CtVgCD90R1
CtVgCD90R1_ATTGGTGCATGATCCA-1,CtVgCD90R1
CtVgCD90R1_ATTGGTGGTCATGCCG-1,CtVgCD90R1
CtVgCD90R1_ATTGGTGGTCCAGTGC-1,CtVgCD90R1
CtVgCD90R1_ATTTCTGAGATCGGGT-1,CtVgCD90R1
CtVgCD90R1_ATTTCTGAGATGTGTA-1,CtVgCD90R1
CtVgCD90R1_ATTTCTGAGCTCCTCT-1,CtVgCD90R1
CtVgCD90R1_ATTTCTGAGTAGGCCA-1,CtVgCD90R1
CtVgCD90R1_ATTTCTGAGTTCGCAT-1,CtVgCD90R1
CtVgCD90R1_ATTTCTGCAACTGCTA-1,CtVgCD90R1
CtVgCD90R1_ATTTCTGCACGGACAA-1,CtVgCD90R1
CtVgCD90R1_ATTTCTGCATACGCTA-1,CtVgCD90R1
CtVgCD90R1_ATTTCTGCATCTGGTA-1,CtVgCD90R1
CtVgCD90R1_ATTTCTGCATGAACCT-1,CtVgCD90R1
CtVgCD90R1_ATTTCTGGTGACTACT-1,CtVgCD90R1
CtVgCD90R1_ATTTCTGTCATCATTC-1,CtVgCD90R1
CtVgCD90R1_ATTTCTGTCCAGAAGG-1,CtVgCD90R1
CtVgCD90R1_ATTTCTGTCTAACGGT-1,CtVgCD90R1
CtVgCD90R1_ATTTCTGTCTGTCTCG-1,CtVgCD90R1
CtVgCD90R1_ATTTCTGTCTTCCTTC-1,CtVgCD90R1
CtVgCD90R1_CAACCAAAGATCGGGT-1,CtVgCD90R1
CtVgCD90R1_CAACCAAAGCCATCGC-1,CtVgCD90R1
CtVgCD90R1_CAACCAAAGCTAACTC-1,CtVgCD90R1
CtVgCD90R1_CAACCAAAGGTGATTA-1,CtVgCD90R1
CtVgCD90R1_CAACCAAAGGTGCTTT-1,CtVgCD90R1
CtVgCD90R1_CAACCAAAGTATGACA-1,CtVgCD90R1
CtVgCD90R1_CAACCAACACGAGAGT-1,CtVgCD90R1
CtVgCD90R1_CAACCAATCCCGACTT-1,CtVgCD90R1
CtVgCD90R1_CAACCAATCCGAACGC-1,CtVgCD90R1
CtVgCD90R1_CAACCAATCTCACATT-1,CtVgCD90R1
CtVgCD90R1_CAACCTCAGCAGGTCA-1,CtVgCD90R1
CtVgCD90R1_CAACCTCAGTACGTAA-1,CtVgCD90R1
CtVgCD90R1_CAACCTCCACTCTGTC-1,CtVgCD90R1
CtVgCD90R1_CAACCTCCATCGGTTA-1,CtVgCD90R1
CtVgCD90R1_CAACCTCCATTTGCTT-1,CtVgCD90R1
CtVgCD90R1_CAACCTCGTAGGACAC-1,CtVgCD90R1
CtVgCD90R1_CAACCTCGTCTGGTCG-1,CtVgCD90R1
CtVgCD90R1_CAACCTCTCAACGAAA-1,CtVgCD90R1
CtVgCD90R1_CAACCTCTCATGTGGT-1,CtVgCD90R1
CtVgCD90R1_CAACCTCTCCTCTAGC-1,CtVgCD90R1
CtVgCD90R1_CAACCTCTCGGCGGTT-1,CtVgCD90R1
CtVgCD90R1_CAACCTCTCGTTGACA-1,CtVgCD90R1
CtVgCD90R1_CAACTAGAGAGTCTGG-1,CtVgCD90R1
CtVgCD90R1_CAACTAGAGCCAGTTT-1,CtVgCD90R1
CtVgCD90R1_CAACTAGAGCGATTCT-1,CtVgCD90R1
CtVgCD90R1_CAACTAGAGCGGATCA-1,CtVgCD90R1
CtVgCD90R1_CAACTAGAGCGTGAGT-1,CtVgCD90R1
CtVgCD90R1_CAACTAGAGGCCCTCA-1,CtVgCD90R1
CtVgCD90R1_CAACTAGAGGCGACAT-1,CtVgCD90R1
CtVgCD90R1_CAACTAGAGGTTACCT-1,CtVgCD90R1
CtVgCD90R1_CAACTAGAGTGTTTGC-1,CtVgCD90R1
CtVgCD90R1_CAACTAGCAAATTGCC-1,CtVgCD90R1
CtVgCD90R1_CAACTAGCAGCTGTAT-1,CtVgCD90R1
CtVgCD90R1_CAACTAGGTAATTGGA-1,CtVgCD90R1
CtVgCD90R1_CAACTAGGTACCGAGA-1,CtVgCD90R1
CtVgCD90R1_CAACTAGGTCCGTCAG-1,CtVgCD90R1
CtVgCD90R1_CAACTAGTCAACACGT-1,CtVgCD90R1
CtVgCD90R1_CAACTAGTCAGCATGT-1,CtVgCD90R1
CtVgCD90R1_CAACTAGTCGGCTTGG-1,CtVgCD90R1
CtVgCD90R1_CAAGAAAAGGAATCGC-1,CtVgCD90R1
CtVgCD90R1_CAAGAAAAGTCCCACG-1,CtVgCD90R1
CtVgCD90R1_CAAGAAAGTAACGCGA-1,CtVgCD90R1
CtVgCD90R1_CAAGAAAGTAGGCATG-1,CtVgCD90R1
CtVgCD90R1_CAAGAAAGTCACCCAG-1,CtVgCD90R1
CtVgCD90R1_CAAGAAAGTCTCCCTA-1,CtVgCD90R1
CtVgCD90R1_CAAGAAATCTCGTTTA-1,CtVgCD90R1
CtVgCD90R1_CAAGAAATCTTGCATT-1,CtVgCD90R1
CtVgCD90R1_CAAGATCAGAAGCCCA-1,CtVgCD90R1
CtVgCD90R1_CAAGATCAGGTGTGGT-1,CtVgCD90R1
CtVgCD90R1_CAAGATCCAATAGCGG-1,CtVgCD90R1
CtVgCD90R1_CAAGATCCACAGGAGT-1,CtVgCD90R1
CtVgCD90R1_CAAGATCCAGACGCAA-1,CtVgCD90R1
CtVgCD90R1_CAAGATCCAGATCGGA-1,CtVgCD90R1
CtVgCD90R1_CAAGATCCAGCCTTTC-1,CtVgCD90R1
CtVgCD90R1_CAAGATCCATTTGCTT-1,CtVgCD90R1
CtVgCD90R1_CAAGATCGTACGACCC-1,CtVgCD90R1
CtVgCD90R1_CAAGATCGTCTCAACA-1,CtVgCD90R1
CtVgCD90R1_CAAGATCTCAAGGTAA-1,CtVgCD90R1
CtVgCD90R1_CAAGATCTCAGCGATT-1,CtVgCD90R1
CtVgCD90R1_CAAGATCTCATACGGT-1,CtVgCD90R1
CtVgCD90R1_CAAGATCTCTACTTAC-1,CtVgCD90R1
CtVgCD90R1_CAAGATCTCTATCCCG-1,CtVgCD90R1
CtVgCD90R1_CAAGGCCAGAGCCCAA-1,CtVgCD90R1
CtVgCD90R1_CAAGGCCAGCAGACTG-1,CtVgCD90R1
CtVgCD90R1_CAAGGCCAGCGTTCCG-1,CtVgCD90R1
CtVgCD90R1_CAAGGCCAGCTGAACG-1,CtVgCD90R1
CtVgCD90R1_CAAGGCCCATCCGCGA-1,CtVgCD90R1
CtVgCD90R1_CAAGGCCGTCATCCCT-1,CtVgCD90R1
CtVgCD90R1_CAAGGCCGTCGCATAT-1,CtVgCD90R1
CtVgCD90R1_CAAGGCCGTCTAGCGC-1,CtVgCD90R1
CtVgCD90R1_CAAGGCCGTGGTCCGT-1,CtVgCD90R1
CtVgCD90R1_CAAGGCCGTTATTCTC-1,CtVgCD90R1
CtVgCD90R1_CAAGGCCTCACCTTAT-1,CtVgCD90R1
CtVgCD90R1_CAAGGCCTCAGTTGAC-1,CtVgCD90R1
CtVgCD90R1_CAAGGCCTCGTTGCCT-1,CtVgCD90R1
CtVgCD90R1_CAAGTTGAGAGATGAG-1,CtVgCD90R1
CtVgCD90R1_CAAGTTGAGGGAGTAA-1,CtVgCD90R1
CtVgCD90R1_CAAGTTGAGGGTTTCT-1,CtVgCD90R1
CtVgCD90R1_CAAGTTGAGGTACTCT-1,CtVgCD90R1
CtVgCD90R1_CAAGTTGCAGTGGGAT-1,CtVgCD90R1
CtVgCD90R1_CAAGTTGCATTCCTCG-1,CtVgCD90R1
CtVgCD90R1_CAAGTTGGTTATCCGA-1,CtVgCD90R1
CtVgCD90R1_CAAGTTGTCGACAGCC-1,CtVgCD90R1
CtVgCD90R1_CAAGTTGTCTACTCAT-1,CtVgCD90R1
CtVgCD90R1_CACAAACAGTAAGTAC-1,CtVgCD90R1
CtVgCD90R1_CACAAACAGTACGCCC-1,CtVgCD90R1
CtVgCD90R1_CACAAACAGTGTACTC-1,CtVgCD90R1
CtVgCD90R1_CACAAACAGTGTCCAT-1,CtVgCD90R1
CtVgCD90R1_CACAAACCAACTGCTA-1,CtVgCD90R1
CtVgCD90R1_CACAAACGTACCGTAT-1,CtVgCD90R1
CtVgCD90R1_CACAAACGTCCCGACA-1,CtVgCD90R1
CtVgCD90R1_CACAAACTCGCTTGTC-1,CtVgCD90R1
CtVgCD90R1_CACAAACTCGTCTGCT-1,CtVgCD90R1
CtVgCD90R1_CACACAAAGAACAATC-1,CtVgCD90R1
CtVgCD90R1_CACACAAAGAAGGACA-1,CtVgCD90R1
CtVgCD90R1_CACACAAAGCAAATCA-1,CtVgCD90R1
CtVgCD90R1_CACACAAAGGACAGAA-1,CtVgCD90R1
CtVgCD90R1_CACACAAAGTAGCCGA-1,CtVgCD90R1
CtVgCD90R1_CACACAACAAACGTGG-1,CtVgCD90R1
CtVgCD90R1_CACACAACAAGACGTG-1,CtVgCD90R1
CtVgCD90R1_CACACAACACAGGTTT-1,CtVgCD90R1
CtVgCD90R1_CACACAACAGCCAGAA-1,CtVgCD90R1
CtVgCD90R1_CACACAACATCTATGG-1,CtVgCD90R1
CtVgCD90R1_CACACAAGTCTCTCGT-1,CtVgCD90R1
CtVgCD90R1_CACACCTAGAAGGACA-1,CtVgCD90R1
CtVgCD90R1_CACACCTAGAGACTAT-1,CtVgCD90R1
CtVgCD90R1_CACACCTAGGACAGCT-1,CtVgCD90R1
CtVgCD90R1_CACACCTCAAACTGCT-1,CtVgCD90R1
CtVgCD90R1_CACACCTCAAGAAGAG-1,CtVgCD90R1
CtVgCD90R1_CACACCTCACACATGT-1,CtVgCD90R1
CtVgCD90R1_CACACCTGTATTAGCC-1,CtVgCD90R1
CtVgCD90R1_CACACCTGTCGCGGTT-1,CtVgCD90R1
CtVgCD90R1_CACACCTTCGCCATAA-1,CtVgCD90R1
CtVgCD90R1_CACACCTTCGCGTTTC-1,CtVgCD90R1
CtVgCD90R1_CACACCTTCTCACATT-1,CtVgCD90R1
CtVgCD90R1_CACACCTTCTGTACGA-1,CtVgCD90R1
CtVgCD90R1_CACACTCAGAGTGACC-1,CtVgCD90R1
CtVgCD90R1_CACACTCAGCGTCTAT-1,CtVgCD90R1
CtVgCD90R1_CACACTCCAAGCCGCT-1,CtVgCD90R1
CtVgCD90R1_CACACTCCAATAACGA-1,CtVgCD90R1
CtVgCD90R1_CACACTCCAGTCAGCC-1,CtVgCD90R1
CtVgCD90R1_CACACTCGTACGCACC-1,CtVgCD90R1
CtVgCD90R1_CACACTCGTCAAAGCG-1,CtVgCD90R1
CtVgCD90R1_CACACTCGTCAATGTC-1,CtVgCD90R1
CtVgCD90R1_CACACTCGTCTTGATG-1,CtVgCD90R1
CtVgCD90R1_CACACTCGTGATAAAC-1,CtVgCD90R1
CtVgCD90R1_CACAGGCAGACGCACA-1,CtVgCD90R1
CtVgCD90R1_CACAGGCAGGCTAGAC-1,CtVgCD90R1
CtVgCD90R1_CACAGGCGTACATGTC-1,CtVgCD90R1
CtVgCD90R1_CACAGGCTCAGAGACG-1,CtVgCD90R1
CtVgCD90R1_CACAGGCTCGTTACAG-1,CtVgCD90R1
CtVgCD90R1_CACAGTAAGATAGTCA-1,CtVgCD90R1
CtVgCD90R1_CACAGTAAGGACCACA-1,CtVgCD90R1
CtVgCD90R1_CACAGTAAGTGAAGAG-1,CtVgCD90R1
CtVgCD90R1_CACAGTACATCCCATC-1,CtVgCD90R1
CtVgCD90R1_CACAGTAGTCCGTGAC-1,CtVgCD90R1
CtVgCD90R1_CACAGTAGTGCTTCTC-1,CtVgCD90R1
CtVgCD90R1_CACAGTATCCTCCTAG-1,CtVgCD90R1
CtVgCD90R1_CACAGTATCGAGAACG-1,CtVgCD90R1
CtVgCD90R1_CACAGTATCGAGAGCA-1,CtVgCD90R1
CtVgCD90R1_CACAGTATCGCGCCAA-1,CtVgCD90R1
CtVgCD90R1_CACAGTATCTGAGTGT-1,CtVgCD90R1
CtVgCD90R1_CACATAGAGGCACATG-1,CtVgCD90R1
CtVgCD90R1_CACATAGCAATCGAAA-1,CtVgCD90R1
CtVgCD90R1_CACATAGTCAGTTTGG-1,CtVgCD90R1
CtVgCD90R1_CACATAGTCATGTCCC-1,CtVgCD90R1
CtVgCD90R1_CACATAGTCCACGAAT-1,CtVgCD90R1
CtVgCD90R1_CACATAGTCGTTGACA-1,CtVgCD90R1
CtVgCD90R1_CACATAGTCTTTAGGG-1,CtVgCD90R1
CtVgCD90R1_CACATTTAGCCCAATT-1,CtVgCD90R1
CtVgCD90R1_CACATTTAGTGTACGG-1,CtVgCD90R1
CtVgCD90R1_CACATTTCAGCTTCGG-1,CtVgCD90R1
CtVgCD90R1_CACATTTCATCGTCGG-1,CtVgCD90R1
CtVgCD90R1_CACATTTGTATATGAG-1,CtVgCD90R1
CtVgCD90R1_CACATTTGTTATCGGT-1,CtVgCD90R1
CtVgCD90R1_CACATTTTCGTCTGAA-1,CtVgCD90R1
CtVgCD90R1_CACATTTTCTTCATGT-1,CtVgCD90R1
CtVgCD90R1_CACCACTAGTGTGGCA-1,CtVgCD90R1
CtVgCD90R1_CACCACTCAGGTGGAT-1,CtVgCD90R1
CtVgCD90R1_CACCACTGTCTGATCA-1,CtVgCD90R1
CtVgCD90R1_CACCACTGTCTGGAGA-1,CtVgCD90R1
CtVgCD90R1_CACCACTGTGTCGCTG-1,CtVgCD90R1
CtVgCD90R1_CACCACTTCCGCATAA-1,CtVgCD90R1
CtVgCD90R1_CACCACTTCTGCAGTA-1,CtVgCD90R1
CtVgCD90R1_CACCAGGAGAGGACGG-1,CtVgCD90R1
CtVgCD90R1_CACCAGGAGGTGATTA-1,CtVgCD90R1
CtVgCD90R1_CACCAGGAGTAGGCCA-1,CtVgCD90R1
CtVgCD90R1_CACCAGGCAATCGAAA-1,CtVgCD90R1
CtVgCD90R1_CACCAGGCACTGTGTA-1,CtVgCD90R1
CtVgCD90R1_CACCAGGCATCGACGC-1,CtVgCD90R1
CtVgCD90R1_CACCAGGGTAGAAGGA-1,CtVgCD90R1
CtVgCD90R1_CACCAGGGTCGCGTGT-1,CtVgCD90R1
CtVgCD90R1_CACCAGGGTCGGATCC-1,CtVgCD90R1
CtVgCD90R1_CACCAGGTCACGATGT-1,CtVgCD90R1
CtVgCD90R1_CACCAGGTCACGGTTA-1,CtVgCD90R1
CtVgCD90R1_CACCAGGTCACTCCTG-1,CtVgCD90R1
CtVgCD90R1_CACCAGGTCGCCGTGA-1,CtVgCD90R1
CtVgCD90R1_CACCTTGAGACAAGCC-1,CtVgCD90R1
CtVgCD90R1_CACCTTGCAATCAGAA-1,CtVgCD90R1
CtVgCD90R1_CACCTTGCACGTGAGA-1,CtVgCD90R1
CtVgCD90R1_CACCTTGCATCTCCCA-1,CtVgCD90R1
CtVgCD90R1_CACCTTGGTACATGTC-1,CtVgCD90R1
CtVgCD90R1_CACCTTGGTCATTAGC-1,CtVgCD90R1
CtVgCD90R1_CACCTTGGTCTGCGGT-1,CtVgCD90R1
CtVgCD90R1_CACCTTGTCCGCGTTT-1,CtVgCD90R1
CtVgCD90R1_CACCTTGTCGTAGGAG-1,CtVgCD90R1
CtVgCD90R1_CACCTTGTCGTCGTTC-1,CtVgCD90R1
CtVgCD90R1_CACTCCAAGAGATGAG-1,CtVgCD90R1
CtVgCD90R1_CACTCCAAGAGTAATC-1,CtVgCD90R1
CtVgCD90R1_CACTCCAAGTCAATAG-1,CtVgCD90R1
CtVgCD90R1_CACTCCACAATGTTGC-1,CtVgCD90R1
CtVgCD90R1_CACTCCACAGACAGGT-1,CtVgCD90R1
CtVgCD90R1_CACTCCAGTCATATGC-1,CtVgCD90R1
CtVgCD90R1_CACTCCAGTCGTTGTA-1,CtVgCD90R1
CtVgCD90R1_CACTCCAGTTAAGATG-1,CtVgCD90R1
CtVgCD90R1_CACTCCATCGTCCGTT-1,CtVgCD90R1
CtVgCD90R1_CACTCCATCTTCATGT-1,CtVgCD90R1
CtVgCD90R1_CAGAATCAGGCTATCT-1,CtVgCD90R1
CtVgCD90R1_CAGAATCCACGACTCG-1,CtVgCD90R1
CtVgCD90R1_CAGAATCGTACTCTCC-1,CtVgCD90R1
CtVgCD90R1_CAGAATCTCAACCATG-1,CtVgCD90R1
CtVgCD90R1_CAGAATCTCATTATCC-1,CtVgCD90R1
CtVgCD90R1_CAGAATCTCCTACAGA-1,CtVgCD90R1
CtVgCD90R1_CAGAATCTCTGCTGCT-1,CtVgCD90R1
CtVgCD90R1_CAGAGAGAGACGCAAC-1,CtVgCD90R1
CtVgCD90R1_CAGAGAGAGCGGATCA-1,CtVgCD90R1
CtVgCD90R1_CAGAGAGCACCCATTC-1,CtVgCD90R1
CtVgCD90R1_CAGAGAGCACCTTGTC-1,CtVgCD90R1
CtVgCD90R1_CAGAGAGCAGTTCATG-1,CtVgCD90R1
CtVgCD90R1_CAGAGAGGTACATGTC-1,CtVgCD90R1
CtVgCD90R1_CAGAGAGGTCGGGTCT-1,CtVgCD90R1
CtVgCD90R1_CAGAGAGTCAACGCTA-1,CtVgCD90R1
CtVgCD90R1_CAGAGAGTCCGTAGTA-1,CtVgCD90R1
CtVgCD90R1_CAGAGAGTCGTTTAGG-1,CtVgCD90R1
CtVgCD90R1_CAGAGAGTCTTTCCTC-1,CtVgCD90R1
CtVgCD90R1_CAGATCACAATGCCAT-1,CtVgCD90R1
CtVgCD90R1_CAGATCACACACAGAG-1,CtVgCD90R1
CtVgCD90R1_CAGATCAGTGACTACT-1,CtVgCD90R1
CtVgCD90R1_CAGATCAGTGGGTCAA-1,CtVgCD90R1
CtVgCD90R1_CAGATCAGTTGTCGCG-1,CtVgCD90R1
CtVgCD90R1_CAGATCATCACTCTTA-1,CtVgCD90R1
CtVgCD90R1_CAGATCATCGCAAGCC-1,CtVgCD90R1
CtVgCD90R1_CAGATCATCTTTAGTC-1,CtVgCD90R1
CtVgCD90R1_CAGCAGCAGCGATCCC-1,CtVgCD90R1
CtVgCD90R1_CAGCAGCAGTAGGTGC-1,CtVgCD90R1
CtVgCD90R1_CAGCAGCCACAGGCCT-1,CtVgCD90R1
CtVgCD90R1_CAGCAGCCACGAGGTA-1,CtVgCD90R1
CtVgCD90R1_CAGCAGCCATGGTCTA-1,CtVgCD90R1
CtVgCD90R1_CAGCAGCGTCAAGCGA-1,CtVgCD90R1
CtVgCD90R1_CAGCAGCGTCATCCCT-1,CtVgCD90R1
CtVgCD90R1_CAGCAGCTCACAACGT-1,CtVgCD90R1
CtVgCD90R1_CAGCAGCTCTGCGACG-1,CtVgCD90R1
CtVgCD90R1_CAGCATACACACGCTG-1,CtVgCD90R1
CtVgCD90R1_CAGCATACACGTCTCT-1,CtVgCD90R1
CtVgCD90R1_CAGCATACAGACGCCT-1,CtVgCD90R1
CtVgCD90R1_CAGCATACAGTAACGG-1,CtVgCD90R1
CtVgCD90R1_CAGCATAGTCTCTCGT-1,CtVgCD90R1
CtVgCD90R1_CAGCATAGTCTTCGTC-1,CtVgCD90R1
CtVgCD90R1_CAGCATAGTCTTGATG-1,CtVgCD90R1
CtVgCD90R1_CAGCATATCACATAGC-1,CtVgCD90R1
CtVgCD90R1_CAGCATATCCTTGGTC-1,CtVgCD90R1
CtVgCD90R1_CAGCATATCTTGCCGT-1,CtVgCD90R1
CtVgCD90R1_CAGCCGAAGAGTTGGC-1,CtVgCD90R1
CtVgCD90R1_CAGCCGAAGGCTAGAC-1,CtVgCD90R1
CtVgCD90R1_CAGCCGAAGGGTATCG-1,CtVgCD90R1
CtVgCD90R1_CAGCCGAAGTGGTAGC-1,CtVgCD90R1
CtVgCD90R1_CAGCCGAAGTTAGGTA-1,CtVgCD90R1
CtVgCD90R1_CAGCCGACAATAGAGT-1,CtVgCD90R1
CtVgCD90R1_CAGCCGACAGGGTATG-1,CtVgCD90R1
CtVgCD90R1_CAGCCGAGTACTCAAC-1,CtVgCD90R1
CtVgCD90R1_CAGCCGAGTCTGCAAT-1,CtVgCD90R1
CtVgCD90R1_CAGCCGAGTTCGTGAT-1,CtVgCD90R1
CtVgCD90R1_CAGCCGAGTTTACTCT-1,CtVgCD90R1
CtVgCD90R1_CAGCCGATCCACTCCA-1,CtVgCD90R1
CtVgCD90R1_CAGCCGATCCGATATG-1,CtVgCD90R1
CtVgCD90R1_CAGCCGATCCGCGTTT-1,CtVgCD90R1
CtVgCD90R1_CAGCCGATCGGCATCG-1,CtVgCD90R1
CtVgCD90R1_CAGCGACAGATCGATA-1,CtVgCD90R1
CtVgCD90R1_CAGCGACAGCCATCGC-1,CtVgCD90R1
CtVgCD90R1_CAGCGACAGGGTCTCC-1,CtVgCD90R1
CtVgCD90R1_CAGCGACCAAACCCAT-1,CtVgCD90R1
CtVgCD90R1_CAGCGACCAAGTCATC-1,CtVgCD90R1
CtVgCD90R1_CAGCGACCACCTCGGA-1,CtVgCD90R1
CtVgCD90R1_CAGCGACGTGATGTCT-1,CtVgCD90R1
CtVgCD90R1_CAGCGACGTTAAGTAG-1,CtVgCD90R1
CtVgCD90R1_CAGCGACGTTCACGGC-1,CtVgCD90R1
CtVgCD90R1_CAGCGACTCAAGGTAA-1,CtVgCD90R1
CtVgCD90R1_CAGCGACTCCTGCTTG-1,CtVgCD90R1
CtVgCD90R1_CAGCGACTCGATGAGG-1,CtVgCD90R1
CtVgCD90R1_CAGCTAAAGACGCAAC-1,CtVgCD90R1
CtVgCD90R1_CAGCTAAGTACATCCA-1,CtVgCD90R1
CtVgCD90R1_CAGCTAAGTTCCACAA-1,CtVgCD90R1
CtVgCD90R1_CAGCTAATCAAGATCC-1,CtVgCD90R1
CtVgCD90R1_CAGCTAATCCTTGGTC-1,CtVgCD90R1
CtVgCD90R1_CAGCTAATCGCGCCAA-1,CtVgCD90R1
CtVgCD90R1_CAGCTAATCGTCACGG-1,CtVgCD90R1
CtVgCD90R1_CAGCTAATCGTTACGA-1,CtVgCD90R1
CtVgCD90R1_CAGCTAATCTCGAGTA-1,CtVgCD90R1
CtVgCD90R1_CAGCTGGAGCCGTCGT-1,CtVgCD90R1
CtVgCD90R1_CAGCTGGAGCGGATCA-1,CtVgCD90R1
CtVgCD90R1_CAGCTGGAGGGTGTGT-1,CtVgCD90R1
CtVgCD90R1_CAGCTGGAGTCCGTAT-1,CtVgCD90R1
CtVgCD90R1_CAGCTGGCATCAGTCA-1,CtVgCD90R1
CtVgCD90R1_CAGCTGGGTGACCAAG-1,CtVgCD90R1
CtVgCD90R1_CAGCTGGGTTGTTTGG-1,CtVgCD90R1
CtVgCD90R1_CAGCTGGTCGGGAGTA-1,CtVgCD90R1
CtVgCD90R1_CAGCTGGTCTCTGTCG-1,CtVgCD90R1
CtVgCD90R1_CAGGTGCAGATCCCAT-1,CtVgCD90R1
CtVgCD90R1_CAGGTGCAGGCATTGG-1,CtVgCD90R1
CtVgCD90R1_CAGGTGCCAACAACCT-1,CtVgCD90R1
CtVgCD90R1_CAGGTGCCACGTAAGG-1,CtVgCD90R1
CtVgCD90R1_CAGGTGCCAGACGCTC-1,CtVgCD90R1
CtVgCD90R1_CAGGTGCCATGGGAAC-1,CtVgCD90R1
CtVgCD90R1_CAGGTGCGTAATTGGA-1,CtVgCD90R1
CtVgCD90R1_CAGGTGCGTAGCCTAT-1,CtVgCD90R1
CtVgCD90R1_CAGGTGCGTAGGGTAC-1,CtVgCD90R1
CtVgCD90R1_CAGGTGCGTCTAGTGT-1,CtVgCD90R1
CtVgCD90R1_CAGGTGCGTGTTCGAT-1,CtVgCD90R1
CtVgCD90R1_CAGGTGCGTTATCGGT-1,CtVgCD90R1
CtVgCD90R1_CAGGTGCGTTCCGGCA-1,CtVgCD90R1
CtVgCD90R1_CAGGTGCTCCGTTGTC-1,CtVgCD90R1
CtVgCD90R1_CAGGTGCTCGAATCCA-1,CtVgCD90R1
CtVgCD90R1_CAGTAACAGAGTGACC-1,CtVgCD90R1
CtVgCD90R1_CAGTAACAGGCAAAGA-1,CtVgCD90R1
CtVgCD90R1_CAGTAACCAGCGATCC-1,CtVgCD90R1
CtVgCD90R1_CAGTAACCAGGCTCAC-1,CtVgCD90R1
CtVgCD90R1_CAGTAACGTCGCGAAA-1,CtVgCD90R1
CtVgCD90R1_CAGTAACTCACTTCAT-1,CtVgCD90R1
CtVgCD90R1_CAGTAACTCGCTAGCG-1,CtVgCD90R1
CtVgCD90R1_CAGTCCTAGAAGATTC-1,CtVgCD90R1
CtVgCD90R1_CAGTCCTAGGACATTA-1,CtVgCD90R1
CtVgCD90R1_CAGTCCTAGGCCCTTG-1,CtVgCD90R1
CtVgCD90R1_CAGTCCTAGTCGCCGT-1,CtVgCD90R1
CtVgCD90R1_CAGTCCTAGTGTCCAT-1,CtVgCD90R1
CtVgCD90R1_CAGTCCTAGTGTGAAT-1,CtVgCD90R1
CtVgCD90R1_CAGTCCTCAATGGATA-1,CtVgCD90R1
CtVgCD90R1_CAGTCCTCACGTTGGC-1,CtVgCD90R1
CtVgCD90R1_CAGTCCTCAGCCTGTG-1,CtVgCD90R1
CtVgCD90R1_CAGTCCTCATCACAAC-1,CtVgCD90R1
CtVgCD90R1_CAGTCCTCATCACGTA-1,CtVgCD90R1
CtVgCD90R1_CAGTCCTCATCATCCC-1,CtVgCD90R1
CtVgCD90R1_CAGTCCTGTGTTGGGA-1,CtVgCD90R1
CtVgCD90R1_CAGTCCTTCCTACAGA-1,CtVgCD90R1
CtVgCD90R1_CAGTCCTTCTCTAGGA-1,CtVgCD90R1
CtVgCD90R1_CATATGGAGAGTGACC-1,CtVgCD90R1
CtVgCD90R1_CATATGGAGATGAGAG-1,CtVgCD90R1
CtVgCD90R1_CATATGGAGCTCCTCT-1,CtVgCD90R1
CtVgCD90R1_CATATGGAGGAGTCTG-1,CtVgCD90R1
CtVgCD90R1_CATATGGAGGTGCAAC-1,CtVgCD90R1
CtVgCD90R1_CATATGGCAACAACCT-1,CtVgCD90R1
CtVgCD90R1_CATATGGCACAGGCCT-1,CtVgCD90R1
CtVgCD90R1_CATATGGCATTCTTAC-1,CtVgCD90R1
CtVgCD90R1_CATATGGGTACTCAAC-1,CtVgCD90R1
CtVgCD90R1_CATATGGGTAGCGTAG-1,CtVgCD90R1
CtVgCD90R1_CATATGGGTTATTCTC-1,CtVgCD90R1
CtVgCD90R1_CATATTCAGGACTGGT-1,CtVgCD90R1
CtVgCD90R1_CATATTCAGGCGATAC-1,CtVgCD90R1
CtVgCD90R1_CATATTCAGGTAGCTG-1,CtVgCD90R1
CtVgCD90R1_CATATTCCACAACGCC-1,CtVgCD90R1
CtVgCD90R1_CATATTCCATTCCTGC-1,CtVgCD90R1
CtVgCD90R1_CATATTCGTCACAAGG-1,CtVgCD90R1
CtVgCD90R1_CATATTCGTGGAAAGA-1,CtVgCD90R1
CtVgCD90R1_CATATTCGTGGCGAAT-1,CtVgCD90R1
CtVgCD90R1_CATATTCTCAGTACGT-1,CtVgCD90R1
CtVgCD90R1_CATATTCTCGCCAGCA-1,CtVgCD90R1
CtVgCD90R1_CATATTCTCTTCCTTC-1,CtVgCD90R1
CtVgCD90R1_CATCAAGAGCTAGTTC-1,CtVgCD90R1
CtVgCD90R1_CATCAAGCAACTGGCC-1,CtVgCD90R1
CtVgCD90R1_CATCAAGCACCGAATT-1,CtVgCD90R1
CtVgCD90R1_CATCAAGCATGTTCCC-1,CtVgCD90R1
CtVgCD90R1_CATCAAGGTACAGTGG-1,CtVgCD90R1
CtVgCD90R1_CATCAAGGTGCACTTA-1,CtVgCD90R1
CtVgCD90R1_CATCAAGTCATGCTCC-1,CtVgCD90R1
CtVgCD90R1_CATCAAGTCCGCGTTT-1,CtVgCD90R1
CtVgCD90R1_CATCAGAAGATGTGTA-1,CtVgCD90R1
CtVgCD90R1_CATCAGAAGCCACGCT-1,CtVgCD90R1
CtVgCD90R1_CATCAGAAGTGAATTG-1,CtVgCD90R1
CtVgCD90R1_CATCAGACAATCGAAA-1,CtVgCD90R1
CtVgCD90R1_CATCAGACAGTTCCCT-1,CtVgCD90R1
CtVgCD90R1_CATCAGAGTAAGAGGA-1,CtVgCD90R1
CtVgCD90R1_CATCAGAGTACACCGC-1,CtVgCD90R1
CtVgCD90R1_CATCAGATCTAGAGTC-1,CtVgCD90R1
CtVgCD90R1_CATCAGATCTTGCAAG-1,CtVgCD90R1
CtVgCD90R1_CATCCACAGATGTGGC-1,CtVgCD90R1
CtVgCD90R1_CATCCACAGTGTACGG-1,CtVgCD90R1
CtVgCD90R1_CATCCACCAGTAACGG-1,CtVgCD90R1
CtVgCD90R1_CATCCACCAGTGGGAT-1,CtVgCD90R1
CtVgCD90R1_CATCCACCATCACGAT-1,CtVgCD90R1
CtVgCD90R1_CATCCACCATGCATGT-1,CtVgCD90R1
CtVgCD90R1_CATCCACCATGGTAGG-1,CtVgCD90R1
CtVgCD90R1_CATCCACGTTGATTCG-1,CtVgCD90R1
CtVgCD90R1_CATCGAACAGGATCGA-1,CtVgCD90R1
CtVgCD90R1_CATCGAAGTATCACCA-1,CtVgCD90R1
CtVgCD90R1_CATCGAAGTGACCAAG-1,CtVgCD90R1
CtVgCD90R1_CATCGAATCTAACTCT-1,CtVgCD90R1
CtVgCD90R1_CATCGAATCTCTGCTG-1,CtVgCD90R1
CtVgCD90R1_CATCGGGAGACAATAC-1,CtVgCD90R1
CtVgCD90R1_CATCGGGAGTGGACGT-1,CtVgCD90R1
CtVgCD90R1_CATCGGGCACTAAGTC-1,CtVgCD90R1
CtVgCD90R1_CATCGGGGTCGCATCG-1,CtVgCD90R1
CtVgCD90R1_CATCGGGGTTGCGCAC-1,CtVgCD90R1
CtVgCD90R1_CATCGGGTCATCGATG-1,CtVgCD90R1
CtVgCD90R1_CATCGGGTCATCGCTC-1,CtVgCD90R1
CtVgCD90R1_CATCGGGTCATGCAAC-1,CtVgCD90R1
CtVgCD90R1_CATGACAAGCCAGTTT-1,CtVgCD90R1
CtVgCD90R1_CATGACAAGGGCTCTC-1,CtVgCD90R1
CtVgCD90R1_CATGACACACGGTAAG-1,CtVgCD90R1
CtVgCD90R1_CATGACACAGCATACT-1,CtVgCD90R1
CtVgCD90R1_CATGACACATTTCAGG-1,CtVgCD90R1
CtVgCD90R1_CATGACAGTAAGAGGA-1,CtVgCD90R1
CtVgCD90R1_CATGACAGTCGCGGTT-1,CtVgCD90R1
CtVgCD90R1_CATGACAGTGAAAGAG-1,CtVgCD90R1
CtVgCD90R1_CATGACATCGGACAAG-1,CtVgCD90R1
CtVgCD90R1_CATGCCTAGGGATACC-1,CtVgCD90R1
CtVgCD90R1_CATGCCTAGTCGATAA-1,CtVgCD90R1
CtVgCD90R1_CATGCCTCAACACCTA-1,CtVgCD90R1
CtVgCD90R1_CATGCCTCAAGGGTCA-1,CtVgCD90R1
CtVgCD90R1_CATGCCTCACATCCGG-1,CtVgCD90R1
CtVgCD90R1_CATGCCTGTAGTGAAT-1,CtVgCD90R1
CtVgCD90R1_CATGCCTGTGTAACGG-1,CtVgCD90R1
CtVgCD90R1_CATGCCTTCCCTAACC-1,CtVgCD90R1
CtVgCD90R1_CATGCCTTCTCGTATT-1,CtVgCD90R1
CtVgCD90R1_CATGGCGAGATAGTCA-1,CtVgCD90R1
CtVgCD90R1_CATGGCGAGTACGATA-1,CtVgCD90R1
CtVgCD90R1_CATGGCGAGTATTGGA-1,CtVgCD90R1
CtVgCD90R1_CATGGCGAGTGCGATG-1,CtVgCD90R1
CtVgCD90R1_CATGGCGCATCGATGT-1,CtVgCD90R1
CtVgCD90R1_CATGGCGCATGAGCGA-1,CtVgCD90R1
CtVgCD90R1_CATGGCGGTAGGCTGA-1,CtVgCD90R1
CtVgCD90R1_CATGGCGGTCACTGGC-1,CtVgCD90R1
CtVgCD90R1_CATGGCGTCAGTTCGA-1,CtVgCD90R1
CtVgCD90R1_CATTATCAGAAACGCC-1,CtVgCD90R1
CtVgCD90R1_CATTATCAGACTAGGC-1,CtVgCD90R1
CtVgCD90R1_CATTATCAGTAACCCT-1,CtVgCD90R1
CtVgCD90R1_CATTATCAGTGTACCT-1,CtVgCD90R1
CtVgCD90R1_CATTATCCATTGAGCT-1,CtVgCD90R1
CtVgCD90R1_CATTATCGTAGGGACT-1,CtVgCD90R1
CtVgCD90R1_CATTATCGTCTAGGTT-1,CtVgCD90R1
CtVgCD90R1_CATTATCGTTTGACTG-1,CtVgCD90R1
CtVgCD90R1_CATTATCTCAGAAATG-1,CtVgCD90R1
CtVgCD90R1_CATTATCTCTCGCATC-1,CtVgCD90R1
CtVgCD90R1_CATTCGCAGGGTCTCC-1,CtVgCD90R1
CtVgCD90R1_CATTCGCAGTTGCAGG-1,CtVgCD90R1
CtVgCD90R1_CATTCGCCAATGACCT-1,CtVgCD90R1
CtVgCD90R1_CATTCGCCACAACGCC-1,CtVgCD90R1
CtVgCD90R1_CATTCGCCACATAACC-1,CtVgCD90R1
CtVgCD90R1_CATTCGCCACCATGTA-1,CtVgCD90R1
CtVgCD90R1_CATTCGCGTTAAGACA-1,CtVgCD90R1
CtVgCD90R1_CATTCGCGTTCCTCCA-1,CtVgCD90R1
CtVgCD90R1_CATTCGCTCACAATGC-1,CtVgCD90R1
CtVgCD90R1_CATTCGCTCCGAAGAG-1,CtVgCD90R1
CtVgCD90R1_CATTCGCTCGAGAGCA-1,CtVgCD90R1
CtVgCD90R1_CATTCGCTCTCGAGTA-1,CtVgCD90R1
CtVgCD90R1_CCAATCCAGAATTGTG-1,CtVgCD90R1
CtVgCD90R1_CCAATCCAGTAGTGCG-1,CtVgCD90R1
CtVgCD90R1_CCAATCCCAATGGAAT-1,CtVgCD90R1
CtVgCD90R1_CCAATCCCAGGTCGTC-1,CtVgCD90R1
CtVgCD90R1_CCAATCCCATGGTCAT-1,CtVgCD90R1
CtVgCD90R1_CCAATCCGTACTCTCC-1,CtVgCD90R1
CtVgCD90R1_CCAATCCGTACTTAGC-1,CtVgCD90R1
CtVgCD90R1_CCAATCCGTCGCGTGT-1,CtVgCD90R1
CtVgCD90R1_CCAATCCGTGAGTGAC-1,CtVgCD90R1
CtVgCD90R1_CCAATCCGTTCAACCA-1,CtVgCD90R1
CtVgCD90R1_CCAATCCTCATCGCTC-1,CtVgCD90R1
CtVgCD90R1_CCAATCCTCCTAGTGA-1,CtVgCD90R1
CtVgCD90R1_CCAATCCTCTTGCAAG-1,CtVgCD90R1
CtVgCD90R1_CCAATCCTCTTGTCAT-1,CtVgCD90R1
CtVgCD90R1_CCACCTAAGTGTTGAA-1,CtVgCD90R1
CtVgCD90R1_CCACCTACACAAGTAA-1,CtVgCD90R1
CtVgCD90R1_CCACCTACACAGCGTC-1,CtVgCD90R1
CtVgCD90R1_CCACCTACACGCTTTC-1,CtVgCD90R1
CtVgCD90R1_CCACCTACAGCAGTTT-1,CtVgCD90R1
CtVgCD90R1_CCACCTACATCACCCT-1,CtVgCD90R1
CtVgCD90R1_CCACCTACATCCAACA-1,CtVgCD90R1
CtVgCD90R1_CCACCTAGTAGCGTGA-1,CtVgCD90R1
CtVgCD90R1_CCACCTAGTCCTCTTG-1,CtVgCD90R1
CtVgCD90R1_CCACCTAGTTGTCGCG-1,CtVgCD90R1
CtVgCD90R1_CCACCTATCAGGCGAA-1,CtVgCD90R1
CtVgCD90R1_CCACCTATCTCGTATT-1,CtVgCD90R1
CtVgCD90R1_CCACGGAAGCAAATCA-1,CtVgCD90R1
CtVgCD90R1_CCACGGAAGCCACGCT-1,CtVgCD90R1
CtVgCD90R1_CCACGGAAGCTAGTCT-1,CtVgCD90R1
CtVgCD90R1_CCACGGAAGGCATGGT-1,CtVgCD90R1
CtVgCD90R1_CCACGGAAGTATCTCG-1,CtVgCD90R1
CtVgCD90R1_CCACGGACAAAGCAAT-1,CtVgCD90R1
CtVgCD90R1_CCACGGACAGTAGAGC-1,CtVgCD90R1
CtVgCD90R1_CCACGGAGTAGCCTAT-1,CtVgCD90R1
CtVgCD90R1_CCACGGAGTCCTCCAT-1,CtVgCD90R1
CtVgCD90R1_CCACGGAGTCGGCACT-1,CtVgCD90R1
CtVgCD90R1_CCACGGAGTGAGGCTA-1,CtVgCD90R1
CtVgCD90R1_CCACGGAGTTTACTCT-1,CtVgCD90R1
CtVgCD90R1_CCACGGATCATCTGCC-1,CtVgCD90R1
CtVgCD90R1_CCACGGATCATCTGTT-1,CtVgCD90R1
CtVgCD90R1_CCACGGATCCACTCCA-1,CtVgCD90R1
CtVgCD90R1_CCACGGATCGGAAACG-1,CtVgCD90R1
CtVgCD90R1_CCACGGATCGGCGCTA-1,CtVgCD90R1
CtVgCD90R1_CCACGGATCTCTTATG-1,CtVgCD90R1
CtVgCD90R1_CCACTACAGAAGGACA-1,CtVgCD90R1
CtVgCD90R1_CCACTACAGACTAGGC-1,CtVgCD90R1
CtVgCD90R1_CCACTACAGCGAGAAA-1,CtVgCD90R1
CtVgCD90R1_CCACTACAGGTGTGGT-1,CtVgCD90R1
CtVgCD90R1_CCACTACAGTGTACGG-1,CtVgCD90R1
CtVgCD90R1_CCACTACCACCTCGTT-1,CtVgCD90R1
CtVgCD90R1_CCACTACCATAACCTG-1,CtVgCD90R1
CtVgCD90R1_CCACTACGTAGCTCCG-1,CtVgCD90R1
CtVgCD90R1_CCACTACGTCAAAGCG-1,CtVgCD90R1
CtVgCD90R1_CCACTACTCCCTCAGT-1,CtVgCD90R1
CtVgCD90R1_CCAGCGAAGCTCTCGG-1,CtVgCD90R1
CtVgCD90R1_CCAGCGAAGGAGTTTA-1,CtVgCD90R1
CtVgCD90R1_CCAGCGAAGGCTCTTA-1,CtVgCD90R1
CtVgCD90R1_CCAGCGACAAAGGAAG-1,CtVgCD90R1
CtVgCD90R1_CCAGCGACAATAGCGG-1,CtVgCD90R1
CtVgCD90R1_CCAGCGACAATCCGAT-1,CtVgCD90R1
CtVgCD90R1_CCAGCGACACATCTTT-1,CtVgCD90R1
CtVgCD90R1_CCAGCGACAGCTCCGA-1,CtVgCD90R1
CtVgCD90R1_CCAGCGAGTTTCGCTC-1,CtVgCD90R1
CtVgCD90R1_CCAGCGATCAGAGACG-1,CtVgCD90R1
CtVgCD90R1_CCAGCGATCCGCTGTT-1,CtVgCD90R1
CtVgCD90R1_CCATGTCAGGCGTACA-1,CtVgCD90R1
CtVgCD90R1_CCATGTCCAAGTTGTC-1,CtVgCD90R1
CtVgCD90R1_CCATGTCCAATAGCGG-1,CtVgCD90R1
CtVgCD90R1_CCATGTCCAGCTCCGA-1,CtVgCD90R1
CtVgCD90R1_CCATGTCCAGGCGATA-1,CtVgCD90R1
CtVgCD90R1_CCATGTCGTGAGGGTT-1,CtVgCD90R1
CtVgCD90R1_CCATGTCGTGGCGAAT-1,CtVgCD90R1
CtVgCD90R1_CCATGTCGTTCCAACA-1,CtVgCD90R1
CtVgCD90R1_CCATGTCGTTTGTTTC-1,CtVgCD90R1
CtVgCD90R1_CCATGTCTCACCACCT-1,CtVgCD90R1
CtVgCD90R1_CCATGTCTCACCATAG-1,CtVgCD90R1
CtVgCD90R1_CCATGTCTCATAGCAC-1,CtVgCD90R1
CtVgCD90R1_CCATGTCTCCGCAGTG-1,CtVgCD90R1
CtVgCD90R1_CCATGTCTCCTTGACC-1,CtVgCD90R1
CtVgCD90R1_CCATTCGAGTGACATA-1,CtVgCD90R1
CtVgCD90R1_CCATTCGCAGCTCCGA-1,CtVgCD90R1
CtVgCD90R1_CCATTCGCATGGATGG-1,CtVgCD90R1
CtVgCD90R1_CCATTCGGTAAGTTCC-1,CtVgCD90R1
CtVgCD90R1_CCATTCGGTACCTACA-1,CtVgCD90R1
CtVgCD90R1_CCATTCGGTTTAGGAA-1,CtVgCD90R1
CtVgCD90R1_CCATTCGTCACAGGCC-1,CtVgCD90R1
CtVgCD90R1_CCATTCGTCATCTGCC-1,CtVgCD90R1
CtVgCD90R1_CCCAATCAGCAACGGT-1,CtVgCD90R1
CtVgCD90R1_CCCAATCAGCTAAACA-1,CtVgCD90R1
CtVgCD90R1_CCCAATCCAATTGCTG-1,CtVgCD90R1
CtVgCD90R1_CCCAATCCACAAGTAA-1,CtVgCD90R1
CtVgCD90R1_CCCAATCGTAAAGTCA-1,CtVgCD90R1
CtVgCD90R1_CCCAATCTCAAGCCTA-1,CtVgCD90R1
CtVgCD90R1_CCCAATCTCACCGGGT-1,CtVgCD90R1
CtVgCD90R1_CCCAATCTCGAGCCCA-1,CtVgCD90R1
CtVgCD90R1_CCCAATCTCTTGCAAG-1,CtVgCD90R1
CtVgCD90R1_CCCAATCTCTTGTCAT-1,CtVgCD90R1
CtVgCD90R1_CCCAGTTAGATACACA-1,CtVgCD90R1
CtVgCD90R1_CCCAGTTAGCTGTCTA-1,CtVgCD90R1
CtVgCD90R1_CCCAGTTAGTAGGTGC-1,CtVgCD90R1
CtVgCD90R1_CCCAGTTCAGACAGGT-1,CtVgCD90R1
CtVgCD90R1_CCCAGTTGTCTCCCTA-1,CtVgCD90R1
CtVgCD90R1_CCCAGTTGTTGAACTC-1,CtVgCD90R1
CtVgCD90R1_CCCAGTTTCACGAAGG-1,CtVgCD90R1
CtVgCD90R1_CCCAGTTTCATAGCAC-1,CtVgCD90R1
CtVgCD90R1_CCCAGTTTCTACTTAC-1,CtVgCD90R1
CtVgCD90R1_CCCAGTTTCTCAAACG-1,CtVgCD90R1
CtVgCD90R1_CCCATACAGAGCTTCT-1,CtVgCD90R1
CtVgCD90R1_CCCATACAGATCCGAG-1,CtVgCD90R1
CtVgCD90R1_CCCATACAGCCTCGTG-1,CtVgCD90R1
CtVgCD90R1_CCCATACAGCTAGTTC-1,CtVgCD90R1
CtVgCD90R1_CCCATACAGGTCGGAT-1,CtVgCD90R1
CtVgCD90R1_CCCATACCAAACGCGA-1,CtVgCD90R1
CtVgCD90R1_CCCATACCAGGTCCAC-1,CtVgCD90R1
CtVgCD90R1_CCCATACGTAGCAAAT-1,CtVgCD90R1
CtVgCD90R1_CCCATACGTTTAGCTG-1,CtVgCD90R1
CtVgCD90R1_CCCATACTCCACGAAT-1,CtVgCD90R1
CtVgCD90R1_CCCATACTCCTCAACC-1,CtVgCD90R1
CtVgCD90R1_CCCATACTCCTGCCAT-1,CtVgCD90R1
CtVgCD90R1_CCCATACTCTGTCTAT-1,CtVgCD90R1
CtVgCD90R1_CCCATACTCTTGCCGT-1,CtVgCD90R1
CtVgCD90R1_CCCTCCTAGACCTAGG-1,CtVgCD90R1
CtVgCD90R1_CCCTCCTAGAGTTGGC-1,CtVgCD90R1
CtVgCD90R1_CCCTCCTAGATCTGAA-1,CtVgCD90R1
CtVgCD90R1_CCCTCCTAGCCCAGCT-1,CtVgCD90R1
CtVgCD90R1_CCCTCCTAGCGATCCC-1,CtVgCD90R1
CtVgCD90R1_CCCTCCTAGGCACATG-1,CtVgCD90R1
CtVgCD90R1_CCCTCCTCACAGACAG-1,CtVgCD90R1
CtVgCD90R1_CCCTCCTCAGGTGCCT-1,CtVgCD90R1
CtVgCD90R1_CCCTCCTCATTTCAGG-1,CtVgCD90R1
CtVgCD90R1_CCCTCCTGTATCACCA-1,CtVgCD90R1
CtVgCD90R1_CCCTCCTGTATTAGCC-1,CtVgCD90R1
CtVgCD90R1_CCCTCCTGTTCAGTAC-1,CtVgCD90R1
CtVgCD90R1_CCCTCCTGTTGTCTTT-1,CtVgCD90R1
CtVgCD90R1_CCCTCCTTCTACTATC-1,CtVgCD90R1
CtVgCD90R1_CCCTCCTTCTCAACTT-1,CtVgCD90R1
CtVgCD90R1_CCCTCCTTCTGAGTGT-1,CtVgCD90R1
CtVgCD90R1_CCCTCCTTCTTAACCT-1,CtVgCD90R1
CtVgCD90R1_CCGGGATAGATCCGAG-1,CtVgCD90R1
CtVgCD90R1_CCGGGATCAAGGCTCC-1,CtVgCD90R1
CtVgCD90R1_CCGGGATCACTTGGAT-1,CtVgCD90R1
CtVgCD90R1_CCGGGATCATGTAGTC-1,CtVgCD90R1
CtVgCD90R1_CCGGGATCATTCTCAT-1,CtVgCD90R1
CtVgCD90R1_CCGGGATGTAGCGTAG-1,CtVgCD90R1
CtVgCD90R1_CCGGGATGTTTGCATG-1,CtVgCD90R1
CtVgCD90R1_CCGGGATTCAAACCGT-1,CtVgCD90R1
CtVgCD90R1_CCGGGATTCACGGTTA-1,CtVgCD90R1
CtVgCD90R1_CCGGGATTCCGTCAAA-1,CtVgCD90R1
CtVgCD90R1_CCGGGATTCGATCCCT-1,CtVgCD90R1
CtVgCD90R1_CCGGGATTCGCGGATC-1,CtVgCD90R1
CtVgCD90R1_CCGGGATTCTCTAGGA-1,CtVgCD90R1
CtVgCD90R1_CCGGTAGAGGGATACC-1,CtVgCD90R1
CtVgCD90R1_CCGGTAGCAGGACGTA-1,CtVgCD90R1
CtVgCD90R1_CCGGTAGCAGGATTGG-1,CtVgCD90R1
CtVgCD90R1_CCGGTAGCAGTATGCT-1,CtVgCD90R1
CtVgCD90R1_CCGGTAGTCGGAATCT-1,CtVgCD90R1
CtVgCD90R1_CCGGTAGTCGTCCGTT-1,CtVgCD90R1
CtVgCD90R1_CCGTACTAGTCCGGTC-1,CtVgCD90R1
CtVgCD90R1_CCGTACTCAAGAGTCG-1,CtVgCD90R1
CtVgCD90R1_CCGTACTCAGTTAACC-1,CtVgCD90R1
CtVgCD90R1_CCGTACTCATGAACCT-1,CtVgCD90R1
CtVgCD90R1_CCGTACTGTTCTGGTA-1,CtVgCD90R1
CtVgCD90R1_CCGTACTGTTTACTCT-1,CtVgCD90R1
CtVgCD90R1_CCGTACTTCACCATAG-1,CtVgCD90R1
CtVgCD90R1_CCGTACTTCAGCTCGG-1,CtVgCD90R1
CtVgCD90R1_CCGTACTTCCGCAAGC-1,CtVgCD90R1
CtVgCD90R1_CCGTACTTCGCCATAA-1,CtVgCD90R1
CtVgCD90R1_CCGTACTTCGGCGCAT-1,CtVgCD90R1
CtVgCD90R1_CCGTACTTCTGCCAGG-1,CtVgCD90R1
CtVgCD90R1_CCGTGGAAGACGCAAC-1,CtVgCD90R1
CtVgCD90R1_CCGTGGAAGAGAGCTC-1,CtVgCD90R1
CtVgCD90R1_CCGTGGAAGTGCGATG-1,CtVgCD90R1
CtVgCD90R1_CCGTGGACAGGTCTCG-1,CtVgCD90R1
CtVgCD90R1_CCGTGGACATGCAACT-1,CtVgCD90R1
CtVgCD90R1_CCGTGGAGTACTCAAC-1,CtVgCD90R1
CtVgCD90R1_CCGTGGAGTCTCACCT-1,CtVgCD90R1
CtVgCD90R1_CCGTGGAGTGTGGCTC-1,CtVgCD90R1
CtVgCD90R1_CCGTGGAGTTCAGGCC-1,CtVgCD90R1
CtVgCD90R1_CCGTGGATCGGTTCGG-1,CtVgCD90R1
CtVgCD90R1_CCGTGGATCGTGTAGT-1,CtVgCD90R1
CtVgCD90R1_CCGTGGATCTTTACGT-1,CtVgCD90R1
CtVgCD90R1_CCGTTCAAGCAGGTCA-1,CtVgCD90R1
CtVgCD90R1_CCGTTCACAGTCTTCC-1,CtVgCD90R1
CtVgCD90R1_CCGTTCAGTGCACTTA-1,CtVgCD90R1
CtVgCD90R1_CCGTTCATCGCCATAA-1,CtVgCD90R1
CtVgCD90R1_CCGTTCATCTGATTCT-1,CtVgCD90R1
CtVgCD90R1_CCGTTCATCTGTACGA-1,CtVgCD90R1
CtVgCD90R1_CCTAAAGAGATTACCC-1,CtVgCD90R1
CtVgCD90R1_CCTAAAGAGCGCCTCA-1,CtVgCD90R1
CtVgCD90R1_CCTAAAGAGCTCTCGG-1,CtVgCD90R1
CtVgCD90R1_CCTAAAGAGGAGTAGA-1,CtVgCD90R1
CtVgCD90R1_CCTAAAGCAATCGAAA-1,CtVgCD90R1
CtVgCD90R1_CCTAAAGCACCGTTGG-1,CtVgCD90R1
CtVgCD90R1_CCTAAAGCAGGCAGTA-1,CtVgCD90R1
CtVgCD90R1_CCTAAAGCAGTGAGTG-1,CtVgCD90R1
CtVgCD90R1_CCTAAAGCATTAGCCA-1,CtVgCD90R1
CtVgCD90R1_CCTAAAGGTGACGCCT-1,CtVgCD90R1
CtVgCD90R1_CCTAAAGGTGGCTCCA-1,CtVgCD90R1
CtVgCD90R1_CCTAAAGGTTATCCGA-1,CtVgCD90R1
CtVgCD90R1_CCTACACAGCAGGCTA-1,CtVgCD90R1
CtVgCD90R1_CCTACACCAAGCGCTC-1,CtVgCD90R1
CtVgCD90R1_CCTACACCAAGTCTAC-1,CtVgCD90R1
CtVgCD90R1_CCTACACCAATGAAAC-1,CtVgCD90R1
CtVgCD90R1_CCTACACCAATGACCT-1,CtVgCD90R1
CtVgCD90R1_CCTACACCACCAACCG-1,CtVgCD90R1
CtVgCD90R1_CCTACACCAGTCGTGC-1,CtVgCD90R1
CtVgCD90R1_CCTACACCATGTCCTC-1,CtVgCD90R1
CtVgCD90R1_CCTACACGTACTTGAC-1,CtVgCD90R1
CtVgCD90R1_CCTACACGTGAAAGAG-1,CtVgCD90R1
CtVgCD90R1_CCTACACTCGCTTGTC-1,CtVgCD90R1
CtVgCD90R1_CCTACCAAGCGTTCCG-1,CtVgCD90R1
CtVgCD90R1_CCTACCAAGGGCTTCC-1,CtVgCD90R1
CtVgCD90R1_CCTACCACACAGACAG-1,CtVgCD90R1
CtVgCD90R1_CCTACCACAGGTTTCA-1,CtVgCD90R1
CtVgCD90R1_CCTACCACATACGCTA-1,CtVgCD90R1
CtVgCD90R1_CCTACCAGTGTATGGG-1,CtVgCD90R1
CtVgCD90R1_CCTACCAGTTGATTGC-1,CtVgCD90R1
CtVgCD90R1_CCTACCATCAAACCGT-1,CtVgCD90R1
CtVgCD90R1_CCTACCATCTAAGCCA-1,CtVgCD90R1
CtVgCD90R1_CCTACCATCTCGAGTA-1,CtVgCD90R1
CtVgCD90R1_CCTACCATCTCGGACG-1,CtVgCD90R1
CtVgCD90R1_CCTACCATCTGCTGTC-1,CtVgCD90R1
CtVgCD90R1_CCTAGCTAGCCCGAAA-1,CtVgCD90R1
CtVgCD90R1_CCTAGCTAGGCATGTG-1,CtVgCD90R1
CtVgCD90R1_CCTAGCTAGGTGACCA-1,CtVgCD90R1
CtVgCD90R1_CCTAGCTCACGGCGTT-1,CtVgCD90R1
CtVgCD90R1_CCTAGCTGTCGAACAG-1,CtVgCD90R1
CtVgCD90R1_CCTAGCTGTGACGCCT-1,CtVgCD90R1
CtVgCD90R1_CCTAGCTGTTGTGGAG-1,CtVgCD90R1
CtVgCD90R1_CCTAGCTTCACTATTC-1,CtVgCD90R1
CtVgCD90R1_CCTAGCTTCTCAAACG-1,CtVgCD90R1
CtVgCD90R1_CCTATTAAGAACAATC-1,CtVgCD90R1
CtVgCD90R1_CCTATTAAGACAAAGG-1,CtVgCD90R1
CtVgCD90R1_CCTATTAAGAGCCTAG-1,CtVgCD90R1
CtVgCD90R1_CCTATTAAGTCAAGCG-1,CtVgCD90R1
CtVgCD90R1_CCTATTAAGTTGTCGT-1,CtVgCD90R1
CtVgCD90R1_CCTATTACAATCTGCA-1,CtVgCD90R1
CtVgCD90R1_CCTATTACACATTCGA-1,CtVgCD90R1
CtVgCD90R1_CCTATTACACATTTCT-1,CtVgCD90R1
CtVgCD90R1_CCTATTACACCATGTA-1,CtVgCD90R1
CtVgCD90R1_CCTATTACATAGACTC-1,CtVgCD90R1
CtVgCD90R1_CCTATTAGTATTACCG-1,CtVgCD90R1
CtVgCD90R1_CCTATTAGTGACTACT-1,CtVgCD90R1
CtVgCD90R1_CCTATTAGTGTTAAGA-1,CtVgCD90R1
CtVgCD90R1_CCTATTAGTTGTGGCC-1,CtVgCD90R1
CtVgCD90R1_CCTATTATCGTCTGCT-1,CtVgCD90R1
CtVgCD90R1_CCTCAGTAGAAACCTA-1,CtVgCD90R1
CtVgCD90R1_CCTCAGTAGACAGACC-1,CtVgCD90R1
CtVgCD90R1_CCTCAGTAGGGATACC-1,CtVgCD90R1
CtVgCD90R1_CCTCAGTAGTACGTTC-1,CtVgCD90R1
CtVgCD90R1_CCTCAGTAGTGCTGCC-1,CtVgCD90R1
CtVgCD90R1_CCTCAGTAGTGTTAGA-1,CtVgCD90R1
CtVgCD90R1_CCTCAGTCATCTATGG-1,CtVgCD90R1
CtVgCD90R1_CCTCAGTGTCTGGTCG-1,CtVgCD90R1
CtVgCD90R1_CCTCAGTGTTATCGGT-1,CtVgCD90R1
CtVgCD90R1_CCTCTGAAGGCAAAGA-1,CtVgCD90R1
CtVgCD90R1_CCTCTGAAGGCCCTCA-1,CtVgCD90R1
CtVgCD90R1_CCTCTGACAAGTACCT-1,CtVgCD90R1
CtVgCD90R1_CCTCTGACAATAGCGG-1,CtVgCD90R1
CtVgCD90R1_CCTCTGACAGACAGGT-1,CtVgCD90R1
CtVgCD90R1_CCTCTGACATGCTAGT-1,CtVgCD90R1
CtVgCD90R1_CCTCTGAGTACCAGTT-1,CtVgCD90R1
CtVgCD90R1_CCTCTGAGTCTGGAGA-1,CtVgCD90R1
CtVgCD90R1_CCTCTGAGTGTCAATC-1,CtVgCD90R1
CtVgCD90R1_CCTCTGAGTTACGACT-1,CtVgCD90R1
CtVgCD90R1_CCTCTGAGTTCAGACT-1,CtVgCD90R1
CtVgCD90R1_CCTCTGAGTTCAGCGC-1,CtVgCD90R1
CtVgCD90R1_CCTCTGAGTTCCCTTG-1,CtVgCD90R1
CtVgCD90R1_CCTCTGATCACAGGCC-1,CtVgCD90R1
CtVgCD90R1_CCTCTGATCATTTGGG-1,CtVgCD90R1
CtVgCD90R1_CCTCTGATCTGTTGAG-1,CtVgCD90R1
CtVgCD90R1_CCTTACGAGCTAGCCC-1,CtVgCD90R1
CtVgCD90R1_CCTTACGCAATCGAAA-1,CtVgCD90R1
CtVgCD90R1_CCTTACGCAGGCTGAA-1,CtVgCD90R1
CtVgCD90R1_CCTTACGCAGTTCATG-1,CtVgCD90R1
CtVgCD90R1_CCTTACGGTCCAGTAT-1,CtVgCD90R1
CtVgCD90R1_CCTTACGGTCGCGTGT-1,CtVgCD90R1
CtVgCD90R1_CCTTACGGTTACTGAC-1,CtVgCD90R1
CtVgCD90R1_CCTTACGTCGGAGCAA-1,CtVgCD90R1
CtVgCD90R1_CCTTCCCAGGCATGTG-1,CtVgCD90R1
CtVgCD90R1_CCTTCCCAGGCGCTCT-1,CtVgCD90R1
CtVgCD90R1_CCTTCCCAGTCAAGGC-1,CtVgCD90R1
CtVgCD90R1_CCTTCCCAGTTCGCGC-1,CtVgCD90R1
CtVgCD90R1_CCTTCCCCAAATACAG-1,CtVgCD90R1
CtVgCD90R1_CCTTCCCCACAGACTT-1,CtVgCD90R1
CtVgCD90R1_CCTTCCCCAGACGTAG-1,CtVgCD90R1
CtVgCD90R1_CCTTCCCGTATTCTCT-1,CtVgCD90R1
CtVgCD90R1_CCTTCCCGTCCAGTAT-1,CtVgCD90R1
CtVgCD90R1_CCTTCCCGTCTAGTCA-1,CtVgCD90R1
CtVgCD90R1_CCTTCCCGTTCTGTTT-1,CtVgCD90R1
CtVgCD90R1_CCTTCCCTCGTCTGCT-1,CtVgCD90R1
CtVgCD90R1_CCTTCGAAGACATAAC-1,CtVgCD90R1
CtVgCD90R1_CCTTCGAAGTATCGAA-1,CtVgCD90R1
CtVgCD90R1_CCTTCGAAGTATTGGA-1,CtVgCD90R1
CtVgCD90R1_CCTTCGAAGTTACCCA-1,CtVgCD90R1
CtVgCD90R1_CCTTCGACAAGGGTCA-1,CtVgCD90R1
CtVgCD90R1_CCTTCGACAATCCGAT-1,CtVgCD90R1
CtVgCD90R1_CCTTCGACACAACGCC-1,CtVgCD90R1
CtVgCD90R1_CCTTCGACAGATTGCT-1,CtVgCD90R1
CtVgCD90R1_CCTTCGACATTAGCCA-1,CtVgCD90R1
CtVgCD90R1_CCTTCGAGTACTTAGC-1,CtVgCD90R1
CtVgCD90R1_CCTTCGAGTGGAAAGA-1,CtVgCD90R1
CtVgCD90R1_CCTTCGAGTGTAAGTA-1,CtVgCD90R1
CtVgCD90R1_CCTTCGAGTTAGAACA-1,CtVgCD90R1
CtVgCD90R1_CCTTCGATCACATACG-1,CtVgCD90R1
CtVgCD90R1_CCTTCGATCGCTTGTC-1,CtVgCD90R1
CtVgCD90R1_CCTTTCTAGAAACCAT-1,CtVgCD90R1
CtVgCD90R1_CCTTTCTAGAGTCTGG-1,CtVgCD90R1
CtVgCD90R1_CCTTTCTAGAGTGAGA-1,CtVgCD90R1
CtVgCD90R1_CCTTTCTAGATGTCGG-1,CtVgCD90R1
CtVgCD90R1_CCTTTCTAGCCCAATT-1,CtVgCD90R1
CtVgCD90R1_CCTTTCTAGGACAGCT-1,CtVgCD90R1
CtVgCD90R1_CCTTTCTAGTGACATA-1,CtVgCD90R1
CtVgCD90R1_CCTTTCTAGTTTAGGA-1,CtVgCD90R1
CtVgCD90R1_CCTTTCTCAGAGTGTG-1,CtVgCD90R1
CtVgCD90R1_CCTTTCTCAGTGGAGT-1,CtVgCD90R1
CtVgCD90R1_CCTTTCTCATCCGGGT-1,CtVgCD90R1
CtVgCD90R1_CCTTTCTGTAAGCACG-1,CtVgCD90R1
CtVgCD90R1_CCTTTCTGTAAGTGGC-1,CtVgCD90R1
CtVgCD90R1_CCTTTCTGTGAAGGCT-1,CtVgCD90R1
CtVgCD90R1_CCTTTCTGTGCAGGTA-1,CtVgCD90R1
CtVgCD90R1_CCTTTCTTCAGGCAAG-1,CtVgCD90R1
CtVgCD90R1_CCTTTCTTCGGAAATA-1,CtVgCD90R1
CtVgCD90R1_CGAACATAGGCAAAGA-1,CtVgCD90R1
CtVgCD90R1_CGAACATAGGGAGTAA-1,CtVgCD90R1
CtVgCD90R1_CGAACATAGTACGACG-1,CtVgCD90R1
CtVgCD90R1_CGAACATAGTGGCACA-1,CtVgCD90R1
CtVgCD90R1_CGAACATAGTTGAGAT-1,CtVgCD90R1
CtVgCD90R1_CGAACATCAAGACACG-1,CtVgCD90R1
CtVgCD90R1_CGAACATCACTGTCGG-1,CtVgCD90R1
CtVgCD90R1_CGAACATCAGCAGTTT-1,CtVgCD90R1
CtVgCD90R1_CGAACATCAGTACACT-1,CtVgCD90R1
CtVgCD90R1_CGAACATCATCACGTA-1,CtVgCD90R1
CtVgCD90R1_CGAACATGTAAACACA-1,CtVgCD90R1
CtVgCD90R1_CGAACATGTATTAGCC-1,CtVgCD90R1
CtVgCD90R1_CGAACATGTGCAGTAG-1,CtVgCD90R1
CtVgCD90R1_CGAACATTCACTTATC-1,CtVgCD90R1
CtVgCD90R1_CGAACATTCAGTACGT-1,CtVgCD90R1
CtVgCD90R1_CGAACATTCGCTTAGA-1,CtVgCD90R1
CtVgCD90R1_CGAATGTAGCCACGCT-1,CtVgCD90R1
CtVgCD90R1_CGAATGTAGGAATTAC-1,CtVgCD90R1
CtVgCD90R1_CGAATGTAGGCTAGCA-1,CtVgCD90R1
CtVgCD90R1_CGAATGTGTCCTAGCG-1,CtVgCD90R1
CtVgCD90R1_CGAATGTGTCTCTCGT-1,CtVgCD90R1
CtVgCD90R1_CGAATGTTCCGTTGCT-1,CtVgCD90R1
CtVgCD90R1_CGAATGTTCGCCCTTA-1,CtVgCD90R1
CtVgCD90R1_CGAATGTTCTGGCGAC-1,CtVgCD90R1
CtVgCD90R1_CGACCTTAGAGGTTGC-1,CtVgCD90R1
CtVgCD90R1_CGACCTTAGCTTTGGT-1,CtVgCD90R1
CtVgCD90R1_CGACCTTAGGAATGGA-1,CtVgCD90R1
CtVgCD90R1_CGACCTTAGTACGATA-1,CtVgCD90R1
CtVgCD90R1_CGACCTTAGTTTGCGT-1,CtVgCD90R1
CtVgCD90R1_CGACCTTCACCGGAAA-1,CtVgCD90R1
CtVgCD90R1_CGACCTTCATACTCTT-1,CtVgCD90R1
CtVgCD90R1_CGACCTTGTAGCTGCC-1,CtVgCD90R1
CtVgCD90R1_CGACCTTGTATGAAAC-1,CtVgCD90R1
CtVgCD90R1_CGACCTTGTCAGATAA-1,CtVgCD90R1
CtVgCD90R1_CGACCTTGTGAACCTT-1,CtVgCD90R1
CtVgCD90R1_CGACCTTGTTGGGACA-1,CtVgCD90R1
CtVgCD90R1_CGACCTTTCAGTACGT-1,CtVgCD90R1
CtVgCD90R1_CGACCTTTCCGGGTGT-1,CtVgCD90R1
CtVgCD90R1_CGACCTTTCCTGTAGA-1,CtVgCD90R1
CtVgCD90R1_CGACTTCAGACAGACC-1,CtVgCD90R1
CtVgCD90R1_CGACTTCAGCCCGAAA-1,CtVgCD90R1
CtVgCD90R1_CGACTTCAGGTTCCTA-1,CtVgCD90R1
CtVgCD90R1_CGACTTCAGTGTGAAT-1,CtVgCD90R1
CtVgCD90R1_CGACTTCCAGCCTTGG-1,CtVgCD90R1
CtVgCD90R1_CGACTTCCATTGGGCC-1,CtVgCD90R1
CtVgCD90R1_CGACTTCGTAGCTCCG-1,CtVgCD90R1
CtVgCD90R1_CGACTTCTCAGTGCAT-1,CtVgCD90R1
CtVgCD90R1_CGACTTCTCGCCATAA-1,CtVgCD90R1
CtVgCD90R1_CGAGAAGAGGCCCGTT-1,CtVgCD90R1
CtVgCD90R1_CGAGAAGCAATAAGCA-1,CtVgCD90R1
CtVgCD90R1_CGAGAAGCAATCCAAC-1,CtVgCD90R1
CtVgCD90R1_CGAGAAGCACAACGCC-1,CtVgCD90R1
CtVgCD90R1_CGAGAAGCACCAGATT-1,CtVgCD90R1
CtVgCD90R1_CGAGAAGCAGCGTCCA-1,CtVgCD90R1
CtVgCD90R1_CGAGAAGCATGCCTAA-1,CtVgCD90R1
CtVgCD90R1_CGAGCACAGAAGGGTA-1,CtVgCD90R1
CtVgCD90R1_CGAGCACAGCCAGTTT-1,CtVgCD90R1
CtVgCD90R1_CGAGCACAGGTAGCTG-1,CtVgCD90R1
CtVgCD90R1_CGAGCACCAGATCCAT-1,CtVgCD90R1
CtVgCD90R1_CGAGCACGTACTCGCG-1,CtVgCD90R1
CtVgCD90R1_CGAGCACGTGGCAAAC-1,CtVgCD90R1
CtVgCD90R1_CGAGCACGTGTGTGCC-1,CtVgCD90R1
CtVgCD90R1_CGAGCACGTTAGATGA-1,CtVgCD90R1
CtVgCD90R1_CGAGCACTCATACGGT-1,CtVgCD90R1
CtVgCD90R1_CGAGCCAAGATGCCTT-1,CtVgCD90R1
CtVgCD90R1_CGAGCCAAGTAGGCCA-1,CtVgCD90R1
CtVgCD90R1_CGAGCCACACGAAATA-1,CtVgCD90R1
CtVgCD90R1_CGAGCCACAGCTCGAC-1,CtVgCD90R1
CtVgCD90R1_CGAGCCAGTAAAGGAG-1,CtVgCD90R1
CtVgCD90R1_CGAGCCATCTCCTATA-1,CtVgCD90R1
CtVgCD90R1_CGATCGGAGTACGCGA-1,CtVgCD90R1
CtVgCD90R1_CGATCGGAGTGATCGG-1,CtVgCD90R1
CtVgCD90R1_CGATCGGCAACACCTA-1,CtVgCD90R1
CtVgCD90R1_CGATCGGCACATCCAA-1,CtVgCD90R1
CtVgCD90R1_CGATCGGCACATTCGA-1,CtVgCD90R1
CtVgCD90R1_CGATCGGCAGTCAGCC-1,CtVgCD90R1
CtVgCD90R1_CGATCGGCAGTCGATT-1,CtVgCD90R1
CtVgCD90R1_CGATCGGGTCTCTCGT-1,CtVgCD90R1
CtVgCD90R1_CGATCGGGTTAAAGTG-1,CtVgCD90R1
CtVgCD90R1_CGATGGCAGAGGACGG-1,CtVgCD90R1
CtVgCD90R1_CGATGGCAGAGGTACC-1,CtVgCD90R1
CtVgCD90R1_CGATGGCAGTACGACG-1,CtVgCD90R1
CtVgCD90R1_CGATGGCGTAGTAGTA-1,CtVgCD90R1
CtVgCD90R1_CGATGGCGTATGAATG-1,CtVgCD90R1
CtVgCD90R1_CGATGGCGTCTGATCA-1,CtVgCD90R1
CtVgCD90R1_CGATGGCGTCTGCGGT-1,CtVgCD90R1
CtVgCD90R1_CGATGGCGTTTGACTG-1,CtVgCD90R1
CtVgCD90R1_CGATGGCTCCCAGGTG-1,CtVgCD90R1
CtVgCD90R1_CGATGGCTCCCTAACC-1,CtVgCD90R1
CtVgCD90R1_CGATGGCTCCTTAATC-1,CtVgCD90R1
CtVgCD90R1_CGATGGCTCCTTGGTC-1,CtVgCD90R1
CtVgCD90R1_CGATGGCTCGTCGTTC-1,CtVgCD90R1
CtVgCD90R1_CGATGTAAGAAGGCCT-1,CtVgCD90R1
CtVgCD90R1_CGATGTAAGTGTCCAT-1,CtVgCD90R1
CtVgCD90R1_CGATGTACAAGCGAGT-1,CtVgCD90R1
CtVgCD90R1_CGATGTACAAGTAGTA-1,CtVgCD90R1
CtVgCD90R1_CGATGTACACAACTGT-1,CtVgCD90R1
CtVgCD90R1_CGATGTACACGACTCG-1,CtVgCD90R1
CtVgCD90R1_CGATGTACAGGTCTCG-1,CtVgCD90R1
CtVgCD90R1_CGATGTAGTTCATGGT-1,CtVgCD90R1
CtVgCD90R1_CGATGTAGTTCGCGAC-1,CtVgCD90R1
CtVgCD90R1_CGATGTATCAGAGACG-1,CtVgCD90R1
CtVgCD90R1_CGATTGAAGATCCGAG-1,CtVgCD90R1
CtVgCD90R1_CGATTGAAGCCCTAAT-1,CtVgCD90R1
CtVgCD90R1_CGATTGAAGGGAGTAA-1,CtVgCD90R1
CtVgCD90R1_CGATTGAAGGGCACTA-1,CtVgCD90R1
CtVgCD90R1_CGATTGAAGGGTATCG-1,CtVgCD90R1
CtVgCD90R1_CGATTGAAGTCAATAG-1,CtVgCD90R1
CtVgCD90R1_CGATTGAAGTCCGGTC-1,CtVgCD90R1
CtVgCD90R1_CGATTGACAAGACGTG-1,CtVgCD90R1
CtVgCD90R1_CGATTGACATGCCCGA-1,CtVgCD90R1
CtVgCD90R1_CGATTGAGTACAGTTC-1,CtVgCD90R1
CtVgCD90R1_CGATTGAGTACTTAGC-1,CtVgCD90R1
CtVgCD90R1_CGATTGAGTTCAGACT-1,CtVgCD90R1
CtVgCD90R1_CGATTGATCTTGTACT-1,CtVgCD90R1
CtVgCD90R1_CGATTGATCTTGTATC-1,CtVgCD90R1
CtVgCD90R1_CGCCAAGCAATCTACG-1,CtVgCD90R1
CtVgCD90R1_CGCCAAGCACCAGATT-1,CtVgCD90R1
CtVgCD90R1_CGCCAAGCATGACATC-1,CtVgCD90R1
CtVgCD90R1_CGCCAAGGTACATCCA-1,CtVgCD90R1
CtVgCD90R1_CGCCAAGGTGATGTGG-1,CtVgCD90R1
CtVgCD90R1_CGCCAAGTCAACACAC-1,CtVgCD90R1
CtVgCD90R1_CGCCAAGTCCTGCTTG-1,CtVgCD90R1
CtVgCD90R1_CGCCAAGTCGCTGATA-1,CtVgCD90R1
CtVgCD90R1_CGCCAAGTCGGTGTCG-1,CtVgCD90R1
CtVgCD90R1_CGCGGTAAGGACTGGT-1,CtVgCD90R1
CtVgCD90R1_CGCGGTACAAGGTTTC-1,CtVgCD90R1
CtVgCD90R1_CGCGGTACACACCGAC-1,CtVgCD90R1
CtVgCD90R1_CGCGGTACACAGGAGT-1,CtVgCD90R1
CtVgCD90R1_CGCGGTACACCAGGTC-1,CtVgCD90R1
CtVgCD90R1_CGCGGTACAGTCAGAG-1,CtVgCD90R1
CtVgCD90R1_CGCGGTACATGGGAAC-1,CtVgCD90R1
CtVgCD90R1_CGCGGTAGTATCGCAT-1,CtVgCD90R1
CtVgCD90R1_CGCGGTAGTCCAACTA-1,CtVgCD90R1
CtVgCD90R1_CGCGGTAGTTCGTTGA-1,CtVgCD90R1
CtVgCD90R1_CGCGGTAGTTTGGCGC-1,CtVgCD90R1
CtVgCD90R1_CGCGGTATCAGTTTGG-1,CtVgCD90R1
CtVgCD90R1_CGCGGTATCGCGTAGC-1,CtVgCD90R1
CtVgCD90R1_CGCGGTATCTTCATGT-1,CtVgCD90R1
CtVgCD90R1_CGCGTTTAGAGCAATT-1,CtVgCD90R1
CtVgCD90R1_CGCGTTTCAGAGCCAA-1,CtVgCD90R1
CtVgCD90R1_CGCGTTTCAGCCTGTG-1,CtVgCD90R1
CtVgCD90R1_CGCGTTTGTAGCAAAT-1,CtVgCD90R1
CtVgCD90R1_CGCGTTTGTTCTGGTA-1,CtVgCD90R1
CtVgCD90R1_CGCGTTTTCGCTTGTC-1,CtVgCD90R1
CtVgCD90R1_CGCTATCAGGATTCGG-1,CtVgCD90R1
CtVgCD90R1_CGCTATCAGTGACTCT-1,CtVgCD90R1
CtVgCD90R1_CGCTATCCAAAGTGCG-1,CtVgCD90R1
CtVgCD90R1_CGCTATCCATGCTAGT-1,CtVgCD90R1
CtVgCD90R1_CGCTATCTCAACGGGA-1,CtVgCD90R1
CtVgCD90R1_CGCTATCTCCTTGACC-1,CtVgCD90R1
CtVgCD90R1_CGCTGGAAGAGACGAA-1,CtVgCD90R1
CtVgCD90R1_CGCTGGAAGGTGCACA-1,CtVgCD90R1
CtVgCD90R1_CGCTGGAAGTGTACTC-1,CtVgCD90R1
CtVgCD90R1_CGCTGGACAAGGGTCA-1,CtVgCD90R1
CtVgCD90R1_CGCTGGACACAGCGTC-1,CtVgCD90R1
CtVgCD90R1_CGCTGGATCAGTTTGG-1,CtVgCD90R1
CtVgCD90R1_CGCTGGATCCCTTGTG-1,CtVgCD90R1
CtVgCD90R1_CGCTGGATCCGTACAA-1,CtVgCD90R1
CtVgCD90R1_CGCTTCAAGCGATTCT-1,CtVgCD90R1
CtVgCD90R1_CGCTTCAAGGAACTGC-1,CtVgCD90R1
CtVgCD90R1_CGCTTCAAGTCAAGCG-1,CtVgCD90R1
CtVgCD90R1_CGCTTCAAGTTACGGG-1,CtVgCD90R1
CtVgCD90R1_CGCTTCACACCAGGCT-1,CtVgCD90R1
CtVgCD90R1_CGCTTCACACTTCGAA-1,CtVgCD90R1
CtVgCD90R1_CGCTTCACAGCAGTTT-1,CtVgCD90R1
CtVgCD90R1_CGCTTCACATCCGGGT-1,CtVgCD90R1
CtVgCD90R1_CGCTTCAGTAGGCTGA-1,CtVgCD90R1
CtVgCD90R1_CGCTTCAGTATAGTAG-1,CtVgCD90R1
CtVgCD90R1_CGCTTCAGTGGTCTCG-1,CtVgCD90R1
CtVgCD90R1_CGCTTCAGTTGTGGCC-1,CtVgCD90R1
CtVgCD90R1_CGCTTCATCCGTCATC-1,CtVgCD90R1
CtVgCD90R1_CGCTTCATCGTTACAG-1,CtVgCD90R1
CtVgCD90R1_CGGACACAGATCCTGT-1,CtVgCD90R1
CtVgCD90R1_CGGACACAGCAATCTC-1,CtVgCD90R1
CtVgCD90R1_CGGACACAGTCGATAA-1,CtVgCD90R1
CtVgCD90R1_CGGACACAGTGAAGAG-1,CtVgCD90R1
CtVgCD90R1_CGGACACAGTTATCGC-1,CtVgCD90R1
CtVgCD90R1_CGGACACCAAGGACTG-1,CtVgCD90R1
CtVgCD90R1_CGGACACTCAGGCAAG-1,CtVgCD90R1
CtVgCD90R1_CGGACACTCCTTGCCA-1,CtVgCD90R1
CtVgCD90R1_CGGACACTCGCGGATC-1,CtVgCD90R1
CtVgCD90R1_CGGACACTCGTAGGAG-1,CtVgCD90R1
CtVgCD90R1_CGGACACTCTACGAGT-1,CtVgCD90R1
CtVgCD90R1_CGGACGTAGCGTTCCG-1,CtVgCD90R1
CtVgCD90R1_CGGACGTAGGGTTTCT-1,CtVgCD90R1
CtVgCD90R1_CGGACGTAGGTAGCCA-1,CtVgCD90R1
CtVgCD90R1_CGGACGTAGTTGTCGT-1,CtVgCD90R1
CtVgCD90R1_CGGACGTCACAGACAG-1,CtVgCD90R1
CtVgCD90R1_CGGACGTGTAATTGGA-1,CtVgCD90R1
CtVgCD90R1_CGGACGTGTACCTACA-1,CtVgCD90R1
CtVgCD90R1_CGGACGTGTATGAAAC-1,CtVgCD90R1
CtVgCD90R1_CGGACGTGTCCTCCAT-1,CtVgCD90R1
CtVgCD90R1_CGGACGTGTGCAGTAG-1,CtVgCD90R1
CtVgCD90R1_CGGACGTTCAATCACG-1,CtVgCD90R1
CtVgCD90R1_CGGACGTTCTATCCTA-1,CtVgCD90R1
CtVgCD90R1_CGGACGTTCTGTCCGT-1,CtVgCD90R1
CtVgCD90R1_CGGACTGAGATAGTCA-1,CtVgCD90R1
CtVgCD90R1_CGGACTGAGTCCCACG-1,CtVgCD90R1
CtVgCD90R1_CGGACTGCACTTACGA-1,CtVgCD90R1
CtVgCD90R1_CGGACTGCATAGACTC-1,CtVgCD90R1
CtVgCD90R1_CGGACTGCATGAACCT-1,CtVgCD90R1
CtVgCD90R1_CGGACTGGTGGTGTAG-1,CtVgCD90R1
CtVgCD90R1_CGGACTGGTGTCTGAT-1,CtVgCD90R1
CtVgCD90R1_CGGACTGGTTCCACGG-1,CtVgCD90R1
CtVgCD90R1_CGGACTGGTTTCCACC-1,CtVgCD90R1
CtVgCD90R1_CGGACTGTCCGTTGTC-1,CtVgCD90R1
CtVgCD90R1_CGGACTGTCGTTGCCT-1,CtVgCD90R1
CtVgCD90R1_CGGACTGTCTGTTGAG-1,CtVgCD90R1
CtVgCD90R1_CGGAGCTAGCGTTTAC-1,CtVgCD90R1
CtVgCD90R1_CGGAGCTAGGGCTTGA-1,CtVgCD90R1
CtVgCD90R1_CGGAGCTCAATAGCAA-1,CtVgCD90R1
CtVgCD90R1_CGGAGCTCACAAGCCC-1,CtVgCD90R1
CtVgCD90R1_CGGAGCTCAGCTCGCA-1,CtVgCD90R1
CtVgCD90R1_CGGAGCTCATCTCCCA-1,CtVgCD90R1
CtVgCD90R1_CGGAGCTCATTCACTT-1,CtVgCD90R1
CtVgCD90R1_CGGAGCTGTCTAGAGG-1,CtVgCD90R1
CtVgCD90R1_CGGAGCTGTCTCTCTG-1,CtVgCD90R1
CtVgCD90R1_CGGAGCTGTGTAATGA-1,CtVgCD90R1
CtVgCD90R1_CGGAGCTTCACAACGT-1,CtVgCD90R1
CtVgCD90R1_CGGAGCTTCACAGTAC-1,CtVgCD90R1
CtVgCD90R1_CGGAGCTTCCGAAGAG-1,CtVgCD90R1
CtVgCD90R1_CGGAGCTTCTAAGCCA-1,CtVgCD90R1
CtVgCD90R1_CGGAGTCAGATGTGTA-1,CtVgCD90R1
CtVgCD90R1_CGGAGTCAGCCTCGTG-1,CtVgCD90R1
CtVgCD90R1_CGGAGTCAGGGATGGG-1,CtVgCD90R1
CtVgCD90R1_CGGAGTCAGGTGTGGT-1,CtVgCD90R1
CtVgCD90R1_CGGAGTCCACCTGGTG-1,CtVgCD90R1
CtVgCD90R1_CGGAGTCGTCCTCTTG-1,CtVgCD90R1
CtVgCD90R1_CGGAGTCGTGATGCCC-1,CtVgCD90R1
CtVgCD90R1_CGGAGTCGTGCTCTTC-1,CtVgCD90R1
CtVgCD90R1_CGGCTAGAGACCTAGG-1,CtVgCD90R1
CtVgCD90R1_CGGCTAGAGCACCGCT-1,CtVgCD90R1
CtVgCD90R1_CGGCTAGAGTGGTCCC-1,CtVgCD90R1
CtVgCD90R1_CGGCTAGCAATTGCTG-1,CtVgCD90R1
CtVgCD90R1_CGGCTAGGTCCAGTAT-1,CtVgCD90R1
CtVgCD90R1_CGGCTAGGTCCCTACT-1,CtVgCD90R1
CtVgCD90R1_CGGCTAGGTCGTCTTC-1,CtVgCD90R1
CtVgCD90R1_CGGCTAGGTTCGTTGA-1,CtVgCD90R1
CtVgCD90R1_CGGCTAGGTTGTACAC-1,CtVgCD90R1
CtVgCD90R1_CGGGTCAAGAGCTTCT-1,CtVgCD90R1
CtVgCD90R1_CGGGTCAAGGACAGCT-1,CtVgCD90R1
CtVgCD90R1_CGGGTCAAGGATATAC-1,CtVgCD90R1
CtVgCD90R1_CGGGTCAAGGGATCTG-1,CtVgCD90R1
CtVgCD90R1_CGGGTCACACAGGTTT-1,CtVgCD90R1
CtVgCD90R1_CGGGTCACACTGTGTA-1,CtVgCD90R1
CtVgCD90R1_CGGGTCACAGGTCTCG-1,CtVgCD90R1
CtVgCD90R1_CGGGTCACATTGGTAC-1,CtVgCD90R1
CtVgCD90R1_CGGGTCAGTGACCAAG-1,CtVgCD90R1
CtVgCD90R1_CGGGTCATCAACACTG-1,CtVgCD90R1
CtVgCD90R1_CGGGTCATCCGTCAAA-1,CtVgCD90R1
CtVgCD90R1_CGGTTAAAGAGCTGGT-1,CtVgCD90R1
CtVgCD90R1_CGGTTAAAGGAGCGAG-1,CtVgCD90R1
CtVgCD90R1_CGGTTAAAGGCCCGTT-1,CtVgCD90R1
CtVgCD90R1_CGGTTAAAGGGCTCTC-1,CtVgCD90R1
CtVgCD90R1_CGGTTAAAGGGTCGAT-1,CtVgCD90R1
CtVgCD90R1_CGGTTAACACTGCCAG-1,CtVgCD90R1
CtVgCD90R1_CGGTTAACAGGGAGAG-1,CtVgCD90R1
CtVgCD90R1_CGGTTAACAGTAAGCG-1,CtVgCD90R1
CtVgCD90R1_CGGTTAATCAAGGCTT-1,CtVgCD90R1
CtVgCD90R1_CGGTTAATCATAACCG-1,CtVgCD90R1
CtVgCD90R1_CGGTTAATCTGGGCCA-1,CtVgCD90R1
CtVgCD90R1_CGTAGCGAGAAGAAGC-1,CtVgCD90R1
CtVgCD90R1_CGTAGCGAGACACTAA-1,CtVgCD90R1
CtVgCD90R1_CGTAGCGAGCGATCCC-1,CtVgCD90R1
CtVgCD90R1_CGTAGCGAGGCAGGTT-1,CtVgCD90R1
CtVgCD90R1_CGTAGCGAGGGTTTCT-1,CtVgCD90R1
CtVgCD90R1_CGTAGCGAGTGGGCTA-1,CtVgCD90R1
CtVgCD90R1_CGTAGCGCACATGTGT-1,CtVgCD90R1
CtVgCD90R1_CGTAGCGCAGCGAACA-1,CtVgCD90R1
CtVgCD90R1_CGTAGCGCATCGGTTA-1,CtVgCD90R1
CtVgCD90R1_CGTAGCGCATGGTAGG-1,CtVgCD90R1
CtVgCD90R1_CGTAGCGGTGATGTGG-1,CtVgCD90R1
CtVgCD90R1_CGTAGCGGTTCAGACT-1,CtVgCD90R1
CtVgCD90R1_CGTAGGCAGTCGCCGT-1,CtVgCD90R1
CtVgCD90R1_CGTAGGCAGTGTCCAT-1,CtVgCD90R1
CtVgCD90R1_CGTAGGCCAATCTGCA-1,CtVgCD90R1
CtVgCD90R1_CGTAGGCCAGTGGAGT-1,CtVgCD90R1
CtVgCD90R1_CGTAGGCTCACATAGC-1,CtVgCD90R1
CtVgCD90R1_CGTAGGCTCGCGATCG-1,CtVgCD90R1
CtVgCD90R1_CGTCACTAGATGCGAC-1,CtVgCD90R1
CtVgCD90R1_CGTCACTAGCACAGGT-1,CtVgCD90R1
CtVgCD90R1_CGTCACTAGCACCGCT-1,CtVgCD90R1
CtVgCD90R1_CGTCACTAGCCGCCTA-1,CtVgCD90R1
CtVgCD90R1_CGTCACTCAGACGCCT-1,CtVgCD90R1
CtVgCD90R1_CGTCACTGTTAAGTAG-1,CtVgCD90R1
CtVgCD90R1_CGTCACTTCATCATTC-1,CtVgCD90R1
CtVgCD90R1_CGTCAGGAGCTGCCCA-1,CtVgCD90R1
CtVgCD90R1_CGTCAGGCAAAGGTGC-1,CtVgCD90R1
CtVgCD90R1_CGTCAGGCACGAAGCA-1,CtVgCD90R1
CtVgCD90R1_CGTCAGGCACGGCCAT-1,CtVgCD90R1
CtVgCD90R1_CGTCAGGCATCACGTA-1,CtVgCD90R1
CtVgCD90R1_CGTCAGGGTAGCGTCC-1,CtVgCD90R1
CtVgCD90R1_CGTCAGGGTCCGAACC-1,CtVgCD90R1
CtVgCD90R1_CGTCAGGGTGCGGTAA-1,CtVgCD90R1
CtVgCD90R1_CGTCAGGGTGTAAGTA-1,CtVgCD90R1
CtVgCD90R1_CGTCAGGTCGACAGCC-1,CtVgCD90R1
CtVgCD90R1_CGTCAGGTCTATGTGG-1,CtVgCD90R1
CtVgCD90R1_CGTCAGGTCTCCAACC-1,CtVgCD90R1
CtVgCD90R1_CGTCCATAGCGTCTAT-1,CtVgCD90R1
CtVgCD90R1_CGTCCATAGGCTCATT-1,CtVgCD90R1
CtVgCD90R1_CGTCCATAGGGAGTAA-1,CtVgCD90R1
CtVgCD90R1_CGTCCATCACATGGGA-1,CtVgCD90R1
CtVgCD90R1_CGTCCATCATACAGCT-1,CtVgCD90R1
CtVgCD90R1_CGTCCATTCACGCGGT-1,CtVgCD90R1
CtVgCD90R1_CGTCCATTCAGTCCCT-1,CtVgCD90R1
CtVgCD90R1_CGTCCATTCAGTGTTG-1,CtVgCD90R1
CtVgCD90R1_CGTCCATTCCTGCAGG-1,CtVgCD90R1
CtVgCD90R1_CGTCCATTCGGCGCAT-1,CtVgCD90R1
CtVgCD90R1_CGTCTACAGACATAAC-1,CtVgCD90R1
CtVgCD90R1_CGTCTACAGACTGGGT-1,CtVgCD90R1
CtVgCD90R1_CGTCTACAGGTGCTAG-1,CtVgCD90R1
CtVgCD90R1_CGTCTACCAAGTAATG-1,CtVgCD90R1
CtVgCD90R1_CGTCTACCACAGGTTT-1,CtVgCD90R1
CtVgCD90R1_CGTCTACCACGGTGTC-1,CtVgCD90R1
CtVgCD90R1_CGTCTACCAGCTGGCT-1,CtVgCD90R1
CtVgCD90R1_CGTCTACCAGGGAGAG-1,CtVgCD90R1
CtVgCD90R1_CGTCTACGTAGCCTCG-1,CtVgCD90R1
CtVgCD90R1_CGTCTACGTATAAACG-1,CtVgCD90R1
CtVgCD90R1_CGTCTACGTCCTCTTG-1,CtVgCD90R1
CtVgCD90R1_CGTCTACGTGTCGCTG-1,CtVgCD90R1
CtVgCD90R1_CGTCTACGTTGCCTCT-1,CtVgCD90R1
CtVgCD90R1_CGTCTACGTTGGTGGA-1,CtVgCD90R1
CtVgCD90R1_CGTCTACTCGGTTCGG-1,CtVgCD90R1
CtVgCD90R1_CGTGAGCAGACTAAGT-1,CtVgCD90R1
CtVgCD90R1_CGTGAGCAGATCCGAG-1,CtVgCD90R1
CtVgCD90R1_CGTGAGCAGTATCGAA-1,CtVgCD90R1
CtVgCD90R1_CGTGAGCCAAAGCGGT-1,CtVgCD90R1
CtVgCD90R1_CGTGAGCCATTATCTC-1,CtVgCD90R1
CtVgCD90R1_CGTGAGCGTACGACCC-1,CtVgCD90R1
CtVgCD90R1_CGTGAGCGTCCTGCTT-1,CtVgCD90R1
CtVgCD90R1_CGTGAGCGTGCCTGTG-1,CtVgCD90R1
CtVgCD90R1_CGTGAGCGTTCAGGCC-1,CtVgCD90R1
CtVgCD90R1_CGTGAGCTCACCACCT-1,CtVgCD90R1
CtVgCD90R1_CGTGAGCTCACCGTAA-1,CtVgCD90R1
CtVgCD90R1_CGTGAGCTCATGCATG-1,CtVgCD90R1
CtVgCD90R1_CGTGAGCTCGTGACAT-1,CtVgCD90R1
CtVgCD90R1_CGTGTAACAAGCTGGA-1,CtVgCD90R1
CtVgCD90R1_CGTGTAAGTCATTAGC-1,CtVgCD90R1
CtVgCD90R1_CGTGTAAGTGCACTTA-1,CtVgCD90R1
CtVgCD90R1_CGTGTAATCCCATTTA-1,CtVgCD90R1
CtVgCD90R1_CGTGTAATCCGCGCAA-1,CtVgCD90R1
CtVgCD90R1_CGTGTAATCTACTCAT-1,CtVgCD90R1
CtVgCD90R1_CGTGTCTAGCGTGAGT-1,CtVgCD90R1
CtVgCD90R1_CGTGTCTCAAGTTCTG-1,CtVgCD90R1
CtVgCD90R1_CGTGTCTGTCATACTG-1,CtVgCD90R1
CtVgCD90R1_CGTGTCTGTTACGGAG-1,CtVgCD90R1
CtVgCD90R1_CGTGTCTTCTAACTTC-1,CtVgCD90R1
CtVgCD90R1_CGTTAGAAGTGAACAT-1,CtVgCD90R1
CtVgCD90R1_CGTTAGACACCACCAG-1,CtVgCD90R1
CtVgCD90R1_CGTTAGACACGCATCG-1,CtVgCD90R1
CtVgCD90R1_CGTTAGACACTGTGTA-1,CtVgCD90R1
CtVgCD90R1_CGTTAGAGTCTCTCGT-1,CtVgCD90R1
CtVgCD90R1_CGTTAGAGTCTTGATG-1,CtVgCD90R1
CtVgCD90R1_CGTTAGATCAAACGGG-1,CtVgCD90R1
CtVgCD90R1_CGTTAGATCTAAGCCA-1,CtVgCD90R1
CtVgCD90R1_CGTTAGATCTTGCATT-1,CtVgCD90R1
CtVgCD90R1_CGTTCTGAGCAGGTCA-1,CtVgCD90R1
CtVgCD90R1_CGTTCTGAGGGCACTA-1,CtVgCD90R1
CtVgCD90R1_CGTTCTGAGTGCGTGA-1,CtVgCD90R1
CtVgCD90R1_CGTTCTGCAATGGAAT-1,CtVgCD90R1
CtVgCD90R1_CGTTCTGCATTCTTAC-1,CtVgCD90R1
CtVgCD90R1_CGTTCTGTCACTCCTG-1,CtVgCD90R1
CtVgCD90R1_CGTTCTGTCATCGATG-1,CtVgCD90R1
CtVgCD90R1_CGTTCTGTCTTGCAAG-1,CtVgCD90R1
CtVgCD90R1_CGTTGGGAGGACCACA-1,CtVgCD90R1
CtVgCD90R1_CGTTGGGAGGGAAACA-1,CtVgCD90R1
CtVgCD90R1_CGTTGGGCAAGCGCTC-1,CtVgCD90R1
CtVgCD90R1_CGTTGGGCACCAGTTA-1,CtVgCD90R1
CtVgCD90R1_CGTTGGGCACCTATCC-1,CtVgCD90R1
CtVgCD90R1_CGTTGGGCATGATCCA-1,CtVgCD90R1
CtVgCD90R1_CGTTGGGGTAGCGTGA-1,CtVgCD90R1
CtVgCD90R1_CGTTGGGGTATGCTTG-1,CtVgCD90R1
CtVgCD90R1_CGTTGGGTCAAGATCC-1,CtVgCD90R1
CtVgCD90R1_CGTTGGGTCCAGATCA-1,CtVgCD90R1
CtVgCD90R1_CGTTGGGTCCCATTAT-1,CtVgCD90R1
CtVgCD90R1_CGTTGGGTCGCGCCAA-1,CtVgCD90R1
CtVgCD90R1_CTAACTTAGCGCTTAT-1,CtVgCD90R1
CtVgCD90R1_CTAACTTAGTACCGGA-1,CtVgCD90R1
CtVgCD90R1_CTAACTTCAAAGGTGC-1,CtVgCD90R1
CtVgCD90R1_CTAACTTCAATAACGA-1,CtVgCD90R1
CtVgCD90R1_CTAACTTCACGAGGTA-1,CtVgCD90R1
CtVgCD90R1_CTAACTTCATGCCTAA-1,CtVgCD90R1
CtVgCD90R1_CTAACTTGTTAAGACA-1,CtVgCD90R1
CtVgCD90R1_CTAACTTTCCAACCAA-1,CtVgCD90R1
CtVgCD90R1_CTAACTTTCCGTCATC-1,CtVgCD90R1
CtVgCD90R1_CTAACTTTCGAACGGA-1,CtVgCD90R1
CtVgCD90R1_CTAACTTTCGACGGAA-1,CtVgCD90R1
CtVgCD90R1_CTAACTTTCGCTTAGA-1,CtVgCD90R1
CtVgCD90R1_CTAAGACAGCATGGCA-1,CtVgCD90R1
CtVgCD90R1_CTAAGACAGGACAGCT-1,CtVgCD90R1
CtVgCD90R1_CTAAGACCACATGTGT-1,CtVgCD90R1
CtVgCD90R1_CTAAGACCAGGAACGT-1,CtVgCD90R1
CtVgCD90R1_CTAAGACCAGGACGTA-1,CtVgCD90R1
CtVgCD90R1_CTAAGACCAGTGGAGT-1,CtVgCD90R1
CtVgCD90R1_CTAAGACCATGTTGAC-1,CtVgCD90R1
CtVgCD90R1_CTAAGACGTAAACCTC-1,CtVgCD90R1
CtVgCD90R1_CTAAGACGTCAACATC-1,CtVgCD90R1
CtVgCD90R1_CTAAGACGTCTCAACA-1,CtVgCD90R1
CtVgCD90R1_CTAAGACGTGCTGTAT-1,CtVgCD90R1
CtVgCD90R1_CTAAGACTCACATAGC-1,CtVgCD90R1
CtVgCD90R1_CTAAGACTCGACCAGC-1,CtVgCD90R1
CtVgCD90R1_CTAATGGAGATACACA-1,CtVgCD90R1
CtVgCD90R1_CTAATGGAGCTAGTTC-1,CtVgCD90R1
CtVgCD90R1_CTAATGGAGGTGCTTT-1,CtVgCD90R1
CtVgCD90R1_CTAATGGCAAGCGATG-1,CtVgCD90R1
CtVgCD90R1_CTAATGGGTCGCATAT-1,CtVgCD90R1
CtVgCD90R1_CTAATGGGTGCACCAC-1,CtVgCD90R1
CtVgCD90R1_CTAATGGTCCGAACGC-1,CtVgCD90R1
CtVgCD90R1_CTAATGGTCGTGGGAA-1,CtVgCD90R1
CtVgCD90R1_CTAATGGTCGTTTGCC-1,CtVgCD90R1
CtVgCD90R1_CTAATGGTCTGGCGTG-1,CtVgCD90R1
CtVgCD90R1_CTACACCAGATCGGGT-1,CtVgCD90R1
CtVgCD90R1_CTACACCAGATGGGTC-1,CtVgCD90R1
CtVgCD90R1_CTACACCAGCCAGAAC-1,CtVgCD90R1
CtVgCD90R1_CTACACCAGTAATCCC-1,CtVgCD90R1
CtVgCD90R1_CTACACCCAAGGACAC-1,CtVgCD90R1
CtVgCD90R1_CTACACCCAATCCGAT-1,CtVgCD90R1
CtVgCD90R1_CTACACCCATATACGC-1,CtVgCD90R1
CtVgCD90R1_CTACACCGTCCGTTAA-1,CtVgCD90R1
CtVgCD90R1_CTACACCGTCTTCTCG-1,CtVgCD90R1
CtVgCD90R1_CTACACCGTGCTCTTC-1,CtVgCD90R1
CtVgCD90R1_CTACACCTCATGCAAC-1,CtVgCD90R1
CtVgCD90R1_CTACACCTCCATGCTC-1,CtVgCD90R1
CtVgCD90R1_CTACACCTCGAGAGCA-1,CtVgCD90R1
CtVgCD90R1_CTACACCTCTGCAGTA-1,CtVgCD90R1
CtVgCD90R1_CTACATTAGATCCCAT-1,CtVgCD90R1
CtVgCD90R1_CTACATTAGGCAGGTT-1,CtVgCD90R1
CtVgCD90R1_CTACATTAGGCATGTG-1,CtVgCD90R1
CtVgCD90R1_CTACATTAGGTAAACT-1,CtVgCD90R1
CtVgCD90R1_CTACATTGTAGGGTAC-1,CtVgCD90R1
CtVgCD90R1_CTACATTGTGCAGTAG-1,CtVgCD90R1
CtVgCD90R1_CTACATTGTTGAGGTG-1,CtVgCD90R1
CtVgCD90R1_CTACATTTCCGTTGCT-1,CtVgCD90R1
CtVgCD90R1_CTACATTTCGTGGACC-1,CtVgCD90R1
CtVgCD90R1_CTACCCAAGCAGGCTA-1,CtVgCD90R1
CtVgCD90R1_CTACCCAAGCGCCTTG-1,CtVgCD90R1
CtVgCD90R1_CTACCCACACTTAAGC-1,CtVgCD90R1
CtVgCD90R1_CTACCCACATACGCCG-1,CtVgCD90R1
CtVgCD90R1_CTACCCAGTAGGAGTC-1,CtVgCD90R1
CtVgCD90R1_CTACCCAGTCCGACGT-1,CtVgCD90R1
CtVgCD90R1_CTACCCAGTCCTCCAT-1,CtVgCD90R1
CtVgCD90R1_CTACCCATCAGTGCAT-1,CtVgCD90R1
CtVgCD90R1_CTACCCATCCAAACAC-1,CtVgCD90R1
CtVgCD90R1_CTACCCATCCTGTAGA-1,CtVgCD90R1
CtVgCD90R1_CTACGTCAGCGAAGGG-1,CtVgCD90R1
CtVgCD90R1_CTACGTCAGCGATATA-1,CtVgCD90R1
CtVgCD90R1_CTACGTCAGTATCGAA-1,CtVgCD90R1
CtVgCD90R1_CTACGTCCACATTTCT-1,CtVgCD90R1
CtVgCD90R1_CTACGTCCACTGTGTA-1,CtVgCD90R1
CtVgCD90R1_CTACGTCCAGCCACCA-1,CtVgCD90R1
CtVgCD90R1_CTACGTCCAGTAAGAT-1,CtVgCD90R1
CtVgCD90R1_CTACGTCCATTACGAC-1,CtVgCD90R1
CtVgCD90R1_CTACGTCGTCCAACTA-1,CtVgCD90R1
CtVgCD90R1_CTACGTCGTCCGAACC-1,CtVgCD90R1
CtVgCD90R1_CTACGTCGTCTCTTAT-1,CtVgCD90R1
CtVgCD90R1_CTACGTCGTGGCCCTA-1,CtVgCD90R1
CtVgCD90R1_CTACGTCTCCATGAAC-1,CtVgCD90R1
CtVgCD90R1_CTACGTCTCCGCGGTA-1,CtVgCD90R1
CtVgCD90R1_CTAGAGTCACCTCGTT-1,CtVgCD90R1
CtVgCD90R1_CTAGAGTGTCTGCCAG-1,CtVgCD90R1
CtVgCD90R1_CTAGAGTGTGACGCCT-1,CtVgCD90R1
CtVgCD90R1_CTAGAGTGTTATTCTC-1,CtVgCD90R1
CtVgCD90R1_CTAGAGTTCATGTGGT-1,CtVgCD90R1
CtVgCD90R1_CTAGAGTTCTGAGGGA-1,CtVgCD90R1
CtVgCD90R1_CTAGAGTTCTGCAGTA-1,CtVgCD90R1
CtVgCD90R1_CTAGCCTAGGGCATGT-1,CtVgCD90R1
CtVgCD90R1_CTAGCCTAGGGTTTCT-1,CtVgCD90R1
CtVgCD90R1_CTAGCCTAGTGGGTTG-1,CtVgCD90R1
CtVgCD90R1_CTAGCCTCAATGAAAC-1,CtVgCD90R1
CtVgCD90R1_CTAGCCTCAGCTATTG-1,CtVgCD90R1
CtVgCD90R1_CTAGCCTCATCGTCGG-1,CtVgCD90R1
CtVgCD90R1_CTAGCCTGTCCTGCTT-1,CtVgCD90R1
CtVgCD90R1_CTAGCCTGTTATCACG-1,CtVgCD90R1
CtVgCD90R1_CTAGCCTTCACGGTTA-1,CtVgCD90R1
CtVgCD90R1_CTAGCCTTCATGGTCA-1,CtVgCD90R1
CtVgCD90R1_CTAGCCTTCATTCACT-1,CtVgCD90R1
CtVgCD90R1_CTAGTGAAGAATAGGG-1,CtVgCD90R1
CtVgCD90R1_CTAGTGAAGACACTAA-1,CtVgCD90R1
CtVgCD90R1_CTAGTGAAGACTCGGA-1,CtVgCD90R1
CtVgCD90R1_CTAGTGAAGGACGAAA-1,CtVgCD90R1
CtVgCD90R1_CTAGTGAAGTTCCACA-1,CtVgCD90R1
CtVgCD90R1_CTAGTGACAGGACGTA-1,CtVgCD90R1
CtVgCD90R1_CTAGTGAGTAAACCTC-1,CtVgCD90R1
CtVgCD90R1_CTAGTGAGTACTTGAC-1,CtVgCD90R1
CtVgCD90R1_CTAGTGAGTCATCCCT-1,CtVgCD90R1
CtVgCD90R1_CTAGTGAGTGAGTATA-1,CtVgCD90R1
CtVgCD90R1_CTAGTGATCCCTAATT-1,CtVgCD90R1
CtVgCD90R1_CTAGTGATCGCATGGC-1,CtVgCD90R1
CtVgCD90R1_CTAGTGATCGTCCAGG-1,CtVgCD90R1
CtVgCD90R1_CTAGTGATCTTGCAAG-1,CtVgCD90R1
CtVgCD90R1_CTCACACAGAGGTTAT-1,CtVgCD90R1
CtVgCD90R1_CTCACACAGCACGCCT-1,CtVgCD90R1
CtVgCD90R1_CTCACACAGCGTTGCC-1,CtVgCD90R1
CtVgCD90R1_CTCACACCACAACTGT-1,CtVgCD90R1
CtVgCD90R1_CTCACACCACTTAAGC-1,CtVgCD90R1
CtVgCD90R1_CTCACACCATAAGACA-1,CtVgCD90R1
CtVgCD90R1_CTCACACCATAGACTC-1,CtVgCD90R1
CtVgCD90R1_CTCACACGTCCTCTTG-1,CtVgCD90R1
CtVgCD90R1_CTCACACGTGACGCCT-1,CtVgCD90R1
CtVgCD90R1_CTCACACGTGACTACT-1,CtVgCD90R1
CtVgCD90R1_CTCACACGTGATGCCC-1,CtVgCD90R1
CtVgCD90R1_CTCACACGTTGATTCG-1,CtVgCD90R1
CtVgCD90R1_CTCACACTCAACTCTT-1,CtVgCD90R1
CtVgCD90R1_CTCACACTCAGTCAGT-1,CtVgCD90R1
CtVgCD90R1_CTCACACTCCTATGTT-1,CtVgCD90R1
CtVgCD90R1_CTCACACTCTGGGCCA-1,CtVgCD90R1
CtVgCD90R1_CTCAGAAAGCTAGTTC-1,CtVgCD90R1
CtVgCD90R1_CTCAGAAAGGAATGGA-1,CtVgCD90R1
CtVgCD90R1_CTCAGAAAGGCTCATT-1,CtVgCD90R1
CtVgCD90R1_CTCAGAAAGTAACCCT-1,CtVgCD90R1
CtVgCD90R1_CTCAGAAAGTTGTAGA-1,CtVgCD90R1
CtVgCD90R1_CTCAGAACAAGTCTAC-1,CtVgCD90R1
CtVgCD90R1_CTCAGAACACAGCCCA-1,CtVgCD90R1
CtVgCD90R1_CTCAGAACACTTACGA-1,CtVgCD90R1
CtVgCD90R1_CTCAGAACAGCTGCTG-1,CtVgCD90R1
CtVgCD90R1_CTCAGAACATTAACCG-1,CtVgCD90R1
CtVgCD90R1_CTCAGAAGTTAAAGTG-1,CtVgCD90R1
CtVgCD90R1_CTCATTACACCTTGTC-1,CtVgCD90R1
CtVgCD90R1_CTCATTACATGATCCA-1,CtVgCD90R1
CtVgCD90R1_CTCATTAGTACCAGTT-1,CtVgCD90R1
CtVgCD90R1_CTCATTAGTGAGGGAG-1,CtVgCD90R1
CtVgCD90R1_CTCATTAGTTTACTCT-1,CtVgCD90R1
CtVgCD90R1_CTCATTATCAAACCAC-1,CtVgCD90R1
CtVgCD90R1_CTCATTATCATGTCTT-1,CtVgCD90R1
CtVgCD90R1_CTCCTAGCATACTACG-1,CtVgCD90R1
CtVgCD90R1_CTCCTAGCATGGTAGG-1,CtVgCD90R1
CtVgCD90R1_CTCCTAGGTACTTAGC-1,CtVgCD90R1
CtVgCD90R1_CTCCTAGGTCATCCCT-1,CtVgCD90R1
CtVgCD90R1_CTCCTAGGTCGTTGTA-1,CtVgCD90R1
CtVgCD90R1_CTCCTAGTCGTATCAG-1,CtVgCD90R1
CtVgCD90R1_CTCCTAGTCTTATCTG-1,CtVgCD90R1
CtVgCD90R1_CTCGAAACAAGCGAGT-1,CtVgCD90R1
CtVgCD90R1_CTCGAAACACTCTGTC-1,CtVgCD90R1
CtVgCD90R1_CTCGAAACAGACGCCT-1,CtVgCD90R1
CtVgCD90R1_CTCGAAACATACGCCG-1,CtVgCD90R1
CtVgCD90R1_CTCGAAAGTCAAGCGA-1,CtVgCD90R1
CtVgCD90R1_CTCGAAAGTCTGCCAG-1,CtVgCD90R1
CtVgCD90R1_CTCGAAAGTGTGGCTC-1,CtVgCD90R1
CtVgCD90R1_CTCGAAATCGTATCAG-1,CtVgCD90R1
CtVgCD90R1_CTCGAAATCTTCGGTC-1,CtVgCD90R1
CtVgCD90R1_CTCGAGGCACACCGAC-1,CtVgCD90R1
CtVgCD90R1_CTCGAGGGTCACACGC-1,CtVgCD90R1
CtVgCD90R1_CTCGAGGGTCAGAATA-1,CtVgCD90R1
CtVgCD90R1_CTCGAGGGTCCCGACA-1,CtVgCD90R1
CtVgCD90R1_CTCGAGGGTGAGGGAG-1,CtVgCD90R1
CtVgCD90R1_CTCGAGGGTGCAACGA-1,CtVgCD90R1
CtVgCD90R1_CTCGAGGGTGCGAAAC-1,CtVgCD90R1
CtVgCD90R1_CTCGAGGTCAACGGGA-1,CtVgCD90R1
CtVgCD90R1_CTCGAGGTCTCACATT-1,CtVgCD90R1
CtVgCD90R1_CTCGAGGTCTTCGAGA-1,CtVgCD90R1
CtVgCD90R1_CTCGGAGAGAAGGTTT-1,CtVgCD90R1
CtVgCD90R1_CTCGGAGAGAGACGAA-1,CtVgCD90R1
CtVgCD90R1_CTCGGAGAGATCGATA-1,CtVgCD90R1
CtVgCD90R1_CTCGGAGAGTCATGCT-1,CtVgCD90R1
CtVgCD90R1_CTCGGAGCAACGATCT-1,CtVgCD90R1
CtVgCD90R1_CTCGGAGCATCCCATC-1,CtVgCD90R1
CtVgCD90R1_CTCGGAGCATGAGCGA-1,CtVgCD90R1
CtVgCD90R1_CTCGGAGGTCCTCCAT-1,CtVgCD90R1
CtVgCD90R1_CTCGGAGGTGCAGACA-1,CtVgCD90R1
CtVgCD90R1_CTCGGAGGTTCCACTC-1,CtVgCD90R1
CtVgCD90R1_CTCGGAGTCACCGTAA-1,CtVgCD90R1
CtVgCD90R1_CTCGGAGTCGTGGACC-1,CtVgCD90R1
CtVgCD90R1_CTCGGGAAGATCCCAT-1,CtVgCD90R1
CtVgCD90R1_CTCGGGACAAAGCAAT-1,CtVgCD90R1
CtVgCD90R1_CTCGGGACAAGACACG-1,CtVgCD90R1
CtVgCD90R1_CTCGGGACACAGCGTC-1,CtVgCD90R1
CtVgCD90R1_CTCGGGACACGTGAGA-1,CtVgCD90R1
CtVgCD90R1_CTCGGGACATTTCACT-1,CtVgCD90R1
CtVgCD90R1_CTCGGGAGTCACAAGG-1,CtVgCD90R1
CtVgCD90R1_CTCGGGAGTCGAATCT-1,CtVgCD90R1
CtVgCD90R1_CTCGGGATCAAGAAGT-1,CtVgCD90R1
CtVgCD90R1_CTCGGGATCGCCAGCA-1,CtVgCD90R1
CtVgCD90R1_CTCGTACAGACTAGGC-1,CtVgCD90R1
CtVgCD90R1_CTCGTACGTACCTACA-1,CtVgCD90R1
CtVgCD90R1_CTCGTACGTCCAGTGC-1,CtVgCD90R1
CtVgCD90R1_CTCGTACGTCGGGTCT-1,CtVgCD90R1
CtVgCD90R1_CTCGTACGTGTATGGG-1,CtVgCD90R1
CtVgCD90R1_CTCGTACGTTTGACTG-1,CtVgCD90R1
CtVgCD90R1_CTCGTACTCACAGGCC-1,CtVgCD90R1
CtVgCD90R1_CTCGTACTCACCTCGT-1,CtVgCD90R1
CtVgCD90R1_CTCGTACTCCTTGACC-1,CtVgCD90R1
CtVgCD90R1_CTCGTACTCTATCGCC-1,CtVgCD90R1
CtVgCD90R1_CTCGTCAAGACGCAAC-1,CtVgCD90R1
CtVgCD90R1_CTCGTCAAGATAGTCA-1,CtVgCD90R1
CtVgCD90R1_CTCGTCAAGGTGTGGT-1,CtVgCD90R1
CtVgCD90R1_CTCGTCACAAATACAG-1,CtVgCD90R1
CtVgCD90R1_CTCGTCACAAGAAGAG-1,CtVgCD90R1
CtVgCD90R1_CTCGTCACACACATGT-1,CtVgCD90R1
CtVgCD90R1_CTCGTCACACCAGTTA-1,CtVgCD90R1
CtVgCD90R1_CTCGTCACACTGAAGG-1,CtVgCD90R1
CtVgCD90R1_CTCGTCACACTGTCGG-1,CtVgCD90R1
CtVgCD90R1_CTCGTCAGTAGAAAGG-1,CtVgCD90R1
CtVgCD90R1_CTCGTCAGTCATCCCT-1,CtVgCD90R1
CtVgCD90R1_CTCGTCAGTGGACGAT-1,CtVgCD90R1
CtVgCD90R1_CTCGTCAGTTACGGAG-1,CtVgCD90R1
CtVgCD90R1_CTCGTCAGTTTAGCTG-1,CtVgCD90R1
CtVgCD90R1_CTCGTCATCAGCCTAA-1,CtVgCD90R1
CtVgCD90R1_CTCGTCATCGATCCCT-1,CtVgCD90R1
CtVgCD90R1_CTCGTCATCGCTGATA-1,CtVgCD90R1
CtVgCD90R1_CTCGTCATCGGCGCTA-1,CtVgCD90R1
CtVgCD90R1_CTCGTCATCTAGCACA-1,CtVgCD90R1
CtVgCD90R1_CTCGTCATCTCACATT-1,CtVgCD90R1
CtVgCD90R1_CTCGTCATCTGACCTC-1,CtVgCD90R1
CtVgCD90R1_CTCGTCATCTTGAGAC-1,CtVgCD90R1
CtVgCD90R1_CTCTAATAGAAAGTGG-1,CtVgCD90R1
CtVgCD90R1_CTCTAATAGGTAAACT-1,CtVgCD90R1
CtVgCD90R1_CTCTAATAGGTGATTA-1,CtVgCD90R1
CtVgCD90R1_CTCTAATAGTATCGAA-1,CtVgCD90R1
CtVgCD90R1_CTCTAATCACAGCCCA-1,CtVgCD90R1
CtVgCD90R1_CTCTAATCATCGGACC-1,CtVgCD90R1
CtVgCD90R1_CTCTAATCATTACCTT-1,CtVgCD90R1
CtVgCD90R1_CTCTAATGTCATATGC-1,CtVgCD90R1
CtVgCD90R1_CTCTAATGTTTAGGAA-1,CtVgCD90R1
CtVgCD90R1_CTCTAATTCACGACTA-1,CtVgCD90R1
CtVgCD90R1_CTCTAATTCATTATCC-1,CtVgCD90R1
CtVgCD90R1_CTCTAATTCGGGAGTA-1,CtVgCD90R1
CtVgCD90R1_CTCTACGAGACCTTTG-1,CtVgCD90R1
CtVgCD90R1_CTCTACGAGTTTAGGA-1,CtVgCD90R1
CtVgCD90R1_CTCTACGCATACCATG-1,CtVgCD90R1
CtVgCD90R1_CTCTACGCATGCCCGA-1,CtVgCD90R1
CtVgCD90R1_CTCTACGGTAAGGATT-1,CtVgCD90R1
CtVgCD90R1_CTCTACGTCACCATAG-1,CtVgCD90R1
CtVgCD90R1_CTCTACGTCACTCCTG-1,CtVgCD90R1
CtVgCD90R1_CTCTACGTCGCATGAT-1,CtVgCD90R1
CtVgCD90R1_CTCTGGTAGCACGCCT-1,CtVgCD90R1
CtVgCD90R1_CTCTGGTAGCTAAGAT-1,CtVgCD90R1
CtVgCD90R1_CTCTGGTAGGTGTTAA-1,CtVgCD90R1
CtVgCD90R1_CTCTGGTAGTGAATTG-1,CtVgCD90R1
CtVgCD90R1_CTCTGGTTCGCTTGTC-1,CtVgCD90R1
CtVgCD90R1_CTGAAACAGTGATCGG-1,CtVgCD90R1
CtVgCD90R1_CTGAAACAGTGCGATG-1,CtVgCD90R1
CtVgCD90R1_CTGAAACAGTGGTCCC-1,CtVgCD90R1
CtVgCD90R1_CTGAAACCACTGTCGG-1,CtVgCD90R1
CtVgCD90R1_CTGAAACGTCACCTAA-1,CtVgCD90R1
CtVgCD90R1_CTGAAACGTCCGCTGA-1,CtVgCD90R1
CtVgCD90R1_CTGAAACGTCCGTCAG-1,CtVgCD90R1
CtVgCD90R1_CTGAAACGTCGAATCT-1,CtVgCD90R1
CtVgCD90R1_CTGAAACGTGCACCAC-1,CtVgCD90R1
CtVgCD90R1_CTGAAACTCGTTACAG-1,CtVgCD90R1
CtVgCD90R1_CTGAAACTCTACCTGC-1,CtVgCD90R1
CtVgCD90R1_CTGAAGTAGCACACAG-1,CtVgCD90R1
CtVgCD90R1_CTGAAGTCACATCCAA-1,CtVgCD90R1
CtVgCD90R1_CTGAAGTCAGTAACGG-1,CtVgCD90R1
CtVgCD90R1_CTGAAGTCATTAGGCT-1,CtVgCD90R1
CtVgCD90R1_CTGAAGTGTACTTAGC-1,CtVgCD90R1
CtVgCD90R1_CTGAAGTGTATAGGTA-1,CtVgCD90R1
CtVgCD90R1_CTGAAGTGTCCATGAT-1,CtVgCD90R1
CtVgCD90R1_CTGAAGTGTCTGGAGA-1,CtVgCD90R1
CtVgCD90R1_CTGAAGTTCAACACGT-1,CtVgCD90R1
CtVgCD90R1_CTGAAGTTCACAGGCC-1,CtVgCD90R1
CtVgCD90R1_CTGAAGTTCAGCCTAA-1,CtVgCD90R1
CtVgCD90R1_CTGAAGTTCGCAAGCC-1,CtVgCD90R1
CtVgCD90R1_CTGAAGTTCGTTACAG-1,CtVgCD90R1
CtVgCD90R1_CTGATAGCACATCCAA-1,CtVgCD90R1
CtVgCD90R1_CTGATAGGTAGGGTAC-1,CtVgCD90R1
CtVgCD90R1_CTGATAGGTCGGCATC-1,CtVgCD90R1
CtVgCD90R1_CTGATAGGTGTTGGGA-1,CtVgCD90R1
CtVgCD90R1_CTGATAGGTTCAGCGC-1,CtVgCD90R1
CtVgCD90R1_CTGATAGTCCAAACAC-1,CtVgCD90R1
CtVgCD90R1_CTGATAGTCTGTCTAT-1,CtVgCD90R1
CtVgCD90R1_CTGATCCAGCTCCCAG-1,CtVgCD90R1
CtVgCD90R1_CTGATCCAGGCCATAG-1,CtVgCD90R1
CtVgCD90R1_CTGATCCAGTGGTAAT-1,CtVgCD90R1
CtVgCD90R1_CTGATCCGTAATAGCA-1,CtVgCD90R1
CtVgCD90R1_CTGATCCGTACAAGTA-1,CtVgCD90R1
CtVgCD90R1_CTGATCCGTCTACCTC-1,CtVgCD90R1
CtVgCD90R1_CTGATCCGTGATAAGT-1,CtVgCD90R1
CtVgCD90R1_CTGATCCGTTAAGTAG-1,CtVgCD90R1
CtVgCD90R1_CTGCCTAAGAAGCCCA-1,CtVgCD90R1
CtVgCD90R1_CTGCCTAAGAGCAATT-1,CtVgCD90R1
CtVgCD90R1_CTGCCTACACGGACAA-1,CtVgCD90R1
CtVgCD90R1_CTGCCTAGTCCATCCT-1,CtVgCD90R1
CtVgCD90R1_CTGCCTAGTTCTGAAC-1,CtVgCD90R1
CtVgCD90R1_CTGCCTATCACCTCGT-1,CtVgCD90R1
CtVgCD90R1_CTGCCTATCAGCTCGG-1,CtVgCD90R1
CtVgCD90R1_CTGCCTATCATCGATG-1,CtVgCD90R1
CtVgCD90R1_CTGCCTATCATTGCGA-1,CtVgCD90R1
CtVgCD90R1_CTGCCTATCCGCTGTT-1,CtVgCD90R1
CtVgCD90R1_CTGCCTATCCTTGGTC-1,CtVgCD90R1
CtVgCD90R1_CTGCCTATCGGCATCG-1,CtVgCD90R1
CtVgCD90R1_CTGCCTATCGTAGATC-1,CtVgCD90R1
CtVgCD90R1_CTGCGGACAAGAAAGG-1,CtVgCD90R1
CtVgCD90R1_CTGCGGACACAAGTAA-1,CtVgCD90R1
CtVgCD90R1_CTGCGGACACGACTCG-1,CtVgCD90R1
CtVgCD90R1_CTGCGGACACGGTAAG-1,CtVgCD90R1
CtVgCD90R1_CTGCGGAGTGTAATGA-1,CtVgCD90R1
CtVgCD90R1_CTGCGGATCCTAGAAC-1,CtVgCD90R1
CtVgCD90R1_CTGCTGTAGGACATTA-1,CtVgCD90R1
CtVgCD90R1_CTGCTGTAGTAATCCC-1,CtVgCD90R1
CtVgCD90R1_CTGCTGTAGTATTGGA-1,CtVgCD90R1
CtVgCD90R1_CTGCTGTAGTCCTCCT-1,CtVgCD90R1
CtVgCD90R1_CTGCTGTAGTCTCAAC-1,CtVgCD90R1
CtVgCD90R1_CTGCTGTCACATGTGT-1,CtVgCD90R1
CtVgCD90R1_CTGCTGTCAGGCTCAC-1,CtVgCD90R1
CtVgCD90R1_CTGCTGTCAGGGCATA-1,CtVgCD90R1
CtVgCD90R1_CTGCTGTCATGCCTAA-1,CtVgCD90R1
CtVgCD90R1_CTGCTGTCATTCTTAC-1,CtVgCD90R1
CtVgCD90R1_CTGCTGTGTATTAGCC-1,CtVgCD90R1
CtVgCD90R1_CTGCTGTGTGCAACTT-1,CtVgCD90R1
CtVgCD90R1_CTGCTGTTCTTGCATT-1,CtVgCD90R1
CtVgCD90R1_CTGGTCTAGCGACGTA-1,CtVgCD90R1
CtVgCD90R1_CTGGTCTAGTAGGTGC-1,CtVgCD90R1
CtVgCD90R1_CTGGTCTCAACTGCTA-1,CtVgCD90R1
CtVgCD90R1_CTGGTCTCACAAGCCC-1,CtVgCD90R1
CtVgCD90R1_CTGGTCTCACAGACTT-1,CtVgCD90R1
CtVgCD90R1_CTGGTCTCAGCCTTGG-1,CtVgCD90R1
CtVgCD90R1_CTGGTCTCATGTTGAC-1,CtVgCD90R1
CtVgCD90R1_CTGGTCTGTAATCGTC-1,CtVgCD90R1
CtVgCD90R1_CTGGTCTGTCTAGTCA-1,CtVgCD90R1
CtVgCD90R1_CTGGTCTGTGAGTGAC-1,CtVgCD90R1
CtVgCD90R1_CTGGTCTGTTCAGACT-1,CtVgCD90R1
CtVgCD90R1_CTGGTCTTCAGAGACG-1,CtVgCD90R1
CtVgCD90R1_CTGGTCTTCAGCACAT-1,CtVgCD90R1
CtVgCD90R1_CTGGTCTTCAGCTCTC-1,CtVgCD90R1
CtVgCD90R1_CTGTGCTAGGTGCAAC-1,CtVgCD90R1
CtVgCD90R1_CTGTGCTGTTGGTGGA-1,CtVgCD90R1
CtVgCD90R1_CTGTGCTTCGTCTGAA-1,CtVgCD90R1
CtVgCD90R1_CTGTGCTTCTGCAGTA-1,CtVgCD90R1
CtVgCD90R1_CTGTTTACAAGGTTTC-1,CtVgCD90R1
CtVgCD90R1_CTGTTTAGTAACGACG-1,CtVgCD90R1
CtVgCD90R1_CTGTTTAGTGGTGTAG-1,CtVgCD90R1
CtVgCD90R1_CTGTTTATCGTGGTCG-1,CtVgCD90R1
CtVgCD90R1_CTTAACTAGCGTCTAT-1,CtVgCD90R1
CtVgCD90R1_CTTAACTAGGACGAAA-1,CtVgCD90R1
CtVgCD90R1_CTTAACTGTCAATACC-1,CtVgCD90R1
CtVgCD90R1_CTTAACTGTCACAAGG-1,CtVgCD90R1
CtVgCD90R1_CTTAACTGTGCAGTAG-1,CtVgCD90R1
CtVgCD90R1_CTTAACTGTGCTAGCC-1,CtVgCD90R1
CtVgCD90R1_CTTAACTGTTCCACTC-1,CtVgCD90R1
CtVgCD90R1_CTTAACTTCAATCTCT-1,CtVgCD90R1
CtVgCD90R1_CTTAACTTCCCGGATG-1,CtVgCD90R1
CtVgCD90R1_CTTACCGAGGGAAACA-1,CtVgCD90R1
CtVgCD90R1_CTTACCGGTAATCACC-1,CtVgCD90R1
CtVgCD90R1_CTTACCGGTCCTAGCG-1,CtVgCD90R1
CtVgCD90R1_CTTACCGGTTCCAACA-1,CtVgCD90R1
CtVgCD90R1_CTTACCGTCCGTAGTA-1,CtVgCD90R1
CtVgCD90R1_CTTACCGTCTGGTATG-1,CtVgCD90R1
CtVgCD90R1_CTTAGGAAGAATTGTG-1,CtVgCD90R1
CtVgCD90R1_CTTAGGAAGGATATAC-1,CtVgCD90R1
CtVgCD90R1_CTTAGGACATTGTGCA-1,CtVgCD90R1
CtVgCD90R1_CTTAGGAGTAAACCTC-1,CtVgCD90R1
CtVgCD90R1_CTTAGGAGTAGAAAGG-1,CtVgCD90R1
CtVgCD90R1_CTTAGGAGTGCTAGCC-1,CtVgCD90R1
CtVgCD90R1_CTTAGGAGTTAGTGGG-1,CtVgCD90R1
CtVgCD90R1_CTTAGGAGTTGAACTC-1,CtVgCD90R1
CtVgCD90R1_CTTAGGATCAAAGTAG-1,CtVgCD90R1
CtVgCD90R1_CTTAGGATCCGAATGT-1,CtVgCD90R1
CtVgCD90R1_CTTAGGATCTCCAACC-1,CtVgCD90R1
CtVgCD90R1_CTTAGGATCTCGTATT-1,CtVgCD90R1
CtVgCD90R1_CTTAGGATCTGCAAGT-1,CtVgCD90R1
CtVgCD90R1_CTTCTCTAGATCCCGC-1,CtVgCD90R1
CtVgCD90R1_CTTCTCTAGATCGGGT-1,CtVgCD90R1
CtVgCD90R1_CTTCTCTAGCATCATC-1,CtVgCD90R1
CtVgCD90R1_CTTCTCTCAGCCTTGG-1,CtVgCD90R1
CtVgCD90R1_CTTCTCTCAGGAATCG-1,CtVgCD90R1
CtVgCD90R1_CTTCTCTCAGGGATTG-1,CtVgCD90R1
CtVgCD90R1_CTTCTCTCATGAACCT-1,CtVgCD90R1
CtVgCD90R1_CTTCTCTGTATATGGA-1,CtVgCD90R1
CtVgCD90R1_CTTCTCTGTATCGCAT-1,CtVgCD90R1
CtVgCD90R1_CTTCTCTTCGATCCCT-1,CtVgCD90R1
CtVgCD90R1_CTTGGCTAGGCTAGAC-1,CtVgCD90R1
CtVgCD90R1_CTTGGCTAGTACATGA-1,CtVgCD90R1
CtVgCD90R1_CTTGGCTAGTCGATAA-1,CtVgCD90R1
CtVgCD90R1_CTTGGCTAGTCGCCGT-1,CtVgCD90R1
CtVgCD90R1_CTTGGCTAGTTCGCAT-1,CtVgCD90R1
CtVgCD90R1_CTTGGCTCACACAGAG-1,CtVgCD90R1
CtVgCD90R1_CTTGGCTGTAATAGCA-1,CtVgCD90R1
CtVgCD90R1_CTTGGCTGTACCTACA-1,CtVgCD90R1
CtVgCD90R1_CTTGGCTGTGTGGCTC-1,CtVgCD90R1
CtVgCD90R1_CTTGGCTGTTCCTCCA-1,CtVgCD90R1
CtVgCD90R1_CTTGGCTTCGGTCTAA-1,CtVgCD90R1
CtVgCD90R1_CTTGGCTTCTGGCGTG-1,CtVgCD90R1
CtVgCD90R1_CTTTGCGAGACTAGAT-1,CtVgCD90R1
CtVgCD90R1_CTTTGCGAGAGAACAG-1,CtVgCD90R1
CtVgCD90R1_CTTTGCGAGGCGTACA-1,CtVgCD90R1
CtVgCD90R1_CTTTGCGAGGTAAACT-1,CtVgCD90R1
CtVgCD90R1_CTTTGCGCACTCAGGC-1,CtVgCD90R1
CtVgCD90R1_CTTTGCGCAGCTGCAC-1,CtVgCD90R1
CtVgCD90R1_CTTTGCGGTATTACCG-1,CtVgCD90R1
CtVgCD90R1_CTTTGCGGTGTGAATA-1,CtVgCD90R1
CtVgCD90R1_CTTTGCGTCCCGGATG-1,CtVgCD90R1
CtVgCD90R1_CTTTGCGTCGCTGATA-1,CtVgCD90R1
CtVgCD90R1_GAAACTCAGAATTCCC-1,CtVgCD90R1
CtVgCD90R1_GAAACTCAGGCTCATT-1,CtVgCD90R1
CtVgCD90R1_GAAACTCAGTAGATGT-1,CtVgCD90R1
CtVgCD90R1_GAAACTCGTAAGAGAG-1,CtVgCD90R1
CtVgCD90R1_GAAACTCTCATCGATG-1,CtVgCD90R1
CtVgCD90R1_GAAACTCTCTCGAGTA-1,CtVgCD90R1
CtVgCD90R1_GAAATGAAGAGGGATA-1,CtVgCD90R1
CtVgCD90R1_GAAATGAAGCTGATAA-1,CtVgCD90R1
CtVgCD90R1_GAAATGACACCAACCG-1,CtVgCD90R1
CtVgCD90R1_GAAATGACAGGCTCAC-1,CtVgCD90R1
CtVgCD90R1_GAAATGACATTGCGGC-1,CtVgCD90R1
CtVgCD90R1_GAAATGAGTAGCTTGT-1,CtVgCD90R1
CtVgCD90R1_GAAATGAGTGAAAGAG-1,CtVgCD90R1
CtVgCD90R1_GAAATGAGTGCCTGCA-1,CtVgCD90R1
CtVgCD90R1_GAAATGATCACGGTTA-1,CtVgCD90R1
CtVgCD90R1_GAAATGATCCCAACGG-1,CtVgCD90R1
CtVgCD90R1_GAACATCCAAAGAATC-1,CtVgCD90R1
CtVgCD90R1_GAACATCCAGATCTGT-1,CtVgCD90R1
CtVgCD90R1_GAACATCCAGCTGTAT-1,CtVgCD90R1
CtVgCD90R1_GAACATCCATTGCGGC-1,CtVgCD90R1
CtVgCD90R1_GAACATCCATTTCACT-1,CtVgCD90R1
CtVgCD90R1_GAACATCTCCACGCAG-1,CtVgCD90R1
CtVgCD90R1_GAACATCTCGCCAGCA-1,CtVgCD90R1
CtVgCD90R1_GAACCTAAGACGACGT-1,CtVgCD90R1
CtVgCD90R1_GAACCTAAGAGTAATC-1,CtVgCD90R1
CtVgCD90R1_GAACCTAAGCCCGAAA-1,CtVgCD90R1
CtVgCD90R1_GAACCTAAGCGAAGGG-1,CtVgCD90R1
CtVgCD90R1_GAACCTAAGGTGCACA-1,CtVgCD90R1
CtVgCD90R1_GAACCTAAGGTGTGGT-1,CtVgCD90R1
CtVgCD90R1_GAACCTACAGTGACAG-1,CtVgCD90R1
CtVgCD90R1_GAACCTAGTAGCTGCC-1,CtVgCD90R1
CtVgCD90R1_GAACCTAGTAGCTTGT-1,CtVgCD90R1
CtVgCD90R1_GAACCTATCAAACGGG-1,CtVgCD90R1
CtVgCD90R1_GAACCTATCATAACCG-1,CtVgCD90R1
CtVgCD90R1_GAACCTATCTTGCCGT-1,CtVgCD90R1
CtVgCD90R1_GAACGGAAGGCTAGAC-1,CtVgCD90R1
CtVgCD90R1_GAACGGAAGGTGATTA-1,CtVgCD90R1
CtVgCD90R1_GAACGGAAGTTGTAGA-1,CtVgCD90R1
CtVgCD90R1_GAACGGACAAGTTGTC-1,CtVgCD90R1
CtVgCD90R1_GAACGGACAGTGGAGT-1,CtVgCD90R1
CtVgCD90R1_GAACGGACATTTCAGG-1,CtVgCD90R1
CtVgCD90R1_GAACGGAGTACCGGCT-1,CtVgCD90R1
CtVgCD90R1_GAACGGAGTAGCGCTC-1,CtVgCD90R1
CtVgCD90R1_GAACGGAGTAGGGACT-1,CtVgCD90R1
CtVgCD90R1_GAACGGAGTCCTCCAT-1,CtVgCD90R1
CtVgCD90R1_GAACGGAGTTAGATGA-1,CtVgCD90R1
CtVgCD90R1_GAACGGATCTACTTAC-1,CtVgCD90R1
CtVgCD90R1_GAAGCAGAGTGAACAT-1,CtVgCD90R1
CtVgCD90R1_GAAGCAGCAAACTGTC-1,CtVgCD90R1
CtVgCD90R1_GAAGCAGCACATTTCT-1,CtVgCD90R1
CtVgCD90R1_GAAGCAGCAGGAATCG-1,CtVgCD90R1
CtVgCD90R1_GAAGCAGGTACGCTGC-1,CtVgCD90R1
CtVgCD90R1_GAAGCAGGTAGCGATG-1,CtVgCD90R1
CtVgCD90R1_GAAGCAGGTAGTACCT-1,CtVgCD90R1
CtVgCD90R1_GAAGCAGTCGGATGGA-1,CtVgCD90R1
CtVgCD90R1_GAAGCAGTCGTAGATC-1,CtVgCD90R1
CtVgCD90R1_GAATAAGAGAATTGTG-1,CtVgCD90R1
CtVgCD90R1_GAATAAGAGCGTTCCG-1,CtVgCD90R1
CtVgCD90R1_GAATAAGCAGATCTGT-1,CtVgCD90R1
CtVgCD90R1_GAATAAGCAGATGGCA-1,CtVgCD90R1
CtVgCD90R1_GAATAAGCAGGGTACA-1,CtVgCD90R1
CtVgCD90R1_GAATAAGCATGAGCGA-1,CtVgCD90R1
CtVgCD90R1_GAATAAGCATGGATGG-1,CtVgCD90R1
CtVgCD90R1_GAATAAGCATTATCTC-1,CtVgCD90R1
CtVgCD90R1_GAATAAGCATTGCGGC-1,CtVgCD90R1
CtVgCD90R1_GAATAAGGTAAGCACG-1,CtVgCD90R1
CtVgCD90R1_GAATAAGGTAATTGGA-1,CtVgCD90R1
CtVgCD90R1_GAATAAGTCATAGCAC-1,CtVgCD90R1
CtVgCD90R1_GAATGAAAGTCGAGTG-1,CtVgCD90R1
CtVgCD90R1_GAATGAAAGTCGATAA-1,CtVgCD90R1
CtVgCD90R1_GAATGAACAATCCAAC-1,CtVgCD90R1
CtVgCD90R1_GAATGAACAGCCACCA-1,CtVgCD90R1
CtVgCD90R1_GAATGAACATACGCTA-1,CtVgCD90R1
CtVgCD90R1_GAATGAACATGGTCAT-1,CtVgCD90R1
CtVgCD90R1_GAATGAACATGTCGAT-1,CtVgCD90R1
CtVgCD90R1_GAATGAAGTCAATGTC-1,CtVgCD90R1
CtVgCD90R1_GAATGAAGTCGGCACT-1,CtVgCD90R1
CtVgCD90R1_GAATGAAGTGCATCTA-1,CtVgCD90R1
CtVgCD90R1_GAATGAAGTTCAGGCC-1,CtVgCD90R1
CtVgCD90R1_GAATGAATCACCGTAA-1,CtVgCD90R1
CtVgCD90R1_GAATGAATCTTGCCGT-1,CtVgCD90R1
CtVgCD90R1_GACACGCAGGCAATTA-1,CtVgCD90R1
CtVgCD90R1_GACACGCAGGGCTTCC-1,CtVgCD90R1
CtVgCD90R1_GACACGCCAACGATCT-1,CtVgCD90R1
CtVgCD90R1_GACACGCCACAGACTT-1,CtVgCD90R1
CtVgCD90R1_GACACGCCACTCTGTC-1,CtVgCD90R1
CtVgCD90R1_GACACGCCATGCCTTC-1,CtVgCD90R1
CtVgCD90R1_GACACGCGTATAGGTA-1,CtVgCD90R1
CtVgCD90R1_GACACGCGTCGAGATG-1,CtVgCD90R1
CtVgCD90R1_GACACGCGTGATAAGT-1,CtVgCD90R1
CtVgCD90R1_GACACGCGTGCGGTAA-1,CtVgCD90R1
CtVgCD90R1_GACACGCTCAAACAAG-1,CtVgCD90R1
CtVgCD90R1_GACACGCTCTCGCTTG-1,CtVgCD90R1
CtVgCD90R1_GACAGAGAGGGTGTTG-1,CtVgCD90R1
CtVgCD90R1_GACAGAGAGTACGACG-1,CtVgCD90R1
CtVgCD90R1_GACAGAGAGTCCGGTC-1,CtVgCD90R1
CtVgCD90R1_GACAGAGCACCAGGTC-1,CtVgCD90R1
CtVgCD90R1_GACAGAGGTTGATTGC-1,CtVgCD90R1
CtVgCD90R1_GACAGAGTCAACTCTT-1,CtVgCD90R1
CtVgCD90R1_GACAGAGTCAGGCAAG-1,CtVgCD90R1
CtVgCD90R1_GACAGAGTCGCAAACT-1,CtVgCD90R1
CtVgCD90R1_GACCAATAGGATGGAA-1,CtVgCD90R1
CtVgCD90R1_GACCAATAGTCATGCT-1,CtVgCD90R1
CtVgCD90R1_GACCAATCAAACTGCT-1,CtVgCD90R1
CtVgCD90R1_GACCAATCAAGGACTG-1,CtVgCD90R1
CtVgCD90R1_GACCAATCATTCACTT-1,CtVgCD90R1
CtVgCD90R1_GACCAATGTCTGGAGA-1,CtVgCD90R1
CtVgCD90R1_GACCAATTCAAACAAG-1,CtVgCD90R1
CtVgCD90R1_GACCAATTCATTGCGA-1,CtVgCD90R1
CtVgCD90R1_GACCAATTCGTAGATC-1,CtVgCD90R1
CtVgCD90R1_GACCTGGAGCCAGAAC-1,CtVgCD90R1
CtVgCD90R1_GACCTGGAGCTAGGCA-1,CtVgCD90R1
CtVgCD90R1_GACCTGGAGTACGTTC-1,CtVgCD90R1
CtVgCD90R1_GACCTGGGTAAGGATT-1,CtVgCD90R1
CtVgCD90R1_GACCTGGGTAGCCTAT-1,CtVgCD90R1
CtVgCD90R1_GACCTGGTCATAACCG-1,CtVgCD90R1
CtVgCD90R1_GACCTGGTCCAGTATG-1,CtVgCD90R1
CtVgCD90R1_GACCTGGTCGAATGCT-1,CtVgCD90R1
CtVgCD90R1_GACGCGTAGTCAAGGC-1,CtVgCD90R1
CtVgCD90R1_GACGCGTAGTGAATTG-1,CtVgCD90R1
CtVgCD90R1_GACGCGTCAAACTGTC-1,CtVgCD90R1
CtVgCD90R1_GACGCGTCAATCAGAA-1,CtVgCD90R1
CtVgCD90R1_GACGCGTGTACTTAGC-1,CtVgCD90R1
CtVgCD90R1_GACGCGTGTGCGCTTG-1,CtVgCD90R1
CtVgCD90R1_GACGCGTGTTCCCTTG-1,CtVgCD90R1
CtVgCD90R1_GACGCGTGTTTGTGTG-1,CtVgCD90R1
CtVgCD90R1_GACGCGTTCAAGCCTA-1,CtVgCD90R1
CtVgCD90R1_GACGCGTTCCCTAACC-1,CtVgCD90R1
CtVgCD90R1_GACGGCTAGACTACAA-1,CtVgCD90R1
CtVgCD90R1_GACGGCTCAATAAGCA-1,CtVgCD90R1
CtVgCD90R1_GACGGCTCACAACGTT-1,CtVgCD90R1
CtVgCD90R1_GACGGCTCATGCCTTC-1,CtVgCD90R1
CtVgCD90R1_GACGGCTGTTCCATGA-1,CtVgCD90R1
CtVgCD90R1_GACGTGCAGATCCTGT-1,CtVgCD90R1
CtVgCD90R1_GACGTGCAGGACAGCT-1,CtVgCD90R1
CtVgCD90R1_GACGTGCAGTTAGCGG-1,CtVgCD90R1
CtVgCD90R1_GACGTGCAGTTTAGGA-1,CtVgCD90R1
CtVgCD90R1_GACGTGCCACATGGGA-1,CtVgCD90R1
CtVgCD90R1_GACGTGCCAGCTCGAC-1,CtVgCD90R1
CtVgCD90R1_GACGTGCCAGTCGATT-1,CtVgCD90R1
CtVgCD90R1_GACGTGCCATGTAGTC-1,CtVgCD90R1
CtVgCD90R1_GACGTGCGTCGTTGTA-1,CtVgCD90R1
CtVgCD90R1_GACGTGCGTGCGAAAC-1,CtVgCD90R1
CtVgCD90R1_GACGTGCGTTAAGAAC-1,CtVgCD90R1
CtVgCD90R1_GACGTGCTCACCATAG-1,CtVgCD90R1
CtVgCD90R1_GACGTGCTCAGAAATG-1,CtVgCD90R1
CtVgCD90R1_GACGTGCTCCGCATCT-1,CtVgCD90R1
CtVgCD90R1_GACGTGCTCGGTGTTA-1,CtVgCD90R1
CtVgCD90R1_GACGTTAAGCGTCTAT-1,CtVgCD90R1
CtVgCD90R1_GACGTTAGTAAACCTC-1,CtVgCD90R1
CtVgCD90R1_GACGTTAGTAATTGGA-1,CtVgCD90R1
CtVgCD90R1_GACGTTAGTACAGTTC-1,CtVgCD90R1
CtVgCD90R1_GACGTTAGTACATCCA-1,CtVgCD90R1
CtVgCD90R1_GACGTTAGTAGCGCAA-1,CtVgCD90R1
CtVgCD90R1_GACGTTAGTATTCGTG-1,CtVgCD90R1
CtVgCD90R1_GACGTTATCAAGGTAA-1,CtVgCD90R1
CtVgCD90R1_GACGTTATCATGTCTT-1,CtVgCD90R1
CtVgCD90R1_GACGTTATCCTTTCTC-1,CtVgCD90R1
CtVgCD90R1_GACTAACAGAAGGCCT-1,CtVgCD90R1
CtVgCD90R1_GACTAACAGTTATCGC-1,CtVgCD90R1
CtVgCD90R1_GACTAACAGTTCGCAT-1,CtVgCD90R1
CtVgCD90R1_GACTAACAGTTCGCGC-1,CtVgCD90R1
CtVgCD90R1_GACTAACCAAGCTGTT-1,CtVgCD90R1
CtVgCD90R1_GACTAACCACAGGAGT-1,CtVgCD90R1
CtVgCD90R1_GACTAACCAGGGAGAG-1,CtVgCD90R1
CtVgCD90R1_GACTAACGTCGAAAGC-1,CtVgCD90R1
CtVgCD90R1_GACTAACGTCTCATCC-1,CtVgCD90R1
CtVgCD90R1_GACTAACTCAACGAAA-1,CtVgCD90R1
CtVgCD90R1_GACTAACTCCGCATCT-1,CtVgCD90R1
CtVgCD90R1_GACTAACTCTACCTGC-1,CtVgCD90R1
CtVgCD90R1_GACTACAAGACTACAA-1,CtVgCD90R1
CtVgCD90R1_GACTACAAGGCACATG-1,CtVgCD90R1
CtVgCD90R1_GACTACAAGTGAAGAG-1,CtVgCD90R1
CtVgCD90R1_GACTACAGTCTTTCAT-1,CtVgCD90R1
CtVgCD90R1_GACTACAGTTAAGACA-1,CtVgCD90R1
CtVgCD90R1_GACTACAGTTACGGAG-1,CtVgCD90R1
CtVgCD90R1_GACTACAGTTCCGTCT-1,CtVgCD90R1
CtVgCD90R1_GACTACAGTTGGAGGT-1,CtVgCD90R1
CtVgCD90R1_GACTACATCTCAAGTG-1,CtVgCD90R1
CtVgCD90R1_GACTACATCTGACCTC-1,CtVgCD90R1
CtVgCD90R1_GACTACATCTTGAGAC-1,CtVgCD90R1
CtVgCD90R1_GACTGCGAGCCTATGT-1,CtVgCD90R1
CtVgCD90R1_GACTGCGAGGTAGCTG-1,CtVgCD90R1
CtVgCD90R1_GACTGCGAGTTACGGG-1,CtVgCD90R1
CtVgCD90R1_GACTGCGCAATGGTCT-1,CtVgCD90R1
CtVgCD90R1_GACTGCGCAGTTCCCT-1,CtVgCD90R1
CtVgCD90R1_GACTGCGGTATTCGTG-1,CtVgCD90R1
CtVgCD90R1_GACTGCGTCCGCGGTA-1,CtVgCD90R1
CtVgCD90R1_GAGCAGAAGACTAAGT-1,CtVgCD90R1
CtVgCD90R1_GAGCAGAAGTTACGGG-1,CtVgCD90R1
CtVgCD90R1_GAGCAGACAAATTGCC-1,CtVgCD90R1
CtVgCD90R1_GAGCAGACAGCTCGAC-1,CtVgCD90R1
CtVgCD90R1_GAGCAGACATGGTCAT-1,CtVgCD90R1
CtVgCD90R1_GAGCAGAGTGCCTGCA-1,CtVgCD90R1
CtVgCD90R1_GAGCAGAGTGGGTCAA-1,CtVgCD90R1
CtVgCD90R1_GAGCAGAGTGTGACGA-1,CtVgCD90R1
CtVgCD90R1_GAGCAGATCCTGCTTG-1,CtVgCD90R1
CtVgCD90R1_GAGGTGAAGGAGTTTA-1,CtVgCD90R1
CtVgCD90R1_GAGGTGAAGGTAAACT-1,CtVgCD90R1
CtVgCD90R1_GAGGTGAAGTATCTCG-1,CtVgCD90R1
CtVgCD90R1_GAGGTGAAGTGTTAGA-1,CtVgCD90R1
CtVgCD90R1_GAGGTGAAGTTAAGTG-1,CtVgCD90R1
CtVgCD90R1_GAGGTGACAAGCCTAT-1,CtVgCD90R1
CtVgCD90R1_GAGGTGACAAGTCTGT-1,CtVgCD90R1
CtVgCD90R1_GAGGTGAGTAACGACG-1,CtVgCD90R1
CtVgCD90R1_GAGGTGAGTAACGCGA-1,CtVgCD90R1
CtVgCD90R1_GAGGTGATCACCCGAG-1,CtVgCD90R1
CtVgCD90R1_GAGGTGATCATTATCC-1,CtVgCD90R1
CtVgCD90R1_GAGGTGATCCTTTACA-1,CtVgCD90R1
CtVgCD90R1_GAGGTGATCGAGGTAG-1,CtVgCD90R1
CtVgCD90R1_GAGGTGATCTGTCCGT-1,CtVgCD90R1
CtVgCD90R1_GAGTCCGAGCAGATCG-1,CtVgCD90R1
CtVgCD90R1_GAGTCCGAGGATGTAT-1,CtVgCD90R1
CtVgCD90R1_GAGTCCGAGTCCGTAT-1,CtVgCD90R1
CtVgCD90R1_GAGTCCGAGTTACCCA-1,CtVgCD90R1
CtVgCD90R1_GAGTCCGCAAACCCAT-1,CtVgCD90R1
CtVgCD90R1_GAGTCCGCAAACTGTC-1,CtVgCD90R1
CtVgCD90R1_GAGTCCGCAATCTGCA-1,CtVgCD90R1
CtVgCD90R1_GAGTCCGCACAGATTC-1,CtVgCD90R1
CtVgCD90R1_GAGTCCGCATCACGTA-1,CtVgCD90R1
CtVgCD90R1_GAGTCCGCATGGGACA-1,CtVgCD90R1
CtVgCD90R1_GAGTCCGCATTTGCTT-1,CtVgCD90R1
CtVgCD90R1_GAGTCCGGTAGCGTGA-1,CtVgCD90R1
CtVgCD90R1_GAGTCCGGTATAGGGC-1,CtVgCD90R1
CtVgCD90R1_GAGTCCGGTCAATACC-1,CtVgCD90R1
CtVgCD90R1_GAGTCCGTCCCTTGTG-1,CtVgCD90R1
CtVgCD90R1_GAGTCCGTCCTTGACC-1,CtVgCD90R1
CtVgCD90R1_GAGTCCGTCGGCATCG-1,CtVgCD90R1
CtVgCD90R1_GAGTCCGTCGGTCTAA-1,CtVgCD90R1
CtVgCD90R1_GATCAGTAGAGCTGGT-1,CtVgCD90R1
CtVgCD90R1_GATCAGTAGCTGTCTA-1,CtVgCD90R1
CtVgCD90R1_GATCAGTAGGAGTTGC-1,CtVgCD90R1
CtVgCD90R1_GATCAGTAGTGCGATG-1,CtVgCD90R1
CtVgCD90R1_GATCAGTCAATAGCGG-1,CtVgCD90R1
CtVgCD90R1_GATCAGTGTTACCAGT-1,CtVgCD90R1
CtVgCD90R1_GATCAGTGTTGGGACA-1,CtVgCD90R1
CtVgCD90R1_GATCAGTTCGTTTAGG-1,CtVgCD90R1
CtVgCD90R1_GATCAGTTCTGCAGTA-1,CtVgCD90R1
CtVgCD90R1_GATCAGTTCTTGACGA-1,CtVgCD90R1
CtVgCD90R1_GATCGATAGAAGCCCA-1,CtVgCD90R1
CtVgCD90R1_GATCGATAGGCCGAAT-1,CtVgCD90R1
CtVgCD90R1_GATCGATCACATTCGA-1,CtVgCD90R1
CtVgCD90R1_GATCGATCAGCCTGTG-1,CtVgCD90R1
CtVgCD90R1_GATCGATCAGCTATTG-1,CtVgCD90R1
CtVgCD90R1_GATCGATTCGCATGGC-1,CtVgCD90R1
CtVgCD90R1_GATCGATTCTCCGGTT-1,CtVgCD90R1
CtVgCD90R1_GATCGCGAGAATGTTG-1,CtVgCD90R1
CtVgCD90R1_GATCGCGAGCCGCCTA-1,CtVgCD90R1
CtVgCD90R1_GATCGCGAGCTAGCCC-1,CtVgCD90R1
CtVgCD90R1_GATCGCGAGTGACATA-1,CtVgCD90R1
CtVgCD90R1_GATCGCGCAATCCGAT-1,CtVgCD90R1
CtVgCD90R1_GATCGCGCAGACGTAG-1,CtVgCD90R1
CtVgCD90R1_GATCGCGCAGTATAAG-1,CtVgCD90R1
CtVgCD90R1_GATCGCGGTTAGAACA-1,CtVgCD90R1
CtVgCD90R1_GATCGCGGTTCCACAA-1,CtVgCD90R1
CtVgCD90R1_GATCGCGTCCAAGCCG-1,CtVgCD90R1
CtVgCD90R1_GATCGCGTCCACGACG-1,CtVgCD90R1
CtVgCD90R1_GATCGCGTCTGACCTC-1,CtVgCD90R1
CtVgCD90R1_GATCGTAAGCGACGTA-1,CtVgCD90R1
CtVgCD90R1_GATCGTAAGTCCGGTC-1,CtVgCD90R1
CtVgCD90R1_GATCGTAAGTTATCGC-1,CtVgCD90R1
CtVgCD90R1_GATCGTACAAGCCCAC-1,CtVgCD90R1
CtVgCD90R1_GATCGTACACCTCGGA-1,CtVgCD90R1
CtVgCD90R1_GATCGTACATCGGGTC-1,CtVgCD90R1
CtVgCD90R1_GATCGTAGTAAGTGTA-1,CtVgCD90R1
CtVgCD90R1_GATCGTAGTATGAATG-1,CtVgCD90R1
CtVgCD90R1_GATCGTAGTGCACCAC-1,CtVgCD90R1
CtVgCD90R1_GATCGTAGTGTTGGGA-1,CtVgCD90R1
CtVgCD90R1_GATCGTAGTTACCAGT-1,CtVgCD90R1
CtVgCD90R1_GATCGTATCGGCATCG-1,CtVgCD90R1
CtVgCD90R1_GATCGTATCTGTGCAA-1,CtVgCD90R1
CtVgCD90R1_GATCTAGAGAATTCCC-1,CtVgCD90R1
CtVgCD90R1_GATCTAGAGACATAAC-1,CtVgCD90R1
CtVgCD90R1_GATCTAGAGGGATGGG-1,CtVgCD90R1
CtVgCD90R1_GATCTAGAGTCATCCA-1,CtVgCD90R1
CtVgCD90R1_GATCTAGCACGCTTTC-1,CtVgCD90R1
CtVgCD90R1_GATCTAGCACTCTGTC-1,CtVgCD90R1
CtVgCD90R1_GATCTAGCAGATCGGA-1,CtVgCD90R1
CtVgCD90R1_GATCTAGCATTCTCAT-1,CtVgCD90R1
CtVgCD90R1_GATCTAGGTCATTAGC-1,CtVgCD90R1
CtVgCD90R1_GATCTAGGTCTCCACT-1,CtVgCD90R1
CtVgCD90R1_GATCTAGGTTGATTCG-1,CtVgCD90R1
CtVgCD90R1_GATCTAGTCGAACGGA-1,CtVgCD90R1
CtVgCD90R1_GATCTAGTCGCCAGCA-1,CtVgCD90R1
CtVgCD90R1_GATGAAAAGAAGGTGA-1,CtVgCD90R1
CtVgCD90R1_GATGAAAAGGAACTGC-1,CtVgCD90R1
CtVgCD90R1_GATGAAAAGGTGCTAG-1,CtVgCD90R1
CtVgCD90R1_GATGAAAAGTAAGTAC-1,CtVgCD90R1
CtVgCD90R1_GATGAAACAACACCTA-1,CtVgCD90R1
CtVgCD90R1_GATGAAACATTACGAC-1,CtVgCD90R1
CtVgCD90R1_GATGAAAGTCAGAGGT-1,CtVgCD90R1
CtVgCD90R1_GATGAAAGTCTCCACT-1,CtVgCD90R1
CtVgCD90R1_GATGAAAGTGATAAGT-1,CtVgCD90R1
CtVgCD90R1_GATGAAAGTTATGTGC-1,CtVgCD90R1
CtVgCD90R1_GATGAAATCGTCCGTT-1,CtVgCD90R1
CtVgCD90R1_GATGAGGAGTACCGGA-1,CtVgCD90R1
CtVgCD90R1_GATGAGGCATGAAGTA-1,CtVgCD90R1
CtVgCD90R1_GATGAGGGTAGGGACT-1,CtVgCD90R1
CtVgCD90R1_GATGAGGGTCCAGTTA-1,CtVgCD90R1
CtVgCD90R1_GATGAGGGTCTAGCGC-1,CtVgCD90R1
CtVgCD90R1_GATGAGGGTGGCAAAC-1,CtVgCD90R1
CtVgCD90R1_GATGAGGTCGGCGCTA-1,CtVgCD90R1
CtVgCD90R1_GATGCTAAGAGTCGGT-1,CtVgCD90R1
CtVgCD90R1_GATGCTAAGCATCATC-1,CtVgCD90R1
CtVgCD90R1_GATGCTAAGCGCCTCA-1,CtVgCD90R1
CtVgCD90R1_GATGCTACAACGCACC-1,CtVgCD90R1
CtVgCD90R1_GATGCTACACGGCCAT-1,CtVgCD90R1
CtVgCD90R1_GATGCTAGTAAGAGAG-1,CtVgCD90R1
CtVgCD90R1_GATGCTAGTACTCAAC-1,CtVgCD90R1
CtVgCD90R1_GATGCTAGTAGCTTGT-1,CtVgCD90R1
CtVgCD90R1_GATGCTAGTCTCCATC-1,CtVgCD90R1
CtVgCD90R1_GATGCTAGTGACGGTA-1,CtVgCD90R1
CtVgCD90R1_GATGCTAGTTGCTCCT-1,CtVgCD90R1
CtVgCD90R1_GATGCTATCCAGTAGT-1,CtVgCD90R1
CtVgCD90R1_GATGCTATCCTCATTA-1,CtVgCD90R1
CtVgCD90R1_GATGCTATCTCATTCA-1,CtVgCD90R1
CtVgCD90R1_GATGCTATCTCGTTTA-1,CtVgCD90R1
CtVgCD90R1_GATGCTATCTGGAGCC-1,CtVgCD90R1
CtVgCD90R1_GATTCAGAGATGCCAG-1,CtVgCD90R1
CtVgCD90R1_GATTCAGAGGTGCTTT-1,CtVgCD90R1
CtVgCD90R1_GATTCAGCAAACTGTC-1,CtVgCD90R1
CtVgCD90R1_GATTCAGCACCAACCG-1,CtVgCD90R1
CtVgCD90R1_GATTCAGCACTTAACG-1,CtVgCD90R1
CtVgCD90R1_GATTCAGGTCCGAATT-1,CtVgCD90R1
CtVgCD90R1_GATTCAGGTCTGGAGA-1,CtVgCD90R1
CtVgCD90R1_GATTCAGGTTCCACAA-1,CtVgCD90R1
CtVgCD90R1_GATTCAGTCACTTCAT-1,CtVgCD90R1
CtVgCD90R1_GATTCAGTCTTGTCAT-1,CtVgCD90R1
CtVgCD90R1_GCAAACTAGATCCGAG-1,CtVgCD90R1
CtVgCD90R1_GCAAACTAGGTCATCT-1,CtVgCD90R1
CtVgCD90R1_GCAAACTAGTCAATAG-1,CtVgCD90R1
CtVgCD90R1_GCAAACTAGTGCCAGA-1,CtVgCD90R1
CtVgCD90R1_GCAAACTCACTACAGT-1,CtVgCD90R1
CtVgCD90R1_GCAAACTCAGACAAAT-1,CtVgCD90R1
CtVgCD90R1_GCAAACTGTCTGCCAG-1,CtVgCD90R1
CtVgCD90R1_GCAAACTTCAGTGCAT-1,CtVgCD90R1
CtVgCD90R1_GCAAACTTCCGTAGTA-1,CtVgCD90R1
CtVgCD90R1_GCAAACTTCGCCGTGA-1,CtVgCD90R1
CtVgCD90R1_GCAAACTTCGGTGTCG-1,CtVgCD90R1
CtVgCD90R1_GCAAACTTCGTTACAG-1,CtVgCD90R1
CtVgCD90R1_GCAAACTTCTACTATC-1,CtVgCD90R1
CtVgCD90R1_GCAAACTTCTATCCTA-1,CtVgCD90R1
CtVgCD90R1_GCAATCAAGAAACGAG-1,CtVgCD90R1
CtVgCD90R1_GCAATCAAGAGGACGG-1,CtVgCD90R1
CtVgCD90R1_GCAATCAAGTAGATGT-1,CtVgCD90R1
CtVgCD90R1_GCAATCAAGTCCTCCT-1,CtVgCD90R1
CtVgCD90R1_GCAATCAAGTGCGTGA-1,CtVgCD90R1
CtVgCD90R1_GCAATCAGTCATATGC-1,CtVgCD90R1
CtVgCD90R1_GCAATCATCACCCGAG-1,CtVgCD90R1
CtVgCD90R1_GCAATCATCACCGTAA-1,CtVgCD90R1
CtVgCD90R1_GCAATCATCCTCAATT-1,CtVgCD90R1
CtVgCD90R1_GCAATCATCCTGTAGA-1,CtVgCD90R1
CtVgCD90R1_GCAATCATCTACCAGA-1,CtVgCD90R1
CtVgCD90R1_GCAATCATCTTGCAAG-1,CtVgCD90R1
CtVgCD90R1_GCACATAAGACCTTTG-1,CtVgCD90R1
CtVgCD90R1_GCACATAAGATGAGAG-1,CtVgCD90R1
CtVgCD90R1_GCACATAAGGAGCGTT-1,CtVgCD90R1
CtVgCD90R1_GCACATAAGGCCCTTG-1,CtVgCD90R1
CtVgCD90R1_GCACATACACACATGT-1,CtVgCD90R1
CtVgCD90R1_GCACATACAGACGTAG-1,CtVgCD90R1
CtVgCD90R1_GCACATAGTATATCCG-1,CtVgCD90R1
CtVgCD90R1_GCACATAGTCTTCTCG-1,CtVgCD90R1
CtVgCD90R1_GCACATAGTGCAACTT-1,CtVgCD90R1
CtVgCD90R1_GCACATAGTGCAGGTA-1,CtVgCD90R1
CtVgCD90R1_GCACATAGTTCCACAA-1,CtVgCD90R1
CtVgCD90R1_GCACATAGTTCGCTAA-1,CtVgCD90R1
CtVgCD90R1_GCACATATCATAACCG-1,CtVgCD90R1
CtVgCD90R1_GCACATATCATTATCC-1,CtVgCD90R1
CtVgCD90R1_GCACTCTAGACATAAC-1,CtVgCD90R1
CtVgCD90R1_GCACTCTAGACTGGGT-1,CtVgCD90R1
CtVgCD90R1_GCACTCTAGCGATGAC-1,CtVgCD90R1
CtVgCD90R1_GCACTCTAGCGTGTCC-1,CtVgCD90R1
CtVgCD90R1_GCACTCTAGGATATAC-1,CtVgCD90R1
CtVgCD90R1_GCACTCTCAAGCTGAG-1,CtVgCD90R1
CtVgCD90R1_GCACTCTCAATAGAGT-1,CtVgCD90R1
CtVgCD90R1_GCACTCTCAGGTGGAT-1,CtVgCD90R1
CtVgCD90R1_GCACTCTGTAACGACG-1,CtVgCD90R1
CtVgCD90R1_GCACTCTGTCTTCTCG-1,CtVgCD90R1
CtVgCD90R1_GCACTCTGTGTATGGG-1,CtVgCD90R1
CtVgCD90R1_GCACTCTGTGTGAAAT-1,CtVgCD90R1
CtVgCD90R1_GCACTCTGTTGTCGCG-1,CtVgCD90R1
CtVgCD90R1_GCACTCTGTTGTCTTT-1,CtVgCD90R1
CtVgCD90R1_GCACTCTTCAACCAAC-1,CtVgCD90R1
CtVgCD90R1_GCACTCTTCCGATATG-1,CtVgCD90R1
CtVgCD90R1_GCACTCTTCGAATGCT-1,CtVgCD90R1
CtVgCD90R1_GCACTCTTCGGTTCGG-1,CtVgCD90R1
CtVgCD90R1_GCAGCCAAGGGAAACA-1,CtVgCD90R1
CtVgCD90R1_GCAGCCAAGTATCTCG-1,CtVgCD90R1
CtVgCD90R1_GCAGCCACAACTGCTA-1,CtVgCD90R1
CtVgCD90R1_GCAGCCACAAGCCCAC-1,CtVgCD90R1
CtVgCD90R1_GCAGCCACAAGGTTTC-1,CtVgCD90R1
CtVgCD90R1_GCAGCCACACAGCCCA-1,CtVgCD90R1
CtVgCD90R1_GCAGCCACAGCTGTAT-1,CtVgCD90R1
CtVgCD90R1_GCAGCCACAGGGTATG-1,CtVgCD90R1
CtVgCD90R1_GCAGCCACATCGACGC-1,CtVgCD90R1
CtVgCD90R1_GCAGCCAGTCCATCCT-1,CtVgCD90R1
CtVgCD90R1_GCAGCCATCGGCGGTT-1,CtVgCD90R1
CtVgCD90R1_GCAGTTAAGATCCGAG-1,CtVgCD90R1
CtVgCD90R1_GCAGTTAAGCGTCTAT-1,CtVgCD90R1
CtVgCD90R1_GCAGTTACAATGGAGC-1,CtVgCD90R1
CtVgCD90R1_GCAGTTACAGGTCCAC-1,CtVgCD90R1
CtVgCD90R1_GCAGTTACATCGGAAG-1,CtVgCD90R1
CtVgCD90R1_GCAGTTAGTCAATACC-1,CtVgCD90R1
CtVgCD90R1_GCAGTTAGTCTCCATC-1,CtVgCD90R1
CtVgCD90R1_GCAGTTAGTGTTGAGG-1,CtVgCD90R1
CtVgCD90R1_GCAGTTAGTTCGTGAT-1,CtVgCD90R1
CtVgCD90R1_GCAGTTATCCTGCAGG-1,CtVgCD90R1
CtVgCD90R1_GCAGTTATCGGTTAAC-1,CtVgCD90R1
CtVgCD90R1_GCAGTTATCGTTTAGG-1,CtVgCD90R1
CtVgCD90R1_GCATACAAGAATGTTG-1,CtVgCD90R1
CtVgCD90R1_GCATACAAGATGTGTA-1,CtVgCD90R1
CtVgCD90R1_GCATACAAGGCTACGA-1,CtVgCD90R1
CtVgCD90R1_GCATACAAGGGTCGAT-1,CtVgCD90R1
CtVgCD90R1_GCATACACAAACAACA-1,CtVgCD90R1
CtVgCD90R1_GCATACACACGGCGTT-1,CtVgCD90R1
CtVgCD90R1_GCATACAGTATAGGTA-1,CtVgCD90R1
CtVgCD90R1_GCATACATCAGGTTCA-1,CtVgCD90R1
CtVgCD90R1_GCATACATCATAAAGG-1,CtVgCD90R1
CtVgCD90R1_GCATACATCCCGACTT-1,CtVgCD90R1
CtVgCD90R1_GCATACATCGCCAGCA-1,CtVgCD90R1
CtVgCD90R1_GCATGATAGATAGTCA-1,CtVgCD90R1
CtVgCD90R1_GCATGATCATCCCATC-1,CtVgCD90R1
CtVgCD90R1_GCATGATCATCCGCGA-1,CtVgCD90R1
CtVgCD90R1_GCATGATCATGGTTGT-1,CtVgCD90R1
CtVgCD90R1_GCATGATGTACATCCA-1,CtVgCD90R1
CtVgCD90R1_GCATGATGTGTAACGG-1,CtVgCD90R1
CtVgCD90R1_GCATGATGTTAGAACA-1,CtVgCD90R1
CtVgCD90R1_GCATGATGTTTACTCT-1,CtVgCD90R1
CtVgCD90R1_GCATGATTCATCGGAT-1,CtVgCD90R1
CtVgCD90R1_GCATGATTCGGCGGTT-1,CtVgCD90R1
CtVgCD90R1_GCATGATTCTCTGAGA-1,CtVgCD90R1
CtVgCD90R1_GCATGCGAGACATAAC-1,CtVgCD90R1
CtVgCD90R1_GCATGCGAGAGGTTAT-1,CtVgCD90R1
CtVgCD90R1_GCATGCGAGCGTGAAC-1,CtVgCD90R1
CtVgCD90R1_GCATGCGAGGCTCTTA-1,CtVgCD90R1
CtVgCD90R1_GCATGCGAGGTACTCT-1,CtVgCD90R1
CtVgCD90R1_GCATGCGAGGTGATAT-1,CtVgCD90R1
CtVgCD90R1_GCATGCGCAGGTCGTC-1,CtVgCD90R1
CtVgCD90R1_GCATGCGCAGGTGGAT-1,CtVgCD90R1
CtVgCD90R1_GCATGCGGTAAACACA-1,CtVgCD90R1
CtVgCD90R1_GCATGCGGTCCATGAT-1,CtVgCD90R1
CtVgCD90R1_GCATGCGGTGCAACGA-1,CtVgCD90R1
CtVgCD90R1_GCATGCGGTGCAGACA-1,CtVgCD90R1
CtVgCD90R1_GCATGCGGTTGGTTTG-1,CtVgCD90R1
CtVgCD90R1_GCATGCGTCACTTCAT-1,CtVgCD90R1
CtVgCD90R1_GCATGCGTCTCCAGGG-1,CtVgCD90R1
CtVgCD90R1_GCATGTAAGCGTAATA-1,CtVgCD90R1
CtVgCD90R1_GCATGTAAGGAATGGA-1,CtVgCD90R1
CtVgCD90R1_GCATGTAAGTACGCGA-1,CtVgCD90R1
CtVgCD90R1_GCATGTACAAAGGCGT-1,CtVgCD90R1
CtVgCD90R1_GCATGTACACGAAGCA-1,CtVgCD90R1
CtVgCD90R1_GCATGTACATGAACCT-1,CtVgCD90R1
CtVgCD90R1_GCATGTACATGCCTTC-1,CtVgCD90R1
CtVgCD90R1_GCATGTAGTAAAGTCA-1,CtVgCD90R1
CtVgCD90R1_GCATGTAGTAGCGTAG-1,CtVgCD90R1
CtVgCD90R1_GCATGTAGTCTTCTCG-1,CtVgCD90R1
CtVgCD90R1_GCATGTAGTGCAGGTA-1,CtVgCD90R1
CtVgCD90R1_GCATGTAGTGGGTATG-1,CtVgCD90R1
CtVgCD90R1_GCATGTAGTTCTGTTT-1,CtVgCD90R1
CtVgCD90R1_GCATGTATCAGAAATG-1,CtVgCD90R1
CtVgCD90R1_GCATGTATCGAATGCT-1,CtVgCD90R1
CtVgCD90R1_GCATGTATCTCTTATG-1,CtVgCD90R1
CtVgCD90R1_GCATGTATCTTGTTTG-1,CtVgCD90R1
CtVgCD90R1_GCCAAATAGAAACCAT-1,CtVgCD90R1
CtVgCD90R1_GCCAAATAGTCTTGCA-1,CtVgCD90R1
CtVgCD90R1_GCCAAATCACAGTCGC-1,CtVgCD90R1
CtVgCD90R1_GCCAAATCAGTAAGAT-1,CtVgCD90R1
CtVgCD90R1_GCCAAATCATATGCTG-1,CtVgCD90R1
CtVgCD90R1_GCCAAATGTTGTACAC-1,CtVgCD90R1
CtVgCD90R1_GCCAAATTCCAGTATG-1,CtVgCD90R1
CtVgCD90R1_GCCAAATTCCGTACAA-1,CtVgCD90R1
CtVgCD90R1_GCCAAATTCGGTGTTA-1,CtVgCD90R1
CtVgCD90R1_GCCAAATTCTCACATT-1,CtVgCD90R1
CtVgCD90R1_GCCAAATTCTTCGAGA-1,CtVgCD90R1
CtVgCD90R1_GCCTCTAAGCCGCCTA-1,CtVgCD90R1
CtVgCD90R1_GCCTCTACAATGACCT-1,CtVgCD90R1
CtVgCD90R1_GCCTCTACACGAAGCA-1,CtVgCD90R1
CtVgCD90R1_GCCTCTACACTCAGGC-1,CtVgCD90R1
CtVgCD90R1_GCCTCTACAGTCTTCC-1,CtVgCD90R1
CtVgCD90R1_GCCTCTAGTAGAGCTG-1,CtVgCD90R1
CtVgCD90R1_GCCTCTAGTGTAAGTA-1,CtVgCD90R1
CtVgCD90R1_GCCTCTATCAGGCGAA-1,CtVgCD90R1
CtVgCD90R1_GCCTCTATCCCAAGAT-1,CtVgCD90R1
CtVgCD90R1_GCCTCTATCTGGCGTG-1,CtVgCD90R1
CtVgCD90R1_GCGACCAAGAGAACAG-1,CtVgCD90R1
CtVgCD90R1_GCGACCAGTTTGTGTG-1,CtVgCD90R1
CtVgCD90R1_GCGACCATCAGCTCGG-1,CtVgCD90R1
CtVgCD90R1_GCGACCATCCCAGGTG-1,CtVgCD90R1
CtVgCD90R1_GCGACCATCGCCAAAT-1,CtVgCD90R1
CtVgCD90R1_GCGACCATCGCCGTGA-1,CtVgCD90R1
CtVgCD90R1_GCGACCATCGTAGATC-1,CtVgCD90R1
CtVgCD90R1_GCGAGAAAGAAACCAT-1,CtVgCD90R1
CtVgCD90R1_GCGAGAAAGATGCCTT-1,CtVgCD90R1
CtVgCD90R1_GCGAGAAAGCTAGCCC-1,CtVgCD90R1
CtVgCD90R1_GCGAGAAAGGCTAGAC-1,CtVgCD90R1
CtVgCD90R1_GCGAGAAAGGGCTTGA-1,CtVgCD90R1
CtVgCD90R1_GCGAGAAAGTCCATAC-1,CtVgCD90R1
CtVgCD90R1_GCGAGAACAAACCCAT-1,CtVgCD90R1
CtVgCD90R1_GCGAGAACAACTGCTA-1,CtVgCD90R1
CtVgCD90R1_GCGAGAACAGTCCTTC-1,CtVgCD90R1
CtVgCD90R1_GCGAGAACATATACGC-1,CtVgCD90R1
CtVgCD90R1_GCGAGAACATGCTAGT-1,CtVgCD90R1
CtVgCD90R1_GCGAGAAGTATCTGCA-1,CtVgCD90R1
CtVgCD90R1_GCGAGAAGTTTGTTTC-1,CtVgCD90R1
CtVgCD90R1_GCGAGAATCCACGACG-1,CtVgCD90R1
CtVgCD90R1_GCGCAACAGGCAATTA-1,CtVgCD90R1
CtVgCD90R1_GCGCAACAGGTAAACT-1,CtVgCD90R1
CtVgCD90R1_GCGCAACGTCCGAAGA-1,CtVgCD90R1
CtVgCD90R1_GCGCAACGTGCATCTA-1,CtVgCD90R1
CtVgCD90R1_GCGCAACGTGTTCGAT-1,CtVgCD90R1
CtVgCD90R1_GCGCAACTCACGGTTA-1,CtVgCD90R1
CtVgCD90R1_GCGCAACTCGCAAACT-1,CtVgCD90R1
CtVgCD90R1_GCGCAGTCACCACGTG-1,CtVgCD90R1
CtVgCD90R1_GCGCAGTCACTTCTGC-1,CtVgCD90R1
CtVgCD90R1_GCGCAGTCATAGGATA-1,CtVgCD90R1
CtVgCD90R1_GCGCAGTGTCAATACC-1,CtVgCD90R1
CtVgCD90R1_GCGCAGTGTCTAGCCG-1,CtVgCD90R1
CtVgCD90R1_GCGCAGTGTTCATGGT-1,CtVgCD90R1
CtVgCD90R1_GCGCCAAAGACAGAGA-1,CtVgCD90R1
CtVgCD90R1_GCGCCAAAGGTGATAT-1,CtVgCD90R1
CtVgCD90R1_GCGCCAAAGGTGGGTT-1,CtVgCD90R1
CtVgCD90R1_GCGCCAAAGTCCCACG-1,CtVgCD90R1
CtVgCD90R1_GCGCCAACAGGACCCT-1,CtVgCD90R1
CtVgCD90R1_GCGCCAAGTACCGGCT-1,CtVgCD90R1
CtVgCD90R1_GCGCCAAGTCTCTCTG-1,CtVgCD90R1
CtVgCD90R1_GCGCCAAGTGAGGCTA-1,CtVgCD90R1
CtVgCD90R1_GCGCCAATCACGCATA-1,CtVgCD90R1
CtVgCD90R1_GCGCCAATCATCGATG-1,CtVgCD90R1
CtVgCD90R1_GCGCCAATCCTTGCCA-1,CtVgCD90R1
CtVgCD90R1_GCGCCAATCCTTTCTC-1,CtVgCD90R1
CtVgCD90R1_GCGCGATAGAAGGGTA-1,CtVgCD90R1
CtVgCD90R1_GCGCGATAGAATCTCC-1,CtVgCD90R1
CtVgCD90R1_GCGCGATAGTGCCAGA-1,CtVgCD90R1
CtVgCD90R1_GCGCGATCACCATCCT-1,CtVgCD90R1
CtVgCD90R1_GCGCGATCAGCGATCC-1,CtVgCD90R1
CtVgCD90R1_GCGCGATCATCACGTA-1,CtVgCD90R1
CtVgCD90R1_GCGCGATCATGACATC-1,CtVgCD90R1
CtVgCD90R1_GCGCGATGTACAGTTC-1,CtVgCD90R1
CtVgCD90R1_GCGCGATGTAGCGTGA-1,CtVgCD90R1
CtVgCD90R1_GCGCGATGTCAACTGT-1,CtVgCD90R1
CtVgCD90R1_GCGCGATGTCATTAGC-1,CtVgCD90R1
CtVgCD90R1_GCGCGATTCGTTACAG-1,CtVgCD90R1
CtVgCD90R1_GCGCGATTCTTGGGTA-1,CtVgCD90R1
CtVgCD90R1_GCGGGTTAGCCACTAT-1,CtVgCD90R1
CtVgCD90R1_GCGGGTTAGCTTATCG-1,CtVgCD90R1
CtVgCD90R1_GCGGGTTAGTCGAGTG-1,CtVgCD90R1
CtVgCD90R1_GCGGGTTAGTTTAGGA-1,CtVgCD90R1
CtVgCD90R1_GCGGGTTGTAAATGAC-1,CtVgCD90R1
CtVgCD90R1_GCGGGTTGTATATGAG-1,CtVgCD90R1
CtVgCD90R1_GCGGGTTGTTAAGACA-1,CtVgCD90R1
CtVgCD90R1_GCGGGTTTCAGAGACG-1,CtVgCD90R1
CtVgCD90R1_GCGGGTTTCCAGATCA-1,CtVgCD90R1
CtVgCD90R1_GCGGGTTTCCTAGAAC-1,CtVgCD90R1
CtVgCD90R1_GCGGGTTTCCTGTACC-1,CtVgCD90R1
CtVgCD90R1_GCGGGTTTCGTCTGAA-1,CtVgCD90R1
CtVgCD90R1_GCTCCTAAGAGATGAG-1,CtVgCD90R1
CtVgCD90R1_GCTCCTAAGAGGTAGA-1,CtVgCD90R1
CtVgCD90R1_GCTCCTAAGCGATAGC-1,CtVgCD90R1
CtVgCD90R1_GCTCCTACACAGGCCT-1,CtVgCD90R1
CtVgCD90R1_GCTCCTACACGACGAA-1,CtVgCD90R1
CtVgCD90R1_GCTCCTACAGGTCCAC-1,CtVgCD90R1
CtVgCD90R1_GCTCCTAGTACGAAAT-1,CtVgCD90R1
CtVgCD90R1_GCTCCTAGTTATGCGT-1,CtVgCD90R1
CtVgCD90R1_GCTCCTATCCAATGGT-1,CtVgCD90R1
CtVgCD90R1_GCTCCTATCGAATGGG-1,CtVgCD90R1
CtVgCD90R1_GCTCTGTAGTGCGATG-1,CtVgCD90R1
CtVgCD90R1_GCTCTGTCACAGACAG-1,CtVgCD90R1
CtVgCD90R1_GCTCTGTCAGTCAGAG-1,CtVgCD90R1
CtVgCD90R1_GCTCTGTCATATGAGA-1,CtVgCD90R1
CtVgCD90R1_GCTCTGTGTAGTAGTA-1,CtVgCD90R1
CtVgCD90R1_GCTCTGTGTGACCAAG-1,CtVgCD90R1
CtVgCD90R1_GCTCTGTGTTCCTCCA-1,CtVgCD90R1
CtVgCD90R1_GCTCTGTTCCAGAAGG-1,CtVgCD90R1
CtVgCD90R1_GCTCTGTTCGCCAAAT-1,CtVgCD90R1
CtVgCD90R1_GCTGCAGCAAACGTGG-1,CtVgCD90R1
CtVgCD90R1_GCTGCAGCAAGTAATG-1,CtVgCD90R1
CtVgCD90R1_GCTGCAGCACTTGGAT-1,CtVgCD90R1
CtVgCD90R1_GCTGCAGGTCAGATAA-1,CtVgCD90R1
CtVgCD90R1_GCTGCAGGTTGGTAAA-1,CtVgCD90R1
CtVgCD90R1_GCTGCAGTCAGTGTTG-1,CtVgCD90R1
CtVgCD90R1_GCTGCAGTCCGATATG-1,CtVgCD90R1
CtVgCD90R1_GCTGCAGTCCTTGGTC-1,CtVgCD90R1
CtVgCD90R1_GCTGCAGTCGAGAGCA-1,CtVgCD90R1
CtVgCD90R1_GCTGCGAAGTCGCCGT-1,CtVgCD90R1
CtVgCD90R1_GCTGCGAAGTGAACGC-1,CtVgCD90R1
CtVgCD90R1_GCTGCGACACTTGGAT-1,CtVgCD90R1
CtVgCD90R1_GCTGCGACATCCTTGC-1,CtVgCD90R1
CtVgCD90R1_GCTGCGACATGGTTGT-1,CtVgCD90R1
CtVgCD90R1_GCTGCGAGTATCTGCA-1,CtVgCD90R1
CtVgCD90R1_GCTGCGAGTCTAGCCG-1,CtVgCD90R1
CtVgCD90R1_GCTGCGAGTTACCAGT-1,CtVgCD90R1
CtVgCD90R1_GCTGCGAGTTACGGAG-1,CtVgCD90R1
CtVgCD90R1_GCTGCTTAGCCAGTAG-1,CtVgCD90R1
CtVgCD90R1_GCTGCTTAGGCCATAG-1,CtVgCD90R1
CtVgCD90R1_GCTGCTTAGGCTACGA-1,CtVgCD90R1
CtVgCD90R1_GCTGCTTAGGGAAACA-1,CtVgCD90R1
CtVgCD90R1_GCTGCTTCACCCTATC-1,CtVgCD90R1
CtVgCD90R1_GCTGCTTGTCGAGATG-1,CtVgCD90R1
CtVgCD90R1_GCTGCTTGTGTAAGTA-1,CtVgCD90R1
CtVgCD90R1_GCTGCTTTCAGGATCT-1,CtVgCD90R1
CtVgCD90R1_GCTGCTTTCATCTGCC-1,CtVgCD90R1
CtVgCD90R1_GCTGCTTTCCCTTGCA-1,CtVgCD90R1
CtVgCD90R1_GCTGCTTTCCGCATAA-1,CtVgCD90R1
CtVgCD90R1_GCTGCTTTCCGGGTGT-1,CtVgCD90R1
CtVgCD90R1_GCTGCTTTCGGTGTTA-1,CtVgCD90R1
CtVgCD90R1_GCTGCTTTCGTATCAG-1,CtVgCD90R1
CtVgCD90R1_GCTGCTTTCTCCCTGA-1,CtVgCD90R1
CtVgCD90R1_GCTGGGTAGGCACATG-1,CtVgCD90R1
CtVgCD90R1_GCTGGGTAGTGTTGAA-1,CtVgCD90R1
CtVgCD90R1_GCTGGGTCAAACTGCT-1,CtVgCD90R1
CtVgCD90R1_GCTGGGTCATAAGACA-1,CtVgCD90R1
CtVgCD90R1_GCTGGGTCATCCAACA-1,CtVgCD90R1
CtVgCD90R1_GCTGGGTGTTAAGGGC-1,CtVgCD90R1
CtVgCD90R1_GCTGGGTGTTGGACCC-1,CtVgCD90R1
CtVgCD90R1_GCTGGGTTCGTACGGC-1,CtVgCD90R1
CtVgCD90R1_GCTTCCAAGTACGCGA-1,CtVgCD90R1
CtVgCD90R1_GCTTCCAAGTACTTGC-1,CtVgCD90R1
CtVgCD90R1_GCTTCCACAAACCCAT-1,CtVgCD90R1
CtVgCD90R1_GCTTCCACAAGAGTCG-1,CtVgCD90R1
CtVgCD90R1_GCTTCCAGTATCGCAT-1,CtVgCD90R1
CtVgCD90R1_GCTTCCAGTATGCTTG-1,CtVgCD90R1
CtVgCD90R1_GCTTCCAGTGGCGAAT-1,CtVgCD90R1
CtVgCD90R1_GCTTCCAGTTGTACAC-1,CtVgCD90R1
CtVgCD90R1_GCTTCCATCATGCATG-1,CtVgCD90R1
CtVgCD90R1_GCTTCCATCATGCTCC-1,CtVgCD90R1
CtVgCD90R1_GCTTCCATCCCTAATT-1,CtVgCD90R1
CtVgCD90R1_GCTTCCATCGCCAGCA-1,CtVgCD90R1
CtVgCD90R1_GCTTCCATCGGAGCAA-1,CtVgCD90R1
CtVgCD90R1_GCTTGAAAGACTTGAA-1,CtVgCD90R1
CtVgCD90R1_GCTTGAAAGAGTGACC-1,CtVgCD90R1
CtVgCD90R1_GCTTGAAAGCCCAGCT-1,CtVgCD90R1
CtVgCD90R1_GCTTGAAAGTGGAGTC-1,CtVgCD90R1
CtVgCD90R1_GCTTGAAGTCTCACCT-1,CtVgCD90R1
CtVgCD90R1_GCTTGAATCACAGTAC-1,CtVgCD90R1
CtVgCD90R1_GCTTGAATCAGAGCTT-1,CtVgCD90R1
CtVgCD90R1_GCTTGAATCAGCGATT-1,CtVgCD90R1
CtVgCD90R1_GCTTGAATCGAGCCCA-1,CtVgCD90R1
CtVgCD90R1_GCTTGAATCTCGCATC-1,CtVgCD90R1
CtVgCD90R1_GCTTGAATCTCTAGGA-1,CtVgCD90R1
CtVgCD90R1_GGAAAGCAGGCTCTTA-1,CtVgCD90R1
CtVgCD90R1_GGAAAGCAGTACGTTC-1,CtVgCD90R1
CtVgCD90R1_GGAAAGCAGTTATCGC-1,CtVgCD90R1
CtVgCD90R1_GGAAAGCCAAACTGCT-1,CtVgCD90R1
CtVgCD90R1_GGAAAGCCAACAACCT-1,CtVgCD90R1
CtVgCD90R1_GGAAAGCCAAGGACTG-1,CtVgCD90R1
CtVgCD90R1_GGAAAGCCATACGCTA-1,CtVgCD90R1
CtVgCD90R1_GGAAAGCCATCACGAT-1,CtVgCD90R1
CtVgCD90R1_GGAAAGCGTAGCCTAT-1,CtVgCD90R1
CtVgCD90R1_GGAAAGCGTCTTCTCG-1,CtVgCD90R1
CtVgCD90R1_GGAAAGCGTGACTACT-1,CtVgCD90R1
CtVgCD90R1_GGAAAGCGTTACGACT-1,CtVgCD90R1
CtVgCD90R1_GGAAAGCTCTGGAGCC-1,CtVgCD90R1
CtVgCD90R1_GGAACTTCAATCTACG-1,CtVgCD90R1
CtVgCD90R1_GGAACTTTCAGTTAGC-1,CtVgCD90R1
CtVgCD90R1_GGAATAAAGCCAGGAT-1,CtVgCD90R1
CtVgCD90R1_GGAATAAAGCCGCCTA-1,CtVgCD90R1
CtVgCD90R1_GGAATAAAGGCACATG-1,CtVgCD90R1
CtVgCD90R1_GGAATAAAGTACATGA-1,CtVgCD90R1
CtVgCD90R1_GGAATAAAGTCCATAC-1,CtVgCD90R1
CtVgCD90R1_GGAATAAAGTGTCCCG-1,CtVgCD90R1
CtVgCD90R1_GGAATAACAAGCCCAC-1,CtVgCD90R1
CtVgCD90R1_GGAATAACAATCAGAA-1,CtVgCD90R1
CtVgCD90R1_GGAATAACAATCTGCA-1,CtVgCD90R1
CtVgCD90R1_GGAATAACAGCGTTCG-1,CtVgCD90R1
CtVgCD90R1_GGAATAACATTAACCG-1,CtVgCD90R1
CtVgCD90R1_GGAATAAGTAAGGGCT-1,CtVgCD90R1
CtVgCD90R1_GGAATAAGTAGTACCT-1,CtVgCD90R1
CtVgCD90R1_GGAATAAGTCGCTTTC-1,CtVgCD90R1
CtVgCD90R1_GGAATAAGTCGGCACT-1,CtVgCD90R1
CtVgCD90R1_GGAATAAGTGTTGAGG-1,CtVgCD90R1
CtVgCD90R1_GGAATAATCCAAGCCG-1,CtVgCD90R1
CtVgCD90R1_GGAATAATCTTCGAGA-1,CtVgCD90R1
CtVgCD90R1_GGACAAGAGATGTGGC-1,CtVgCD90R1
CtVgCD90R1_GGACAAGAGGAGTAGA-1,CtVgCD90R1
CtVgCD90R1_GGACAAGCAAACAACA-1,CtVgCD90R1
CtVgCD90R1_GGACAAGGTAGCACGA-1,CtVgCD90R1
CtVgCD90R1_GGACAAGGTTTGCATG-1,CtVgCD90R1
CtVgCD90R1_GGACAAGTCCTTGGTC-1,CtVgCD90R1
CtVgCD90R1_GGACAGAAGCTTATCG-1,CtVgCD90R1
CtVgCD90R1_GGACAGAAGTCGCCGT-1,CtVgCD90R1
CtVgCD90R1_GGACAGACAAGAGGCT-1,CtVgCD90R1
CtVgCD90R1_GGACAGACAATCCGAT-1,CtVgCD90R1
CtVgCD90R1_GGACAGACATCACGTA-1,CtVgCD90R1
CtVgCD90R1_GGACAGAGTAAACCTC-1,CtVgCD90R1
CtVgCD90R1_GGACAGAGTACTCAAC-1,CtVgCD90R1
CtVgCD90R1_GGACAGAGTCATACTG-1,CtVgCD90R1
CtVgCD90R1_GGACATTAGAAAGTGG-1,CtVgCD90R1
CtVgCD90R1_GGACATTAGCATCATC-1,CtVgCD90R1
CtVgCD90R1_GGACATTAGGGAGTAA-1,CtVgCD90R1
CtVgCD90R1_GGACATTCACAAGCCC-1,CtVgCD90R1
CtVgCD90R1_GGACATTCATACTACG-1,CtVgCD90R1
CtVgCD90R1_GGACATTGTCTCTCGT-1,CtVgCD90R1
CtVgCD90R1_GGACATTGTGCGATAG-1,CtVgCD90R1
CtVgCD90R1_GGACATTGTTGGACCC-1,CtVgCD90R1
CtVgCD90R1_GGACATTTCGACAGCC-1,CtVgCD90R1
CtVgCD90R1_GGACGTCAGCCGTCGT-1,CtVgCD90R1
CtVgCD90R1_GGACGTCAGGGCTTGA-1,CtVgCD90R1
CtVgCD90R1_GGACGTCCACACCGAC-1,CtVgCD90R1
CtVgCD90R1_GGACGTCCACAGACAG-1,CtVgCD90R1
CtVgCD90R1_GGACGTCCACCATCCT-1,CtVgCD90R1
CtVgCD90R1_GGACGTCCACGGCCAT-1,CtVgCD90R1
CtVgCD90R1_GGACGTCCAGCTCCGA-1,CtVgCD90R1
CtVgCD90R1_GGACGTCCATAAGACA-1,CtVgCD90R1
CtVgCD90R1_GGACGTCGTAAACCTC-1,CtVgCD90R1
CtVgCD90R1_GGACGTCGTCCCTACT-1,CtVgCD90R1
CtVgCD90R1_GGACGTCGTTCTGGTA-1,CtVgCD90R1
CtVgCD90R1_GGACGTCTCAAACAAG-1,CtVgCD90R1
CtVgCD90R1_GGACGTCTCAGCAACT-1,CtVgCD90R1
CtVgCD90R1_GGACGTCTCGACCAGC-1,CtVgCD90R1
CtVgCD90R1_GGACGTCTCTGCAGTA-1,CtVgCD90R1
CtVgCD90R1_GGAGCAAAGAAAGTGG-1,CtVgCD90R1
CtVgCD90R1_GGAGCAAAGACCTTTG-1,CtVgCD90R1
CtVgCD90R1_GGAGCAAAGGCCGAAT-1,CtVgCD90R1
CtVgCD90R1_GGAGCAAAGGCTACGA-1,CtVgCD90R1
CtVgCD90R1_GGAGCAAAGTGTACCT-1,CtVgCD90R1
CtVgCD90R1_GGAGCAACAAGCGCTC-1,CtVgCD90R1
CtVgCD90R1_GGAGCAACAATGGAGC-1,CtVgCD90R1
CtVgCD90R1_GGAGCAACACCTCGGA-1,CtVgCD90R1
CtVgCD90R1_GGAGCAACAGTAGAGC-1,CtVgCD90R1
CtVgCD90R1_GGAGCAAGTAGAGCTG-1,CtVgCD90R1
CtVgCD90R1_GGAGCAAGTCTAGTCA-1,CtVgCD90R1
CtVgCD90R1_GGAGCAAGTTATCACG-1,CtVgCD90R1
CtVgCD90R1_GGAGCAATCAGAGCTT-1,CtVgCD90R1
CtVgCD90R1_GGAGCAATCGAGAGCA-1,CtVgCD90R1
CtVgCD90R1_GGATGTTAGGTAGCCA-1,CtVgCD90R1
CtVgCD90R1_GGATGTTAGTGGTCCC-1,CtVgCD90R1
CtVgCD90R1_GGATGTTCAGCGATCC-1,CtVgCD90R1
CtVgCD90R1_GGATGTTCATTGTGCA-1,CtVgCD90R1
CtVgCD90R1_GGATGTTGTAGCTTGT-1,CtVgCD90R1
CtVgCD90R1_GGATGTTGTCATCGGC-1,CtVgCD90R1
CtVgCD90R1_GGATGTTTCCTCAACC-1,CtVgCD90R1
CtVgCD90R1_GGATTACAGCCCGAAA-1,CtVgCD90R1
CtVgCD90R1_GGATTACCACCAGATT-1,CtVgCD90R1
CtVgCD90R1_GGATTACCACTACAGT-1,CtVgCD90R1
CtVgCD90R1_GGATTACCAGCTCGCA-1,CtVgCD90R1
CtVgCD90R1_GGATTACGTGGTACAG-1,CtVgCD90R1
CtVgCD90R1_GGATTACTCAAACAAG-1,CtVgCD90R1
CtVgCD90R1_GGATTACTCCTCCTAG-1,CtVgCD90R1
CtVgCD90R1_GGATTACTCGTTTGCC-1,CtVgCD90R1
CtVgCD90R1_GGCAATTAGCCTCGTG-1,CtVgCD90R1
CtVgCD90R1_GGCAATTCAATCCGAT-1,CtVgCD90R1
CtVgCD90R1_GGCAATTCACTTAAGC-1,CtVgCD90R1
CtVgCD90R1_GGCAATTGTCGTCTTC-1,CtVgCD90R1
CtVgCD90R1_GGCAATTTCACTCTTA-1,CtVgCD90R1
CtVgCD90R1_GGCAATTTCCACGTGG-1,CtVgCD90R1
CtVgCD90R1_GGCAATTTCCATGAGT-1,CtVgCD90R1
CtVgCD90R1_GGCAATTTCCTCTAGC-1,CtVgCD90R1
CtVgCD90R1_GGCCGATAGCCGGTAA-1,CtVgCD90R1
CtVgCD90R1_GGCCGATAGCGACGTA-1,CtVgCD90R1
CtVgCD90R1_GGCCGATAGGCGCTCT-1,CtVgCD90R1
CtVgCD90R1_GGCCGATAGTTGAGAT-1,CtVgCD90R1
CtVgCD90R1_GGCCGATCACGGTAAG-1,CtVgCD90R1
CtVgCD90R1_GGCCGATCACTTAAGC-1,CtVgCD90R1
CtVgCD90R1_GGCCGATCAGTAAGCG-1,CtVgCD90R1
CtVgCD90R1_GGCCGATCAGTTTACG-1,CtVgCD90R1
CtVgCD90R1_GGCCGATGTATGAATG-1,CtVgCD90R1
CtVgCD90R1_GGCCGATTCGCCCTTA-1,CtVgCD90R1
CtVgCD90R1_GGCCGATTCGGGAGTA-1,CtVgCD90R1
CtVgCD90R1_GGCCGATTCGTTACGA-1,CtVgCD90R1
CtVgCD90R1_GGCGACTAGCCCAGCT-1,CtVgCD90R1
CtVgCD90R1_GGCGACTAGCTGCGAA-1,CtVgCD90R1
CtVgCD90R1_GGCGACTAGTACTTGC-1,CtVgCD90R1
CtVgCD90R1_GGCGACTAGTGCCAGA-1,CtVgCD90R1
CtVgCD90R1_GGCGACTAGTGGGATC-1,CtVgCD90R1
CtVgCD90R1_GGCGACTCAACACCCG-1,CtVgCD90R1
CtVgCD90R1_GGCGACTCACTTAACG-1,CtVgCD90R1
CtVgCD90R1_GGCGACTCATAGAAAC-1,CtVgCD90R1
CtVgCD90R1_GGCGACTGTAGGAGTC-1,CtVgCD90R1
CtVgCD90R1_GGCGACTGTATCACCA-1,CtVgCD90R1
CtVgCD90R1_GGCGACTGTCTAGAGG-1,CtVgCD90R1
CtVgCD90R1_GGCGACTGTGAACCTT-1,CtVgCD90R1
CtVgCD90R1_GGCGACTGTGTTGAGG-1,CtVgCD90R1
CtVgCD90R1_GGCGACTTCAACGCTA-1,CtVgCD90R1
CtVgCD90R1_GGCGACTTCACTCCTG-1,CtVgCD90R1
CtVgCD90R1_GGCGACTTCACTGGGC-1,CtVgCD90R1
CtVgCD90R1_GGCGACTTCCCGACTT-1,CtVgCD90R1
CtVgCD90R1_GGCGACTTCTGTACGA-1,CtVgCD90R1
CtVgCD90R1_GGCGTGTAGAATTGTG-1,CtVgCD90R1
CtVgCD90R1_GGCGTGTAGTAACCCT-1,CtVgCD90R1
CtVgCD90R1_GGCGTGTGTTAAGACA-1,CtVgCD90R1
CtVgCD90R1_GGCTCGAAGAACTCGG-1,CtVgCD90R1
CtVgCD90R1_GGCTCGAAGCAGCCTC-1,CtVgCD90R1
CtVgCD90R1_GGCTCGAAGCGTGAAC-1,CtVgCD90R1
CtVgCD90R1_GGCTCGAAGTAACCCT-1,CtVgCD90R1
CtVgCD90R1_GGCTCGACAGATGGCA-1,CtVgCD90R1
CtVgCD90R1_GGCTCGACAGCTCCGA-1,CtVgCD90R1
CtVgCD90R1_GGCTCGACAGGAATCG-1,CtVgCD90R1
CtVgCD90R1_GGCTCGAGTGATGTCT-1,CtVgCD90R1
CtVgCD90R1_GGCTCGATCCGCAAGC-1,CtVgCD90R1
CtVgCD90R1_GGCTCGATCGTAGATC-1,CtVgCD90R1
CtVgCD90R1_GGCTGGTAGCACAGGT-1,CtVgCD90R1
CtVgCD90R1_GGCTGGTAGCCACTAT-1,CtVgCD90R1
CtVgCD90R1_GGCTGGTAGCGCTCCA-1,CtVgCD90R1
CtVgCD90R1_GGCTGGTAGCTGCAAG-1,CtVgCD90R1
CtVgCD90R1_GGCTGGTAGTTGCAGG-1,CtVgCD90R1
CtVgCD90R1_GGCTGGTCACCACGTG-1,CtVgCD90R1
CtVgCD90R1_GGCTGGTCAGCAGTTT-1,CtVgCD90R1
CtVgCD90R1_GGCTGGTCAGCCTATA-1,CtVgCD90R1
CtVgCD90R1_GGCTGGTGTAGCTAAA-1,CtVgCD90R1
CtVgCD90R1_GGCTGGTGTGAGGCTA-1,CtVgCD90R1
CtVgCD90R1_GGCTGGTGTTCCTCCA-1,CtVgCD90R1
CtVgCD90R1_GGCTGGTTCCGTTGCT-1,CtVgCD90R1
CtVgCD90R1_GGCTGGTTCTCGAGTA-1,CtVgCD90R1
CtVgCD90R1_GGCTGGTTCTCTGCTG-1,CtVgCD90R1
CtVgCD90R1_GGCTGGTTCTGCTGCT-1,CtVgCD90R1
CtVgCD90R1_GGGAATGAGAGGACGG-1,CtVgCD90R1
CtVgCD90R1_GGGAATGAGATATGGT-1,CtVgCD90R1
CtVgCD90R1_GGGAATGGTAATAGCA-1,CtVgCD90R1
CtVgCD90R1_GGGAATGGTATGAAAC-1,CtVgCD90R1
CtVgCD90R1_GGGAATGGTCATCCCT-1,CtVgCD90R1
CtVgCD90R1_GGGAATGGTGAGGGAG-1,CtVgCD90R1
CtVgCD90R1_GGGAATGGTTCGGGCT-1,CtVgCD90R1
CtVgCD90R1_GGGAATGTCATCGATG-1,CtVgCD90R1
CtVgCD90R1_GGGACCTAGAAGGGTA-1,CtVgCD90R1
CtVgCD90R1_GGGACCTAGGAATTAC-1,CtVgCD90R1
CtVgCD90R1_GGGACCTAGTCAATAG-1,CtVgCD90R1
CtVgCD90R1_GGGACCTAGTTACGGG-1,CtVgCD90R1
CtVgCD90R1_GGGACCTCAATCTACG-1,CtVgCD90R1
CtVgCD90R1_GGGACCTGTAGTACCT-1,CtVgCD90R1
CtVgCD90R1_GGGACCTTCCTTTCGG-1,CtVgCD90R1
CtVgCD90R1_GGGACCTTCTTGACGA-1,CtVgCD90R1
CtVgCD90R1_GGGAGATCAATAGCAA-1,CtVgCD90R1
CtVgCD90R1_GGGAGATCATTACGAC-1,CtVgCD90R1
CtVgCD90R1_GGGAGATGTCCGAGTC-1,CtVgCD90R1
CtVgCD90R1_GGGAGATGTCCGCTGA-1,CtVgCD90R1
CtVgCD90R1_GGGAGATGTCGGCATC-1,CtVgCD90R1
CtVgCD90R1_GGGAGATGTCTTCGTC-1,CtVgCD90R1
CtVgCD90R1_GGGAGATTCAATACCG-1,CtVgCD90R1
CtVgCD90R1_GGGAGATTCGGCTTGG-1,CtVgCD90R1
CtVgCD90R1_GGGAGATTCTCGTTTA-1,CtVgCD90R1
CtVgCD90R1_GGGATGAAGGAATCGC-1,CtVgCD90R1
CtVgCD90R1_GGGATGAAGTAGATGT-1,CtVgCD90R1
CtVgCD90R1_GGGATGAAGTTGAGTA-1,CtVgCD90R1
CtVgCD90R1_GGGATGACAATGGATA-1,CtVgCD90R1
CtVgCD90R1_GGGATGACAGATCGGA-1,CtVgCD90R1
CtVgCD90R1_GGGATGAGTAAACGCG-1,CtVgCD90R1
CtVgCD90R1_GGGATGATCTCTAGGA-1,CtVgCD90R1
CtVgCD90R1_GGGCACTAGGAGCGAG-1,CtVgCD90R1
CtVgCD90R1_GGGCACTCAAAGGTGC-1,CtVgCD90R1
CtVgCD90R1_GGGCACTCAAGTACCT-1,CtVgCD90R1
CtVgCD90R1_GGGCACTGTACGAAAT-1,CtVgCD90R1
CtVgCD90R1_GGGCACTGTCGCATAT-1,CtVgCD90R1
CtVgCD90R1_GGGCACTGTTCATGGT-1,CtVgCD90R1
CtVgCD90R1_GGGCACTGTTGCTCCT-1,CtVgCD90R1
CtVgCD90R1_GGGCACTGTTGGTGGA-1,CtVgCD90R1
CtVgCD90R1_GGGCACTTCATGTCTT-1,CtVgCD90R1
CtVgCD90R1_GGGCACTTCCAATGGT-1,CtVgCD90R1
CtVgCD90R1_GGGCACTTCTCACATT-1,CtVgCD90R1
CtVgCD90R1_GGGCATCAGCACGCCT-1,CtVgCD90R1
CtVgCD90R1_GGGCATCCAAGTCTAC-1,CtVgCD90R1
CtVgCD90R1_GGGCATCCAGGAATGC-1,CtVgCD90R1
CtVgCD90R1_GGGCATCCATTAGCCA-1,CtVgCD90R1
CtVgCD90R1_GGGCATCGTAGGGACT-1,CtVgCD90R1
CtVgCD90R1_GGGCATCGTCTTCAAG-1,CtVgCD90R1
CtVgCD90R1_GGGCATCTCGGTGTTA-1,CtVgCD90R1
CtVgCD90R1_GGGCATCTCGTTTATC-1,CtVgCD90R1
CtVgCD90R1_GGGCATCTCTCTAAGG-1,CtVgCD90R1
CtVgCD90R1_GGGCATCTCTCTGAGA-1,CtVgCD90R1
CtVgCD90R1_GGGTCTGAGATCTGCT-1,CtVgCD90R1
CtVgCD90R1_GGGTCTGAGGCTAGGT-1,CtVgCD90R1
CtVgCD90R1_GGGTCTGCAACCGCCA-1,CtVgCD90R1
CtVgCD90R1_GGGTCTGCACGAAACG-1,CtVgCD90R1
CtVgCD90R1_GGGTCTGGTACAGTTC-1,CtVgCD90R1
CtVgCD90R1_GGGTCTGGTCTGGAGA-1,CtVgCD90R1
CtVgCD90R1_GGGTCTGGTTATGCGT-1,CtVgCD90R1
CtVgCD90R1_GGGTCTGGTTCGTGAT-1,CtVgCD90R1
CtVgCD90R1_GGGTCTGTCATGCAAC-1,CtVgCD90R1
CtVgCD90R1_GGGTTGCAGAATTGTG-1,CtVgCD90R1
CtVgCD90R1_GGGTTGCAGACTAAGT-1,CtVgCD90R1
CtVgCD90R1_GGGTTGCAGACTAGGC-1,CtVgCD90R1
CtVgCD90R1_GGGTTGCCAGTTAACC-1,CtVgCD90R1
CtVgCD90R1_GGGTTGCCATACAGCT-1,CtVgCD90R1
CtVgCD90R1_GGGTTGCCATAGTAAG-1,CtVgCD90R1
CtVgCD90R1_GGGTTGCCATGGGAAC-1,CtVgCD90R1
CtVgCD90R1_GGGTTGCCATGGTCAT-1,CtVgCD90R1
CtVgCD90R1_GGGTTGCCATGTAGTC-1,CtVgCD90R1
CtVgCD90R1_GGGTTGCGTACCGTTA-1,CtVgCD90R1
CtVgCD90R1_GGGTTGCGTACGAAAT-1,CtVgCD90R1
CtVgCD90R1_GGGTTGCGTAGGCTGA-1,CtVgCD90R1
CtVgCD90R1_GGGTTGCTCAACCATG-1,CtVgCD90R1
CtVgCD90R1_GGGTTGCTCCCGGATG-1,CtVgCD90R1
CtVgCD90R1_GGTATTGAGAAACCGC-1,CtVgCD90R1
CtVgCD90R1_GGTATTGAGAAACCTA-1,CtVgCD90R1
CtVgCD90R1_GGTATTGAGAGTCTGG-1,CtVgCD90R1
CtVgCD90R1_GGTATTGAGCCTTGAT-1,CtVgCD90R1
CtVgCD90R1_GGTATTGAGGTGCTTT-1,CtVgCD90R1
CtVgCD90R1_GGTATTGCACCAGCAC-1,CtVgCD90R1
CtVgCD90R1_GGTATTGCACCAGTTA-1,CtVgCD90R1
CtVgCD90R1_GGTATTGCACTACAGT-1,CtVgCD90R1
CtVgCD90R1_GGTATTGCATTGGGCC-1,CtVgCD90R1
CtVgCD90R1_GGTATTGGTCTCCCTA-1,CtVgCD90R1
CtVgCD90R1_GGTATTGGTTCCGGCA-1,CtVgCD90R1
CtVgCD90R1_GGTATTGGTTGGAGGT-1,CtVgCD90R1
CtVgCD90R1_GGTATTGGTTTCCACC-1,CtVgCD90R1
CtVgCD90R1_GGTATTGTCGCCAAAT-1,CtVgCD90R1
CtVgCD90R1_GGTATTGTCGTGGACC-1,CtVgCD90R1
CtVgCD90R1_GGTATTGTCTGCCCTA-1,CtVgCD90R1
CtVgCD90R1_GGTGAAGAGAGCCTAG-1,CtVgCD90R1
CtVgCD90R1_GGTGAAGAGGAGTTGC-1,CtVgCD90R1
CtVgCD90R1_GGTGAAGAGTAAGTAC-1,CtVgCD90R1
CtVgCD90R1_GGTGAAGAGTTGCAGG-1,CtVgCD90R1
CtVgCD90R1_GGTGAAGCAGCTTCGG-1,CtVgCD90R1
CtVgCD90R1_GGTGAAGCATCAGTCA-1,CtVgCD90R1
CtVgCD90R1_GGTGAAGCATCCTTGC-1,CtVgCD90R1
CtVgCD90R1_GGTGAAGGTACCAGTT-1,CtVgCD90R1
CtVgCD90R1_GGTGAAGTCAAACCAC-1,CtVgCD90R1
CtVgCD90R1_GGTGAAGTCGATGAGG-1,CtVgCD90R1
CtVgCD90R1_GGTGCGTAGATCCGAG-1,CtVgCD90R1
CtVgCD90R1_GGTGCGTAGGCGATAC-1,CtVgCD90R1
CtVgCD90R1_GGTGCGTCAGGCTCAC-1,CtVgCD90R1
CtVgCD90R1_GGTGCGTGTACAGTTC-1,CtVgCD90R1
CtVgCD90R1_GGTGCGTGTACATCCA-1,CtVgCD90R1
CtVgCD90R1_GGTGCGTGTCCATCCT-1,CtVgCD90R1
CtVgCD90R1_GGTGCGTTCCACTGGG-1,CtVgCD90R1
CtVgCD90R1_GGTGCGTTCGCGATCG-1,CtVgCD90R1
CtVgCD90R1_GGTGCGTTCTACTCAT-1,CtVgCD90R1
CtVgCD90R1_GGTGTTAAGAAGGGTA-1,CtVgCD90R1
CtVgCD90R1_GGTGTTAAGACAGACC-1,CtVgCD90R1
CtVgCD90R1_GGTGTTAAGATGTGTA-1,CtVgCD90R1
CtVgCD90R1_GGTGTTAAGCCAACAG-1,CtVgCD90R1
CtVgCD90R1_GGTGTTAAGTGGAGAA-1,CtVgCD90R1
CtVgCD90R1_GGTGTTACAAACGCGA-1,CtVgCD90R1
CtVgCD90R1_GGTGTTACAAAGGTGC-1,CtVgCD90R1
CtVgCD90R1_GGTGTTACATGCAACT-1,CtVgCD90R1
CtVgCD90R1_GGTGTTACATGCTAGT-1,CtVgCD90R1
CtVgCD90R1_GGTGTTAGTACCGTTA-1,CtVgCD90R1
CtVgCD90R1_GGTGTTAGTAGAAAGG-1,CtVgCD90R1
CtVgCD90R1_GGTGTTAGTCATGCAT-1,CtVgCD90R1
CtVgCD90R1_GGTGTTAGTTAGTGGG-1,CtVgCD90R1
CtVgCD90R1_GGTGTTATCAAGATCC-1,CtVgCD90R1
CtVgCD90R1_GGTGTTATCTGAGGGA-1,CtVgCD90R1
CtVgCD90R1_GTAACGTAGCTAGTGG-1,CtVgCD90R1
CtVgCD90R1_GTAACGTCAAACTGCT-1,CtVgCD90R1
CtVgCD90R1_GTAACGTGTCGCGGTT-1,CtVgCD90R1
CtVgCD90R1_GTAACGTTCACGGTTA-1,CtVgCD90R1
CtVgCD90R1_GTAACTGAGAGTGACC-1,CtVgCD90R1
CtVgCD90R1_GTAACTGAGCGTGAAC-1,CtVgCD90R1
CtVgCD90R1_GTAACTGAGGCTAGAC-1,CtVgCD90R1
CtVgCD90R1_GTAACTGAGTGTACCT-1,CtVgCD90R1
CtVgCD90R1_GTAACTGAGTTATCGC-1,CtVgCD90R1
CtVgCD90R1_GTAACTGCAGACGCTC-1,CtVgCD90R1
CtVgCD90R1_GTAACTGCAGTCACTA-1,CtVgCD90R1
CtVgCD90R1_GTAACTGGTTCCTCCA-1,CtVgCD90R1
CtVgCD90R1_GTAACTGTCACTCCTG-1,CtVgCD90R1
CtVgCD90R1_GTAACTGTCATACGGT-1,CtVgCD90R1
CtVgCD90R1_GTAACTGTCCTGCCAT-1,CtVgCD90R1
CtVgCD90R1_GTAACTGTCGGAAACG-1,CtVgCD90R1
CtVgCD90R1_GTAACTGTCTGCTGTC-1,CtVgCD90R1
CtVgCD90R1_GTACGTACACACGCTG-1,CtVgCD90R1
CtVgCD90R1_GTACGTACATCTCGCT-1,CtVgCD90R1
CtVgCD90R1_GTACGTAGTACATCCA-1,CtVgCD90R1
CtVgCD90R1_GTACGTAGTCATGCCG-1,CtVgCD90R1
CtVgCD90R1_GTACGTAGTCCGAAGA-1,CtVgCD90R1
CtVgCD90R1_GTACGTAGTCTCAACA-1,CtVgCD90R1
CtVgCD90R1_GTACGTAGTCTGGAGA-1,CtVgCD90R1
CtVgCD90R1_GTACGTATCAATCACG-1,CtVgCD90R1
CtVgCD90R1_GTACGTATCAGTTCGA-1,CtVgCD90R1
CtVgCD90R1_GTACGTATCCTCCTAG-1,CtVgCD90R1
CtVgCD90R1_GTACGTATCGATGAGG-1,CtVgCD90R1
CtVgCD90R1_GTACTCCAGAAGGTTT-1,CtVgCD90R1
CtVgCD90R1_GTACTCCAGAATTGTG-1,CtVgCD90R1
CtVgCD90R1_GTACTCCAGTGGTCCC-1,CtVgCD90R1
CtVgCD90R1_GTACTCCAGTTGTAGA-1,CtVgCD90R1
CtVgCD90R1_GTACTCCCAAGACGTG-1,CtVgCD90R1
CtVgCD90R1_GTACTCCCAGCCAGAA-1,CtVgCD90R1
CtVgCD90R1_GTACTCCCATTATCTC-1,CtVgCD90R1
CtVgCD90R1_GTACTCCGTAATAGCA-1,CtVgCD90R1
CtVgCD90R1_GTACTCCGTACCCAAT-1,CtVgCD90R1
CtVgCD90R1_GTACTCCGTCACTTCC-1,CtVgCD90R1
CtVgCD90R1_GTACTCCTCAACACAC-1,CtVgCD90R1
CtVgCD90R1_GTACTTTAGATATGCA-1,CtVgCD90R1
CtVgCD90R1_GTACTTTAGTATGACA-1,CtVgCD90R1
CtVgCD90R1_GTACTTTCAAGGACTG-1,CtVgCD90R1
CtVgCD90R1_GTACTTTCAGACTCGC-1,CtVgCD90R1
CtVgCD90R1_GTACTTTGTTAGGGTG-1,CtVgCD90R1
CtVgCD90R1_GTAGGCCAGAAGGTGA-1,CtVgCD90R1
CtVgCD90R1_GTAGGCCAGATCCGAG-1,CtVgCD90R1
CtVgCD90R1_GTAGGCCAGATCTGAA-1,CtVgCD90R1
CtVgCD90R1_GTAGGCCAGTTAAGTG-1,CtVgCD90R1
CtVgCD90R1_GTAGGCCCAGATGGGT-1,CtVgCD90R1
CtVgCD90R1_GTAGGCCTCATAACCG-1,CtVgCD90R1
CtVgCD90R1_GTAGGCCTCTCGCATC-1,CtVgCD90R1
CtVgCD90R1_GTAGTCAAGATGTAAC-1,CtVgCD90R1
CtVgCD90R1_GTAGTCAAGCTAGGCA-1,CtVgCD90R1
CtVgCD90R1_GTAGTCACACCAGGCT-1,CtVgCD90R1
CtVgCD90R1_GTAGTCACAGGTGCCT-1,CtVgCD90R1
CtVgCD90R1_GTAGTCACAGGTTTCA-1,CtVgCD90R1
CtVgCD90R1_GTAGTCAGTTTGTTGG-1,CtVgCD90R1
CtVgCD90R1_GTAGTCATCCGCATCT-1,CtVgCD90R1
CtVgCD90R1_GTATCTTCACACTGCG-1,CtVgCD90R1
CtVgCD90R1_GTATCTTCAGACACTT-1,CtVgCD90R1
CtVgCD90R1_GTATCTTCAGTCCTTC-1,CtVgCD90R1
CtVgCD90R1_GTATCTTCATTGGCGC-1,CtVgCD90R1
CtVgCD90R1_GTATCTTGTAGCTGCC-1,CtVgCD90R1
CtVgCD90R1_GTATCTTGTGAAATCA-1,CtVgCD90R1
CtVgCD90R1_GTATCTTTCACGCATA-1,CtVgCD90R1
CtVgCD90R1_GTATCTTTCGGCTACG-1,CtVgCD90R1
CtVgCD90R1_GTATCTTTCGTTGACA-1,CtVgCD90R1
CtVgCD90R1_GTATTCTAGAACTCGG-1,CtVgCD90R1
CtVgCD90R1_GTATTCTCAAGGTTTC-1,CtVgCD90R1
CtVgCD90R1_GTATTCTCACATCTTT-1,CtVgCD90R1
CtVgCD90R1_GTATTCTCATGACATC-1,CtVgCD90R1
CtVgCD90R1_GTATTCTCATGATCCA-1,CtVgCD90R1
CtVgCD90R1_GTATTCTGTAAATACG-1,CtVgCD90R1
CtVgCD90R1_GTATTCTTCCCTAATT-1,CtVgCD90R1
CtVgCD90R1_GTATTCTTCCGTTGCT-1,CtVgCD90R1
CtVgCD90R1_GTATTCTTCCTATGTT-1,CtVgCD90R1
CtVgCD90R1_GTCAAGTAGTCTCGGC-1,CtVgCD90R1
CtVgCD90R1_GTCAAGTCAGTAACGG-1,CtVgCD90R1
CtVgCD90R1_GTCAAGTCAGTGAGTG-1,CtVgCD90R1
CtVgCD90R1_GTCAAGTGTACTTAGC-1,CtVgCD90R1
CtVgCD90R1_GTCAAGTTCACATAGC-1,CtVgCD90R1
CtVgCD90R1_GTCAAGTTCCAAATGC-1,CtVgCD90R1
CtVgCD90R1_GTCAAGTTCTACTATC-1,CtVgCD90R1
CtVgCD90R1_GTCACAAAGGAGTTTA-1,CtVgCD90R1
CtVgCD90R1_GTCACAACAGGAATGC-1,CtVgCD90R1
CtVgCD90R1_GTCACAACATTAACCG-1,CtVgCD90R1
CtVgCD90R1_GTCACAAGTACCAGTT-1,CtVgCD90R1
CtVgCD90R1_GTCACAAGTAGCGCTC-1,CtVgCD90R1
CtVgCD90R1_GTCACAAGTATCTGCA-1,CtVgCD90R1
CtVgCD90R1_GTCACAAGTCACTGGC-1,CtVgCD90R1
CtVgCD90R1_GTCACAATCAAAGACA-1,CtVgCD90R1
CtVgCD90R1_GTCACAATCAAAGTAG-1,CtVgCD90R1
CtVgCD90R1_GTCACAATCAGTTAGC-1,CtVgCD90R1
CtVgCD90R1_GTCACAATCGGTGTTA-1,CtVgCD90R1
CtVgCD90R1_GTCACAATCTATGTGG-1,CtVgCD90R1
CtVgCD90R1_GTCACGGAGCCTATGT-1,CtVgCD90R1
CtVgCD90R1_GTCACGGAGTTAGGTA-1,CtVgCD90R1
CtVgCD90R1_GTCACGGCAAGGTGTG-1,CtVgCD90R1
CtVgCD90R1_GTCACGGCATTCGACA-1,CtVgCD90R1
CtVgCD90R1_GTCACGGTCAAGGCTT-1,CtVgCD90R1
CtVgCD90R1_GTCACGGTCATGCTCC-1,CtVgCD90R1
CtVgCD90R1_GTCACGGTCCAGTAGT-1,CtVgCD90R1
CtVgCD90R1_GTCATTTAGGAGTACC-1,CtVgCD90R1
CtVgCD90R1_GTCATTTAGGCAAAGA-1,CtVgCD90R1
CtVgCD90R1_GTCATTTAGTGGTAAT-1,CtVgCD90R1
CtVgCD90R1_GTCATTTCAAGTACCT-1,CtVgCD90R1
CtVgCD90R1_GTCATTTCATTCCTCG-1,CtVgCD90R1
CtVgCD90R1_GTCATTTGTAACGACG-1,CtVgCD90R1
CtVgCD90R1_GTCATTTGTACGAAAT-1,CtVgCD90R1
CtVgCD90R1_GTCATTTGTGAAGGCT-1,CtVgCD90R1
CtVgCD90R1_GTCATTTGTTCGTCTC-1,CtVgCD90R1
CtVgCD90R1_GTCATTTTCCGAGCCA-1,CtVgCD90R1
CtVgCD90R1_GTCCTCAAGCTAGTTC-1,CtVgCD90R1
CtVgCD90R1_GTCCTCACAAAGGAAG-1,CtVgCD90R1
CtVgCD90R1_GTCCTCACACCAGATT-1,CtVgCD90R1
CtVgCD90R1_GTCCTCACAGATCCAT-1,CtVgCD90R1
CtVgCD90R1_GTCCTCACATGGAATA-1,CtVgCD90R1
CtVgCD90R1_GTCCTCAGTGAGTATA-1,CtVgCD90R1
CtVgCD90R1_GTCCTCAGTGTGACCC-1,CtVgCD90R1
CtVgCD90R1_GTCCTCAGTTTGTGTG-1,CtVgCD90R1
CtVgCD90R1_GTCGGGTAGAAACGCC-1,CtVgCD90R1
CtVgCD90R1_GTCGGGTAGGAGTACC-1,CtVgCD90R1
CtVgCD90R1_GTCGGGTCAACAACCT-1,CtVgCD90R1
CtVgCD90R1_GTCGGGTCACCAACCG-1,CtVgCD90R1
CtVgCD90R1_GTCGGGTCACCATGTA-1,CtVgCD90R1
CtVgCD90R1_GTCGGGTCAGCTGTGC-1,CtVgCD90R1
CtVgCD90R1_GTCGGGTGTACGAAAT-1,CtVgCD90R1
CtVgCD90R1_GTCGGGTGTAGATTAG-1,CtVgCD90R1
CtVgCD90R1_GTCGGGTGTATTCGTG-1,CtVgCD90R1
CtVgCD90R1_GTCGGGTGTCCATGAT-1,CtVgCD90R1
CtVgCD90R1_GTCGGGTGTCTCTTTA-1,CtVgCD90R1
CtVgCD90R1_GTCGGGTGTTGGGACA-1,CtVgCD90R1
CtVgCD90R1_GTCGGGTGTTTAGCTG-1,CtVgCD90R1
CtVgCD90R1_GTCGGGTTCAATCTCT-1,CtVgCD90R1
CtVgCD90R1_GTCGGGTTCGGAGCAA-1,CtVgCD90R1
CtVgCD90R1_GTCGTAACACACCGAC-1,CtVgCD90R1
CtVgCD90R1_GTCGTAAGTATGGTTC-1,CtVgCD90R1
CtVgCD90R1_GTCGTAAGTCTGCCAG-1,CtVgCD90R1
CtVgCD90R1_GTCGTAAGTGGTCCGT-1,CtVgCD90R1
CtVgCD90R1_GTCGTAATCAACGGCC-1,CtVgCD90R1
CtVgCD90R1_GTCGTAATCTCGATGA-1,CtVgCD90R1
CtVgCD90R1_GTCTCGTAGCCTCGTG-1,CtVgCD90R1
CtVgCD90R1_GTCTCGTCACAGTCGC-1,CtVgCD90R1
CtVgCD90R1_GTCTCGTCACATCCGG-1,CtVgCD90R1
CtVgCD90R1_GTCTCGTCAGCTCCGA-1,CtVgCD90R1
CtVgCD90R1_GTCTCGTGTAAGTGGC-1,CtVgCD90R1
CtVgCD90R1_GTCTCGTGTACAGTTC-1,CtVgCD90R1
CtVgCD90R1_GTCTCGTGTCATTAGC-1,CtVgCD90R1
CtVgCD90R1_GTCTCGTGTCGAGTTT-1,CtVgCD90R1
CtVgCD90R1_GTCTCGTGTGCAACGA-1,CtVgCD90R1
CtVgCD90R1_GTCTCGTGTGCACTTA-1,CtVgCD90R1
CtVgCD90R1_GTCTCGTGTGTGTGCC-1,CtVgCD90R1
CtVgCD90R1_GTCTCGTGTTACGCGC-1,CtVgCD90R1
CtVgCD90R1_GTCTCGTTCCTAGTGA-1,CtVgCD90R1
CtVgCD90R1_GTCTTCGAGGGCTCTC-1,CtVgCD90R1
CtVgCD90R1_GTCTTCGAGTGAACGC-1,CtVgCD90R1
CtVgCD90R1_GTCTTCGCAGATAATG-1,CtVgCD90R1
CtVgCD90R1_GTCTTCGCAGCTATTG-1,CtVgCD90R1
CtVgCD90R1_GTCTTCGCAGGCTCAC-1,CtVgCD90R1
CtVgCD90R1_GTCTTCGCAGGTCTCG-1,CtVgCD90R1
CtVgCD90R1_GTCTTCGCATGAAGTA-1,CtVgCD90R1
CtVgCD90R1_GTCTTCGGTCCATCCT-1,CtVgCD90R1
CtVgCD90R1_GTCTTCGGTCTCTCTG-1,CtVgCD90R1
CtVgCD90R1_GTCTTCGGTTCGGCAC-1,CtVgCD90R1
CtVgCD90R1_GTCTTCGTCACCATAG-1,CtVgCD90R1
CtVgCD90R1_GTGAAGGAGACATAAC-1,CtVgCD90R1
CtVgCD90R1_GTGAAGGAGAGCAATT-1,CtVgCD90R1
CtVgCD90R1_GTGAAGGAGCCCAACC-1,CtVgCD90R1
CtVgCD90R1_GTGAAGGAGGCTACGA-1,CtVgCD90R1
CtVgCD90R1_GTGAAGGAGGGTGTTG-1,CtVgCD90R1
CtVgCD90R1_GTGAAGGAGGTGGGTT-1,CtVgCD90R1
CtVgCD90R1_GTGAAGGCAGTCCTTC-1,CtVgCD90R1
CtVgCD90R1_GTGAAGGCATAACCTG-1,CtVgCD90R1
CtVgCD90R1_GTGAAGGCATCACCCT-1,CtVgCD90R1
CtVgCD90R1_GTGAAGGGTAAGAGAG-1,CtVgCD90R1
CtVgCD90R1_GTGAAGGGTTAAGATG-1,CtVgCD90R1
CtVgCD90R1_GTGAAGGTCAAGGTAA-1,CtVgCD90R1
CtVgCD90R1_GTGAAGGTCACGGTTA-1,CtVgCD90R1
CtVgCD90R1_GTGAAGGTCCGCGCAA-1,CtVgCD90R1
CtVgCD90R1_GTGCAGCAGAACAACT-1,CtVgCD90R1
CtVgCD90R1_GTGCAGCAGATGGGTC-1,CtVgCD90R1
CtVgCD90R1_GTGCAGCAGGAATTAC-1,CtVgCD90R1
CtVgCD90R1_GTGCAGCCACCGGAAA-1,CtVgCD90R1
CtVgCD90R1_GTGCAGCCATGAGCGA-1,CtVgCD90R1
CtVgCD90R1_GTGCAGCCATTCCTCG-1,CtVgCD90R1
CtVgCD90R1_GTGCAGCGTCTACCTC-1,CtVgCD90R1
CtVgCD90R1_GTGCAGCGTTACGTCA-1,CtVgCD90R1
CtVgCD90R1_GTGCAGCGTTCACCTC-1,CtVgCD90R1
CtVgCD90R1_GTGCATAAGACAGAGA-1,CtVgCD90R1
CtVgCD90R1_GTGCATAAGCTGAACG-1,CtVgCD90R1
CtVgCD90R1_GTGCATAAGGGTCGAT-1,CtVgCD90R1
CtVgCD90R1_GTGCATAAGTGACATA-1,CtVgCD90R1
CtVgCD90R1_GTGCATACAAGCCGTC-1,CtVgCD90R1
CtVgCD90R1_GTGCATACACAGGTTT-1,CtVgCD90R1
CtVgCD90R1_GTGCATAGTAGCTAAA-1,CtVgCD90R1
CtVgCD90R1_GTGCATATCATAACCG-1,CtVgCD90R1
CtVgCD90R1_GTGCATATCCACGTGG-1,CtVgCD90R1
CtVgCD90R1_GTGCATATCCTCCTAG-1,CtVgCD90R1
CtVgCD90R1_GTGCGGTAGAAACCTA-1,CtVgCD90R1
CtVgCD90R1_GTGCGGTAGAATGTGT-1,CtVgCD90R1
CtVgCD90R1_GTGCGGTCAAGAAGAG-1,CtVgCD90R1
CtVgCD90R1_GTGCGGTGTATGAATG-1,CtVgCD90R1
CtVgCD90R1_GTGCGGTGTCCTAGCG-1,CtVgCD90R1
CtVgCD90R1_GTGCGGTGTCGAGTTT-1,CtVgCD90R1
CtVgCD90R1_GTGCGGTGTGATGTCT-1,CtVgCD90R1
CtVgCD90R1_GTGCGGTGTGTTGAGG-1,CtVgCD90R1
CtVgCD90R1_GTGCGGTTCATGCATG-1,CtVgCD90R1
CtVgCD90R1_GTGCTTCAGAAACGCC-1,CtVgCD90R1
CtVgCD90R1_GTGCTTCAGCCGATTT-1,CtVgCD90R1
CtVgCD90R1_GTGCTTCAGGCGATAC-1,CtVgCD90R1
CtVgCD90R1_GTGCTTCAGTACGATA-1,CtVgCD90R1
CtVgCD90R1_GTGCTTCAGTTAAGTG-1,CtVgCD90R1
CtVgCD90R1_GTGCTTCAGTTAGCGG-1,CtVgCD90R1
CtVgCD90R1_GTGCTTCCACGTTGGC-1,CtVgCD90R1
CtVgCD90R1_GTGCTTCCATCGATTG-1,CtVgCD90R1
CtVgCD90R1_GTGCTTCGTACCATCA-1,CtVgCD90R1
CtVgCD90R1_GTGCTTCGTTGAGTTC-1,CtVgCD90R1
CtVgCD90R1_GTGCTTCTCACAGGCC-1,CtVgCD90R1
CtVgCD90R1_GTGCTTCTCAGGATCT-1,CtVgCD90R1
CtVgCD90R1_GTGCTTCTCGCGCCAA-1,CtVgCD90R1
CtVgCD90R1_GTGCTTCTCGCTGATA-1,CtVgCD90R1
CtVgCD90R1_GTGGGTCAGATGTCGG-1,CtVgCD90R1
CtVgCD90R1_GTGGGTCAGCTAGTGG-1,CtVgCD90R1
CtVgCD90R1_GTGGGTCAGTCCCACG-1,CtVgCD90R1
CtVgCD90R1_GTGGGTCGTGTCAATC-1,CtVgCD90R1
CtVgCD90R1_GTGGGTCGTTCATGGT-1,CtVgCD90R1
CtVgCD90R1_GTGGGTCTCCCTAACC-1,CtVgCD90R1
CtVgCD90R1_GTGGGTCTCGGTTCGG-1,CtVgCD90R1
CtVgCD90R1_GTGGGTCTCTTTCCTC-1,CtVgCD90R1
CtVgCD90R1_GTGTGCGAGAAGGTGA-1,CtVgCD90R1
CtVgCD90R1_GTGTGCGAGCCGTCGT-1,CtVgCD90R1
CtVgCD90R1_GTGTGCGAGTAGATGT-1,CtVgCD90R1
CtVgCD90R1_GTGTGCGCACTTGGAT-1,CtVgCD90R1
CtVgCD90R1_GTGTGCGGTAAACGCG-1,CtVgCD90R1
CtVgCD90R1_GTGTGCGGTCGCGGTT-1,CtVgCD90R1
CtVgCD90R1_GTGTGCGGTCGGGTCT-1,CtVgCD90R1
CtVgCD90R1_GTGTGCGTCAGTCCCT-1,CtVgCD90R1
CtVgCD90R1_GTGTTAGAGGGTGTTG-1,CtVgCD90R1
CtVgCD90R1_GTGTTAGAGGTCGGAT-1,CtVgCD90R1
CtVgCD90R1_GTGTTAGAGTGGAGAA-1,CtVgCD90R1
CtVgCD90R1_GTGTTAGGTCCAAGTT-1,CtVgCD90R1
CtVgCD90R1_GTGTTAGGTCTGCAAT-1,CtVgCD90R1
CtVgCD90R1_GTGTTAGGTGGTACAG-1,CtVgCD90R1
CtVgCD90R1_GTGTTAGGTTAAAGTG-1,CtVgCD90R1
CtVgCD90R1_GTGTTAGGTTATCCGA-1,CtVgCD90R1
CtVgCD90R1_GTTAAGCAGATATACG-1,CtVgCD90R1
CtVgCD90R1_GTTAAGCAGATGCCAG-1,CtVgCD90R1
CtVgCD90R1_GTTAAGCAGATGCCTT-1,CtVgCD90R1
CtVgCD90R1_GTTAAGCAGGGTCGAT-1,CtVgCD90R1
CtVgCD90R1_GTTAAGCAGTAGTGCG-1,CtVgCD90R1
CtVgCD90R1_GTTAAGCAGTTCGCAT-1,CtVgCD90R1
CtVgCD90R1_GTTAAGCCAAGCCATT-1,CtVgCD90R1
CtVgCD90R1_GTTAAGCCACTCGACG-1,CtVgCD90R1
CtVgCD90R1_GTTAAGCCATTCCTCG-1,CtVgCD90R1
CtVgCD90R1_GTTAAGCGTCGGCACT-1,CtVgCD90R1
CtVgCD90R1_GTTAAGCTCACAATGC-1,CtVgCD90R1
CtVgCD90R1_GTTAAGCTCACATAGC-1,CtVgCD90R1
CtVgCD90R1_GTTAAGCTCCCATTAT-1,CtVgCD90R1
CtVgCD90R1_GTTAAGCTCGCATGGC-1,CtVgCD90R1
CtVgCD90R1_GTTAAGCTCTCCTATA-1,CtVgCD90R1
CtVgCD90R1_GTTACAGAGACAATAC-1,CtVgCD90R1
CtVgCD90R1_GTTACAGCACCCAGTG-1,CtVgCD90R1
CtVgCD90R1_GTTACAGCAGATGGCA-1,CtVgCD90R1
CtVgCD90R1_GTTACAGGTCAAAGAT-1,CtVgCD90R1
CtVgCD90R1_GTTACAGGTCCGTTAA-1,CtVgCD90R1
CtVgCD90R1_GTTACAGGTCTCGTTC-1,CtVgCD90R1
CtVgCD90R1_GTTACAGGTTACGGAG-1,CtVgCD90R1
CtVgCD90R1_GTTACAGGTTACTGAC-1,CtVgCD90R1
CtVgCD90R1_GTTACAGGTTTGCATG-1,CtVgCD90R1
CtVgCD90R1_GTTCATTCACACTGCG-1,CtVgCD90R1
CtVgCD90R1_GTTCATTCAGACAGGT-1,CtVgCD90R1
CtVgCD90R1_GTTCATTCATAGGATA-1,CtVgCD90R1
CtVgCD90R1_GTTCATTCATGGATGG-1,CtVgCD90R1
CtVgCD90R1_GTTCATTGTAACGTTC-1,CtVgCD90R1
CtVgCD90R1_GTTCATTGTCATCCCT-1,CtVgCD90R1
CtVgCD90R1_GTTCATTGTTCAACCA-1,CtVgCD90R1
CtVgCD90R1_GTTCATTTCCTGTACC-1,CtVgCD90R1
CtVgCD90R1_GTTCATTTCTGTTGAG-1,CtVgCD90R1
CtVgCD90R1_GTTCGGGAGGCCATAG-1,CtVgCD90R1
CtVgCD90R1_GTTCGGGAGGCTAGGT-1,CtVgCD90R1
CtVgCD90R1_GTTCGGGCAGATAATG-1,CtVgCD90R1
CtVgCD90R1_GTTCGGGCAGTGACAG-1,CtVgCD90R1
CtVgCD90R1_GTTCGGGGTAGTACCT-1,CtVgCD90R1
CtVgCD90R1_GTTCGGGGTATCAGTC-1,CtVgCD90R1
CtVgCD90R1_GTTCGGGTCTGGCGAC-1,CtVgCD90R1
CtVgCD90R1_GTTCGGGTCTTTCCTC-1,CtVgCD90R1
CtVgCD90R1_GTTCTCGAGCAACGGT-1,CtVgCD90R1
CtVgCD90R1_GTTCTCGAGCAGCGTA-1,CtVgCD90R1
CtVgCD90R1_GTTCTCGAGGGTTCCC-1,CtVgCD90R1
CtVgCD90R1_GTTCTCGAGTGATCGG-1,CtVgCD90R1
CtVgCD90R1_GTTCTCGCAGACAAGC-1,CtVgCD90R1
CtVgCD90R1_GTTCTCGCATGGTCTA-1,CtVgCD90R1
CtVgCD90R1_GTTCTCGGTGATGTGG-1,CtVgCD90R1
CtVgCD90R1_GTTCTCGTCACATGCA-1,CtVgCD90R1
CtVgCD90R1_GTTCTCGTCAGTTAGC-1,CtVgCD90R1
CtVgCD90R1_GTTCTCGTCCTCCTAG-1,CtVgCD90R1
CtVgCD90R1_GTTCTCGTCTTGAGGT-1,CtVgCD90R1
CtVgCD90R1_GTTCTCGTCTTTAGTC-1,CtVgCD90R1
CtVgCD90R1_GTTTCTACATCGTCGG-1,CtVgCD90R1
CtVgCD90R1_GTTTCTAGTACCCAAT-1,CtVgCD90R1
CtVgCD90R1_GTTTCTAGTATAGGGC-1,CtVgCD90R1
CtVgCD90R1_GTTTCTAGTCCCGACA-1,CtVgCD90R1
CtVgCD90R1_GTTTCTATCCTATGTT-1,CtVgCD90R1
CtVgCD90R1_TAAACCGCAAGGGTCA-1,CtVgCD90R1
CtVgCD90R1_TAAACCGCAATCGAAA-1,CtVgCD90R1
CtVgCD90R1_TAAACCGCACGACGAA-1,CtVgCD90R1
CtVgCD90R1_TAAACCGCATGCATGT-1,CtVgCD90R1
CtVgCD90R1_TAAACCGCATGCTAGT-1,CtVgCD90R1
CtVgCD90R1_TAAACCGTCCCAACGG-1,CtVgCD90R1
CtVgCD90R1_TAAACCGTCCTTTCGG-1,CtVgCD90R1
CtVgCD90R1_TAAGAGAAGTGAATTG-1,CtVgCD90R1
CtVgCD90R1_TAAGAGACAAGACGTG-1,CtVgCD90R1
CtVgCD90R1_TAAGAGACACCAGGCT-1,CtVgCD90R1
CtVgCD90R1_TAAGAGACAGACGTAG-1,CtVgCD90R1
CtVgCD90R1_TAAGAGAGTCATATGC-1,CtVgCD90R1
CtVgCD90R1_TAAGAGAGTTGCTCCT-1,CtVgCD90R1
CtVgCD90R1_TAAGAGATCCTGCCAT-1,CtVgCD90R1
CtVgCD90R1_TAAGCGTAGAGTACCG-1,CtVgCD90R1
CtVgCD90R1_TAAGCGTCAACTGCTA-1,CtVgCD90R1
CtVgCD90R1_TAAGCGTCAGGATTGG-1,CtVgCD90R1
CtVgCD90R1_TAAGCGTGTACATGTC-1,CtVgCD90R1
CtVgCD90R1_TAAGCGTGTACTTAGC-1,CtVgCD90R1
CtVgCD90R1_TAAGCGTGTATCTGCA-1,CtVgCD90R1
CtVgCD90R1_TAAGCGTGTCTGCAAT-1,CtVgCD90R1
CtVgCD90R1_TAAGCGTGTTACGCGC-1,CtVgCD90R1
CtVgCD90R1_TAAGCGTTCTAGAGTC-1,CtVgCD90R1
CtVgCD90R1_TAAGCGTTCTGTCTCG-1,CtVgCD90R1
CtVgCD90R1_TAAGTGCAGAAAGTGG-1,CtVgCD90R1
CtVgCD90R1_TAAGTGCAGATAGGAG-1,CtVgCD90R1
CtVgCD90R1_TAAGTGCAGCTATGCT-1,CtVgCD90R1
CtVgCD90R1_TAAGTGCAGGAGTTGC-1,CtVgCD90R1
CtVgCD90R1_TAAGTGCAGTGATCGG-1,CtVgCD90R1
CtVgCD90R1_TAAGTGCAGTGGTCCC-1,CtVgCD90R1
CtVgCD90R1_TAAGTGCCAGCGATCC-1,CtVgCD90R1
CtVgCD90R1_TAAGTGCGTACCTACA-1,CtVgCD90R1
CtVgCD90R1_TAAGTGCGTCAATACC-1,CtVgCD90R1
CtVgCD90R1_TAAGTGCTCCAGTAGT-1,CtVgCD90R1
CtVgCD90R1_TACACGAAGAGGGATA-1,CtVgCD90R1
CtVgCD90R1_TACACGAAGCGATAGC-1,CtVgCD90R1
CtVgCD90R1_TACACGAAGCTGCAAG-1,CtVgCD90R1
CtVgCD90R1_TACACGAAGGCGCTCT-1,CtVgCD90R1
CtVgCD90R1_TACACGAAGGTACTCT-1,CtVgCD90R1
CtVgCD90R1_TACACGAAGTCCTCCT-1,CtVgCD90R1
CtVgCD90R1_TACACGACACTACAGT-1,CtVgCD90R1
CtVgCD90R1_TACACGACAGTGGAGT-1,CtVgCD90R1
CtVgCD90R1_TACACGACATCGGTTA-1,CtVgCD90R1
CtVgCD90R1_TACACGAGTTCAGTAC-1,CtVgCD90R1
CtVgCD90R1_TACACGATCTGTGCAA-1,CtVgCD90R1
CtVgCD90R1_TACAGTGAGATCTGCT-1,CtVgCD90R1
CtVgCD90R1_TACAGTGAGTCGATAA-1,CtVgCD90R1
CtVgCD90R1_TACAGTGCAAAGCGGT-1,CtVgCD90R1
CtVgCD90R1_TACAGTGGTGACTCAT-1,CtVgCD90R1
CtVgCD90R1_TACAGTGGTTATGCGT-1,CtVgCD90R1
CtVgCD90R1_TACAGTGGTTATTCTC-1,CtVgCD90R1
CtVgCD90R1_TACAGTGTCCGAACGC-1,CtVgCD90R1
CtVgCD90R1_TACCTATAGGAATTAC-1,CtVgCD90R1
CtVgCD90R1_TACCTATAGTCCTCCT-1,CtVgCD90R1
CtVgCD90R1_TACCTATCAAGGACAC-1,CtVgCD90R1
CtVgCD90R1_TACCTATCAATGTAAG-1,CtVgCD90R1
CtVgCD90R1_TACCTATCAGGTTTCA-1,CtVgCD90R1
CtVgCD90R1_TACCTATCAGTTCATG-1,CtVgCD90R1
CtVgCD90R1_TACCTATCATGTAGTC-1,CtVgCD90R1
CtVgCD90R1_TACCTATGTCAGGACA-1,CtVgCD90R1
CtVgCD90R1_TACCTATGTCATATCG-1,CtVgCD90R1
CtVgCD90R1_TACCTATGTCGCCATG-1,CtVgCD90R1
CtVgCD90R1_TACCTATTCATAACCG-1,CtVgCD90R1
CtVgCD90R1_TACCTATTCGATCCCT-1,CtVgCD90R1
CtVgCD90R1_TACCTATTCGCCCTTA-1,CtVgCD90R1
CtVgCD90R1_TACCTATTCGTTTGCC-1,CtVgCD90R1
CtVgCD90R1_TACCTTAAGAATCTCC-1,CtVgCD90R1
CtVgCD90R1_TACCTTAAGTGTTGAA-1,CtVgCD90R1
CtVgCD90R1_TACCTTACACAGAGGT-1,CtVgCD90R1
CtVgCD90R1_TACCTTACAGATCTGT-1,CtVgCD90R1
CtVgCD90R1_TACCTTACATTAGCCA-1,CtVgCD90R1
CtVgCD90R1_TACCTTAGTACCGGCT-1,CtVgCD90R1
CtVgCD90R1_TACCTTAGTACGACCC-1,CtVgCD90R1
CtVgCD90R1_TACCTTAGTGAGGCTA-1,CtVgCD90R1
CtVgCD90R1_TACCTTATCGACCAGC-1,CtVgCD90R1
CtVgCD90R1_TACGGATCAAGTTAAG-1,CtVgCD90R1
CtVgCD90R1_TACGGATCAATGTTGC-1,CtVgCD90R1
CtVgCD90R1_TACGGATCAGCAGTTT-1,CtVgCD90R1
CtVgCD90R1_TACGGATCAGGCGATA-1,CtVgCD90R1
CtVgCD90R1_TACGGATCATGCCACG-1,CtVgCD90R1
CtVgCD90R1_TACGGATGTGAACCTT-1,CtVgCD90R1
CtVgCD90R1_TACGGATGTGCAGTAG-1,CtVgCD90R1
CtVgCD90R1_TACGGATTCCCTAACC-1,CtVgCD90R1
CtVgCD90R1_TACGGATTCGCGTTTC-1,CtVgCD90R1
CtVgCD90R1_TACGGATTCTAACTTC-1,CtVgCD90R1
CtVgCD90R1_TACGGATTCTGCTTGC-1,CtVgCD90R1
CtVgCD90R1_TACGGGCAGCTGTCTA-1,CtVgCD90R1
CtVgCD90R1_TACGGGCCAATCGGTT-1,CtVgCD90R1
CtVgCD90R1_TACGGGCCACCAGGTC-1,CtVgCD90R1
CtVgCD90R1_TACGGGCGTCTGATTG-1,CtVgCD90R1
CtVgCD90R1_TACGGGCGTGGTCCGT-1,CtVgCD90R1
CtVgCD90R1_TACGGGCTCAAACCAC-1,CtVgCD90R1
CtVgCD90R1_TACGGGCTCCGCGCAA-1,CtVgCD90R1
CtVgCD90R1_TACGGGCTCCGTCATC-1,CtVgCD90R1
CtVgCD90R1_TACGGGCTCCTACAGA-1,CtVgCD90R1
CtVgCD90R1_TACGGGCTCTTATCTG-1,CtVgCD90R1
CtVgCD90R1_TACGGTAAGGCACATG-1,CtVgCD90R1
CtVgCD90R1_TACGGTACAACGATGG-1,CtVgCD90R1
CtVgCD90R1_TACGGTAGTAAATGAC-1,CtVgCD90R1
CtVgCD90R1_TACGGTATCCGTACAA-1,CtVgCD90R1
CtVgCD90R1_TACTCATAGATCGATA-1,CtVgCD90R1
CtVgCD90R1_TACTCATAGCACACAG-1,CtVgCD90R1
CtVgCD90R1_TACTCATCACAACTGT-1,CtVgCD90R1
CtVgCD90R1_TACTCATCAGGTCGTC-1,CtVgCD90R1
CtVgCD90R1_TACTCATGTACCGAGA-1,CtVgCD90R1
CtVgCD90R1_TACTCATGTACTTAGC-1,CtVgCD90R1
CtVgCD90R1_TACTCATGTCGCTTTC-1,CtVgCD90R1
CtVgCD90R1_TACTCATGTTAGTGGG-1,CtVgCD90R1
CtVgCD90R1_TACTCATGTTGAACTC-1,CtVgCD90R1
CtVgCD90R1_TACTCATTCATGCTCC-1,CtVgCD90R1
CtVgCD90R1_TACTCATTCATGTCCC-1,CtVgCD90R1
CtVgCD90R1_TACTCATTCCACGAAT-1,CtVgCD90R1
CtVgCD90R1_TACTCATTCTCCTATA-1,CtVgCD90R1
CtVgCD90R1_TACTCGCAGGGTGTTG-1,CtVgCD90R1
CtVgCD90R1_TACTCGCCACTTCGAA-1,CtVgCD90R1
CtVgCD90R1_TACTCGCCAGTGACAG-1,CtVgCD90R1
CtVgCD90R1_TACTCGCCATTATCTC-1,CtVgCD90R1
CtVgCD90R1_TACTCGCGTACTTCTT-1,CtVgCD90R1
CtVgCD90R1_TACTCGCGTAGCGCAA-1,CtVgCD90R1
CtVgCD90R1_TACTCGCGTCCAGTTA-1,CtVgCD90R1
CtVgCD90R1_TACTCGCTCGGAGCAA-1,CtVgCD90R1
CtVgCD90R1_TACTCGCTCGTTGACA-1,CtVgCD90R1
CtVgCD90R1_TACTCGCTCTCCAGGG-1,CtVgCD90R1
CtVgCD90R1_TACTTACAGATCCCGC-1,CtVgCD90R1
CtVgCD90R1_TACTTACAGCTCCTCT-1,CtVgCD90R1
CtVgCD90R1_TACTTACCAAGACGTG-1,CtVgCD90R1
CtVgCD90R1_TACTTACCACTGTTAG-1,CtVgCD90R1
CtVgCD90R1_TACTTACCAGATTGCT-1,CtVgCD90R1
CtVgCD90R1_TACTTACCATTCGACA-1,CtVgCD90R1
CtVgCD90R1_TACTTACGTGACCAAG-1,CtVgCD90R1
CtVgCD90R1_TACTTACGTTGTGGCC-1,CtVgCD90R1
CtVgCD90R1_TACTTACTCGGCTTGG-1,CtVgCD90R1
CtVgCD90R1_TACTTACTCTACTCAT-1,CtVgCD90R1
CtVgCD90R1_TACTTGTAGAAACCAT-1,CtVgCD90R1
CtVgCD90R1_TACTTGTAGCCAGAAC-1,CtVgCD90R1
CtVgCD90R1_TACTTGTAGGGAGTAA-1,CtVgCD90R1
CtVgCD90R1_TACTTGTCAAGAAAGG-1,CtVgCD90R1
CtVgCD90R1_TACTTGTCAAGGACAC-1,CtVgCD90R1
CtVgCD90R1_TACTTGTCAGGGTACA-1,CtVgCD90R1
CtVgCD90R1_TACTTGTCAGTTAACC-1,CtVgCD90R1
CtVgCD90R1_TACTTGTCATATACCG-1,CtVgCD90R1
CtVgCD90R1_TACTTGTCATGTCGAT-1,CtVgCD90R1
CtVgCD90R1_TACTTGTCATTCGACA-1,CtVgCD90R1
CtVgCD90R1_TACTTGTGTGTCCTCT-1,CtVgCD90R1
CtVgCD90R1_TACTTGTGTTCGAATC-1,CtVgCD90R1
CtVgCD90R1_TACTTGTTCAACACGT-1,CtVgCD90R1
CtVgCD90R1_TACTTGTTCAGTTCGA-1,CtVgCD90R1
CtVgCD90R1_TACTTGTTCGCAAGCC-1,CtVgCD90R1
CtVgCD90R1_TAGACCAAGAGAACAG-1,CtVgCD90R1
CtVgCD90R1_TAGACCAAGGTGCTAG-1,CtVgCD90R1
CtVgCD90R1_TAGACCACAAAGCGGT-1,CtVgCD90R1
CtVgCD90R1_TAGACCACAGATGGGT-1,CtVgCD90R1
CtVgCD90R1_TAGACCACAGCTGCTG-1,CtVgCD90R1
CtVgCD90R1_TAGACCACAGTACACT-1,CtVgCD90R1
CtVgCD90R1_TAGACCACATCGGGTC-1,CtVgCD90R1
CtVgCD90R1_TAGACCACATTGTGCA-1,CtVgCD90R1
CtVgCD90R1_TAGACCACATTTGCCC-1,CtVgCD90R1
CtVgCD90R1_TAGACCAGTTTGACAC-1,CtVgCD90R1
CtVgCD90R1_TAGACCATCTGCAAGT-1,CtVgCD90R1
CtVgCD90R1_TAGACCATCTGCGACG-1,CtVgCD90R1
CtVgCD90R1_TAGAGCTAGATACACA-1,CtVgCD90R1
CtVgCD90R1_TAGAGCTAGGCTAGAC-1,CtVgCD90R1
CtVgCD90R1_TAGAGCTAGGGTCGAT-1,CtVgCD90R1
CtVgCD90R1_TAGAGCTCAAAGCAAT-1,CtVgCD90R1
CtVgCD90R1_TAGAGCTCACGCGAAA-1,CtVgCD90R1
CtVgCD90R1_TAGAGCTGTCAAACTC-1,CtVgCD90R1
CtVgCD90R1_TAGAGCTGTCGAATCT-1,CtVgCD90R1
CtVgCD90R1_TAGAGCTGTGCCTGGT-1,CtVgCD90R1
CtVgCD90R1_TAGCCGGAGAAACCAT-1,CtVgCD90R1
CtVgCD90R1_TAGCCGGAGCGCTCCA-1,CtVgCD90R1
CtVgCD90R1_TAGCCGGAGTAGGTGC-1,CtVgCD90R1
CtVgCD90R1_TAGCCGGAGTGCTGCC-1,CtVgCD90R1
CtVgCD90R1_TAGCCGGAGTGTGAAT-1,CtVgCD90R1
CtVgCD90R1_TAGCCGGCACCAGTTA-1,CtVgCD90R1
CtVgCD90R1_TAGCCGGCAGAGCCAA-1,CtVgCD90R1
CtVgCD90R1_TAGCCGGCAGCTGTGC-1,CtVgCD90R1
CtVgCD90R1_TAGCCGGCAGTATAAG-1,CtVgCD90R1
CtVgCD90R1_TAGCCGGCATCCCATC-1,CtVgCD90R1
CtVgCD90R1_TAGCCGGCATGGGACA-1,CtVgCD90R1
CtVgCD90R1_TAGCCGGGTAGGACAC-1,CtVgCD90R1
CtVgCD90R1_TAGCCGGGTATATGAG-1,CtVgCD90R1
CtVgCD90R1_TAGCCGGTCAGAGACG-1,CtVgCD90R1
CtVgCD90R1_TAGCCGGTCCAATGGT-1,CtVgCD90R1
CtVgCD90R1_TAGGCATAGAGTGAGA-1,CtVgCD90R1
CtVgCD90R1_TAGGCATAGGCTAGAC-1,CtVgCD90R1
CtVgCD90R1_TAGGCATCACATAACC-1,CtVgCD90R1
CtVgCD90R1_TAGGCATCAGACAAAT-1,CtVgCD90R1
CtVgCD90R1_TAGGCATCAGCCTTGG-1,CtVgCD90R1
CtVgCD90R1_TAGGCATGTGTTTGGT-1,CtVgCD90R1
CtVgCD90R1_TAGGCATGTTATCCGA-1,CtVgCD90R1
CtVgCD90R1_TAGGCATGTTCACCTC-1,CtVgCD90R1
CtVgCD90R1_TAGGCATGTTGTCGCG-1,CtVgCD90R1
CtVgCD90R1_TAGGCATTCACTCCTG-1,CtVgCD90R1
CtVgCD90R1_TAGGCATTCTGTCTCG-1,CtVgCD90R1
CtVgCD90R1_TAGTGGTAGAACTCGG-1,CtVgCD90R1
CtVgCD90R1_TAGTGGTAGCCTCGTG-1,CtVgCD90R1
CtVgCD90R1_TAGTGGTAGTAACCCT-1,CtVgCD90R1
CtVgCD90R1_TAGTGGTCACGGATAG-1,CtVgCD90R1
CtVgCD90R1_TAGTGGTCATGGTCTA-1,CtVgCD90R1
CtVgCD90R1_TAGTGGTTCCCTTGTG-1,CtVgCD90R1
CtVgCD90R1_TAGTGGTTCCTGTAGA-1,CtVgCD90R1
CtVgCD90R1_TAGTGGTTCGTCTGCT-1,CtVgCD90R1
CtVgCD90R1_TAGTGGTTCGTTGCCT-1,CtVgCD90R1
CtVgCD90R1_TAGTTGGAGAGTCGGT-1,CtVgCD90R1
CtVgCD90R1_TAGTTGGAGCATGGCA-1,CtVgCD90R1
CtVgCD90R1_TAGTTGGAGCGGATCA-1,CtVgCD90R1
CtVgCD90R1_TAGTTGGCACCAGTTA-1,CtVgCD90R1
CtVgCD90R1_TAGTTGGCATCTCCCA-1,CtVgCD90R1
CtVgCD90R1_TAGTTGGGTCGGCTCA-1,CtVgCD90R1
CtVgCD90R1_TAGTTGGGTTCCCTTG-1,CtVgCD90R1
CtVgCD90R1_TAGTTGGTCCTCAACC-1,CtVgCD90R1
CtVgCD90R1_TAGTTGGTCTAGAGTC-1,CtVgCD90R1
CtVgCD90R1_TATCAGGCAATACGCT-1,CtVgCD90R1
CtVgCD90R1_TATCAGGCAATAGCGG-1,CtVgCD90R1
CtVgCD90R1_TATCAGGCAGACGCAA-1,CtVgCD90R1
CtVgCD90R1_TATCAGGCAGGAATCG-1,CtVgCD90R1
CtVgCD90R1_TATCAGGCAGTTAACC-1,CtVgCD90R1
CtVgCD90R1_TATCAGGCATCCCACT-1,CtVgCD90R1
CtVgCD90R1_TATCAGGGTAGCCTCG-1,CtVgCD90R1
CtVgCD90R1_TATCAGGGTGTCAATC-1,CtVgCD90R1
CtVgCD90R1_TATCAGGGTGTTGAGG-1,CtVgCD90R1
CtVgCD90R1_TATCAGGGTTTGCATG-1,CtVgCD90R1
CtVgCD90R1_TATCAGGTCCGTTGCT-1,CtVgCD90R1
CtVgCD90R1_TATCAGGTCGACGGAA-1,CtVgCD90R1
CtVgCD90R1_TATCTCAAGAGCTGGT-1,CtVgCD90R1
CtVgCD90R1_TATCTCAAGATCCCGC-1,CtVgCD90R1
CtVgCD90R1_TATCTCAAGCCAGTTT-1,CtVgCD90R1
CtVgCD90R1_TATCTCAAGTCGAGTG-1,CtVgCD90R1
CtVgCD90R1_TATCTCACAATTCCTT-1,CtVgCD90R1
CtVgCD90R1_TATCTCACACTGAAGG-1,CtVgCD90R1
CtVgCD90R1_TATCTCAGTTGATTCG-1,CtVgCD90R1
CtVgCD90R1_TATCTCAGTTTGACTG-1,CtVgCD90R1
CtVgCD90R1_TATCTCATCAACTCTT-1,CtVgCD90R1
CtVgCD90R1_TATCTCATCACTCTTA-1,CtVgCD90R1
CtVgCD90R1_TATCTCATCATAACCG-1,CtVgCD90R1
CtVgCD90R1_TATCTCATCCACGTGG-1,CtVgCD90R1
CtVgCD90R1_TATCTCATCTTGACGA-1,CtVgCD90R1
CtVgCD90R1_TATGCCCAGAGGTAGA-1,CtVgCD90R1
CtVgCD90R1_TATGCCCAGCACACAG-1,CtVgCD90R1
CtVgCD90R1_TATGCCCAGCAGACTG-1,CtVgCD90R1
CtVgCD90R1_TATGCCCAGGGATCTG-1,CtVgCD90R1
CtVgCD90R1_TATGCCCAGTGGGCTA-1,CtVgCD90R1
CtVgCD90R1_TATGCCCAGTTGAGTA-1,CtVgCD90R1
CtVgCD90R1_TATGCCCCAAGTTAAG-1,CtVgCD90R1
CtVgCD90R1_TATGCCCCAGGCAGTA-1,CtVgCD90R1
CtVgCD90R1_TATGCCCGTAAGTGGC-1,CtVgCD90R1
CtVgCD90R1_TATGCCCGTACCGCTG-1,CtVgCD90R1
CtVgCD90R1_TATGCCCGTGCTGTAT-1,CtVgCD90R1
CtVgCD90R1_TATGCCCTCTTGTCAT-1,CtVgCD90R1
CtVgCD90R1_TATTACCAGATCCCAT-1,CtVgCD90R1
CtVgCD90R1_TATTACCAGCGTTGCC-1,CtVgCD90R1
CtVgCD90R1_TATTACCAGCTGTTCA-1,CtVgCD90R1
CtVgCD90R1_TATTACCAGTCGTTTG-1,CtVgCD90R1
CtVgCD90R1_TATTACCCAACACCTA-1,CtVgCD90R1
CtVgCD90R1_TATTACCCACCAGGTC-1,CtVgCD90R1
CtVgCD90R1_TATTACCCATGAAGTA-1,CtVgCD90R1
CtVgCD90R1_TATTACCGTGCCTGGT-1,CtVgCD90R1
CtVgCD90R1_TATTACCTCGTAGGAG-1,CtVgCD90R1
CtVgCD90R1_TCAACGAAGCTGTTCA-1,CtVgCD90R1
CtVgCD90R1_TCAACGAAGGGCTTGA-1,CtVgCD90R1
CtVgCD90R1_TCAACGAGTGCAGGTA-1,CtVgCD90R1
CtVgCD90R1_TCAACGAGTGTTAAGA-1,CtVgCD90R1
CtVgCD90R1_TCAACGAGTTACGTCA-1,CtVgCD90R1
CtVgCD90R1_TCAACGAGTTCAGACT-1,CtVgCD90R1
CtVgCD90R1_TCAATCTAGGGAAACA-1,CtVgCD90R1
CtVgCD90R1_TCAATCTAGTCGCCGT-1,CtVgCD90R1
CtVgCD90R1_TCAATCTCAACGATCT-1,CtVgCD90R1
CtVgCD90R1_TCAATCTCAAGGTGTG-1,CtVgCD90R1
CtVgCD90R1_TCAATCTCAATGGAGC-1,CtVgCD90R1
CtVgCD90R1_TCAATCTCACCAGTTA-1,CtVgCD90R1
CtVgCD90R1_TCAATCTCAGACAGGT-1,CtVgCD90R1
CtVgCD90R1_TCAATCTCATTCTCAT-1,CtVgCD90R1
CtVgCD90R1_TCAATCTGTACTTCTT-1,CtVgCD90R1
CtVgCD90R1_TCAATCTGTATTCTCT-1,CtVgCD90R1
CtVgCD90R1_TCAATCTGTCAGCTAT-1,CtVgCD90R1
CtVgCD90R1_TCAATCTTCAGCATGT-1,CtVgCD90R1
CtVgCD90R1_TCAATCTTCTAACCGA-1,CtVgCD90R1
CtVgCD90R1_TCAATCTTCTGCAGTA-1,CtVgCD90R1
CtVgCD90R1_TCACAAGAGAAGATTC-1,CtVgCD90R1
CtVgCD90R1_TCACAAGAGATCGGGT-1,CtVgCD90R1
CtVgCD90R1_TCACAAGAGCACACAG-1,CtVgCD90R1
CtVgCD90R1_TCACAAGAGCGGCTTC-1,CtVgCD90R1
CtVgCD90R1_TCACAAGAGGTCATCT-1,CtVgCD90R1
CtVgCD90R1_TCACAAGCAAAGCGGT-1,CtVgCD90R1
CtVgCD90R1_TCACAAGCATGCCTAA-1,CtVgCD90R1
CtVgCD90R1_TCACAAGGTCACTGGC-1,CtVgCD90R1
CtVgCD90R1_TCACAAGGTCGTTGTA-1,CtVgCD90R1
CtVgCD90R1_TCACAAGGTCTCTCGT-1,CtVgCD90R1
CtVgCD90R1_TCACAAGGTCTGGAGA-1,CtVgCD90R1
CtVgCD90R1_TCACAAGGTGAGTATA-1,CtVgCD90R1
CtVgCD90R1_TCACAAGTCCGCAGTG-1,CtVgCD90R1
CtVgCD90R1_TCACAAGTCCGGGTGT-1,CtVgCD90R1
CtVgCD90R1_TCACAAGTCTCGCTTG-1,CtVgCD90R1
CtVgCD90R1_TCACGAACACCGAATT-1,CtVgCD90R1
CtVgCD90R1_TCACGAACAGGGCATA-1,CtVgCD90R1
CtVgCD90R1_TCACGAAGTAAGCACG-1,CtVgCD90R1
CtVgCD90R1_TCACGAAGTAGCAAAT-1,CtVgCD90R1
CtVgCD90R1_TCACGAAGTCCGTGAC-1,CtVgCD90R1
CtVgCD90R1_TCACGAAGTTCCACAA-1,CtVgCD90R1
CtVgCD90R1_TCACGAAGTTCGTGAT-1,CtVgCD90R1
CtVgCD90R1_TCACGAATCAGGCCCA-1,CtVgCD90R1
CtVgCD90R1_TCACGAATCGCCTGTT-1,CtVgCD90R1
CtVgCD90R1_TCAGATGAGACTAGGC-1,CtVgCD90R1
CtVgCD90R1_TCAGATGAGCGTAGTG-1,CtVgCD90R1
CtVgCD90R1_TCAGATGAGCTAGTCT-1,CtVgCD90R1
CtVgCD90R1_TCAGATGCATATGCTG-1,CtVgCD90R1
CtVgCD90R1_TCAGATGGTCACCCAG-1,CtVgCD90R1
CtVgCD90R1_TCAGATGGTCATCGGC-1,CtVgCD90R1
CtVgCD90R1_TCAGATGGTTCTGAAC-1,CtVgCD90R1
CtVgCD90R1_TCAGATGTCAACGAAA-1,CtVgCD90R1
CtVgCD90R1_TCAGATGTCGGTGTTA-1,CtVgCD90R1
CtVgCD90R1_TCAGATGTCTTCGAGA-1,CtVgCD90R1
CtVgCD90R1_TCAGCAAAGAGATGAG-1,CtVgCD90R1
CtVgCD90R1_TCAGCAAAGAGCTGGT-1,CtVgCD90R1
CtVgCD90R1_TCAGCAAAGTGGGATC-1,CtVgCD90R1
CtVgCD90R1_TCAGCAACAATAAGCA-1,CtVgCD90R1
CtVgCD90R1_TCAGCAACAGCGTTCG-1,CtVgCD90R1
CtVgCD90R1_TCAGCAAGTTCAGTAC-1,CtVgCD90R1
CtVgCD90R1_TCAGCAATCCAAATGC-1,CtVgCD90R1
CtVgCD90R1_TCAGCAATCCTCATTA-1,CtVgCD90R1
CtVgCD90R1_TCAGCAATCGCGGATC-1,CtVgCD90R1
CtVgCD90R1_TCAGCTCAGAAACGCC-1,CtVgCD90R1
CtVgCD90R1_TCAGCTCAGACACGAC-1,CtVgCD90R1
CtVgCD90R1_TCAGCTCAGAGACTAT-1,CtVgCD90R1
CtVgCD90R1_TCAGCTCAGCCACGCT-1,CtVgCD90R1
CtVgCD90R1_TCAGCTCAGCGTGTCC-1,CtVgCD90R1
CtVgCD90R1_TCAGCTCAGGCAAAGA-1,CtVgCD90R1
CtVgCD90R1_TCAGCTCAGGCAGTCA-1,CtVgCD90R1
CtVgCD90R1_TCAGCTCAGTCTTGCA-1,CtVgCD90R1
CtVgCD90R1_TCAGCTCAGTGCAAGC-1,CtVgCD90R1
CtVgCD90R1_TCAGCTCCAAGTTCTG-1,CtVgCD90R1
CtVgCD90R1_TCAGCTCCACTGAAGG-1,CtVgCD90R1
CtVgCD90R1_TCAGCTCGTCGGCACT-1,CtVgCD90R1
CtVgCD90R1_TCAGCTCTCAGTCAGT-1,CtVgCD90R1
CtVgCD90R1_TCAGCTCTCGCTTGTC-1,CtVgCD90R1
CtVgCD90R1_TCAGGATAGAGGGCTT-1,CtVgCD90R1
CtVgCD90R1_TCAGGATAGGGATACC-1,CtVgCD90R1
CtVgCD90R1_TCAGGATAGTCGTACT-1,CtVgCD90R1
CtVgCD90R1_TCAGGATCACCCATGG-1,CtVgCD90R1
CtVgCD90R1_TCAGGATCACTGTCGG-1,CtVgCD90R1
CtVgCD90R1_TCAGGATCAGCTCGAC-1,CtVgCD90R1
CtVgCD90R1_TCAGGATCAGGCTGAA-1,CtVgCD90R1
CtVgCD90R1_TCAGGATCAGTCGTGC-1,CtVgCD90R1
CtVgCD90R1_TCAGGATTCCTAGAAC-1,CtVgCD90R1
CtVgCD90R1_TCAGGATTCTGAGGGA-1,CtVgCD90R1
CtVgCD90R1_TCAGGTAAGAACTCGG-1,CtVgCD90R1
CtVgCD90R1_TCAGGTAAGGCCCGTT-1,CtVgCD90R1
CtVgCD90R1_TCAGGTAAGGCTAGAC-1,CtVgCD90R1
CtVgCD90R1_TCAGGTACAACTTGAC-1,CtVgCD90R1
CtVgCD90R1_TCAGGTACACTCAGGC-1,CtVgCD90R1
CtVgCD90R1_TCAGGTAGTGCTAGCC-1,CtVgCD90R1
CtVgCD90R1_TCAGGTATCGTAGGTT-1,CtVgCD90R1
CtVgCD90R1_TCAGGTATCTACGAGT-1,CtVgCD90R1
CtVgCD90R1_TCAGGTATCTGGGCCA-1,CtVgCD90R1
CtVgCD90R1_TCATTACAGCGGCTTC-1,CtVgCD90R1
CtVgCD90R1_TCATTACAGGAGTAGA-1,CtVgCD90R1
CtVgCD90R1_TCATTACCAAGTCTGT-1,CtVgCD90R1
CtVgCD90R1_TCATTACTCGTCCGTT-1,CtVgCD90R1
CtVgCD90R1_TCATTACTCGTTACGA-1,CtVgCD90R1
CtVgCD90R1_TCATTTGAGACAAGCC-1,CtVgCD90R1
CtVgCD90R1_TCATTTGAGACACGAC-1,CtVgCD90R1
CtVgCD90R1_TCATTTGAGGACTGGT-1,CtVgCD90R1
CtVgCD90R1_TCATTTGCAAAGGTGC-1,CtVgCD90R1
CtVgCD90R1_TCATTTGCAGTTTACG-1,CtVgCD90R1
CtVgCD90R1_TCATTTGCATGCTAGT-1,CtVgCD90R1
CtVgCD90R1_TCATTTGTCGCAAGCC-1,CtVgCD90R1
CtVgCD90R1_TCATTTGTCTCCAACC-1,CtVgCD90R1
CtVgCD90R1_TCCACACAGCGTCAAG-1,CtVgCD90R1
CtVgCD90R1_TCCACACAGGCTAGGT-1,CtVgCD90R1
CtVgCD90R1_TCCACACAGGTAGCCA-1,CtVgCD90R1
CtVgCD90R1_TCCACACGTAGTACCT-1,CtVgCD90R1
CtVgCD90R1_TCCACACGTCATACTG-1,CtVgCD90R1
CtVgCD90R1_TCCACACGTCTGCCAG-1,CtVgCD90R1
CtVgCD90R1_TCCACACTCCTGCAGG-1,CtVgCD90R1
CtVgCD90R1_TCCACACTCCTGCTTG-1,CtVgCD90R1
CtVgCD90R1_TCCACACTCGGAAACG-1,CtVgCD90R1
CtVgCD90R1_TCCCGATAGCTTATCG-1,CtVgCD90R1
CtVgCD90R1_TCCCGATAGGCAAAGA-1,CtVgCD90R1
CtVgCD90R1_TCCCGATAGGCAGGTT-1,CtVgCD90R1
CtVgCD90R1_TCCCGATAGGCGCTCT-1,CtVgCD90R1
CtVgCD90R1_TCCCGATAGTCCGGTC-1,CtVgCD90R1
CtVgCD90R1_TCCCGATCACCTCGGA-1,CtVgCD90R1
CtVgCD90R1_TCCCGATCACTTAAGC-1,CtVgCD90R1
CtVgCD90R1_TCCCGATGTCAGGACA-1,CtVgCD90R1
CtVgCD90R1_TCCCGATGTCTCAACA-1,CtVgCD90R1
CtVgCD90R1_TCCCGATGTTCTGGTA-1,CtVgCD90R1
CtVgCD90R1_TCCCGATTCCCTCAGT-1,CtVgCD90R1
CtVgCD90R1_TCCCGATTCCTCAATT-1,CtVgCD90R1
CtVgCD90R1_TCCCGATTCTAGAGTC-1,CtVgCD90R1
CtVgCD90R1_TCGAGGCAGAAGGTGA-1,CtVgCD90R1
CtVgCD90R1_TCGAGGCAGTCCCACG-1,CtVgCD90R1
CtVgCD90R1_TCGAGGCCATTTGCCC-1,CtVgCD90R1
CtVgCD90R1_TCGAGGCGTAGCTTGT-1,CtVgCD90R1
CtVgCD90R1_TCGAGGCGTGTATGGG-1,CtVgCD90R1
CtVgCD90R1_TCGAGGCGTTAAGAAC-1,CtVgCD90R1
CtVgCD90R1_TCGAGGCTCAGCTCGG-1,CtVgCD90R1
CtVgCD90R1_TCGAGGCTCAGGCCCA-1,CtVgCD90R1
CtVgCD90R1_TCGAGGCTCCATGAGT-1,CtVgCD90R1
CtVgCD90R1_TCGAGGCTCGACGGAA-1,CtVgCD90R1
CtVgCD90R1_TCGAGGCTCGCCTGAG-1,CtVgCD90R1
CtVgCD90R1_TCGAGGCTCGTGGTCG-1,CtVgCD90R1
CtVgCD90R1_TCGCGAGAGTCGTACT-1,CtVgCD90R1
CtVgCD90R1_TCGCGAGAGTTAACGA-1,CtVgCD90R1
CtVgCD90R1_TCGCGAGCATCGTCGG-1,CtVgCD90R1
CtVgCD90R1_TCGCGAGGTACGCTGC-1,CtVgCD90R1
CtVgCD90R1_TCGCGAGGTCGGGTCT-1,CtVgCD90R1
CtVgCD90R1_TCGCGAGGTGAGTGAC-1,CtVgCD90R1
CtVgCD90R1_TCGCGAGTCAATAAGG-1,CtVgCD90R1
CtVgCD90R1_TCGCGAGTCATGTGGT-1,CtVgCD90R1
CtVgCD90R1_TCGCGAGTCCATGCTC-1,CtVgCD90R1
CtVgCD90R1_TCGCGAGTCCCATTAT-1,CtVgCD90R1
CtVgCD90R1_TCGCGAGTCGAGAGCA-1,CtVgCD90R1
CtVgCD90R1_TCGCGAGTCGGTCCGA-1,CtVgCD90R1
CtVgCD90R1_TCGCGTTCACGCCAGT-1,CtVgCD90R1
CtVgCD90R1_TCGCGTTCACGGACAA-1,CtVgCD90R1
CtVgCD90R1_TCGCGTTCACGGTTTA-1,CtVgCD90R1
CtVgCD90R1_TCGCGTTGTCCGTGAC-1,CtVgCD90R1
CtVgCD90R1_TCGCGTTGTGTTAAGA-1,CtVgCD90R1
CtVgCD90R1_TCGCGTTGTTCACGGC-1,CtVgCD90R1
CtVgCD90R1_TCGCGTTTCAACGGGA-1,CtVgCD90R1
CtVgCD90R1_TCGCGTTTCCAGATCA-1,CtVgCD90R1
CtVgCD90R1_TCGCGTTTCGGAGCAA-1,CtVgCD90R1
CtVgCD90R1_TCGCGTTTCGGAGGTA-1,CtVgCD90R1
CtVgCD90R1_TCGCGTTTCTTTACGT-1,CtVgCD90R1
CtVgCD90R1_TCGGGACAGATAGCAT-1,CtVgCD90R1
CtVgCD90R1_TCGGGACAGCGTAGTG-1,CtVgCD90R1
CtVgCD90R1_TCGGGACCAAATTGCC-1,CtVgCD90R1
CtVgCD90R1_TCGGGACCATCACAAC-1,CtVgCD90R1
CtVgCD90R1_TCGGGACCATGTCGAT-1,CtVgCD90R1
CtVgCD90R1_TCGGGACGTAGGAGTC-1,CtVgCD90R1
CtVgCD90R1_TCGGGACGTATCTGCA-1,CtVgCD90R1
CtVgCD90R1_TCGGGACGTATGGTTC-1,CtVgCD90R1
CtVgCD90R1_TCGGGACTCAGGCCCA-1,CtVgCD90R1
CtVgCD90R1_TCGGGACTCGTTACGA-1,CtVgCD90R1
CtVgCD90R1_TCGGGACTCTCTAAGG-1,CtVgCD90R1
CtVgCD90R1_TCGGGACTCTGGTTCC-1,CtVgCD90R1
CtVgCD90R1_TCGGTAAAGGGTCTCC-1,CtVgCD90R1
CtVgCD90R1_TCGGTAAAGGTGTTAA-1,CtVgCD90R1
CtVgCD90R1_TCGGTAAAGTAACCCT-1,CtVgCD90R1
CtVgCD90R1_TCGGTAAAGTGCCAGA-1,CtVgCD90R1
CtVgCD90R1_TCGGTAACAAGGTGTG-1,CtVgCD90R1
CtVgCD90R1_TCGGTAACACGAAACG-1,CtVgCD90R1
CtVgCD90R1_TCGGTAACAGCCTTTC-1,CtVgCD90R1
CtVgCD90R1_TCGGTAAGTATGAAAC-1,CtVgCD90R1
CtVgCD90R1_TCGGTAAGTCGCATCG-1,CtVgCD90R1
CtVgCD90R1_TCGGTAAGTCTCTCGT-1,CtVgCD90R1
CtVgCD90R1_TCGGTAAGTGTGGCTC-1,CtVgCD90R1
CtVgCD90R1_TCGGTAAGTTTGGGCC-1,CtVgCD90R1
CtVgCD90R1_TCGGTAATCAGCCTAA-1,CtVgCD90R1
CtVgCD90R1_TCGGTAATCCCATTTA-1,CtVgCD90R1
CtVgCD90R1_TCGGTAATCTGAAAGA-1,CtVgCD90R1
CtVgCD90R1_TCGGTAATCTGCGGCA-1,CtVgCD90R1
CtVgCD90R1_TCGGTAATCTGTCCGT-1,CtVgCD90R1
CtVgCD90R1_TCGTACCAGGCAATTA-1,CtVgCD90R1
CtVgCD90R1_TCGTACCCACCGGAAA-1,CtVgCD90R1
CtVgCD90R1_TCGTACCCAGTACACT-1,CtVgCD90R1
CtVgCD90R1_TCGTACCGTCGACTAT-1,CtVgCD90R1
CtVgCD90R1_TCGTACCGTCTTGATG-1,CtVgCD90R1
CtVgCD90R1_TCGTACCGTCTTTCAT-1,CtVgCD90R1
CtVgCD90R1_TCGTACCGTGAAGGCT-1,CtVgCD90R1
CtVgCD90R1_TCGTACCGTTACAGAA-1,CtVgCD90R1
CtVgCD90R1_TCGTACCTCATAGCAC-1,CtVgCD90R1
CtVgCD90R1_TCGTACCTCTTCGAGA-1,CtVgCD90R1
CtVgCD90R1_TCGTAGAAGAGTAATC-1,CtVgCD90R1
CtVgCD90R1_TCGTAGAAGTATCGAA-1,CtVgCD90R1
CtVgCD90R1_TCGTAGAAGTTTAGGA-1,CtVgCD90R1
CtVgCD90R1_TCGTAGACACGTTGGC-1,CtVgCD90R1
CtVgCD90R1_TCGTAGACACTTCTGC-1,CtVgCD90R1
CtVgCD90R1_TCGTAGAGTTCGTTGA-1,CtVgCD90R1
CtVgCD90R1_TCGTAGATCAAGCCTA-1,CtVgCD90R1
CtVgCD90R1_TCGTAGATCACTTACT-1,CtVgCD90R1
CtVgCD90R1_TCGTAGATCAGCATGT-1,CtVgCD90R1
CtVgCD90R1_TCGTAGATCAGCTGGC-1,CtVgCD90R1
CtVgCD90R1_TCGTAGATCCACGTGG-1,CtVgCD90R1
CtVgCD90R1_TCGTAGATCCACGTTC-1,CtVgCD90R1
CtVgCD90R1_TCGTAGATCGCTTGTC-1,CtVgCD90R1
CtVgCD90R1_TCGTAGATCGGAAACG-1,CtVgCD90R1
CtVgCD90R1_TCGTAGATCTCTTGAT-1,CtVgCD90R1
CtVgCD90R1_TCTATTGAGCTACCTA-1,CtVgCD90R1
CtVgCD90R1_TCTATTGAGGACAGCT-1,CtVgCD90R1
CtVgCD90R1_TCTATTGAGGTGGGTT-1,CtVgCD90R1
CtVgCD90R1_TCTATTGAGTACGCGA-1,CtVgCD90R1
CtVgCD90R1_TCTATTGGTAGCAAAT-1,CtVgCD90R1
CtVgCD90R1_TCTATTGGTAGTAGTA-1,CtVgCD90R1
CtVgCD90R1_TCTATTGGTATATGGA-1,CtVgCD90R1
CtVgCD90R1_TCTATTGTCCCTTGTG-1,CtVgCD90R1
CtVgCD90R1_TCTATTGTCCTGTAGA-1,CtVgCD90R1
CtVgCD90R1_TCTATTGTCTGCCAGG-1,CtVgCD90R1
CtVgCD90R1_TCTCATAAGATATGGT-1,CtVgCD90R1
CtVgCD90R1_TCTCATAAGCCACGCT-1,CtVgCD90R1
CtVgCD90R1_TCTCATACAAATCCGT-1,CtVgCD90R1
CtVgCD90R1_TCTCATACAAGTTGTC-1,CtVgCD90R1
CtVgCD90R1_TCTCATACAATGCCAT-1,CtVgCD90R1
CtVgCD90R1_TCTCATACATGTCTCC-1,CtVgCD90R1
CtVgCD90R1_TCTCATAGTCCAAGTT-1,CtVgCD90R1
CtVgCD90R1_TCTCATATCCACGTTC-1,CtVgCD90R1
CtVgCD90R1_TCTCATATCTTGGGTA-1,CtVgCD90R1
CtVgCD90R1_TCTCTAAAGCCTCGTG-1,CtVgCD90R1
CtVgCD90R1_TCTCTAAAGGCCGAAT-1,CtVgCD90R1
CtVgCD90R1_TCTCTAACAAGGACAC-1,CtVgCD90R1
CtVgCD90R1_TCTCTAACACGCTTTC-1,CtVgCD90R1
CtVgCD90R1_TCTCTAACATGCTGGC-1,CtVgCD90R1
CtVgCD90R1_TCTCTAAGTCAAACTC-1,CtVgCD90R1
CtVgCD90R1_TCTCTAAGTGATAAAC-1,CtVgCD90R1
CtVgCD90R1_TCTCTAATCCCAACGG-1,CtVgCD90R1
CtVgCD90R1_TCTCTAATCGTGGACC-1,CtVgCD90R1
CtVgCD90R1_TCTGAGAAGTTGCAGG-1,CtVgCD90R1
CtVgCD90R1_TCTGAGACAAGCCCAC-1,CtVgCD90R1
CtVgCD90R1_TCTGAGAGTAAGTTCC-1,CtVgCD90R1
CtVgCD90R1_TCTGAGAGTACAGTTC-1,CtVgCD90R1
CtVgCD90R1_TCTGAGATCATCGCTC-1,CtVgCD90R1
CtVgCD90R1_TCTGAGATCGCTAGCG-1,CtVgCD90R1
CtVgCD90R1_TCTGAGATCGCTTAGA-1,CtVgCD90R1
CtVgCD90R1_TCTGAGATCTAGAGTC-1,CtVgCD90R1
CtVgCD90R1_TCTGAGATCTCACATT-1,CtVgCD90R1
CtVgCD90R1_TCTGGAAAGGTGTTAA-1,CtVgCD90R1
CtVgCD90R1_TCTGGAAAGTGTGAAT-1,CtVgCD90R1
CtVgCD90R1_TCTGGAACAAGCCGCT-1,CtVgCD90R1
CtVgCD90R1_TCTGGAACAGTCGTGC-1,CtVgCD90R1
CtVgCD90R1_TCTGGAACAGTCTTCC-1,CtVgCD90R1
CtVgCD90R1_TCTGGAAGTACCAGTT-1,CtVgCD90R1
CtVgCD90R1_TCTGGAAGTACCTACA-1,CtVgCD90R1
CtVgCD90R1_TCTGGAATCAAAGACA-1,CtVgCD90R1
CtVgCD90R1_TCTGGAATCCATGCTC-1,CtVgCD90R1
CtVgCD90R1_TCTGGAATCCGTAGTA-1,CtVgCD90R1
CtVgCD90R1_TCTGGAATCGCAAACT-1,CtVgCD90R1
CtVgCD90R1_TCTTCGGAGAAGGGTA-1,CtVgCD90R1
CtVgCD90R1_TCTTCGGAGACGCACA-1,CtVgCD90R1
CtVgCD90R1_TCTTCGGCACCATCCT-1,CtVgCD90R1
CtVgCD90R1_TCTTCGGCACCCTATC-1,CtVgCD90R1
CtVgCD90R1_TCTTCGGGTGCTCTTC-1,CtVgCD90R1
CtVgCD90R1_TCTTCGGGTTCTGTTT-1,CtVgCD90R1
CtVgCD90R1_TCTTCGGGTTTGTTGG-1,CtVgCD90R1
CtVgCD90R1_TCTTCGGTCCTGTAGA-1,CtVgCD90R1
CtVgCD90R1_TCTTCGGTCGCGGATC-1,CtVgCD90R1
CtVgCD90R1_TCTTCGGTCGGAAACG-1,CtVgCD90R1
CtVgCD90R1_TCTTCGGTCGGCTTGG-1,CtVgCD90R1
CtVgCD90R1_TCTTTCCAGTGTTAGA-1,CtVgCD90R1
CtVgCD90R1_TCTTTCCCAATTGCTG-1,CtVgCD90R1
CtVgCD90R1_TCTTTCCCATAAGACA-1,CtVgCD90R1
CtVgCD90R1_TCTTTCCGTGCGATAG-1,CtVgCD90R1
CtVgCD90R1_TCTTTCCTCAGTCCCT-1,CtVgCD90R1
CtVgCD90R1_TCTTTCCTCATCGCTC-1,CtVgCD90R1
CtVgCD90R1_TCTTTCCTCGCTTGTC-1,CtVgCD90R1
CtVgCD90R1_TGAAAGAAGGACTGGT-1,CtVgCD90R1
CtVgCD90R1_TGAAAGAAGGATGGAA-1,CtVgCD90R1
CtVgCD90R1_TGAAAGAAGGCATGTG-1,CtVgCD90R1
CtVgCD90R1_TGAAAGACAGTATAAG-1,CtVgCD90R1
CtVgCD90R1_TGAAAGACATATGAGA-1,CtVgCD90R1
CtVgCD90R1_TGAAAGACATCGGGTC-1,CtVgCD90R1
CtVgCD90R1_TGAAAGAGTAGAAGGA-1,CtVgCD90R1
CtVgCD90R1_TGAAAGAGTGGTTTCA-1,CtVgCD90R1
CtVgCD90R1_TGAAAGATCGACCAGC-1,CtVgCD90R1
CtVgCD90R1_TGAAAGATCGTACGGC-1,CtVgCD90R1
CtVgCD90R1_TGAAAGATCTACGAGT-1,CtVgCD90R1
CtVgCD90R1_TGACAACAGAAACCGC-1,CtVgCD90R1
CtVgCD90R1_TGACAACCACGTAAGG-1,CtVgCD90R1
CtVgCD90R1_TGACAACCACTGTCGG-1,CtVgCD90R1
CtVgCD90R1_TGACAACCATGACATC-1,CtVgCD90R1
CtVgCD90R1_TGACAACGTTCGTTGA-1,CtVgCD90R1
CtVgCD90R1_TGACAACTCTGCCCTA-1,CtVgCD90R1
CtVgCD90R1_TGACGGCAGAGAACAG-1,CtVgCD90R1
CtVgCD90R1_TGACGGCAGAGTACAT-1,CtVgCD90R1
CtVgCD90R1_TGACGGCAGCCATCGC-1,CtVgCD90R1
CtVgCD90R1_TGACGGCAGCGTGTCC-1,CtVgCD90R1
CtVgCD90R1_TGACGGCAGTTCGCGC-1,CtVgCD90R1
CtVgCD90R1_TGACGGCCACGGTAGA-1,CtVgCD90R1
CtVgCD90R1_TGACGGCCATGTAGTC-1,CtVgCD90R1
CtVgCD90R1_TGACGGCGTAAGTTCC-1,CtVgCD90R1
CtVgCD90R1_TGACGGCGTAGGAGTC-1,CtVgCD90R1
CtVgCD90R1_TGACGGCGTTCCCTTG-1,CtVgCD90R1
CtVgCD90R1_TGACGGCGTTCGTCTC-1,CtVgCD90R1
CtVgCD90R1_TGACGGCTCGCTGATA-1,CtVgCD90R1
CtVgCD90R1_TGACTAGAGATGTGTA-1,CtVgCD90R1
CtVgCD90R1_TGACTAGAGTGGAGTC-1,CtVgCD90R1
CtVgCD90R1_TGACTAGCACGTAAGG-1,CtVgCD90R1
CtVgCD90R1_TGACTAGCAGACGTAG-1,CtVgCD90R1
CtVgCD90R1_TGACTAGCAGCGAACA-1,CtVgCD90R1
CtVgCD90R1_TGACTAGCAGGAATCG-1,CtVgCD90R1
CtVgCD90R1_TGACTAGTCTAACTCT-1,CtVgCD90R1
CtVgCD90R1_TGACTAGTCTGGTTCC-1,CtVgCD90R1
CtVgCD90R1_TGACTTTAGGGAACGG-1,CtVgCD90R1
CtVgCD90R1_TGACTTTCAAAGCGGT-1,CtVgCD90R1
CtVgCD90R1_TGACTTTCAACAACCT-1,CtVgCD90R1
CtVgCD90R1_TGACTTTCAAGCTGAG-1,CtVgCD90R1
CtVgCD90R1_TGACTTTCACGACGAA-1,CtVgCD90R1
CtVgCD90R1_TGACTTTCACTTCGAA-1,CtVgCD90R1
CtVgCD90R1_TGACTTTCAGCAGTTT-1,CtVgCD90R1
CtVgCD90R1_TGACTTTCATAGTAAG-1,CtVgCD90R1
CtVgCD90R1_TGACTTTCATGCTGGC-1,CtVgCD90R1
CtVgCD90R1_TGACTTTCATTCGACA-1,CtVgCD90R1
CtVgCD90R1_TGACTTTTCACAACGT-1,CtVgCD90R1
CtVgCD90R1_TGAGAGGAGATATGCA-1,CtVgCD90R1
CtVgCD90R1_TGAGAGGAGCTTATCG-1,CtVgCD90R1
CtVgCD90R1_TGAGAGGAGGATATAC-1,CtVgCD90R1
CtVgCD90R1_TGAGAGGCAAGCTGTT-1,CtVgCD90R1
CtVgCD90R1_TGAGAGGCACAGCGTC-1,CtVgCD90R1
CtVgCD90R1_TGAGAGGCAGATGGCA-1,CtVgCD90R1
CtVgCD90R1_TGAGAGGCAGCTCGCA-1,CtVgCD90R1
CtVgCD90R1_TGAGAGGCATAACCTG-1,CtVgCD90R1
CtVgCD90R1_TGAGAGGCATTAACCG-1,CtVgCD90R1
CtVgCD90R1_TGAGAGGGTACATCCA-1,CtVgCD90R1
CtVgCD90R1_TGAGAGGTCAAGGCTT-1,CtVgCD90R1
CtVgCD90R1_TGAGAGGTCCAGATCA-1,CtVgCD90R1
CtVgCD90R1_TGAGAGGTCCGCGGTA-1,CtVgCD90R1
CtVgCD90R1_TGAGAGGTCGTAGGTT-1,CtVgCD90R1
CtVgCD90R1_TGAGCATAGAAGCCCA-1,CtVgCD90R1
CtVgCD90R1_TGAGCATAGACTAGAT-1,CtVgCD90R1
CtVgCD90R1_TGAGCATAGCCTATGT-1,CtVgCD90R1
CtVgCD90R1_TGAGCATAGCGTGAGT-1,CtVgCD90R1
CtVgCD90R1_TGAGCATAGCTAAACA-1,CtVgCD90R1
CtVgCD90R1_TGAGCATCACCATCCT-1,CtVgCD90R1
CtVgCD90R1_TGAGCATCACTGTTAG-1,CtVgCD90R1
CtVgCD90R1_TGAGCATGTATATGGA-1,CtVgCD90R1
CtVgCD90R1_TGAGCATGTGACGCCT-1,CtVgCD90R1
CtVgCD90R1_TGAGCATGTGGTACAG-1,CtVgCD90R1
CtVgCD90R1_TGAGCATGTTTGCATG-1,CtVgCD90R1
CtVgCD90R1_TGAGCATTCGGCATCG-1,CtVgCD90R1
CtVgCD90R1_TGAGCATTCGGTTCGG-1,CtVgCD90R1
CtVgCD90R1_TGAGCATTCTCTGTCG-1,CtVgCD90R1
CtVgCD90R1_TGAGCCGAGCACCGTC-1,CtVgCD90R1
CtVgCD90R1_TGAGCCGAGGACCACA-1,CtVgCD90R1
CtVgCD90R1_TGAGCCGAGGATCGCA-1,CtVgCD90R1
CtVgCD90R1_TGAGCCGAGTACACCT-1,CtVgCD90R1
CtVgCD90R1_TGAGCCGCAAATTGCC-1,CtVgCD90R1
CtVgCD90R1_TGAGCCGCAAGAGGCT-1,CtVgCD90R1
CtVgCD90R1_TGAGCCGCAATCCGAT-1,CtVgCD90R1
CtVgCD90R1_TGAGCCGCACGGCCAT-1,CtVgCD90R1
CtVgCD90R1_TGAGCCGCATCATCCC-1,CtVgCD90R1
CtVgCD90R1_TGAGCCGCATCGATTG-1,CtVgCD90R1
CtVgCD90R1_TGAGCCGGTCGCTTCT-1,CtVgCD90R1
CtVgCD90R1_TGAGCCGGTCGGATCC-1,CtVgCD90R1
CtVgCD90R1_TGAGCCGGTGCTAGCC-1,CtVgCD90R1
CtVgCD90R1_TGAGCCGTCAAACGGG-1,CtVgCD90R1
CtVgCD90R1_TGAGCCGTCCGGGTGT-1,CtVgCD90R1
CtVgCD90R1_TGAGCCGTCCTAGTGA-1,CtVgCD90R1
CtVgCD90R1_TGAGCCGTCTCATTCA-1,CtVgCD90R1
CtVgCD90R1_TGAGCCGTCTCCAGGG-1,CtVgCD90R1
CtVgCD90R1_TGAGGGAAGAATAGGG-1,CtVgCD90R1
CtVgCD90R1_TGAGGGAAGATGTGGC-1,CtVgCD90R1
CtVgCD90R1_TGAGGGAAGGTGCTTT-1,CtVgCD90R1
CtVgCD90R1_TGAGGGAAGTATGACA-1,CtVgCD90R1
CtVgCD90R1_TGAGGGAAGTGTACGG-1,CtVgCD90R1
CtVgCD90R1_TGAGGGACAAGTCATC-1,CtVgCD90R1
CtVgCD90R1_TGAGGGACACGCGAAA-1,CtVgCD90R1
CtVgCD90R1_TGAGGGACATCACCCT-1,CtVgCD90R1
CtVgCD90R1_TGAGGGACATCGACGC-1,CtVgCD90R1
CtVgCD90R1_TGAGGGAGTAACGCGA-1,CtVgCD90R1
CtVgCD90R1_TGAGGGAGTACTCAAC-1,CtVgCD90R1
CtVgCD90R1_TGAGGGAGTATATGAG-1,CtVgCD90R1
CtVgCD90R1_TGAGGGAGTCAAAGAT-1,CtVgCD90R1
CtVgCD90R1_TGAGGGAGTGTTTGTG-1,CtVgCD90R1
CtVgCD90R1_TGATTTCAGAACAACT-1,CtVgCD90R1
CtVgCD90R1_TGATTTCAGAATGTGT-1,CtVgCD90R1
CtVgCD90R1_TGATTTCAGGCTCTTA-1,CtVgCD90R1
CtVgCD90R1_TGATTTCAGTACGACG-1,CtVgCD90R1
CtVgCD90R1_TGATTTCCAAACCCAT-1,CtVgCD90R1
CtVgCD90R1_TGATTTCCAAGGGTCA-1,CtVgCD90R1
CtVgCD90R1_TGATTTCGTACCATCA-1,CtVgCD90R1
CtVgCD90R1_TGATTTCGTATCTGCA-1,CtVgCD90R1
CtVgCD90R1_TGATTTCGTTATCCGA-1,CtVgCD90R1
CtVgCD90R1_TGATTTCTCAGCGATT-1,CtVgCD90R1
CtVgCD90R1_TGATTTCTCGAGGTAG-1,CtVgCD90R1
CtVgCD90R1_TGATTTCTCGGTCCGA-1,CtVgCD90R1
CtVgCD90R1_TGCACCTAGCCAGGAT-1,CtVgCD90R1
CtVgCD90R1_TGCACCTCATTGCGGC-1,CtVgCD90R1
CtVgCD90R1_TGCACCTGTAGAGTGC-1,CtVgCD90R1
CtVgCD90R1_TGCACCTGTGATAAAC-1,CtVgCD90R1
CtVgCD90R1_TGCACCTGTTCAGACT-1,CtVgCD90R1
CtVgCD90R1_TGCACCTTCAGCAACT-1,CtVgCD90R1
CtVgCD90R1_TGCACCTTCATAGCAC-1,CtVgCD90R1
CtVgCD90R1_TGCACCTTCGACAGCC-1,CtVgCD90R1
CtVgCD90R1_TGCACCTTCTTGCAAG-1,CtVgCD90R1
CtVgCD90R1_TGCCAAAAGACCACGA-1,CtVgCD90R1
CtVgCD90R1_TGCCAAAAGGTGTTAA-1,CtVgCD90R1
CtVgCD90R1_TGCCAAAAGTCACGCC-1,CtVgCD90R1
CtVgCD90R1_TGCCAAACAACTGGCC-1,CtVgCD90R1
CtVgCD90R1_TGCCAAACAAGGCTCC-1,CtVgCD90R1
CtVgCD90R1_TGCCAAACACTACAGT-1,CtVgCD90R1
CtVgCD90R1_TGCCAAACAGGGTTAG-1,CtVgCD90R1
CtVgCD90R1_TGCCAAACAGTCACTA-1,CtVgCD90R1
CtVgCD90R1_TGCCAAAGTAGGGTAC-1,CtVgCD90R1
CtVgCD90R1_TGCCAAAGTCAATGTC-1,CtVgCD90R1
CtVgCD90R1_TGCCAAAGTCACTTCC-1,CtVgCD90R1
CtVgCD90R1_TGCCAAAGTCGAACAG-1,CtVgCD90R1
CtVgCD90R1_TGCCAAAGTGAACCTT-1,CtVgCD90R1
CtVgCD90R1_TGCCAAAGTTATTCTC-1,CtVgCD90R1
CtVgCD90R1_TGCCAAATCGCTAGCG-1,CtVgCD90R1
CtVgCD90R1_TGCCAAATCGTACGGC-1,CtVgCD90R1
CtVgCD90R1_TGCCAAATCTTTAGGG-1,CtVgCD90R1
CtVgCD90R1_TGCCCATAGAAAGTGG-1,CtVgCD90R1
CtVgCD90R1_TGCCCATAGTGTTAGA-1,CtVgCD90R1
CtVgCD90R1_TGCCCATCAATAGAGT-1,CtVgCD90R1
CtVgCD90R1_TGCCCATCATCCGGGT-1,CtVgCD90R1
CtVgCD90R1_TGCCCATGTACCGAGA-1,CtVgCD90R1
CtVgCD90R1_TGCCCATGTATAGGGC-1,CtVgCD90R1
CtVgCD90R1_TGCCCATGTATATGGA-1,CtVgCD90R1
CtVgCD90R1_TGCCCATGTGTGGTTT-1,CtVgCD90R1
CtVgCD90R1_TGCCCATTCATCGCTC-1,CtVgCD90R1
CtVgCD90R1_TGCCCATTCGTAGATC-1,CtVgCD90R1
CtVgCD90R1_TGCCCATTCGTGGGAA-1,CtVgCD90R1
CtVgCD90R1_TGCCCATTCTGCGGCA-1,CtVgCD90R1
CtVgCD90R1_TGCCCTAAGCGAAGGG-1,CtVgCD90R1
CtVgCD90R1_TGCCCTACACCAGCAC-1,CtVgCD90R1
CtVgCD90R1_TGCCCTACATACAGCT-1,CtVgCD90R1
CtVgCD90R1_TGCCCTACATGCAATC-1,CtVgCD90R1
CtVgCD90R1_TGCCCTACATGGGACA-1,CtVgCD90R1
CtVgCD90R1_TGCCCTAGTAGCGTGA-1,CtVgCD90R1
CtVgCD90R1_TGCCCTAGTAGCTTGT-1,CtVgCD90R1
CtVgCD90R1_TGCCCTAGTGGGTATG-1,CtVgCD90R1
CtVgCD90R1_TGCCCTAGTTGATTGC-1,CtVgCD90R1
CtVgCD90R1_TGCCCTATCAGCACAT-1,CtVgCD90R1
CtVgCD90R1_TGCCCTATCCTCCTAG-1,CtVgCD90R1
CtVgCD90R1_TGCGCAGAGAGTAAGG-1,CtVgCD90R1
CtVgCD90R1_TGCGCAGAGTTGAGAT-1,CtVgCD90R1
CtVgCD90R1_TGCGCAGCAATGGTCT-1,CtVgCD90R1
CtVgCD90R1_TGCGCAGCACGTCAGC-1,CtVgCD90R1
CtVgCD90R1_TGCGCAGCATCACAAC-1,CtVgCD90R1
CtVgCD90R1_TGCGCAGGTATATGAG-1,CtVgCD90R1
CtVgCD90R1_TGCGCAGGTCTACCTC-1,CtVgCD90R1
CtVgCD90R1_TGCGCAGGTGGCGAAT-1,CtVgCD90R1
CtVgCD90R1_TGCGCAGTCTGTCAAG-1,CtVgCD90R1
CtVgCD90R1_TGCGGGTAGGTACTCT-1,CtVgCD90R1
CtVgCD90R1_TGCGGGTAGTCGATAA-1,CtVgCD90R1
CtVgCD90R1_TGCGGGTCAAGGACAC-1,CtVgCD90R1
CtVgCD90R1_TGCGGGTCAATGACCT-1,CtVgCD90R1
CtVgCD90R1_TGCGGGTCATCATCCC-1,CtVgCD90R1
CtVgCD90R1_TGCGGGTGTGTTCGAT-1,CtVgCD90R1
CtVgCD90R1_TGCGTGGAGACCGGAT-1,CtVgCD90R1
CtVgCD90R1_TGCGTGGAGACTGTAA-1,CtVgCD90R1
CtVgCD90R1_TGCGTGGAGCTCCTCT-1,CtVgCD90R1
CtVgCD90R1_TGCGTGGCAAATACAG-1,CtVgCD90R1
CtVgCD90R1_TGCGTGGCAGACGCAA-1,CtVgCD90R1
CtVgCD90R1_TGCGTGGGTAGCTAAA-1,CtVgCD90R1
CtVgCD90R1_TGCGTGGTCAAGCCTA-1,CtVgCD90R1
CtVgCD90R1_TGCGTGGTCTAGCACA-1,CtVgCD90R1
CtVgCD90R1_TGCGTGGTCTATCGCC-1,CtVgCD90R1
CtVgCD90R1_TGCTACCAGTCACGCC-1,CtVgCD90R1
CtVgCD90R1_TGCTACCCACACAGAG-1,CtVgCD90R1
CtVgCD90R1_TGCTACCCAGCTTAAC-1,CtVgCD90R1
CtVgCD90R1_TGCTACCCAGGATCGA-1,CtVgCD90R1
CtVgCD90R1_TGCTACCCAGTAAGCG-1,CtVgCD90R1
CtVgCD90R1_TGCTACCCATGAAGTA-1,CtVgCD90R1
CtVgCD90R1_TGCTACCGTAGGGACT-1,CtVgCD90R1
CtVgCD90R1_TGCTACCGTCTGCCAG-1,CtVgCD90R1
CtVgCD90R1_TGCTACCGTCTTTCAT-1,CtVgCD90R1
CtVgCD90R1_TGCTACCGTGTTGGGA-1,CtVgCD90R1
CtVgCD90R1_TGCTACCTCTTGCAAG-1,CtVgCD90R1
CtVgCD90R1_TGCTGCTAGACGCTTT-1,CtVgCD90R1
CtVgCD90R1_TGCTGCTAGTGTGAAT-1,CtVgCD90R1
CtVgCD90R1_TGCTGCTAGTTCCACA-1,CtVgCD90R1
CtVgCD90R1_TGCTGCTGTAAGTGGC-1,CtVgCD90R1
CtVgCD90R1_TGCTGCTGTCAGAGGT-1,CtVgCD90R1
CtVgCD90R1_TGCTGCTGTCTAACGT-1,CtVgCD90R1
CtVgCD90R1_TGCTGCTGTGCGATAG-1,CtVgCD90R1
CtVgCD90R1_TGCTGCTGTTAAGTAG-1,CtVgCD90R1
CtVgCD90R1_TGCTGCTGTTAGGGTG-1,CtVgCD90R1
CtVgCD90R1_TGGACGCCAAGTTAAG-1,CtVgCD90R1
CtVgCD90R1_TGGACGCCAAGTTGTC-1,CtVgCD90R1
CtVgCD90R1_TGGACGCGTAAGGGAA-1,CtVgCD90R1
CtVgCD90R1_TGGACGCGTAATCGTC-1,CtVgCD90R1
CtVgCD90R1_TGGACGCTCACAACGT-1,CtVgCD90R1
CtVgCD90R1_TGGACGCTCAGTTGAC-1,CtVgCD90R1
CtVgCD90R1_TGGACGCTCCATTCTA-1,CtVgCD90R1
CtVgCD90R1_TGGACGCTCTGCTGCT-1,CtVgCD90R1
CtVgCD90R1_TGGCCAGAGAGGACGG-1,CtVgCD90R1
CtVgCD90R1_TGGCCAGAGCGTTGCC-1,CtVgCD90R1
CtVgCD90R1_TGGCCAGCATGCTAGT-1,CtVgCD90R1
CtVgCD90R1_TGGCCAGGTAAGAGGA-1,CtVgCD90R1
CtVgCD90R1_TGGCCAGGTGGAAAGA-1,CtVgCD90R1
CtVgCD90R1_TGGCCAGTCAACGGCC-1,CtVgCD90R1
CtVgCD90R1_TGGCCAGTCCCTCTTT-1,CtVgCD90R1
CtVgCD90R1_TGGCCAGTCCGAACGC-1,CtVgCD90R1
CtVgCD90R1_TGGCCAGTCTATGTGG-1,CtVgCD90R1
CtVgCD90R1_TGGCGCAAGAGTGACC-1,CtVgCD90R1
CtVgCD90R1_TGGCGCAAGTACTTGC-1,CtVgCD90R1
CtVgCD90R1_TGGCGCAAGTGTCCAT-1,CtVgCD90R1
CtVgCD90R1_TGGCGCAAGTTGAGTA-1,CtVgCD90R1
CtVgCD90R1_TGGCGCACATGAAGTA-1,CtVgCD90R1
CtVgCD90R1_TGGCGCACATGGTCAT-1,CtVgCD90R1
CtVgCD90R1_TGGCGCATCAAGAAGT-1,CtVgCD90R1
CtVgCD90R1_TGGCGCATCAGGTTCA-1,CtVgCD90R1
CtVgCD90R1_TGGCGCATCAGTACGT-1,CtVgCD90R1
CtVgCD90R1_TGGCGCATCATAGCAC-1,CtVgCD90R1
CtVgCD90R1_TGGCGCATCATGTCTT-1,CtVgCD90R1
CtVgCD90R1_TGGCGCATCGGAGGTA-1,CtVgCD90R1
CtVgCD90R1_TGGCGCATCTGCTTGC-1,CtVgCD90R1
CtVgCD90R1_TGGCTGGAGAGTCGGT-1,CtVgCD90R1
CtVgCD90R1_TGGCTGGAGATCCCGC-1,CtVgCD90R1
CtVgCD90R1_TGGCTGGAGATGTAAC-1,CtVgCD90R1
CtVgCD90R1_TGGCTGGAGCTGAAAT-1,CtVgCD90R1
CtVgCD90R1_TGGCTGGAGGACATTA-1,CtVgCD90R1
CtVgCD90R1_TGGCTGGCACCTATCC-1,CtVgCD90R1
CtVgCD90R1_TGGCTGGCAGCTGTGC-1,CtVgCD90R1
CtVgCD90R1_TGGCTGGTCCAATGGT-1,CtVgCD90R1
CtVgCD90R1_TGGGAAGAGTCATGCT-1,CtVgCD90R1
CtVgCD90R1_TGGGAAGCATCCGCGA-1,CtVgCD90R1
CtVgCD90R1_TGGGAAGCATCTCGCT-1,CtVgCD90R1
CtVgCD90R1_TGGGAAGGTGTAATGA-1,CtVgCD90R1
CtVgCD90R1_TGGGAAGGTTGTCTTT-1,CtVgCD90R1
CtVgCD90R1_TGGGCGTAGACTAGAT-1,CtVgCD90R1
CtVgCD90R1_TGGGCGTAGGGCATGT-1,CtVgCD90R1
CtVgCD90R1_TGGGCGTAGTGATCGG-1,CtVgCD90R1
CtVgCD90R1_TGGGCGTAGTGCCAGA-1,CtVgCD90R1
CtVgCD90R1_TGGGCGTCATATACGC-1,CtVgCD90R1
CtVgCD90R1_TGGGCGTGTAAATACG-1,CtVgCD90R1
CtVgCD90R1_TGGGCGTGTATAGTAG-1,CtVgCD90R1
CtVgCD90R1_TGGGCGTGTGAAATCA-1,CtVgCD90R1
CtVgCD90R1_TGGGCGTGTGTGGCTC-1,CtVgCD90R1
CtVgCD90R1_TGGGCGTTCGATGAGG-1,CtVgCD90R1
CtVgCD90R1_TGGTTAGAGACACGAC-1,CtVgCD90R1
CtVgCD90R1_TGGTTAGAGACCTTTG-1,CtVgCD90R1
CtVgCD90R1_TGGTTAGAGATATGCA-1,CtVgCD90R1
CtVgCD90R1_TGGTTAGAGCGTCTAT-1,CtVgCD90R1
CtVgCD90R1_TGGTTAGAGGTCATCT-1,CtVgCD90R1
CtVgCD90R1_TGGTTAGCAAGCGATG-1,CtVgCD90R1
CtVgCD90R1_TGGTTAGCAATGGACG-1,CtVgCD90R1
CtVgCD90R1_TGGTTAGCACTTAACG-1,CtVgCD90R1
CtVgCD90R1_TGGTTAGCAGGCTGAA-1,CtVgCD90R1
CtVgCD90R1_TGGTTAGGTCACACGC-1,CtVgCD90R1
CtVgCD90R1_TGGTTAGGTGCAGACA-1,CtVgCD90R1
CtVgCD90R1_TGGTTAGGTTCTGTTT-1,CtVgCD90R1
CtVgCD90R1_TGGTTAGTCGCCAAAT-1,CtVgCD90R1
CtVgCD90R1_TGGTTCCAGGGTTCCC-1,CtVgCD90R1
CtVgCD90R1_TGGTTCCAGGTCATCT-1,CtVgCD90R1
CtVgCD90R1_TGGTTCCAGGTGTTAA-1,CtVgCD90R1
CtVgCD90R1_TGGTTCCAGTATCGAA-1,CtVgCD90R1
CtVgCD90R1_TGGTTCCGTACCATCA-1,CtVgCD90R1
CtVgCD90R1_TGGTTCCGTCACTGGC-1,CtVgCD90R1
CtVgCD90R1_TGGTTCCGTCAGAGGT-1,CtVgCD90R1
CtVgCD90R1_TGGTTCCGTGGTCTCG-1,CtVgCD90R1
CtVgCD90R1_TGGTTCCGTTCGCGAC-1,CtVgCD90R1
CtVgCD90R1_TGGTTCCTCATCACCC-1,CtVgCD90R1
CtVgCD90R1_TGGTTCCTCCAACCAA-1,CtVgCD90R1
CtVgCD90R1_TGGTTCCTCCGGGTGT-1,CtVgCD90R1
CtVgCD90R1_TGTATTCAGATAGTCA-1,CtVgCD90R1
CtVgCD90R1_TGTATTCAGCTCAACT-1,CtVgCD90R1
CtVgCD90R1_TGTATTCAGCTGAACG-1,CtVgCD90R1
CtVgCD90R1_TGTATTCAGGATGCGT-1,CtVgCD90R1
CtVgCD90R1_TGTATTCAGTGAAGAG-1,CtVgCD90R1
CtVgCD90R1_TGTATTCCAAGCTGTT-1,CtVgCD90R1
CtVgCD90R1_TGTATTCCAATCTGCA-1,CtVgCD90R1
CtVgCD90R1_TGTATTCCACTTCGAA-1,CtVgCD90R1
CtVgCD90R1_TGTATTCCAGCCTTTC-1,CtVgCD90R1
CtVgCD90R1_TGTATTCTCAGTTGAC-1,CtVgCD90R1
CtVgCD90R1_TGTCCCAAGAGCAATT-1,CtVgCD90R1
CtVgCD90R1_TGTCCCAAGTGGTAGC-1,CtVgCD90R1
CtVgCD90R1_TGTCCCACAAGCCCAC-1,CtVgCD90R1
CtVgCD90R1_TGTCCCACACAACTGT-1,CtVgCD90R1
CtVgCD90R1_TGTCCCACATGCTAGT-1,CtVgCD90R1
CtVgCD90R1_TGTCCCACATGGATGG-1,CtVgCD90R1
CtVgCD90R1_TGTCCCAGTAAGTGGC-1,CtVgCD90R1
CtVgCD90R1_TGTCCCAGTCCAGTGC-1,CtVgCD90R1
CtVgCD90R1_TGTCCCAGTCTACCTC-1,CtVgCD90R1
CtVgCD90R1_TGTCCCAGTTACGTCA-1,CtVgCD90R1
CtVgCD90R1_TGTCCCAGTTACTGAC-1,CtVgCD90R1
CtVgCD90R1_TGTCCCAGTTGATTGC-1,CtVgCD90R1
CtVgCD90R1_TGTCCCAGTTTAGGAA-1,CtVgCD90R1
CtVgCD90R1_TGTCCCATCGTGTAGT-1,CtVgCD90R1
CtVgCD90R1_TGTGGTAAGATGGCGT-1,CtVgCD90R1
CtVgCD90R1_TGTGGTAAGCCAGTTT-1,CtVgCD90R1
CtVgCD90R1_TGTGGTAAGGAGTCTG-1,CtVgCD90R1
CtVgCD90R1_TGTGGTAAGGGATCTG-1,CtVgCD90R1
CtVgCD90R1_TGTGGTAAGTTGTAGA-1,CtVgCD90R1
CtVgCD90R1_TGTGGTACACGCGAAA-1,CtVgCD90R1
CtVgCD90R1_TGTGGTACAGCATACT-1,CtVgCD90R1
CtVgCD90R1_TGTGGTACATACCATG-1,CtVgCD90R1
CtVgCD90R1_TGTGGTAGTCACTTCC-1,CtVgCD90R1
CtVgCD90R1_TGTGGTAGTCCATCCT-1,CtVgCD90R1
CtVgCD90R1_TGTGGTAGTGGTGTAG-1,CtVgCD90R1
CtVgCD90R1_TGTGGTAGTTCAACCA-1,CtVgCD90R1
CtVgCD90R1_TGTGGTATCAGCATGT-1,CtVgCD90R1
CtVgCD90R1_TGTGGTATCCGTCATC-1,CtVgCD90R1
CtVgCD90R1_TGTGGTATCCTGCTTG-1,CtVgCD90R1
CtVgCD90R1_TGTGGTATCGTCTGAA-1,CtVgCD90R1
CtVgCD90R1_TGTGGTATCTCGCTTG-1,CtVgCD90R1
CtVgCD90R1_TGTGGTATCTTTAGGG-1,CtVgCD90R1
CtVgCD90R1_TGTGTTTAGAGCCTAG-1,CtVgCD90R1
CtVgCD90R1_TGTGTTTAGATATACG-1,CtVgCD90R1
CtVgCD90R1_TGTGTTTAGTGCCAGA-1,CtVgCD90R1
CtVgCD90R1_TGTGTTTCAATAGAGT-1,CtVgCD90R1
CtVgCD90R1_TGTGTTTCACCAACCG-1,CtVgCD90R1
CtVgCD90R1_TGTGTTTCACGTTGGC-1,CtVgCD90R1
CtVgCD90R1_TGTGTTTCAGGACGTA-1,CtVgCD90R1
CtVgCD90R1_TGTGTTTGTCACCCAG-1,CtVgCD90R1
CtVgCD90R1_TGTGTTTGTCTCTCTG-1,CtVgCD90R1
CtVgCD90R1_TGTGTTTGTCTTGTCC-1,CtVgCD90R1
CtVgCD90R1_TGTGTTTGTGATGTCT-1,CtVgCD90R1
CtVgCD90R1_TGTGTTTGTGCTTCTC-1,CtVgCD90R1
CtVgCD90R1_TGTGTTTTCTCGTTTA-1,CtVgCD90R1
CtVgCD90R1_TGTTCCGAGAGGTACC-1,CtVgCD90R1
CtVgCD90R1_TGTTCCGAGCGTGAGT-1,CtVgCD90R1
CtVgCD90R1_TGTTCCGAGGATTCGG-1,CtVgCD90R1
CtVgCD90R1_TGTTCCGCACGTTGGC-1,CtVgCD90R1
CtVgCD90R1_TGTTCCGCAGAAGCAC-1,CtVgCD90R1
CtVgCD90R1_TGTTCCGGTAGGGACT-1,CtVgCD90R1
CtVgCD90R1_TGTTCCGGTGTGCCTG-1,CtVgCD90R1
CtVgCD90R1_TGTTCCGTCAGAGCTT-1,CtVgCD90R1
CtVgCD90R1_TTAACTCAGCTGCGAA-1,CtVgCD90R1
CtVgCD90R1_TTAACTCCACAGGCCT-1,CtVgCD90R1
CtVgCD90R1_TTAACTCCACCTCGGA-1,CtVgCD90R1
CtVgCD90R1_TTAACTCCAGCCAATT-1,CtVgCD90R1
CtVgCD90R1_TTAACTCCAGGGTTAG-1,CtVgCD90R1
CtVgCD90R1_TTAACTCCATGTAAGA-1,CtVgCD90R1
CtVgCD90R1_TTAACTCGTAATCACC-1,CtVgCD90R1
CtVgCD90R1_TTAACTCGTACAGTTC-1,CtVgCD90R1
CtVgCD90R1_TTAACTCGTTGTCGCG-1,CtVgCD90R1
CtVgCD90R1_TTAACTCTCTGATACG-1,CtVgCD90R1
CtVgCD90R1_TTAACTCTCTGCGGCA-1,CtVgCD90R1
CtVgCD90R1_TTAACTCTCTGGGCCA-1,CtVgCD90R1
CtVgCD90R1_TTAACTCTCTGTCCGT-1,CtVgCD90R1
CtVgCD90R1_TTAGGACAGACAAGCC-1,CtVgCD90R1
CtVgCD90R1_TTAGGACCAATCACAC-1,CtVgCD90R1
CtVgCD90R1_TTAGGACCACATCCGG-1,CtVgCD90R1
CtVgCD90R1_TTAGGACCACGCTTTC-1,CtVgCD90R1
CtVgCD90R1_TTAGGACCAGACGCCT-1,CtVgCD90R1
CtVgCD90R1_TTAGGACCATGTCTCC-1,CtVgCD90R1
CtVgCD90R1_TTAGGACGTTTGGGCC-1,CtVgCD90R1
CtVgCD90R1_TTAGGACTCAGTTCGA-1,CtVgCD90R1
CtVgCD90R1_TTAGGACTCCAGTATG-1,CtVgCD90R1
CtVgCD90R1_TTAGGCAAGACGCAAC-1,CtVgCD90R1
CtVgCD90R1_TTAGGCAAGTTAGGTA-1,CtVgCD90R1
CtVgCD90R1_TTAGGCACACAGCCCA-1,CtVgCD90R1
CtVgCD90R1_TTAGGCACATCGATGT-1,CtVgCD90R1
CtVgCD90R1_TTAGGCAGTAAAGTCA-1,CtVgCD90R1
CtVgCD90R1_TTAGGCAGTCAGAATA-1,CtVgCD90R1
CtVgCD90R1_TTAGGCAGTGCACCAC-1,CtVgCD90R1
CtVgCD90R1_TTAGGCAGTTACGACT-1,CtVgCD90R1
CtVgCD90R1_TTAGGCAGTTGTACAC-1,CtVgCD90R1
CtVgCD90R1_TTAGGCATCCATGCTC-1,CtVgCD90R1
CtVgCD90R1_TTAGGCATCCTGCTTG-1,CtVgCD90R1
CtVgCD90R1_TTAGGCATCTAAGCCA-1,CtVgCD90R1
CtVgCD90R1_TTAGGCATCTCGATGA-1,CtVgCD90R1
CtVgCD90R1_TTAGTTCAGACGCAAC-1,CtVgCD90R1
CtVgCD90R1_TTAGTTCAGGTGCACA-1,CtVgCD90R1
CtVgCD90R1_TTAGTTCAGTGTCCCG-1,CtVgCD90R1
CtVgCD90R1_TTAGTTCCAGGTGGAT-1,CtVgCD90R1
CtVgCD90R1_TTAGTTCCATTTCAGG-1,CtVgCD90R1
CtVgCD90R1_TTAGTTCGTCCAACTA-1,CtVgCD90R1
CtVgCD90R1_TTAGTTCGTGACTACT-1,CtVgCD90R1
CtVgCD90R1_TTAGTTCGTTGCCTCT-1,CtVgCD90R1
CtVgCD90R1_TTAGTTCTCCAAGTAC-1,CtVgCD90R1
CtVgCD90R1_TTAGTTCTCTTGTATC-1,CtVgCD90R1
CtVgCD90R1_TTATGCTAGACCGGAT-1,CtVgCD90R1
CtVgCD90R1_TTATGCTAGGAACTGC-1,CtVgCD90R1
CtVgCD90R1_TTATGCTGTCCAACTA-1,CtVgCD90R1
CtVgCD90R1_TTATGCTGTCTAGCCG-1,CtVgCD90R1
CtVgCD90R1_TTATGCTGTGACAAAT-1,CtVgCD90R1
CtVgCD90R1_TTATGCTGTTACGGAG-1,CtVgCD90R1
CtVgCD90R1_TTATGCTGTTAGAACA-1,CtVgCD90R1
CtVgCD90R1_TTATGCTGTTCGCGAC-1,CtVgCD90R1
CtVgCD90R1_TTATGCTTCTACCTGC-1,CtVgCD90R1
CtVgCD90R1_TTATGCTTCTATCCCG-1,CtVgCD90R1
CtVgCD90R1_TTATGCTTCTGCTGCT-1,CtVgCD90R1
CtVgCD90R1_TTATGCTTCTTGCATT-1,CtVgCD90R1
CtVgCD90R1_TTCCCAGAGACCGGAT-1,CtVgCD90R1
CtVgCD90R1_TTCCCAGAGCACACAG-1,CtVgCD90R1
CtVgCD90R1_TTCCCAGAGGTGGGTT-1,CtVgCD90R1
CtVgCD90R1_TTCCCAGCAAATCCGT-1,CtVgCD90R1
CtVgCD90R1_TTCCCAGCAAGAGTCG-1,CtVgCD90R1
CtVgCD90R1_TTCCCAGCAGACACTT-1,CtVgCD90R1
CtVgCD90R1_TTCCCAGCAGGGATTG-1,CtVgCD90R1
CtVgCD90R1_TTCCCAGCAGTATGCT-1,CtVgCD90R1
CtVgCD90R1_TTCCCAGCATATGCTG-1,CtVgCD90R1
CtVgCD90R1_TTCCCAGCATTCGACA-1,CtVgCD90R1
CtVgCD90R1_TTCCCAGGTAATCACC-1,CtVgCD90R1
CtVgCD90R1_TTCCCAGGTAGCTCCG-1,CtVgCD90R1
CtVgCD90R1_TTCCCAGGTATATCCG-1,CtVgCD90R1
CtVgCD90R1_TTCCCAGGTGATGTGG-1,CtVgCD90R1
CtVgCD90R1_TTCCCAGGTTCGCGAC-1,CtVgCD90R1
CtVgCD90R1_TTCCCAGTCACCTCGT-1,CtVgCD90R1
CtVgCD90R1_TTCCCAGTCGCGTAGC-1,CtVgCD90R1
CtVgCD90R1_TTCCCAGTCGTCGTTC-1,CtVgCD90R1
CtVgCD90R1_TTCGAAGAGAAGCCCA-1,CtVgCD90R1
CtVgCD90R1_TTCGAAGAGCAGCCTC-1,CtVgCD90R1
CtVgCD90R1_TTCGAAGAGCTACCTA-1,CtVgCD90R1
CtVgCD90R1_TTCGAAGAGTCGCCGT-1,CtVgCD90R1
CtVgCD90R1_TTCGAAGCACCGAAAG-1,CtVgCD90R1
CtVgCD90R1_TTCGAAGTCCAGTAGT-1,CtVgCD90R1
CtVgCD90R1_TTCGAAGTCGGTGTTA-1,CtVgCD90R1
CtVgCD90R1_TTCGAAGTCTGTTGAG-1,CtVgCD90R1
CtVgCD90R1_TTCGGTCAGGGTTTCT-1,CtVgCD90R1
CtVgCD90R1_TTCGGTCAGTGCGATG-1,CtVgCD90R1
CtVgCD90R1_TTCGGTCCAATGAATG-1,CtVgCD90R1
CtVgCD90R1_TTCGGTCCACGCTTTC-1,CtVgCD90R1
CtVgCD90R1_TTCGGTCCAGGAATCG-1,CtVgCD90R1
CtVgCD90R1_TTCGGTCCAGGCTGAA-1,CtVgCD90R1
CtVgCD90R1_TTCGGTCGTAGGCATG-1,CtVgCD90R1
CtVgCD90R1_TTCGGTCGTATATGGA-1,CtVgCD90R1
CtVgCD90R1_TTCGGTCGTTGATTCG-1,CtVgCD90R1
CtVgCD90R1_TTCGGTCTCATCGGAT-1,CtVgCD90R1
CtVgCD90R1_TTCGGTCTCCTACAGA-1,CtVgCD90R1
CtVgCD90R1_TTCGGTCTCCTGCCAT-1,CtVgCD90R1
CtVgCD90R1_TTCTACAAGGCATGTG-1,CtVgCD90R1
CtVgCD90R1_TTCTACAAGTCCTCCT-1,CtVgCD90R1
CtVgCD90R1_TTCTACACAGTTTACG-1,CtVgCD90R1
CtVgCD90R1_TTCTACATCAGTCAGT-1,CtVgCD90R1
CtVgCD90R1_TTCTACATCAGTTCGA-1,CtVgCD90R1
CtVgCD90R1_TTCTACATCGTTGCCT-1,CtVgCD90R1
CtVgCD90R1_TTCTCAAAGCCTATGT-1,CtVgCD90R1
CtVgCD90R1_TTCTCAAAGTGGAGTC-1,CtVgCD90R1
CtVgCD90R1_TTCTCAACAAGCCGCT-1,CtVgCD90R1
CtVgCD90R1_TTCTCAAGTAGCGCTC-1,CtVgCD90R1
CtVgCD90R1_TTCTCAAGTAGTACCT-1,CtVgCD90R1
CtVgCD90R1_TTCTCAAGTGATAAAC-1,CtVgCD90R1
CtVgCD90R1_TTCTCAAGTGTTCTTT-1,CtVgCD90R1
CtVgCD90R1_TTCTCAAGTTCGAATC-1,CtVgCD90R1
CtVgCD90R1_TTCTCAATCATTCACT-1,CtVgCD90R1
CtVgCD90R1_TTCTCAATCGAACTGT-1,CtVgCD90R1
CtVgCD90R1_TTCTCAATCGTTGCCT-1,CtVgCD90R1
CtVgCD90R1_TTCTCAATCTATCGCC-1,CtVgCD90R1
CtVgCD90R1_TTCTCAATCTATGTGG-1,CtVgCD90R1
CtVgCD90R1_TTCTCCTAGAGTGACC-1,CtVgCD90R1
CtVgCD90R1_TTCTCCTAGCAGCGTA-1,CtVgCD90R1
CtVgCD90R1_TTCTCCTAGCTCCTTC-1,CtVgCD90R1
CtVgCD90R1_TTCTCCTAGGGTTCCC-1,CtVgCD90R1
CtVgCD90R1_TTCTCCTCACGGATAG-1,CtVgCD90R1
CtVgCD90R1_TTCTCCTGTTATCCGA-1,CtVgCD90R1
CtVgCD90R1_TTCTTAGAGCGTGAAC-1,CtVgCD90R1
CtVgCD90R1_TTCTTAGAGTGCGATG-1,CtVgCD90R1
CtVgCD90R1_TTCTTAGCAACCGCCA-1,CtVgCD90R1
CtVgCD90R1_TTCTTAGCATCTACGA-1,CtVgCD90R1
CtVgCD90R1_TTCTTAGGTCCTCCAT-1,CtVgCD90R1
CtVgCD90R1_TTCTTAGGTGAAGGCT-1,CtVgCD90R1
CtVgCD90R1_TTCTTAGGTTGTTTGG-1,CtVgCD90R1
CtVgCD90R1_TTCTTAGTCAGGCGAA-1,CtVgCD90R1
CtVgCD90R1_TTCTTAGTCGCATGGC-1,CtVgCD90R1
CtVgCD90R1_TTGAACGAGCTGTCTA-1,CtVgCD90R1
CtVgCD90R1_TTGAACGCACAGTCGC-1,CtVgCD90R1
CtVgCD90R1_TTGAACGCACCGAATT-1,CtVgCD90R1
CtVgCD90R1_TTGAACGCAGGATTGG-1,CtVgCD90R1
CtVgCD90R1_TTGAACGCATTGTGCA-1,CtVgCD90R1
CtVgCD90R1_TTGAACGGTCATATGC-1,CtVgCD90R1
CtVgCD90R1_TTGAACGGTTCAGCGC-1,CtVgCD90R1
CtVgCD90R1_TTGACTTAGCCAGTAG-1,CtVgCD90R1
CtVgCD90R1_TTGACTTAGCGTTGCC-1,CtVgCD90R1
CtVgCD90R1_TTGACTTAGCTAGGCA-1,CtVgCD90R1
CtVgCD90R1_TTGACTTAGCTGCCCA-1,CtVgCD90R1
CtVgCD90R1_TTGACTTAGGCCATAG-1,CtVgCD90R1
CtVgCD90R1_TTGACTTAGTCATGCT-1,CtVgCD90R1
CtVgCD90R1_TTGACTTAGTCCAGGA-1,CtVgCD90R1
CtVgCD90R1_TTGACTTAGTGAAGTT-1,CtVgCD90R1
CtVgCD90R1_TTGACTTCAAAGCGGT-1,CtVgCD90R1
CtVgCD90R1_TTGACTTGTAAGAGAG-1,CtVgCD90R1
CtVgCD90R1_TTGACTTGTACGAAAT-1,CtVgCD90R1
CtVgCD90R1_TTGACTTGTCATACTG-1,CtVgCD90R1
CtVgCD90R1_TTGACTTGTCTAGGTT-1,CtVgCD90R1
CtVgCD90R1_TTGACTTGTTAGGGTG-1,CtVgCD90R1
CtVgCD90R1_TTGACTTTCCATGAGT-1,CtVgCD90R1
CtVgCD90R1_TTGACTTTCGCGTAGC-1,CtVgCD90R1
CtVgCD90R1_TTGCCGTAGAGATGAG-1,CtVgCD90R1
CtVgCD90R1_TTGCCGTCACTGCCAG-1,CtVgCD90R1
CtVgCD90R1_TTGCCGTGTCCCGACA-1,CtVgCD90R1
CtVgCD90R1_TTGCCGTGTGTTCGAT-1,CtVgCD90R1
CtVgCD90R1_TTGCCGTGTTACTGAC-1,CtVgCD90R1
CtVgCD90R1_TTGCCGTGTTCCCTTG-1,CtVgCD90R1
CtVgCD90R1_TTGCCGTGTTCGGCAC-1,CtVgCD90R1
CtVgCD90R1_TTGCCGTGTTGAACTC-1,CtVgCD90R1
CtVgCD90R1_TTGCCGTTCACAACGT-1,CtVgCD90R1
CtVgCD90R1_TTGCCGTTCGGAGCAA-1,CtVgCD90R1
CtVgCD90R1_TTGCCGTTCGTAGGAG-1,CtVgCD90R1
CtVgCD90R1_TTGCGTCAGTCATGCT-1,CtVgCD90R1
CtVgCD90R1_TTGCGTCCACTGTCGG-1,CtVgCD90R1
CtVgCD90R1_TTGCGTCTCGATCCCT-1,CtVgCD90R1
CtVgCD90R1_TTGCGTCTCGCATGGC-1,CtVgCD90R1
CtVgCD90R1_TTGGAACAGAAACCAT-1,CtVgCD90R1
CtVgCD90R1_TTGGAACAGAGACTTA-1,CtVgCD90R1
CtVgCD90R1_TTGGAACAGCCATCGC-1,CtVgCD90R1
CtVgCD90R1_TTGGAACCAAGTACCT-1,CtVgCD90R1
CtVgCD90R1_TTGGAACGTAGCCTCG-1,CtVgCD90R1
CtVgCD90R1_TTGGAACGTGACTCAT-1,CtVgCD90R1
CtVgCD90R1_TTGGAACGTGTGACCC-1,CtVgCD90R1
CtVgCD90R1_TTGGAACGTTCCCTTG-1,CtVgCD90R1
CtVgCD90R1_TTGGAACTCACCCTCA-1,CtVgCD90R1
CtVgCD90R1_TTGGAACTCAGCAACT-1,CtVgCD90R1
CtVgCD90R1_TTGGAACTCCGCAAGC-1,CtVgCD90R1
CtVgCD90R1_TTGGCAAAGAAACGCC-1,CtVgCD90R1
CtVgCD90R1_TTGGCAAAGGCAAAGA-1,CtVgCD90R1
CtVgCD90R1_TTGGCAAAGGCATGGT-1,CtVgCD90R1
CtVgCD90R1_TTGGCAAAGGCTCATT-1,CtVgCD90R1
CtVgCD90R1_TTGGCAACAACGATCT-1,CtVgCD90R1
CtVgCD90R1_TTGGCAACAACTGGCC-1,CtVgCD90R1
CtVgCD90R1_TTGGCAACACGTGAGA-1,CtVgCD90R1
CtVgCD90R1_TTGGCAACATCGGACC-1,CtVgCD90R1
CtVgCD90R1_TTGGCAAGTGCCTTGG-1,CtVgCD90R1
CtVgCD90R1_TTGGCAAGTGTTTGTG-1,CtVgCD90R1
CtVgCD90R1_TTGGCAATCAGTTTGG-1,CtVgCD90R1
CtVgCD90R1_TTGGCAATCGGAGCAA-1,CtVgCD90R1
CtVgCD90R1_TTGGCAATCTCGCTTG-1,CtVgCD90R1
CtVgCD90R1_TTGTAGGAGGACATTA-1,CtVgCD90R1
CtVgCD90R1_TTGTAGGCAATAGCAA-1,CtVgCD90R1
CtVgCD90R1_TTGTAGGCACTAGTAC-1,CtVgCD90R1
CtVgCD90R1_TTGTAGGCAGTACACT-1,CtVgCD90R1
CtVgCD90R1_TTGTAGGGTAGAGTGC-1,CtVgCD90R1
CtVgCD90R1_TTGTAGGGTCCAACTA-1,CtVgCD90R1
CtVgCD90R1_TTGTAGGGTCCGAATT-1,CtVgCD90R1
CtVgCD90R1_TTGTAGGGTTGTACAC-1,CtVgCD90R1
CtVgCD90R1_TTGTAGGTCAACACAC-1,CtVgCD90R1
CtVgCD90R1_TTGTAGGTCATATCGG-1,CtVgCD90R1
CtVgCD90R1_TTGTAGGTCGTAGGAG-1,CtVgCD90R1
CtVgCD90R1_TTTACTGAGAGCAATT-1,CtVgCD90R1
CtVgCD90R1_TTTACTGAGCGATATA-1,CtVgCD90R1
CtVgCD90R1_TTTACTGAGGCTACGA-1,CtVgCD90R1
CtVgCD90R1_TTTACTGCAAACAACA-1,CtVgCD90R1
CtVgCD90R1_TTTACTGCACACTGCG-1,CtVgCD90R1
CtVgCD90R1_TTTACTGCACTTACGA-1,CtVgCD90R1
CtVgCD90R1_TTTACTGCAGTATAAG-1,CtVgCD90R1
CtVgCD90R1_TTTACTGGTACAGTGG-1,CtVgCD90R1
CtVgCD90R1_TTTACTGTCACAGTAC-1,CtVgCD90R1
CtVgCD90R1_TTTACTGTCATGCATG-1,CtVgCD90R1
CtVgCD90R1_TTTACTGTCGACAGCC-1,CtVgCD90R1
CtVgCD90R1_TTTACTGTCTGGTGTA-1,CtVgCD90R1
CtVgCD90R1_TTTACTGTCTTGTCAT-1,CtVgCD90R1
CtVgCD90R1_TTTATGCAGACGCAAC-1,CtVgCD90R1
CtVgCD90R1_TTTATGCAGAGCTTCT-1,CtVgCD90R1
CtVgCD90R1_TTTATGCAGAGTGAGA-1,CtVgCD90R1
CtVgCD90R1_TTTATGCAGCCAGGAT-1,CtVgCD90R1
CtVgCD90R1_TTTATGCAGGACCACA-1,CtVgCD90R1
CtVgCD90R1_TTTATGCAGGCATGTG-1,CtVgCD90R1
CtVgCD90R1_TTTATGCAGGGATACC-1,CtVgCD90R1
CtVgCD90R1_TTTATGCCAATCGAAA-1,CtVgCD90R1
CtVgCD90R1_TTTATGCCAATGAATG-1,CtVgCD90R1
CtVgCD90R1_TTTATGCCAGAGCCAA-1,CtVgCD90R1
CtVgCD90R1_TTTATGCCAGATAATG-1,CtVgCD90R1
CtVgCD90R1_TTTATGCCAGGATCGA-1,CtVgCD90R1
CtVgCD90R1_TTTATGCCATCGATTG-1,CtVgCD90R1
CtVgCD90R1_TTTATGCGTAAATGAC-1,CtVgCD90R1
CtVgCD90R1_TTTATGCGTCAAACTC-1,CtVgCD90R1
CtVgCD90R1_TTTATGCGTCACTTCC-1,CtVgCD90R1
CtVgCD90R1_TTTATGCGTGACTACT-1,CtVgCD90R1
CtVgCD90R1_TTTATGCGTGTGGCTC-1,CtVgCD90R1
CtVgCD90R1_TTTATGCGTTGAGGTG-1,CtVgCD90R1
CtVgCD90R1_TTTATGCTCCACGAAT-1,CtVgCD90R1
CtVgCD90R1_TTTATGCTCCCTAATT-1,CtVgCD90R1
CtVgCD90R1_TTTCCTCAGAGGGCTT-1,CtVgCD90R1
CtVgCD90R1_TTTCCTCAGCTAGTTC-1,CtVgCD90R1
CtVgCD90R1_TTTCCTCCAAGTAATG-1,CtVgCD90R1
CtVgCD90R1_TTTCCTCCAGCCACCA-1,CtVgCD90R1
CtVgCD90R1_TTTCCTCGTAGCAAAT-1,CtVgCD90R1
CtVgCD90R1_TTTCCTCGTGCACCAC-1,CtVgCD90R1
CtVgCD90R1_TTTCCTCTCATACGGT-1,CtVgCD90R1
CtVgCD90R1_TTTCCTCTCATGTCTT-1,CtVgCD90R1
CtVgCD90R1_TTTGCGCAGATATGCA-1,CtVgCD90R1
CtVgCD90R1_TTTGCGCAGCTAGTGG-1,CtVgCD90R1
CtVgCD90R1_TTTGCGCAGGCGACAT-1,CtVgCD90R1
CtVgCD90R1_TTTGCGCAGGCTCTTA-1,CtVgCD90R1
CtVgCD90R1_TTTGCGCAGGGTATCG-1,CtVgCD90R1
CtVgCD90R1_TTTGCGCAGTTAGGTA-1,CtVgCD90R1
CtVgCD90R1_TTTGCGCCAGTGGGAT-1,CtVgCD90R1
CtVgCD90R1_TTTGCGCCATTCTTAC-1,CtVgCD90R1
CtVgCD90R1_TTTGCGCGTAATCGTC-1,CtVgCD90R1
CtVgCD90R1_TTTGCGCGTACTCAAC-1,CtVgCD90R1
CtVgCD90R1_TTTGCGCGTGTGACGA-1,CtVgCD90R1
CtVgCD90R1_TTTGCGCTCAGTTTGG-1,CtVgCD90R1
CtVgCD90R1_TTTGCGCTCATAGCAC-1,CtVgCD90R1
CtVgCD90R1_TTTGCGCTCCGATATG-1,CtVgCD90R1
CtVgCD90R1_TTTGCGCTCGCTAGCG-1,CtVgCD90R1
CtVgCD90R1_TTTGCGCTCGCTTAGA-1,CtVgCD90R1
CtVgCD90R1_TTTGGTTAGGACTGGT-1,CtVgCD90R1
CtVgCD90R1_TTTGGTTAGGCCATAG-1,CtVgCD90R1
CtVgCD90R1_TTTGGTTAGGCTCAGA-1,CtVgCD90R1
CtVgCD90R1_TTTGGTTCAAAGCAAT-1,CtVgCD90R1
CtVgCD90R1_TTTGGTTCACCTCGGA-1,CtVgCD90R1
CtVgCD90R1_TTTGGTTCAGTGGAGT-1,CtVgCD90R1
CtVgCD90R1_TTTGGTTCATCGGACC-1,CtVgCD90R1
CtVgCD90R1_TTTGGTTGTCTAGCGC-1,CtVgCD90R1
CtVgCD90R1_TTTGGTTGTGTGACGA-1,CtVgCD90R1
CtVgCD90R1_TTTGGTTGTTAAAGAC-1,CtVgCD90R1
CtVgCD90R1_TTTGGTTGTTGCGTTA-1,CtVgCD90R1
CtVgCD90R1_TTTGGTTTCACGATGT-1,CtVgCD90R1
CtVgCD90R1_TTTGGTTTCCAGAAGG-1,CtVgCD90R1
CtVgCD90R1_TTTGGTTTCCAGTATG-1,CtVgCD90R1
CtVgCD90R1_TTTGGTTTCGCAGGCT-1,CtVgCD90R1
CtVgCD90R1_TTTGGTTTCGCCAGCA-1,CtVgCD90R1
CtVgCD90R1_TTTGGTTTCGCCCTTA-1,CtVgCD90R1
CtVgCD90R1_TTTGTCAAGGCTCAGA-1,CtVgCD90R1
CtVgCD90R1_TTTGTCAAGTACGATA-1,CtVgCD90R1
CtVgCD90R1_TTTGTCAAGTCAAGGC-1,CtVgCD90R1
CtVgCD90R1_TTTGTCACATACGCTA-1,CtVgCD90R1
CtVgCD90R1_TTTGTCAGTTCGGCAC-1,CtVgCD90R1
CtVgCD90R1_TTTGTCAGTTTCCACC-1,CtVgCD90R1
CtVgCD90R1_TTTGTCATCAAGGTAA-1,CtVgCD90R1
CtVgCD90R1_TTTGTCATCCCTAACC-1,CtVgCD90R1
