cell,library
CrVg2wCD45CD90R1_AAACCTGCATTGAGCT-1,CrVg2wCD45CD90R1
CrVg2wCD45CD90R1_AAAGTAGCATGGATGG-1,CrVg2wCD45CD90R1
CrVg2wCD45CD90R1_AACCATGTCACCGGGT-1,CrVg2wCD45CD90R1
CrVg2wCD45CD90R1_AACCATGTCAGGTTCA-1,CrVg2wCD45CD90R1
CrVg2wCD45CD90R1_AACTCAGTCTAAGCCA-1,CrVg2wCD45CD90R1
CrVg2wCD45CD90R1_AACTCCCGTCCTGCTT-1,CrVg2wCD45CD90R1
CrVg2wCD45CD90R1_AACTCCCTCCGTACAA-1,CrVg2wCD45CD90R1
CrVg2wCD45CD90R1_AACTCTTTCGTGGTCG-1,CrVg2wCD45CD90R1
CrVg2wCD45CD90R1_AACTTTCTCAATACCG-1,CrVg2wCD45CD90R1
CrVg2wCD45CD90R1_AAGCCGCGTCGAATCT-1,CrVg2wCD45CD90R1
CrVg2wCD45CD90R1_AAGCCGCTCGTTGACA-1,CrVg2wCD45CD90R1
CrVg2wCD45CD90R1_AAGGCAGAGAGGTTAT-1,CrVg2wCD45CD90R1
CrVg2wCD45CD90R1_AAGGTTCGTGCAGGTA-1,CrVg2wCD45CD90R1
CrVg2wCD45CD90R1_ACACCGGAGGATGGTC-1,CrVg2wCD45CD90R1
CrVg2wCD45CD90R1_ACAGCCGTCCAGAGGA-1,CrVg2wCD45CD90R1
CrVg2wCD45CD90R1_ACCCACTTCGGCGCTA-1,CrVg2wCD45CD90R1
CrVg2wCD45CD90R1_ACGAGCCGTCATGCAT-1,CrVg2wCD45CD90R1
CrVg2wCD45CD90R1_ACGATACAGGAGTTTA-1,CrVg2wCD45CD90R1
CrVg2wCD45CD90R1_ACGATGTGTAATAGCA-1,CrVg2wCD45CD90R1
CrVg2wCD45CD90R1_ACGCAGCGTCACCCAG-1,CrVg2wCD45CD90R1
CrVg2wCD45CD90R1_ACGCCAGAGCAGGTCA-1,CrVg2wCD45CD90R1
CrVg2wCD45CD90R1_ACGCCAGAGGCAGTCA-1,CrVg2wCD45CD90R1
CrVg2wCD45CD90R1_ACGCCAGCATTAGCCA-1,CrVg2wCD45CD90R1
CrVg2wCD45CD90R1_ACGCCAGTCCACTCCA-1,CrVg2wCD45CD90R1
CrVg2wCD45CD90R1_ACGGAGAAGGGTGTTG-1,CrVg2wCD45CD90R1
CrVg2wCD45CD90R1_ACGGAGAGTAACGTTC-1,CrVg2wCD45CD90R1
CrVg2wCD45CD90R1_ACGGCCAGTGACCAAG-1,CrVg2wCD45CD90R1
CrVg2wCD45CD90R1_ACGGGCTAGCCGCCTA-1,CrVg2wCD45CD90R1
CrVg2wCD45CD90R1_ACGGGCTCACCATCCT-1,CrVg2wCD45CD90R1
CrVg2wCD45CD90R1_ACGGGCTGTGCAGGTA-1,CrVg2wCD45CD90R1
CrVg2wCD45CD90R1_ACGTCAATCGCATGGC-1,CrVg2wCD45CD90R1
CrVg2wCD45CD90R1_ACTGCTCTCTTGCATT-1,CrVg2wCD45CD90R1
CrVg2wCD45CD90R1_ACTGTCCCATGGTTGT-1,CrVg2wCD45CD90R1
CrVg2wCD45CD90R1_ACTTACTTCTATGTGG-1,CrVg2wCD45CD90R1
CrVg2wCD45CD90R1_ACTTTCAGTGGCAAAC-1,CrVg2wCD45CD90R1
CrVg2wCD45CD90R1_AGAATAGTCTGTCCGT-1,CrVg2wCD45CD90R1
CrVg2wCD45CD90R1_AGAGCGACATTAGCCA-1,CrVg2wCD45CD90R1
CrVg2wCD45CD90R1_AGCATACAGAACAATC-1,CrVg2wCD45CD90R1
CrVg2wCD45CD90R1_AGCATACAGGGATACC-1,CrVg2wCD45CD90R1
CrVg2wCD45CD90R1_AGCATACCAGGGTATG-1,CrVg2wCD45CD90R1
CrVg2wCD45CD90R1_AGCCTAAGTGGCCCTA-1,CrVg2wCD45CD90R1
CrVg2wCD45CD90R1_AGCGTATAGTGGAGTC-1,CrVg2wCD45CD90R1
CrVg2wCD45CD90R1_AGCGTCGTCAACGGCC-1,CrVg2wCD45CD90R1
CrVg2wCD45CD90R1_AGCTCCTTCCGCATAA-1,CrVg2wCD45CD90R1
CrVg2wCD45CD90R1_AGCTCTCCACGAGGTA-1,CrVg2wCD45CD90R1
CrVg2wCD45CD90R1_AGGCCGTAGGGAACGG-1,CrVg2wCD45CD90R1
CrVg2wCD45CD90R1_AGGGATGTCTAAGCCA-1,CrVg2wCD45CD90R1
CrVg2wCD45CD90R1_AGGGATGTCTTGACGA-1,CrVg2wCD45CD90R1
CrVg2wCD45CD90R1_AGGGTGAAGCGAGAAA-1,CrVg2wCD45CD90R1
CrVg2wCD45CD90R1_AGGTCCGCAGGCGATA-1,CrVg2wCD45CD90R1
CrVg2wCD45CD90R1_AGTAGTCGTGGTACAG-1,CrVg2wCD45CD90R1
CrVg2wCD45CD90R1_AGTCTTTAGACTACAA-1,CrVg2wCD45CD90R1
CrVg2wCD45CD90R1_AGTCTTTTCATAGCAC-1,CrVg2wCD45CD90R1
CrVg2wCD45CD90R1_AGTGAGGCACTACAGT-1,CrVg2wCD45CD90R1
CrVg2wCD45CD90R1_AGTGGGAGTGTGACCC-1,CrVg2wCD45CD90R1
CrVg2wCD45CD90R1_AGTGTCAGTATCGCAT-1,CrVg2wCD45CD90R1
CrVg2wCD45CD90R1_AGTGTCATCTGGTATG-1,CrVg2wCD45CD90R1
CrVg2wCD45CD90R1_ATAAGAGAGCAGCGTA-1,CrVg2wCD45CD90R1
CrVg2wCD45CD90R1_ATAAGAGCACAGACAG-1,CrVg2wCD45CD90R1
CrVg2wCD45CD90R1_ATAGACCGTATAGGGC-1,CrVg2wCD45CD90R1
CrVg2wCD45CD90R1_ATAGACCGTTTGACAC-1,CrVg2wCD45CD90R1
CrVg2wCD45CD90R1_ATCACGAAGCCACGCT-1,CrVg2wCD45CD90R1
CrVg2wCD45CD90R1_ATCACGAGTTTAGGAA-1,CrVg2wCD45CD90R1
CrVg2wCD45CD90R1_ATCATCTAGGATCGCA-1,CrVg2wCD45CD90R1
CrVg2wCD45CD90R1_ATCATCTGTCTCCACT-1,CrVg2wCD45CD90R1
CrVg2wCD45CD90R1_ATCATGGGTACTTGAC-1,CrVg2wCD45CD90R1
CrVg2wCD45CD90R1_ATCTACTTCACCGGGT-1,CrVg2wCD45CD90R1
CrVg2wCD45CD90R1_ATGAGGGAGATAGTCA-1,CrVg2wCD45CD90R1
CrVg2wCD45CD90R1_ATGCGATTCAACACGT-1,CrVg2wCD45CD90R1
CrVg2wCD45CD90R1_ATGGGAGTCGTACCGG-1,CrVg2wCD45CD90R1
CrVg2wCD45CD90R1_ATGTGTGGTGCAACGA-1,CrVg2wCD45CD90R1
CrVg2wCD45CD90R1_CAACCAACAAGCTGAG-1,CrVg2wCD45CD90R1
CrVg2wCD45CD90R1_CAACCTCAGATATACG-1,CrVg2wCD45CD90R1
CrVg2wCD45CD90R1_CAACCTCTCTGGCGAC-1,CrVg2wCD45CD90R1
CrVg2wCD45CD90R1_CAACTAGGTGTCGCTG-1,CrVg2wCD45CD90R1
CrVg2wCD45CD90R1_CAACTAGTCCGCAAGC-1,CrVg2wCD45CD90R1
CrVg2wCD45CD90R1_CAAGATCAGGCACATG-1,CrVg2wCD45CD90R1
CrVg2wCD45CD90R1_CAAGATCGTAACGTTC-1,CrVg2wCD45CD90R1
CrVg2wCD45CD90R1_CACACCTGTCTGCAAT-1,CrVg2wCD45CD90R1
CrVg2wCD45CD90R1_CACACTCAGTCCGGTC-1,CrVg2wCD45CD90R1
CrVg2wCD45CD90R1_CACAGGCGTCCAGTGC-1,CrVg2wCD45CD90R1
CrVg2wCD45CD90R1_CACATTTCAATGGAGC-1,CrVg2wCD45CD90R1
CrVg2wCD45CD90R1_CACATTTGTTCCCTTG-1,CrVg2wCD45CD90R1
CrVg2wCD45CD90R1_CACCACTTCGTTTATC-1,CrVg2wCD45CD90R1
CrVg2wCD45CD90R1_CACCAGGTCTCCAACC-1,CrVg2wCD45CD90R1
CrVg2wCD45CD90R1_CACCTTGAGAAACCTA-1,CrVg2wCD45CD90R1
CrVg2wCD45CD90R1_CACTCCAGTTAAAGAC-1,CrVg2wCD45CD90R1
CrVg2wCD45CD90R1_CAGAATCAGGTGACCA-1,CrVg2wCD45CD90R1
CrVg2wCD45CD90R1_CAGAATCAGTTCGCAT-1,CrVg2wCD45CD90R1
CrVg2wCD45CD90R1_CAGAATCTCAAACAAG-1,CrVg2wCD45CD90R1
CrVg2wCD45CD90R1_CAGAATCTCATAGCAC-1,CrVg2wCD45CD90R1
CrVg2wCD45CD90R1_CAGAGAGGTCCGTTAA-1,CrVg2wCD45CD90R1
CrVg2wCD45CD90R1_CAGATCATCGAGCCCA-1,CrVg2wCD45CD90R1
CrVg2wCD45CD90R1_CAGCTAAAGTGGAGAA-1,CrVg2wCD45CD90R1
CrVg2wCD45CD90R1_CAGCTAAGTGACCAAG-1,CrVg2wCD45CD90R1
CrVg2wCD45CD90R1_CAGCTGGAGATCACGG-1,CrVg2wCD45CD90R1
CrVg2wCD45CD90R1_CAGTAACAGGCATGGT-1,CrVg2wCD45CD90R1
CrVg2wCD45CD90R1_CATCAGATCAATACCG-1,CrVg2wCD45CD90R1
CrVg2wCD45CD90R1_CATCGAACAATCCGAT-1,CrVg2wCD45CD90R1
CrVg2wCD45CD90R1_CATCGGGAGTCATCCA-1,CrVg2wCD45CD90R1
CrVg2wCD45CD90R1_CATCGGGTCACGACTA-1,CrVg2wCD45CD90R1
CrVg2wCD45CD90R1_CATGACAAGCTAAGAT-1,CrVg2wCD45CD90R1
CrVg2wCD45CD90R1_CATGGCGCAGTCCTTC-1,CrVg2wCD45CD90R1
CrVg2wCD45CD90R1_CATTATCTCAATCTCT-1,CrVg2wCD45CD90R1
CrVg2wCD45CD90R1_CATTCGCCACCAGTTA-1,CrVg2wCD45CD90R1
CrVg2wCD45CD90R1_CCAATCCGTCTCTCTG-1,CrVg2wCD45CD90R1
CrVg2wCD45CD90R1_CCACCTACAATGGAAT-1,CrVg2wCD45CD90R1
CrVg2wCD45CD90R1_CCACCTATCTCAAGTG-1,CrVg2wCD45CD90R1
CrVg2wCD45CD90R1_CCACCTATCTGCAAGT-1,CrVg2wCD45CD90R1
CrVg2wCD45CD90R1_CCACGGATCTTGTCAT-1,CrVg2wCD45CD90R1
CrVg2wCD45CD90R1_CCATGTCAGTAGGCCA-1,CrVg2wCD45CD90R1
CrVg2wCD45CD90R1_CCATGTCTCGAATCCA-1,CrVg2wCD45CD90R1
CrVg2wCD45CD90R1_CCCTCCTGTCAGCTAT-1,CrVg2wCD45CD90R1
CrVg2wCD45CD90R1_CCGTGGATCATTATCC-1,CrVg2wCD45CD90R1
CrVg2wCD45CD90R1_CCGTTCACATCCCACT-1,CrVg2wCD45CD90R1
CrVg2wCD45CD90R1_CCGTTCAGTGCATCTA-1,CrVg2wCD45CD90R1
CrVg2wCD45CD90R1_CCTACCATCGAGAACG-1,CrVg2wCD45CD90R1
CrVg2wCD45CD90R1_CCTTACGTCGCAAACT-1,CrVg2wCD45CD90R1
CrVg2wCD45CD90R1_CCTTCCCAGGTGATTA-1,CrVg2wCD45CD90R1
CrVg2wCD45CD90R1_CCTTTCTCACTATCTT-1,CrVg2wCD45CD90R1
CrVg2wCD45CD90R1_CCTTTCTGTATTACCG-1,CrVg2wCD45CD90R1
CrVg2wCD45CD90R1_CCTTTCTTCCGTTGTC-1,CrVg2wCD45CD90R1
CrVg2wCD45CD90R1_CGAATGTAGGGATCTG-1,CrVg2wCD45CD90R1
CrVg2wCD45CD90R1_CGAATGTCATCATCCC-1,CrVg2wCD45CD90R1
CrVg2wCD45CD90R1_CGACCTTCATCACAAC-1,CrVg2wCD45CD90R1
CrVg2wCD45CD90R1_CGAGAAGCAAACTGTC-1,CrVg2wCD45CD90R1
CrVg2wCD45CD90R1_CGAGAAGCAGTTTACG-1,CrVg2wCD45CD90R1
CrVg2wCD45CD90R1_CGATGTAAGAAGGCCT-1,CrVg2wCD45CD90R1
CrVg2wCD45CD90R1_CGATTGAAGTTCGCAT-1,CrVg2wCD45CD90R1
CrVg2wCD45CD90R1_CGCGGTAGTAAACCTC-1,CrVg2wCD45CD90R1
CrVg2wCD45CD90R1_CGCTTCAGTTGATTCG-1,CrVg2wCD45CD90R1
CrVg2wCD45CD90R1_CGGACACTCGAACGGA-1,CrVg2wCD45CD90R1
CrVg2wCD45CD90R1_CGGACTGGTGCGGTAA-1,CrVg2wCD45CD90R1
CrVg2wCD45CD90R1_CGGAGCTGTCGACTGC-1,CrVg2wCD45CD90R1
CrVg2wCD45CD90R1_CGGCTAGCAGCTTCGG-1,CrVg2wCD45CD90R1
CrVg2wCD45CD90R1_CGGGTCAAGTGCGTGA-1,CrVg2wCD45CD90R1
CrVg2wCD45CD90R1_CGGTTAAGTGCGATAG-1,CrVg2wCD45CD90R1
CrVg2wCD45CD90R1_CGTAGCGGTTCCTCCA-1,CrVg2wCD45CD90R1
CrVg2wCD45CD90R1_CGTCACTCAAAGTGCG-1,CrVg2wCD45CD90R1
CrVg2wCD45CD90R1_CGTCACTTCGGAAATA-1,CrVg2wCD45CD90R1
CrVg2wCD45CD90R1_CGTCAGGAGGGTTCCC-1,CrVg2wCD45CD90R1
CrVg2wCD45CD90R1_CGTCAGGAGTGTCCCG-1,CrVg2wCD45CD90R1
CrVg2wCD45CD90R1_CGTCCATTCATCACCC-1,CrVg2wCD45CD90R1
CrVg2wCD45CD90R1_CGTGAGCTCAGGCCCA-1,CrVg2wCD45CD90R1
CrVg2wCD45CD90R1_CGTGTCTCATCGATTG-1,CrVg2wCD45CD90R1
CrVg2wCD45CD90R1_CGTGTCTGTCTCCATC-1,CrVg2wCD45CD90R1
CrVg2wCD45CD90R1_CGTTCTGTCTTCCTTC-1,CrVg2wCD45CD90R1
CrVg2wCD45CD90R1_CGTTGGGTCGATAGAA-1,CrVg2wCD45CD90R1
CrVg2wCD45CD90R1_CTAACTTAGAGGTTGC-1,CrVg2wCD45CD90R1
CrVg2wCD45CD90R1_CTAAGACCAAACTGCT-1,CrVg2wCD45CD90R1
CrVg2wCD45CD90R1_CTACACCAGCGATGAC-1,CrVg2wCD45CD90R1
CrVg2wCD45CD90R1_CTACGTCCAGTCTTCC-1,CrVg2wCD45CD90R1
CrVg2wCD45CD90R1_CTACGTCGTAGCGATG-1,CrVg2wCD45CD90R1
CrVg2wCD45CD90R1_CTAGCCTAGAGGTACC-1,CrVg2wCD45CD90R1
CrVg2wCD45CD90R1_CTAGTGAGTCAACTGT-1,CrVg2wCD45CD90R1
CrVg2wCD45CD90R1_CTCACACAGAGGGCTT-1,CrVg2wCD45CD90R1
CrVg2wCD45CD90R1_CTCATTAGTTCACGGC-1,CrVg2wCD45CD90R1
CrVg2wCD45CD90R1_CTGAAACTCTTCTGGC-1,CrVg2wCD45CD90R1
CrVg2wCD45CD90R1_CTGAAGTTCCTAGGGC-1,CrVg2wCD45CD90R1
CrVg2wCD45CD90R1_CTGCCTATCGTGGGAA-1,CrVg2wCD45CD90R1
CrVg2wCD45CD90R1_CTGCGGATCGTACGGC-1,CrVg2wCD45CD90R1
CrVg2wCD45CD90R1_CTGGTCTCATGGTAGG-1,CrVg2wCD45CD90R1
CrVg2wCD45CD90R1_CTGTGCTAGAGGACGG-1,CrVg2wCD45CD90R1
CrVg2wCD45CD90R1_CTGTTTAGTGCAGACA-1,CrVg2wCD45CD90R1
CrVg2wCD45CD90R1_CTTGGCTGTCTAAAGA-1,CrVg2wCD45CD90R1
CrVg2wCD45CD90R1_GAAACTCGTCTTGTCC-1,CrVg2wCD45CD90R1
CrVg2wCD45CD90R1_GAAATGAGTGTGCGTC-1,CrVg2wCD45CD90R1
CrVg2wCD45CD90R1_GAACATCCAGGCGATA-1,CrVg2wCD45CD90R1
CrVg2wCD45CD90R1_GAACGGAAGCACACAG-1,CrVg2wCD45CD90R1
CrVg2wCD45CD90R1_GAACGGAAGCCGTCGT-1,CrVg2wCD45CD90R1
CrVg2wCD45CD90R1_GAATAAGGTAAGAGGA-1,CrVg2wCD45CD90R1
CrVg2wCD45CD90R1_GAATAAGGTCAAACTC-1,CrVg2wCD45CD90R1
CrVg2wCD45CD90R1_GACAGAGTCGCCTGAG-1,CrVg2wCD45CD90R1
CrVg2wCD45CD90R1_GACAGAGTCTCGAGTA-1,CrVg2wCD45CD90R1
CrVg2wCD45CD90R1_GACCTGGCATGGAATA-1,CrVg2wCD45CD90R1
CrVg2wCD45CD90R1_GACGGCTAGGAGTCTG-1,CrVg2wCD45CD90R1
CrVg2wCD45CD90R1_GACGGCTCACAGGAGT-1,CrVg2wCD45CD90R1
CrVg2wCD45CD90R1_GACGGCTGTATTCGTG-1,CrVg2wCD45CD90R1
CrVg2wCD45CD90R1_GACGGCTGTTTGACAC-1,CrVg2wCD45CD90R1
CrVg2wCD45CD90R1_GACGTGCCAGTAAGAT-1,CrVg2wCD45CD90R1
CrVg2wCD45CD90R1_GACTACATCACTCCTG-1,CrVg2wCD45CD90R1
CrVg2wCD45CD90R1_GAGTCCGCAATGTAAG-1,CrVg2wCD45CD90R1
CrVg2wCD45CD90R1_GATCGTACAACTGCGC-1,CrVg2wCD45CD90R1
CrVg2wCD45CD90R1_GATCGTATCGTCACGG-1,CrVg2wCD45CD90R1
CrVg2wCD45CD90R1_GATGAAAAGATATGCA-1,CrVg2wCD45CD90R1
CrVg2wCD45CD90R1_GATGCTACACGGTGTC-1,CrVg2wCD45CD90R1
CrVg2wCD45CD90R1_GCAATCAGTCGAGTTT-1,CrVg2wCD45CD90R1
CrVg2wCD45CD90R1_GCACATAGTCGAACAG-1,CrVg2wCD45CD90R1
CrVg2wCD45CD90R1_GCAGCCAAGTACGACG-1,CrVg2wCD45CD90R1
CrVg2wCD45CD90R1_GCAGTTATCCCAAGAT-1,CrVg2wCD45CD90R1
CrVg2wCD45CD90R1_GCATACAAGCATGGCA-1,CrVg2wCD45CD90R1
CrVg2wCD45CD90R1_GCATACACAAAGGCGT-1,CrVg2wCD45CD90R1
CrVg2wCD45CD90R1_GCATGATTCAGGATCT-1,CrVg2wCD45CD90R1
CrVg2wCD45CD90R1_GCATGTAAGTACGCCC-1,CrVg2wCD45CD90R1
CrVg2wCD45CD90R1_GCGACCACAAGCCTAT-1,CrVg2wCD45CD90R1
CrVg2wCD45CD90R1_GCGACCAGTTAGTGGG-1,CrVg2wCD45CD90R1
CrVg2wCD45CD90R1_GCGCAACTCGGAAATA-1,CrVg2wCD45CD90R1
CrVg2wCD45CD90R1_GCGCAGTTCCCTTGCA-1,CrVg2wCD45CD90R1
CrVg2wCD45CD90R1_GCGGGTTAGCCACTAT-1,CrVg2wCD45CD90R1
CrVg2wCD45CD90R1_GCTCCTAAGCGGCTTC-1,CrVg2wCD45CD90R1
CrVg2wCD45CD90R1_GCTCTGTTCCTCTAGC-1,CrVg2wCD45CD90R1
CrVg2wCD45CD90R1_GCTGCAGTCTTCAACT-1,CrVg2wCD45CD90R1
CrVg2wCD45CD90R1_GCTGGGTGTTCGTTGA-1,CrVg2wCD45CD90R1
CrVg2wCD45CD90R1_GCTTCCAGTTGTTTGG-1,CrVg2wCD45CD90R1
CrVg2wCD45CD90R1_GCTTGAAAGATACACA-1,CrVg2wCD45CD90R1
CrVg2wCD45CD90R1_GCTTGAACAGTAAGAT-1,CrVg2wCD45CD90R1
CrVg2wCD45CD90R1_GGAACTTAGTCATGCT-1,CrVg2wCD45CD90R1
CrVg2wCD45CD90R1_GGAACTTCATGTCGAT-1,CrVg2wCD45CD90R1
CrVg2wCD45CD90R1_GGAACTTGTAGATTAG-1,CrVg2wCD45CD90R1
CrVg2wCD45CD90R1_GGAATAACACGTCTCT-1,CrVg2wCD45CD90R1
CrVg2wCD45CD90R1_GGAATAAGTAAGGGCT-1,CrVg2wCD45CD90R1
CrVg2wCD45CD90R1_GGAATAAGTCGAGATG-1,CrVg2wCD45CD90R1
CrVg2wCD45CD90R1_GGACATTTCATGGTCA-1,CrVg2wCD45CD90R1
CrVg2wCD45CD90R1_GGACGTCTCTGTCTCG-1,CrVg2wCD45CD90R1
CrVg2wCD45CD90R1_GGAGCAAAGGTAGCCA-1,CrVg2wCD45CD90R1
CrVg2wCD45CD90R1_GGAGCAAGTGGGTCAA-1,CrVg2wCD45CD90R1
CrVg2wCD45CD90R1_GGCAATTAGCCATCGC-1,CrVg2wCD45CD90R1
CrVg2wCD45CD90R1_GGCCGATAGCCCTAAT-1,CrVg2wCD45CD90R1
CrVg2wCD45CD90R1_GGCTGGTAGAAGGTGA-1,CrVg2wCD45CD90R1
CrVg2wCD45CD90R1_GGCTGGTGTAAGTGGC-1,CrVg2wCD45CD90R1
CrVg2wCD45CD90R1_GGGAGATAGCAGACTG-1,CrVg2wCD45CD90R1
CrVg2wCD45CD90R1_GGGAGATTCGGACAAG-1,CrVg2wCD45CD90R1
CrVg2wCD45CD90R1_GGGCACTTCTATCCTA-1,CrVg2wCD45CD90R1
CrVg2wCD45CD90R1_GGGCATCCAAGCGATG-1,CrVg2wCD45CD90R1
CrVg2wCD45CD90R1_GGGTCTGAGGCACATG-1,CrVg2wCD45CD90R1
CrVg2wCD45CD90R1_GGGTCTGGTCGACTAT-1,CrVg2wCD45CD90R1
CrVg2wCD45CD90R1_GGTGAAGCATTGGCGC-1,CrVg2wCD45CD90R1
CrVg2wCD45CD90R1_GGTGAAGTCTCGTATT-1,CrVg2wCD45CD90R1
CrVg2wCD45CD90R1_GTAACGTCAGCTCGAC-1,CrVg2wCD45CD90R1
CrVg2wCD45CD90R1_GTAACGTTCACATGCA-1,CrVg2wCD45CD90R1
CrVg2wCD45CD90R1_GTAACTGGTGTAAGTA-1,CrVg2wCD45CD90R1
CrVg2wCD45CD90R1_GTAACTGGTTCAGCGC-1,CrVg2wCD45CD90R1
CrVg2wCD45CD90R1_GTACTCCAGCCGATTT-1,CrVg2wCD45CD90R1
CrVg2wCD45CD90R1_GTACTCCCAGGACCCT-1,CrVg2wCD45CD90R1
CrVg2wCD45CD90R1_GTAGTCACATCGTCGG-1,CrVg2wCD45CD90R1
CrVg2wCD45CD90R1_GTATCTTGTCAATGTC-1,CrVg2wCD45CD90R1
CrVg2wCD45CD90R1_GTCAAGTTCCGGGTGT-1,CrVg2wCD45CD90R1
CrVg2wCD45CD90R1_GTCGGGTAGAGGGATA-1,CrVg2wCD45CD90R1
CrVg2wCD45CD90R1_GTCGGGTCATGCAACT-1,CrVg2wCD45CD90R1
CrVg2wCD45CD90R1_GTCGTAAGTTCGTTGA-1,CrVg2wCD45CD90R1
CrVg2wCD45CD90R1_GTCTTCGTCAACACAC-1,CrVg2wCD45CD90R1
CrVg2wCD45CD90R1_GTGAAGGTCTGTCAAG-1,CrVg2wCD45CD90R1
CrVg2wCD45CD90R1_GTGCATAGTGTTCTTT-1,CrVg2wCD45CD90R1
CrVg2wCD45CD90R1_GTGCGGTGTTCCCTTG-1,CrVg2wCD45CD90R1
CrVg2wCD45CD90R1_GTGCTTCAGCCGTCGT-1,CrVg2wCD45CD90R1
CrVg2wCD45CD90R1_GTGTTAGCAAATACAG-1,CrVg2wCD45CD90R1
CrVg2wCD45CD90R1_GTTAAGCCACCCTATC-1,CrVg2wCD45CD90R1
CrVg2wCD45CD90R1_GTTACAGAGTTACCCA-1,CrVg2wCD45CD90R1
CrVg2wCD45CD90R1_GTTCATTCAATCACAC-1,CrVg2wCD45CD90R1
CrVg2wCD45CD90R1_GTTCATTGTACGAAAT-1,CrVg2wCD45CD90R1
CrVg2wCD45CD90R1_GTTCTCGGTGAGGCTA-1,CrVg2wCD45CD90R1
CrVg2wCD45CD90R1_GTTCTCGTCTCCCTGA-1,CrVg2wCD45CD90R1
CrVg2wCD45CD90R1_TAAACCGAGTCAATAG-1,CrVg2wCD45CD90R1
CrVg2wCD45CD90R1_TAAGAGACATGACATC-1,CrVg2wCD45CD90R1
CrVg2wCD45CD90R1_TAAGAGATCTCCAGGG-1,CrVg2wCD45CD90R1
CrVg2wCD45CD90R1_TAAGTGCTCACTCTTA-1,CrVg2wCD45CD90R1
CrVg2wCD45CD90R1_TACAGTGGTTCCGTCT-1,CrVg2wCD45CD90R1
CrVg2wCD45CD90R1_TACCTATCAGAGCCAA-1,CrVg2wCD45CD90R1
CrVg2wCD45CD90R1_TACGGATCAGGTTTCA-1,CrVg2wCD45CD90R1
CrVg2wCD45CD90R1_TACGGTAGTTGTTTGG-1,CrVg2wCD45CD90R1
CrVg2wCD45CD90R1_TACTCATCAAAGAATC-1,CrVg2wCD45CD90R1
CrVg2wCD45CD90R1_TACTCGCGTACAAGTA-1,CrVg2wCD45CD90R1
CrVg2wCD45CD90R1_TACTCGCTCTCCTATA-1,CrVg2wCD45CD90R1
CrVg2wCD45CD90R1_TACTTACAGACATAAC-1,CrVg2wCD45CD90R1
CrVg2wCD45CD90R1_TACTTGTGTTTCGCTC-1,CrVg2wCD45CD90R1
CrVg2wCD45CD90R1_TAGAGCTAGGCTCATT-1,CrVg2wCD45CD90R1
CrVg2wCD45CD90R1_TAGGCATAGCGATATA-1,CrVg2wCD45CD90R1
CrVg2wCD45CD90R1_TAGGCATCAGCTCGCA-1,CrVg2wCD45CD90R1
CrVg2wCD45CD90R1_TATCTCACACTGTTAG-1,CrVg2wCD45CD90R1
CrVg2wCD45CD90R1_TCACAAGGTGTGACGA-1,CrVg2wCD45CD90R1
CrVg2wCD45CD90R1_TCACAAGTCAGCACAT-1,CrVg2wCD45CD90R1
CrVg2wCD45CD90R1_TCAGATGCAATGAATG-1,CrVg2wCD45CD90R1
CrVg2wCD45CD90R1_TCAGCAAAGCCATCGC-1,CrVg2wCD45CD90R1
CrVg2wCD45CD90R1_TCAGGTACAGACACTT-1,CrVg2wCD45CD90R1
CrVg2wCD45CD90R1_TCAGGTACATCGACGC-1,CrVg2wCD45CD90R1
CrVg2wCD45CD90R1_TCAGGTAGTTACCAGT-1,CrVg2wCD45CD90R1
CrVg2wCD45CD90R1_TCAGGTAGTTCAGGCC-1,CrVg2wCD45CD90R1
CrVg2wCD45CD90R1_TCATTACTCGGTGTCG-1,CrVg2wCD45CD90R1
CrVg2wCD45CD90R1_TCATTTGAGGTAGCTG-1,CrVg2wCD45CD90R1
CrVg2wCD45CD90R1_TCATTTGTCATGCTCC-1,CrVg2wCD45CD90R1
CrVg2wCD45CD90R1_TCCACACGTTCTGGTA-1,CrVg2wCD45CD90R1
CrVg2wCD45CD90R1_TCCACACTCTACTTAC-1,CrVg2wCD45CD90R1
CrVg2wCD45CD90R1_TCGGGACTCGCAAGCC-1,CrVg2wCD45CD90R1
CrVg2wCD45CD90R1_TCGGTAATCATTCACT-1,CrVg2wCD45CD90R1
CrVg2wCD45CD90R1_TCGTACCTCTATCCCG-1,CrVg2wCD45CD90R1
CrVg2wCD45CD90R1_TCTCATAAGTGGTAGC-1,CrVg2wCD45CD90R1
CrVg2wCD45CD90R1_TCTTTCCGTGGTCCGT-1,CrVg2wCD45CD90R1
CrVg2wCD45CD90R1_TGAAAGATCTTCCTTC-1,CrVg2wCD45CD90R1
CrVg2wCD45CD90R1_TGACGGCGTCTCTTTA-1,CrVg2wCD45CD90R1
CrVg2wCD45CD90R1_TGACTAGAGGTAAACT-1,CrVg2wCD45CD90R1
CrVg2wCD45CD90R1_TGACTTTAGCGTTTAC-1,CrVg2wCD45CD90R1
CrVg2wCD45CD90R1_TGAGAGGGTACAGTGG-1,CrVg2wCD45CD90R1
CrVg2wCD45CD90R1_TGAGCATGTAAGTGTA-1,CrVg2wCD45CD90R1
CrVg2wCD45CD90R1_TGCACCTTCGCGCCAA-1,CrVg2wCD45CD90R1
CrVg2wCD45CD90R1_TGCCAAAGTTCGAATC-1,CrVg2wCD45CD90R1
CrVg2wCD45CD90R1_TGCGCAGTCTACTATC-1,CrVg2wCD45CD90R1
CrVg2wCD45CD90R1_TGCGGGTCAGCCACCA-1,CrVg2wCD45CD90R1
CrVg2wCD45CD90R1_TGCGGGTGTAATTGGA-1,CrVg2wCD45CD90R1
CrVg2wCD45CD90R1_TGGACGCCACCTTGTC-1,CrVg2wCD45CD90R1
CrVg2wCD45CD90R1_TGGACGCGTCTGCCAG-1,CrVg2wCD45CD90R1
CrVg2wCD45CD90R1_TGGCCAGCAGCTGTGC-1,CrVg2wCD45CD90R1
CrVg2wCD45CD90R1_TGGCCAGGTTATCACG-1,CrVg2wCD45CD90R1
CrVg2wCD45CD90R1_TGGTTCCAGCGTCAAG-1,CrVg2wCD45CD90R1
CrVg2wCD45CD90R1_TGTATTCAGGTAAACT-1,CrVg2wCD45CD90R1
CrVg2wCD45CD90R1_TGTGTTTAGGTGCTAG-1,CrVg2wCD45CD90R1
CrVg2wCD45CD90R1_TGTGTTTCAGATTGCT-1,CrVg2wCD45CD90R1
CrVg2wCD45CD90R1_TTAGTTCGTCGAGTTT-1,CrVg2wCD45CD90R1
CrVg2wCD45CD90R1_TTATGCTTCTTAGCCC-1,CrVg2wCD45CD90R1
CrVg2wCD45CD90R1_TTCCCAGCATCACGTA-1,CrVg2wCD45CD90R1
CrVg2wCD45CD90R1_TTCGAAGGTATTCGTG-1,CrVg2wCD45CD90R1
CrVg2wCD45CD90R1_TTCGAAGTCAGTTGAC-1,CrVg2wCD45CD90R1
CrVg2wCD45CD90R1_TTCTACAAGACTGTAA-1,CrVg2wCD45CD90R1
CrVg2wCD45CD90R1_TTCTACATCATAACCG-1,CrVg2wCD45CD90R1
CrVg2wCD45CD90R1_TTCTACATCCTGCAGG-1,CrVg2wCD45CD90R1
CrVg2wCD45CD90R1_TTCTCAATCTACGAGT-1,CrVg2wCD45CD90R1
CrVg2wCD45CD90R1_TTCTCCTCACCAACCG-1,CrVg2wCD45CD90R1
CrVg2wCD45CD90R1_TTCTCCTTCTTCGGTC-1,CrVg2wCD45CD90R1
CrVg2wCD45CD90R1_TTCTTAGCATGCATGT-1,CrVg2wCD45CD90R1
CrVg2wCD45CD90R1_TTCTTAGTCAATAAGG-1,CrVg2wCD45CD90R1
CrVg2wCD45CD90R1_TTCTTAGTCATAGCAC-1,CrVg2wCD45CD90R1
CrVg2wCD45CD90R1_TTCTTAGTCTCCAACC-1,CrVg2wCD45CD90R1
CrVg2wCD45CD90R1_TTGCGTCCAGCTGTGC-1,CrVg2wCD45CD90R1
CrVg2wCD45CD90R1_TTGGAACTCACCGGGT-1,CrVg2wCD45CD90R1
CrVg2wCD45CD90R1_TTGGCAAAGATCCCGC-1,CrVg2wCD45CD90R1
CrVg2wCD45CD90R1_TTTACTGAGTGGAGTC-1,CrVg2wCD45CD90R1
CrVg2wCD45CD90R1_TTTACTGGTCGCTTTC-1,CrVg2wCD45CD90R1
CrVg2wCD45CD90R1_TTTACTGTCCACGTTC-1,CrVg2wCD45CD90R1
CrVg2wCD45CD90R1_TTTATGCCACCCAGTG-1,CrVg2wCD45CD90R1
CrVg2wCD45CD90R1_TTTGGTTAGATGCCTT-1,CrVg2wCD45CD90R1
CrVg2wCD45CD90R1_TTTGTCAGTACCGAGA-1,CrVg2wCD45CD90R1
CrVg2wCD45CD90R2_AAACCTGAGAACAACT-1,CrVg2wCD45CD90R2
CrVg2wCD45CD90R2_AAACCTGGTCTTGCGG-1,CrVg2wCD45CD90R2
CrVg2wCD45CD90R2_AAACCTGTCATACGGT-1,CrVg2wCD45CD90R2
CrVg2wCD45CD90R2_AAACCTGTCATGGTCA-1,CrVg2wCD45CD90R2
CrVg2wCD45CD90R2_AAACCTGTCCGTAGGC-1,CrVg2wCD45CD90R2
CrVg2wCD45CD90R2_AAACGGGTCATAGCAC-1,CrVg2wCD45CD90R2
CrVg2wCD45CD90R2_AAAGATGTCGCTTGTC-1,CrVg2wCD45CD90R2
CrVg2wCD45CD90R2_AAAGATGTCTGTTGAG-1,CrVg2wCD45CD90R2
CrVg2wCD45CD90R2_AAAGCAAAGCTATGCT-1,CrVg2wCD45CD90R2
CrVg2wCD45CD90R2_AAAGCAACAGCTTAAC-1,CrVg2wCD45CD90R2
CrVg2wCD45CD90R2_AAAGTAGAGGCGTACA-1,CrVg2wCD45CD90R2
CrVg2wCD45CD90R2_AACACGTAGGCCGAAT-1,CrVg2wCD45CD90R2
CrVg2wCD45CD90R2_AACACGTGTATGGTTC-1,CrVg2wCD45CD90R2
CrVg2wCD45CD90R2_AACCATGGTCCTGCTT-1,CrVg2wCD45CD90R2
CrVg2wCD45CD90R2_AACGTTGTCAGTCCCT-1,CrVg2wCD45CD90R2
CrVg2wCD45CD90R2_AACGTTGTCTACGAGT-1,CrVg2wCD45CD90R2
CrVg2wCD45CD90R2_AACTCCCGTTGGGACA-1,CrVg2wCD45CD90R2
CrVg2wCD45CD90R2_AACTCTTAGCGATGAC-1,CrVg2wCD45CD90R2
CrVg2wCD45CD90R2_AACTCTTAGTGTCCCG-1,CrVg2wCD45CD90R2
CrVg2wCD45CD90R2_AACTCTTGTGCGAAAC-1,CrVg2wCD45CD90R2
CrVg2wCD45CD90R2_AACTGGTAGCCCAACC-1,CrVg2wCD45CD90R2
CrVg2wCD45CD90R2_AAGCCGCGTGAGTGAC-1,CrVg2wCD45CD90R2
CrVg2wCD45CD90R2_AAGCCGCTCTTTACGT-1,CrVg2wCD45CD90R2
CrVg2wCD45CD90R2_AAGGAGCAGGGCATGT-1,CrVg2wCD45CD90R2
CrVg2wCD45CD90R2_AAGGCAGCAGGACCCT-1,CrVg2wCD45CD90R2
CrVg2wCD45CD90R2_AAGTCTGTCATGTCCC-1,CrVg2wCD45CD90R2
CrVg2wCD45CD90R2_ACACCGGAGATATGGT-1,CrVg2wCD45CD90R2
CrVg2wCD45CD90R2_ACACTGACAGCTCGAC-1,CrVg2wCD45CD90R2
CrVg2wCD45CD90R2_ACCGTAAGTAAAGTCA-1,CrVg2wCD45CD90R2
CrVg2wCD45CD90R2_ACGAGGAAGACAGACC-1,CrVg2wCD45CD90R2
CrVg2wCD45CD90R2_ACGAGGAAGGCCGAAT-1,CrVg2wCD45CD90R2
CrVg2wCD45CD90R2_ACGATGTGTCATGCAT-1,CrVg2wCD45CD90R2
CrVg2wCD45CD90R2_ACGCCGAAGACCCACC-1,CrVg2wCD45CD90R2
CrVg2wCD45CD90R2_ACGGAGAAGATCCTGT-1,CrVg2wCD45CD90R2
CrVg2wCD45CD90R2_ACGGGCTAGTGCGTGA-1,CrVg2wCD45CD90R2
CrVg2wCD45CD90R2_ACGGGTCGTCAGGACA-1,CrVg2wCD45CD90R2
CrVg2wCD45CD90R2_ACTGAGTAGACATAAC-1,CrVg2wCD45CD90R2
CrVg2wCD45CD90R2_ACTGAGTCAGACGCCT-1,CrVg2wCD45CD90R2
CrVg2wCD45CD90R2_ACTTACTAGAATTCCC-1,CrVg2wCD45CD90R2
CrVg2wCD45CD90R2_ACTTACTAGACGCACA-1,CrVg2wCD45CD90R2
CrVg2wCD45CD90R2_ACTTACTCAGTCCTTC-1,CrVg2wCD45CD90R2
CrVg2wCD45CD90R2_ACTTGTTGTGTATGGG-1,CrVg2wCD45CD90R2
CrVg2wCD45CD90R2_AGAATAGAGCGTGAAC-1,CrVg2wCD45CD90R2
CrVg2wCD45CD90R2_AGAATAGAGGCATGTG-1,CrVg2wCD45CD90R2
CrVg2wCD45CD90R2_AGAGCGACAGCTGTTA-1,CrVg2wCD45CD90R2
CrVg2wCD45CD90R2_AGAGCGAGTCTGCCAG-1,CrVg2wCD45CD90R2
CrVg2wCD45CD90R2_AGAGTGGCAAGCTGGA-1,CrVg2wCD45CD90R2
CrVg2wCD45CD90R2_AGAGTGGCAATTCCTT-1,CrVg2wCD45CD90R2
CrVg2wCD45CD90R2_AGATCTGAGCTAGGCA-1,CrVg2wCD45CD90R2
CrVg2wCD45CD90R2_AGATTGCTCCGCATAA-1,CrVg2wCD45CD90R2
CrVg2wCD45CD90R2_AGATTGCTCTGTGCAA-1,CrVg2wCD45CD90R2
CrVg2wCD45CD90R2_AGCAGCCGTGTGCGTC-1,CrVg2wCD45CD90R2
CrVg2wCD45CD90R2_AGCCTAACAATGGATA-1,CrVg2wCD45CD90R2
CrVg2wCD45CD90R2_AGCGTATCAATACGCT-1,CrVg2wCD45CD90R2
CrVg2wCD45CD90R2_AGCGTATTCCAGAAGG-1,CrVg2wCD45CD90R2
CrVg2wCD45CD90R2_AGCTCCTCAGTTAACC-1,CrVg2wCD45CD90R2
CrVg2wCD45CD90R2_AGCTTGAGTAATTGGA-1,CrVg2wCD45CD90R2
CrVg2wCD45CD90R2_AGGCCACCACGGTGTC-1,CrVg2wCD45CD90R2
CrVg2wCD45CD90R2_AGGCCACGTACATCCA-1,CrVg2wCD45CD90R2
CrVg2wCD45CD90R2_AGGCCGTCACGAAACG-1,CrVg2wCD45CD90R2
CrVg2wCD45CD90R2_AGGGAGTAGTGTGGCA-1,CrVg2wCD45CD90R2
CrVg2wCD45CD90R2_AGGGTGACATTATCTC-1,CrVg2wCD45CD90R2
CrVg2wCD45CD90R2_AGGGTGAGTACCGTAT-1,CrVg2wCD45CD90R2
CrVg2wCD45CD90R2_AGGGTGATCAGAAATG-1,CrVg2wCD45CD90R2
CrVg2wCD45CD90R2_AGGTCATAGATGAGAG-1,CrVg2wCD45CD90R2
CrVg2wCD45CD90R2_AGGTCATAGGTAGCTG-1,CrVg2wCD45CD90R2
CrVg2wCD45CD90R2_AGGTCATTCACCCTCA-1,CrVg2wCD45CD90R2
CrVg2wCD45CD90R2_AGGTCCGAGGATGGAA-1,CrVg2wCD45CD90R2
CrVg2wCD45CD90R2_AGTAGTCAGTCTCGGC-1,CrVg2wCD45CD90R2
CrVg2wCD45CD90R2_AGTCTTTAGTGGGATC-1,CrVg2wCD45CD90R2
CrVg2wCD45CD90R2_AGTCTTTTCAGTCCCT-1,CrVg2wCD45CD90R2
CrVg2wCD45CD90R2_AGTCTTTTCGCCCTTA-1,CrVg2wCD45CD90R2
CrVg2wCD45CD90R2_AGTGAGGAGATATGGT-1,CrVg2wCD45CD90R2
CrVg2wCD45CD90R2_AGTGTCAAGACTTTCG-1,CrVg2wCD45CD90R2
CrVg2wCD45CD90R2_AGTGTCACACTGCCAG-1,CrVg2wCD45CD90R2
CrVg2wCD45CD90R2_AGTTGGTGTCTCCACT-1,CrVg2wCD45CD90R2
CrVg2wCD45CD90R2_ATAAGAGGTTCGGGCT-1,CrVg2wCD45CD90R2
CrVg2wCD45CD90R2_ATAAGAGTCTTAACCT-1,CrVg2wCD45CD90R2
CrVg2wCD45CD90R2_ATAGACCCATTCTCAT-1,CrVg2wCD45CD90R2
CrVg2wCD45CD90R2_ATCACGAAGCTTCGCG-1,CrVg2wCD45CD90R2
CrVg2wCD45CD90R2_ATCATCTTCCTCGCAT-1,CrVg2wCD45CD90R2
CrVg2wCD45CD90R2_ATCCGAAAGCGCCTTG-1,CrVg2wCD45CD90R2
CrVg2wCD45CD90R2_ATCCGAAAGTGAACGC-1,CrVg2wCD45CD90R2
CrVg2wCD45CD90R2_ATCCGAATCTGCCCTA-1,CrVg2wCD45CD90R2
CrVg2wCD45CD90R2_ATCGAGTCAGTATAAG-1,CrVg2wCD45CD90R2
CrVg2wCD45CD90R2_ATCTACTTCCTCAATT-1,CrVg2wCD45CD90R2
CrVg2wCD45CD90R2_ATCTGCCGTCGGCATC-1,CrVg2wCD45CD90R2
CrVg2wCD45CD90R2_ATGAGGGTCTAACTTC-1,CrVg2wCD45CD90R2
CrVg2wCD45CD90R2_ATGCGATCAAACCTAC-1,CrVg2wCD45CD90R2
CrVg2wCD45CD90R2_ATGCGATGTACATGTC-1,CrVg2wCD45CD90R2
CrVg2wCD45CD90R2_ATGCGATTCCTTTCTC-1,CrVg2wCD45CD90R2
CrVg2wCD45CD90R2_ATGTGTGAGCTAGGCA-1,CrVg2wCD45CD90R2
CrVg2wCD45CD90R2_ATGTGTGTCCTTTCGG-1,CrVg2wCD45CD90R2
CrVg2wCD45CD90R2_ATTACTCCACCTCGGA-1,CrVg2wCD45CD90R2
CrVg2wCD45CD90R2_ATTATCCAGCAAATCA-1,CrVg2wCD45CD90R2
CrVg2wCD45CD90R2_ATTGGACAGACTAAGT-1,CrVg2wCD45CD90R2
CrVg2wCD45CD90R2_ATTGGACTCGCCAGCA-1,CrVg2wCD45CD90R2
CrVg2wCD45CD90R2_ATTGGTGAGACTAGGC-1,CrVg2wCD45CD90R2
CrVg2wCD45CD90R2_ATTGGTGAGTGGAGAA-1,CrVg2wCD45CD90R2
CrVg2wCD45CD90R2_ATTTCTGAGCCATCGC-1,CrVg2wCD45CD90R2
CrVg2wCD45CD90R2_ATTTCTGGTAATTGGA-1,CrVg2wCD45CD90R2
CrVg2wCD45CD90R2_ATTTCTGGTACAGCAG-1,CrVg2wCD45CD90R2
CrVg2wCD45CD90R2_CAAGAAACATGAGCGA-1,CrVg2wCD45CD90R2
CrVg2wCD45CD90R2_CAAGATCTCATCGCTC-1,CrVg2wCD45CD90R2
CrVg2wCD45CD90R2_CACAAACTCAGCACAT-1,CrVg2wCD45CD90R2
CrVg2wCD45CD90R2_CACACAAAGCCTCGTG-1,CrVg2wCD45CD90R2
CrVg2wCD45CD90R2_CACACAACAGTATCTG-1,CrVg2wCD45CD90R2
CrVg2wCD45CD90R2_CACACCTAGTAAGTAC-1,CrVg2wCD45CD90R2
CrVg2wCD45CD90R2_CACACCTTCGTTTATC-1,CrVg2wCD45CD90R2
CrVg2wCD45CD90R2_CACACTCCAGCCTTTC-1,CrVg2wCD45CD90R2
CrVg2wCD45CD90R2_CACACTCTCAACGGCC-1,CrVg2wCD45CD90R2
CrVg2wCD45CD90R2_CACAGGCAGCTCCCAG-1,CrVg2wCD45CD90R2
CrVg2wCD45CD90R2_CACAGGCCAGTCCTTC-1,CrVg2wCD45CD90R2
CrVg2wCD45CD90R2_CACAGGCCATTGTGCA-1,CrVg2wCD45CD90R2
CrVg2wCD45CD90R2_CACATTTTCGTAGGAG-1,CrVg2wCD45CD90R2
CrVg2wCD45CD90R2_CACCACTCACAGACAG-1,CrVg2wCD45CD90R2
CrVg2wCD45CD90R2_CACCACTCATCGGGTC-1,CrVg2wCD45CD90R2
CrVg2wCD45CD90R2_CACCACTCATGAACCT-1,CrVg2wCD45CD90R2
CrVg2wCD45CD90R2_CACCAGGCAAGCGCTC-1,CrVg2wCD45CD90R2
CrVg2wCD45CD90R2_CACCAGGCAGCTCCGA-1,CrVg2wCD45CD90R2
CrVg2wCD45CD90R2_CACCAGGGTACCAGTT-1,CrVg2wCD45CD90R2
CrVg2wCD45CD90R2_CACCTTGGTCCATCCT-1,CrVg2wCD45CD90R2
CrVg2wCD45CD90R2_CACCTTGGTTGTGGCC-1,CrVg2wCD45CD90R2
CrVg2wCD45CD90R2_CACTCCAGTCCGCTGA-1,CrVg2wCD45CD90R2
CrVg2wCD45CD90R2_CAGAATCAGGCAGTCA-1,CrVg2wCD45CD90R2
CrVg2wCD45CD90R2_CAGAATCAGTTAAGTG-1,CrVg2wCD45CD90R2
CrVg2wCD45CD90R2_CAGAGAGCACTCAGGC-1,CrVg2wCD45CD90R2
CrVg2wCD45CD90R2_CAGATCAGTAACGTTC-1,CrVg2wCD45CD90R2
CrVg2wCD45CD90R2_CAGCAGCCAATAGAGT-1,CrVg2wCD45CD90R2
CrVg2wCD45CD90R2_CAGCATAGTAAGGGCT-1,CrVg2wCD45CD90R2
CrVg2wCD45CD90R2_CAGCCGAAGACTCGGA-1,CrVg2wCD45CD90R2
CrVg2wCD45CD90R2_CAGCCGAGTTGTTTGG-1,CrVg2wCD45CD90R2
CrVg2wCD45CD90R2_CAGCCGATCTTTAGTC-1,CrVg2wCD45CD90R2
CrVg2wCD45CD90R2_CAGCTAAAGCAGGTCA-1,CrVg2wCD45CD90R2
CrVg2wCD45CD90R2_CAGTAACAGCGGCTTC-1,CrVg2wCD45CD90R2
CrVg2wCD45CD90R2_CAGTAACTCTTGCAAG-1,CrVg2wCD45CD90R2
CrVg2wCD45CD90R2_CAGTCCTTCGTCGTTC-1,CrVg2wCD45CD90R2
CrVg2wCD45CD90R2_CATATGGCAGATGGCA-1,CrVg2wCD45CD90R2
CrVg2wCD45CD90R2_CATCAGAAGGAGTACC-1,CrVg2wCD45CD90R2
CrVg2wCD45CD90R2_CATCAGACAGGCTCAC-1,CrVg2wCD45CD90R2
CrVg2wCD45CD90R2_CATGACAAGAAACCAT-1,CrVg2wCD45CD90R2
CrVg2wCD45CD90R2_CATGGCGAGAGTAAGG-1,CrVg2wCD45CD90R2
CrVg2wCD45CD90R2_CATGGCGAGCGCTCCA-1,CrVg2wCD45CD90R2
CrVg2wCD45CD90R2_CATGGCGTCGGCTTGG-1,CrVg2wCD45CD90R2
CrVg2wCD45CD90R2_CATTATCAGTGGTCCC-1,CrVg2wCD45CD90R2
CrVg2wCD45CD90R2_CCACCTATCGGCGCTA-1,CrVg2wCD45CD90R2
CrVg2wCD45CD90R2_CCACTACCACCAGGCT-1,CrVg2wCD45CD90R2
CrVg2wCD45CD90R2_CCAGCGAGTCCGAACC-1,CrVg2wCD45CD90R2
CrVg2wCD45CD90R2_CCATTCGGTCACACGC-1,CrVg2wCD45CD90R2
CrVg2wCD45CD90R2_CCCATACGTGATGCCC-1,CrVg2wCD45CD90R2
CrVg2wCD45CD90R2_CCCTCCTCAAGTTCTG-1,CrVg2wCD45CD90R2
CrVg2wCD45CD90R2_CCGGGATAGCCAGAAC-1,CrVg2wCD45CD90R2
CrVg2wCD45CD90R2_CCGGGATGTATAAACG-1,CrVg2wCD45CD90R2
CrVg2wCD45CD90R2_CCGGTAGCATGTTGAC-1,CrVg2wCD45CD90R2
CrVg2wCD45CD90R2_CCGTACTAGAGAGCTC-1,CrVg2wCD45CD90R2
CrVg2wCD45CD90R2_CCGTACTAGTTTCCTT-1,CrVg2wCD45CD90R2
CrVg2wCD45CD90R2_CCGTGGACACGAAATA-1,CrVg2wCD45CD90R2
CrVg2wCD45CD90R2_CCGTGGACAGGGATTG-1,CrVg2wCD45CD90R2
CrVg2wCD45CD90R2_CCGTTCATCGTTGACA-1,CrVg2wCD45CD90R2
CrVg2wCD45CD90R2_CCGTTCATCTCAAACG-1,CrVg2wCD45CD90R2
CrVg2wCD45CD90R2_CCTAAAGAGAGTACAT-1,CrVg2wCD45CD90R2
CrVg2wCD45CD90R2_CCTAAAGAGTAGCCGA-1,CrVg2wCD45CD90R2
CrVg2wCD45CD90R2_CCTAAAGTCAATAAGG-1,CrVg2wCD45CD90R2
CrVg2wCD45CD90R2_CCTACACCAAATTGCC-1,CrVg2wCD45CD90R2
CrVg2wCD45CD90R2_CCTACACTCGTTTAGG-1,CrVg2wCD45CD90R2
CrVg2wCD45CD90R2_CCTACCAAGCAATCTC-1,CrVg2wCD45CD90R2
CrVg2wCD45CD90R2_CCTACCACAGGGTACA-1,CrVg2wCD45CD90R2
CrVg2wCD45CD90R2_CCTAGCTAGATACACA-1,CrVg2wCD45CD90R2
CrVg2wCD45CD90R2_CCTCTGAGTCGAGATG-1,CrVg2wCD45CD90R2
CrVg2wCD45CD90R2_CCTCTGATCCTTGACC-1,CrVg2wCD45CD90R2
CrVg2wCD45CD90R2_CCTTACGAGAAACGCC-1,CrVg2wCD45CD90R2
CrVg2wCD45CD90R2_CCTTACGCAGCTATTG-1,CrVg2wCD45CD90R2
CrVg2wCD45CD90R2_CCTTCCCTCCCTGACT-1,CrVg2wCD45CD90R2
CrVg2wCD45CD90R2_CCTTTCTGTCGCTTTC-1,CrVg2wCD45CD90R2
CrVg2wCD45CD90R2_CGAACATAGCGGCTTC-1,CrVg2wCD45CD90R2
CrVg2wCD45CD90R2_CGAATGTAGTCTCAAC-1,CrVg2wCD45CD90R2
CrVg2wCD45CD90R2_CGAATGTGTAGGGTAC-1,CrVg2wCD45CD90R2
CrVg2wCD45CD90R2_CGACCTTTCATAAAGG-1,CrVg2wCD45CD90R2
CrVg2wCD45CD90R2_CGACTTCGTATTAGCC-1,CrVg2wCD45CD90R2
CrVg2wCD45CD90R2_CGAGAAGAGCGATCCC-1,CrVg2wCD45CD90R2
CrVg2wCD45CD90R2_CGAGCCAGTTGATTCG-1,CrVg2wCD45CD90R2
CrVg2wCD45CD90R2_CGAGCCATCCGCGGTA-1,CrVg2wCD45CD90R2
CrVg2wCD45CD90R2_CGATGTAAGCGTGAAC-1,CrVg2wCD45CD90R2
CrVg2wCD45CD90R2_CGATTGAGTTGTTTGG-1,CrVg2wCD45CD90R2
CrVg2wCD45CD90R2_CGCGGTAGTTACAGAA-1,CrVg2wCD45CD90R2
CrVg2wCD45CD90R2_CGCGGTATCCGGGTGT-1,CrVg2wCD45CD90R2
CrVg2wCD45CD90R2_CGCGTTTAGACGACGT-1,CrVg2wCD45CD90R2
CrVg2wCD45CD90R2_CGCTATCCAGCCTTTC-1,CrVg2wCD45CD90R2
CrVg2wCD45CD90R2_CGCTGGATCATAACCG-1,CrVg2wCD45CD90R2
CrVg2wCD45CD90R2_CGCTTCACATTAGCCA-1,CrVg2wCD45CD90R2
CrVg2wCD45CD90R2_CGCTTCATCGGCTACG-1,CrVg2wCD45CD90R2
CrVg2wCD45CD90R2_CGGACACTCTTCCTTC-1,CrVg2wCD45CD90R2
CrVg2wCD45CD90R2_CGGACGTAGCCAACAG-1,CrVg2wCD45CD90R2
CrVg2wCD45CD90R2_CGGACTGGTCATCGGC-1,CrVg2wCD45CD90R2
CrVg2wCD45CD90R2_CGGAGCTGTTAAAGAC-1,CrVg2wCD45CD90R2
CrVg2wCD45CD90R2_CGGAGCTTCCGTTGCT-1,CrVg2wCD45CD90R2
CrVg2wCD45CD90R2_CGGGTCAAGCCATCGC-1,CrVg2wCD45CD90R2
CrVg2wCD45CD90R2_CGGTTAAGTCAACATC-1,CrVg2wCD45CD90R2
CrVg2wCD45CD90R2_CGTAGCGCATCCTTGC-1,CrVg2wCD45CD90R2
CrVg2wCD45CD90R2_CGTAGCGGTTCAGCGC-1,CrVg2wCD45CD90R2
CrVg2wCD45CD90R2_CGTAGGCTCGTAGGAG-1,CrVg2wCD45CD90R2
CrVg2wCD45CD90R2_CGTCACTAGACCGGAT-1,CrVg2wCD45CD90R2
CrVg2wCD45CD90R2_CGTCACTTCTCCAGGG-1,CrVg2wCD45CD90R2
CrVg2wCD45CD90R2_CGTCTACAGTCAAGCG-1,CrVg2wCD45CD90R2
CrVg2wCD45CD90R2_CGTCTACCAGCTGTGC-1,CrVg2wCD45CD90R2
CrVg2wCD45CD90R2_CGTGAGCAGTGTCTCA-1,CrVg2wCD45CD90R2
CrVg2wCD45CD90R2_CGTGAGCCAGGTCCAC-1,CrVg2wCD45CD90R2
CrVg2wCD45CD90R2_CGTGAGCTCTGGGCCA-1,CrVg2wCD45CD90R2
CrVg2wCD45CD90R2_CGTGTAAAGTACGTAA-1,CrVg2wCD45CD90R2
CrVg2wCD45CD90R2_CGTGTAAGTATTACCG-1,CrVg2wCD45CD90R2
CrVg2wCD45CD90R2_CGTGTAATCTCTTATG-1,CrVg2wCD45CD90R2
CrVg2wCD45CD90R2_CTAACTTCATACGCTA-1,CrVg2wCD45CD90R2
CrVg2wCD45CD90R2_CTAAGACCAGTAACGG-1,CrVg2wCD45CD90R2
CrVg2wCD45CD90R2_CTAATGGAGAGCTATA-1,CrVg2wCD45CD90R2
CrVg2wCD45CD90R2_CTACATTGTACCATCA-1,CrVg2wCD45CD90R2
CrVg2wCD45CD90R2_CTACGTCAGAGTGACC-1,CrVg2wCD45CD90R2
CrVg2wCD45CD90R2_CTACGTCAGCGATCCC-1,CrVg2wCD45CD90R2
CrVg2wCD45CD90R2_CTACGTCCAATCCAAC-1,CrVg2wCD45CD90R2
CrVg2wCD45CD90R2_CTAGAGTGTCAGATAA-1,CrVg2wCD45CD90R2
CrVg2wCD45CD90R2_CTAGAGTTCTCTTATG-1,CrVg2wCD45CD90R2
CrVg2wCD45CD90R2_CTAGCCTAGTACCGGA-1,CrVg2wCD45CD90R2
CrVg2wCD45CD90R2_CTAGCCTTCGTGGACC-1,CrVg2wCD45CD90R2
CrVg2wCD45CD90R2_CTAGTGAGTCCGCTGA-1,CrVg2wCD45CD90R2
CrVg2wCD45CD90R2_CTCAGAAAGGAACTGC-1,CrVg2wCD45CD90R2
CrVg2wCD45CD90R2_CTCAGAAGTTACCAGT-1,CrVg2wCD45CD90R2
CrVg2wCD45CD90R2_CTCCTAGGTAGAAGGA-1,CrVg2wCD45CD90R2
CrVg2wCD45CD90R2_CTCGAAAAGCAGATCG-1,CrVg2wCD45CD90R2
CrVg2wCD45CD90R2_CTCGAAATCAAAGTAG-1,CrVg2wCD45CD90R2
CrVg2wCD45CD90R2_CTCGAGGTCTCTTGAT-1,CrVg2wCD45CD90R2
CrVg2wCD45CD90R2_CTCGGGAAGATCCGAG-1,CrVg2wCD45CD90R2
CrVg2wCD45CD90R2_CTCGTACTCCCTCTTT-1,CrVg2wCD45CD90R2
CrVg2wCD45CD90R2_CTCGTCAAGGGTTTCT-1,CrVg2wCD45CD90R2
CrVg2wCD45CD90R2_CTCGTCAGTAATAGCA-1,CrVg2wCD45CD90R2
CrVg2wCD45CD90R2_CTCTAATAGAGCCTAG-1,CrVg2wCD45CD90R2
CrVg2wCD45CD90R2_CTCTACGCAAAGCAAT-1,CrVg2wCD45CD90R2
CrVg2wCD45CD90R2_CTGAAACTCCAGGGCT-1,CrVg2wCD45CD90R2
CrVg2wCD45CD90R2_CTGATAGAGCGTAATA-1,CrVg2wCD45CD90R2
CrVg2wCD45CD90R2_CTGATAGAGGATGGAA-1,CrVg2wCD45CD90R2
CrVg2wCD45CD90R2_CTGCGGAAGAAAGTGG-1,CrVg2wCD45CD90R2
CrVg2wCD45CD90R2_CTGCTGTAGGGATACC-1,CrVg2wCD45CD90R2
CrVg2wCD45CD90R2_CTGCTGTCATGCCTTC-1,CrVg2wCD45CD90R2
CrVg2wCD45CD90R2_CTGCTGTGTCCGAACC-1,CrVg2wCD45CD90R2
CrVg2wCD45CD90R2_CTGTTTAGTACAGACG-1,CrVg2wCD45CD90R2
CrVg2wCD45CD90R2_CTTACCGGTATATGGA-1,CrVg2wCD45CD90R2
CrVg2wCD45CD90R2_CTTACCGGTGTGCGTC-1,CrVg2wCD45CD90R2
CrVg2wCD45CD90R2_CTTAGGAAGCACCGCT-1,CrVg2wCD45CD90R2
CrVg2wCD45CD90R2_CTTCTCTGTCTTCTCG-1,CrVg2wCD45CD90R2
CrVg2wCD45CD90R2_CTTGGCTAGTTGTAGA-1,CrVg2wCD45CD90R2
CrVg2wCD45CD90R2_CTTGGCTTCGCCTGTT-1,CrVg2wCD45CD90R2
CrVg2wCD45CD90R2_CTTTGCGCAGTCGTGC-1,CrVg2wCD45CD90R2
CrVg2wCD45CD90R2_CTTTGCGGTACCCAAT-1,CrVg2wCD45CD90R2
CrVg2wCD45CD90R2_CTTTGCGGTATCACCA-1,CrVg2wCD45CD90R2
CrVg2wCD45CD90R2_CTTTGCGTCCCATTAT-1,CrVg2wCD45CD90R2
CrVg2wCD45CD90R2_GAACATCCAGCTGGCT-1,CrVg2wCD45CD90R2
CrVg2wCD45CD90R2_GAACCTATCCGCGCAA-1,CrVg2wCD45CD90R2
CrVg2wCD45CD90R2_GAATAAGTCAGTCCCT-1,CrVg2wCD45CD90R2
CrVg2wCD45CD90R2_GAATAAGTCTCCAACC-1,CrVg2wCD45CD90R2
CrVg2wCD45CD90R2_GAATGAACACAGCGTC-1,CrVg2wCD45CD90R2
CrVg2wCD45CD90R2_GACACGCGTGGGTATG-1,CrVg2wCD45CD90R2
CrVg2wCD45CD90R2_GACAGAGAGTTCGCAT-1,CrVg2wCD45CD90R2
CrVg2wCD45CD90R2_GACCAATGTATATCCG-1,CrVg2wCD45CD90R2
CrVg2wCD45CD90R2_GACCTGGCAGGGTTAG-1,CrVg2wCD45CD90R2
CrVg2wCD45CD90R2_GACTAACAGCTGCCCA-1,CrVg2wCD45CD90R2
CrVg2wCD45CD90R2_GACTAACAGTACATGA-1,CrVg2wCD45CD90R2
CrVg2wCD45CD90R2_GACTAACCAATAGCGG-1,CrVg2wCD45CD90R2
CrVg2wCD45CD90R2_GACTAACGTTAGATGA-1,CrVg2wCD45CD90R2
CrVg2wCD45CD90R2_GACTAACTCACATGCA-1,CrVg2wCD45CD90R2
CrVg2wCD45CD90R2_GAGGTGACAGTAAGCG-1,CrVg2wCD45CD90R2
CrVg2wCD45CD90R2_GAGTCCGCACTTCGAA-1,CrVg2wCD45CD90R2
CrVg2wCD45CD90R2_GATCAGTAGCCCAACC-1,CrVg2wCD45CD90R2
CrVg2wCD45CD90R2_GATCGATTCGTGGACC-1,CrVg2wCD45CD90R2
CrVg2wCD45CD90R2_GATCGCGGTTCCGTCT-1,CrVg2wCD45CD90R2
CrVg2wCD45CD90R2_GATCTAGCACCAGGTC-1,CrVg2wCD45CD90R2
CrVg2wCD45CD90R2_GCAAACTAGACCGGAT-1,CrVg2wCD45CD90R2
CrVg2wCD45CD90R2_GCAAACTGTACAGTTC-1,CrVg2wCD45CD90R2
CrVg2wCD45CD90R2_GCAAACTTCTGGAGCC-1,CrVg2wCD45CD90R2
CrVg2wCD45CD90R2_GCAATCAGTAAGGATT-1,CrVg2wCD45CD90R2
CrVg2wCD45CD90R2_GCAATCAGTGCTAGCC-1,CrVg2wCD45CD90R2
CrVg2wCD45CD90R2_GCACATAAGATGTCGG-1,CrVg2wCD45CD90R2
CrVg2wCD45CD90R2_GCACATAGTTGCTCCT-1,CrVg2wCD45CD90R2
CrVg2wCD45CD90R2_GCACATATCAGCAACT-1,CrVg2wCD45CD90R2
CrVg2wCD45CD90R2_GCACTCTCAGTATAAG-1,CrVg2wCD45CD90R2
CrVg2wCD45CD90R2_GCATACATCCTGTAGA-1,CrVg2wCD45CD90R2
CrVg2wCD45CD90R2_GCATGCGGTAGTACCT-1,CrVg2wCD45CD90R2
CrVg2wCD45CD90R2_GCATGCGGTTCACCTC-1,CrVg2wCD45CD90R2
CrVg2wCD45CD90R2_GCATGTAAGAATGTTG-1,CrVg2wCD45CD90R2
CrVg2wCD45CD90R2_GCATGTACAGCTGTTA-1,CrVg2wCD45CD90R2
CrVg2wCD45CD90R2_GCATGTAGTATTACCG-1,CrVg2wCD45CD90R2
CrVg2wCD45CD90R2_GCCAAATCAAGTCTGT-1,CrVg2wCD45CD90R2
CrVg2wCD45CD90R2_GCCTCTACATCACCCT-1,CrVg2wCD45CD90R2
CrVg2wCD45CD90R2_GCGAGAACAGGTCGTC-1,CrVg2wCD45CD90R2
CrVg2wCD45CD90R2_GCGAGAATCACGCGGT-1,CrVg2wCD45CD90R2
CrVg2wCD45CD90R2_GCGCAGTGTACCCAAT-1,CrVg2wCD45CD90R2
CrVg2wCD45CD90R2_GCGCCAAAGGGATCTG-1,CrVg2wCD45CD90R2
CrVg2wCD45CD90R2_GCGCGATAGATTACCC-1,CrVg2wCD45CD90R2
CrVg2wCD45CD90R2_GCGCGATCACAACTGT-1,CrVg2wCD45CD90R2
CrVg2wCD45CD90R2_GCTCCTAGTACAGACG-1,CrVg2wCD45CD90R2
CrVg2wCD45CD90R2_GCTCTGTTCGTTGCCT-1,CrVg2wCD45CD90R2
CrVg2wCD45CD90R2_GCTGCTTAGAGTGAGA-1,CrVg2wCD45CD90R2
CrVg2wCD45CD90R2_GCTGCTTGTTCCGGCA-1,CrVg2wCD45CD90R2
CrVg2wCD45CD90R2_GCTGGGTAGATGTGGC-1,CrVg2wCD45CD90R2
CrVg2wCD45CD90R2_GCTTCCAGTGATAAGT-1,CrVg2wCD45CD90R2
CrVg2wCD45CD90R2_GGAACTTGTTTGGCGC-1,CrVg2wCD45CD90R2
CrVg2wCD45CD90R2_GGAACTTTCAACACCA-1,CrVg2wCD45CD90R2
CrVg2wCD45CD90R2_GGACAAGAGTTATCGC-1,CrVg2wCD45CD90R2
CrVg2wCD45CD90R2_GGACATTGTAGAAAGG-1,CrVg2wCD45CD90R2
CrVg2wCD45CD90R2_GGAGCAAAGAGTTGGC-1,CrVg2wCD45CD90R2
CrVg2wCD45CD90R2_GGATGTTAGCTATGCT-1,CrVg2wCD45CD90R2
CrVg2wCD45CD90R2_GGATGTTCACGGCTAC-1,CrVg2wCD45CD90R2
CrVg2wCD45CD90R2_GGATTACAGGAGTACC-1,CrVg2wCD45CD90R2
CrVg2wCD45CD90R2_GGATTACTCCAGATCA-1,CrVg2wCD45CD90R2
CrVg2wCD45CD90R2_GGCAATTAGTGGGCTA-1,CrVg2wCD45CD90R2
CrVg2wCD45CD90R2_GGCCGATAGCACGCCT-1,CrVg2wCD45CD90R2
CrVg2wCD45CD90R2_GGCCGATGTGGTTTCA-1,CrVg2wCD45CD90R2
CrVg2wCD45CD90R2_GGCCGATTCGCAAGCC-1,CrVg2wCD45CD90R2
CrVg2wCD45CD90R2_GGCGACTGTGATGTCT-1,CrVg2wCD45CD90R2
CrVg2wCD45CD90R2_GGCTGGTCAACACCTA-1,CrVg2wCD45CD90R2
CrVg2wCD45CD90R2_GGCTGGTGTTACAGAA-1,CrVg2wCD45CD90R2
CrVg2wCD45CD90R2_GGGAATGGTATGGTTC-1,CrVg2wCD45CD90R2
CrVg2wCD45CD90R2_GGGAATGGTTTGGCGC-1,CrVg2wCD45CD90R2
CrVg2wCD45CD90R2_GGGACCTAGGTTACCT-1,CrVg2wCD45CD90R2
CrVg2wCD45CD90R2_GGGACCTAGTGAACAT-1,CrVg2wCD45CD90R2
CrVg2wCD45CD90R2_GGGAGATCACATCCAA-1,CrVg2wCD45CD90R2
CrVg2wCD45CD90R2_GGGAGATTCGCGTAGC-1,CrVg2wCD45CD90R2
CrVg2wCD45CD90R2_GGGATGAAGAAGATTC-1,CrVg2wCD45CD90R2
CrVg2wCD45CD90R2_GGGCATCAGCATGGCA-1,CrVg2wCD45CD90R2
CrVg2wCD45CD90R2_GGGCATCCATCCGGGT-1,CrVg2wCD45CD90R2
CrVg2wCD45CD90R2_GGGTCTGAGCGCTTAT-1,CrVg2wCD45CD90R2
CrVg2wCD45CD90R2_GGGTTGCAGGAATTAC-1,CrVg2wCD45CD90R2
CrVg2wCD45CD90R2_GGTGCGTGTGTGTGCC-1,CrVg2wCD45CD90R2
CrVg2wCD45CD90R2_GGTGTTACAAGTACCT-1,CrVg2wCD45CD90R2
CrVg2wCD45CD90R2_GTAACTGAGGACGAAA-1,CrVg2wCD45CD90R2
CrVg2wCD45CD90R2_GTAACTGCAGCGTCCA-1,CrVg2wCD45CD90R2
CrVg2wCD45CD90R2_GTACGTATCAGCTCTC-1,CrVg2wCD45CD90R2
CrVg2wCD45CD90R2_GTACTCCTCTTACCTA-1,CrVg2wCD45CD90R2
CrVg2wCD45CD90R2_GTACTTTTCATGTGGT-1,CrVg2wCD45CD90R2
CrVg2wCD45CD90R2_GTAGGCCCACATCCAA-1,CrVg2wCD45CD90R2
CrVg2wCD45CD90R2_GTCAAGTCATTGGCGC-1,CrVg2wCD45CD90R2
CrVg2wCD45CD90R2_GTCACAACATCTACGA-1,CrVg2wCD45CD90R2
CrVg2wCD45CD90R2_GTCATTTAGACTGTAA-1,CrVg2wCD45CD90R2
CrVg2wCD45CD90R2_GTCCTCAAGCAACGGT-1,CrVg2wCD45CD90R2
CrVg2wCD45CD90R2_GTCCTCAGTAGGACAC-1,CrVg2wCD45CD90R2
CrVg2wCD45CD90R2_GTCTTCGAGCGCCTTG-1,CrVg2wCD45CD90R2
CrVg2wCD45CD90R2_GTCTTCGAGTGGTCCC-1,CrVg2wCD45CD90R2
CrVg2wCD45CD90R2_GTGCGGTGTCGTGGCT-1,CrVg2wCD45CD90R2
CrVg2wCD45CD90R2_GTGCTTCCACGAAGCA-1,CrVg2wCD45CD90R2
CrVg2wCD45CD90R2_GTGCTTCGTCGGATCC-1,CrVg2wCD45CD90R2
CrVg2wCD45CD90R2_GTGGGTCAGCGAAGGG-1,CrVg2wCD45CD90R2
CrVg2wCD45CD90R2_GTGGGTCGTCTCTTAT-1,CrVg2wCD45CD90R2
CrVg2wCD45CD90R2_GTGGGTCTCTGTTTGT-1,CrVg2wCD45CD90R2
CrVg2wCD45CD90R2_GTTAAGCAGGGCTTGA-1,CrVg2wCD45CD90R2
CrVg2wCD45CD90R2_GTTAAGCCATAGAAAC-1,CrVg2wCD45CD90R2
CrVg2wCD45CD90R2_GTTAAGCTCACCCGAG-1,CrVg2wCD45CD90R2
CrVg2wCD45CD90R2_GTTACAGAGATATACG-1,CrVg2wCD45CD90R2
CrVg2wCD45CD90R2_GTTACAGAGTTTCCTT-1,CrVg2wCD45CD90R2
CrVg2wCD45CD90R2_GTTACAGGTACCATCA-1,CrVg2wCD45CD90R2
CrVg2wCD45CD90R2_GTTACAGGTTCCGGCA-1,CrVg2wCD45CD90R2
CrVg2wCD45CD90R2_GTTACAGTCCAAATGC-1,CrVg2wCD45CD90R2
CrVg2wCD45CD90R2_GTTCGGGAGATCCGAG-1,CrVg2wCD45CD90R2
CrVg2wCD45CD90R2_GTTCTCGGTATTCTCT-1,CrVg2wCD45CD90R2
CrVg2wCD45CD90R2_TAAGAGAAGTTCCACA-1,CrVg2wCD45CD90R2
CrVg2wCD45CD90R2_TAAGCGTAGAATCTCC-1,CrVg2wCD45CD90R2
CrVg2wCD45CD90R2_TACACGAGTACAGACG-1,CrVg2wCD45CD90R2
CrVg2wCD45CD90R2_TACAGTGTCAAAGTAG-1,CrVg2wCD45CD90R2
CrVg2wCD45CD90R2_TACCTATAGGTACTCT-1,CrVg2wCD45CD90R2
CrVg2wCD45CD90R2_TACCTATCAATCGAAA-1,CrVg2wCD45CD90R2
CrVg2wCD45CD90R2_TACCTATCACTTAAGC-1,CrVg2wCD45CD90R2
CrVg2wCD45CD90R2_TACCTATGTTTGGGCC-1,CrVg2wCD45CD90R2
CrVg2wCD45CD90R2_TACCTTAAGAACAATC-1,CrVg2wCD45CD90R2
CrVg2wCD45CD90R2_TACGGATAGATCGGGT-1,CrVg2wCD45CD90R2
CrVg2wCD45CD90R2_TACGGATAGCCACGCT-1,CrVg2wCD45CD90R2
CrVg2wCD45CD90R2_TACGGATAGCGTGTCC-1,CrVg2wCD45CD90R2
CrVg2wCD45CD90R2_TACGGATGTTCCACGG-1,CrVg2wCD45CD90R2
CrVg2wCD45CD90R2_TACGGGCTCGCAAGCC-1,CrVg2wCD45CD90R2
CrVg2wCD45CD90R2_TACGGTAGTGCTTCTC-1,CrVg2wCD45CD90R2
CrVg2wCD45CD90R2_TACGGTATCCGAAGAG-1,CrVg2wCD45CD90R2
CrVg2wCD45CD90R2_TACTCATGTAAATACG-1,CrVg2wCD45CD90R2
CrVg2wCD45CD90R2_TACTCGCAGGCCCGTT-1,CrVg2wCD45CD90R2
CrVg2wCD45CD90R2_TACTCGCTCGTAGGTT-1,CrVg2wCD45CD90R2
CrVg2wCD45CD90R2_TAGAGCTAGAAACCTA-1,CrVg2wCD45CD90R2
CrVg2wCD45CD90R2_TAGAGCTAGAACAATC-1,CrVg2wCD45CD90R2
CrVg2wCD45CD90R2_TAGCCGGAGTTATCGC-1,CrVg2wCD45CD90R2
CrVg2wCD45CD90R2_TAGCCGGGTTACCAGT-1,CrVg2wCD45CD90R2
CrVg2wCD45CD90R2_TAGGCATGTCGCATAT-1,CrVg2wCD45CD90R2
CrVg2wCD45CD90R2_TAGGCATTCAAGATCC-1,CrVg2wCD45CD90R2
CrVg2wCD45CD90R2_TAGGCATTCGATGAGG-1,CrVg2wCD45CD90R2
CrVg2wCD45CD90R2_TAGTTGGGTTCTGTTT-1,CrVg2wCD45CD90R2
CrVg2wCD45CD90R2_TATCAGGGTCGGCACT-1,CrVg2wCD45CD90R2
CrVg2wCD45CD90R2_TATCAGGTCCTTCAAT-1,CrVg2wCD45CD90R2
CrVg2wCD45CD90R2_TATGCCCCAGCATACT-1,CrVg2wCD45CD90R2
CrVg2wCD45CD90R2_TATGCCCGTCCGCTGA-1,CrVg2wCD45CD90R2
CrVg2wCD45CD90R2_TATGCCCGTCTGCAAT-1,CrVg2wCD45CD90R2
CrVg2wCD45CD90R2_TATTACCAGATGTGGC-1,CrVg2wCD45CD90R2
CrVg2wCD45CD90R2_TATTACCAGCCAGGAT-1,CrVg2wCD45CD90R2
CrVg2wCD45CD90R2_TATTACCGTCGAACAG-1,CrVg2wCD45CD90R2
CrVg2wCD45CD90R2_TCAACGACAAACCCAT-1,CrVg2wCD45CD90R2
CrVg2wCD45CD90R2_TCAACGAGTAGGGTAC-1,CrVg2wCD45CD90R2
CrVg2wCD45CD90R2_TCAACGAGTTGTGGAG-1,CrVg2wCD45CD90R2
CrVg2wCD45CD90R2_TCAATCTGTAGGGTAC-1,CrVg2wCD45CD90R2
CrVg2wCD45CD90R2_TCACAAGAGTTGCAGG-1,CrVg2wCD45CD90R2
CrVg2wCD45CD90R2_TCACGAACACATGGGA-1,CrVg2wCD45CD90R2
CrVg2wCD45CD90R2_TCAGATGAGATGGGTC-1,CrVg2wCD45CD90R2
CrVg2wCD45CD90R2_TCAGATGCAAGACACG-1,CrVg2wCD45CD90R2
CrVg2wCD45CD90R2_TCAGATGTCCTCGCAT-1,CrVg2wCD45CD90R2
CrVg2wCD45CD90R2_TCAGCAATCAACACCA-1,CrVg2wCD45CD90R2
CrVg2wCD45CD90R2_TCAGGTACAAACCCAT-1,CrVg2wCD45CD90R2
CrVg2wCD45CD90R2_TCAGGTAGTAGCGCTC-1,CrVg2wCD45CD90R2
CrVg2wCD45CD90R2_TCATTTGCAGTACACT-1,CrVg2wCD45CD90R2
CrVg2wCD45CD90R2_TCCACACCAGCTGTGC-1,CrVg2wCD45CD90R2
CrVg2wCD45CD90R2_TCCCGATAGTACGATA-1,CrVg2wCD45CD90R2
CrVg2wCD45CD90R2_TCGAGGCCATAGGATA-1,CrVg2wCD45CD90R2
CrVg2wCD45CD90R2_TCGCGAGGTAGGCATG-1,CrVg2wCD45CD90R2
CrVg2wCD45CD90R2_TCGCGAGTCAAACCGT-1,CrVg2wCD45CD90R2
CrVg2wCD45CD90R2_TCGCGTTGTACCGAGA-1,CrVg2wCD45CD90R2
CrVg2wCD45CD90R2_TCGGGACAGTGCGATG-1,CrVg2wCD45CD90R2
CrVg2wCD45CD90R2_TCGTAGACAGGGTTAG-1,CrVg2wCD45CD90R2
CrVg2wCD45CD90R2_TCGTAGAGTCGCATCG-1,CrVg2wCD45CD90R2
CrVg2wCD45CD90R2_TCTGAGAGTCTCTCTG-1,CrVg2wCD45CD90R2
CrVg2wCD45CD90R2_TCTTTCCCAGCTATTG-1,CrVg2wCD45CD90R2
CrVg2wCD45CD90R2_TCTTTCCGTGGGTCAA-1,CrVg2wCD45CD90R2
CrVg2wCD45CD90R2_TGAAAGACATTGGTAC-1,CrVg2wCD45CD90R2
CrVg2wCD45CD90R2_TGAAAGAGTTAAGACA-1,CrVg2wCD45CD90R2
CrVg2wCD45CD90R2_TGACAACAGTGTCTCA-1,CrVg2wCD45CD90R2
CrVg2wCD45CD90R2_TGACGGCCATGCCTTC-1,CrVg2wCD45CD90R2
CrVg2wCD45CD90R2_TGACTAGGTCAATGTC-1,CrVg2wCD45CD90R2
CrVg2wCD45CD90R2_TGACTTTAGGCATTGG-1,CrVg2wCD45CD90R2
CrVg2wCD45CD90R2_TGAGAGGCAGCTATTG-1,CrVg2wCD45CD90R2
CrVg2wCD45CD90R2_TGAGGGACACCAGGTC-1,CrVg2wCD45CD90R2
CrVg2wCD45CD90R2_TGAGGGATCAATAAGG-1,CrVg2wCD45CD90R2
CrVg2wCD45CD90R2_TGAGGGATCTGAAAGA-1,CrVg2wCD45CD90R2
CrVg2wCD45CD90R2_TGATTTCCACCGAAAG-1,CrVg2wCD45CD90R2
CrVg2wCD45CD90R2_TGCACCTGTACAAGTA-1,CrVg2wCD45CD90R2
CrVg2wCD45CD90R2_TGCACCTTCATGCATG-1,CrVg2wCD45CD90R2
CrVg2wCD45CD90R2_TGCCAAACAAGAGGCT-1,CrVg2wCD45CD90R2
CrVg2wCD45CD90R2_TGCCCATAGAATCTCC-1,CrVg2wCD45CD90R2
CrVg2wCD45CD90R2_TGCCCATTCTTGAGAC-1,CrVg2wCD45CD90R2
CrVg2wCD45CD90R2_TGCCCTAAGCCACGCT-1,CrVg2wCD45CD90R2
CrVg2wCD45CD90R2_TGCCCTACATATGAGA-1,CrVg2wCD45CD90R2
CrVg2wCD45CD90R2_TGCGCAGGTCTAGTCA-1,CrVg2wCD45CD90R2
CrVg2wCD45CD90R2_TGCGCAGTCGCTAGCG-1,CrVg2wCD45CD90R2
CrVg2wCD45CD90R2_TGCGTGGAGGATGGAA-1,CrVg2wCD45CD90R2
CrVg2wCD45CD90R2_TGCTGCTAGTAAGTAC-1,CrVg2wCD45CD90R2
CrVg2wCD45CD90R2_TGGCCAGTCGGCGCTA-1,CrVg2wCD45CD90R2
CrVg2wCD45CD90R2_TGGCGCACACGTGAGA-1,CrVg2wCD45CD90R2
CrVg2wCD45CD90R2_TGGCTGGCAATGGTCT-1,CrVg2wCD45CD90R2
CrVg2wCD45CD90R2_TGGGCGTCAGCGTCCA-1,CrVg2wCD45CD90R2
CrVg2wCD45CD90R2_TGGGCGTGTACATGTC-1,CrVg2wCD45CD90R2
CrVg2wCD45CD90R2_TGGTTAGCATTCACTT-1,CrVg2wCD45CD90R2
CrVg2wCD45CD90R2_TGGTTAGGTGGTTTCA-1,CrVg2wCD45CD90R2
CrVg2wCD45CD90R2_TGGTTCCCACTTACGA-1,CrVg2wCD45CD90R2
CrVg2wCD45CD90R2_TGTATTCAGGTGTTAA-1,CrVg2wCD45CD90R2
CrVg2wCD45CD90R2_TGTATTCCAGCGTCCA-1,CrVg2wCD45CD90R2
CrVg2wCD45CD90R2_TGTATTCTCTGCTTGC-1,CrVg2wCD45CD90R2
CrVg2wCD45CD90R2_TGTATTCTCTTCGGTC-1,CrVg2wCD45CD90R2
CrVg2wCD45CD90R2_TGTCCCACAATGTTGC-1,CrVg2wCD45CD90R2
CrVg2wCD45CD90R2_TGTGTTTAGTTGCAGG-1,CrVg2wCD45CD90R2
CrVg2wCD45CD90R2_TTAGGACAGAAGGACA-1,CrVg2wCD45CD90R2
CrVg2wCD45CD90R2_TTAGGACAGTGAACAT-1,CrVg2wCD45CD90R2
CrVg2wCD45CD90R2_TTAGGCACATGCGCAC-1,CrVg2wCD45CD90R2
CrVg2wCD45CD90R2_TTATGCTGTTTGTTTC-1,CrVg2wCD45CD90R2
CrVg2wCD45CD90R2_TTCCCAGAGAATAGGG-1,CrVg2wCD45CD90R2
CrVg2wCD45CD90R2_TTCCCAGTCGCGCCAA-1,CrVg2wCD45CD90R2
CrVg2wCD45CD90R2_TTCCCAGTCGTCGTTC-1,CrVg2wCD45CD90R2
CrVg2wCD45CD90R2_TTCGAAGCACAACGTT-1,CrVg2wCD45CD90R2
CrVg2wCD45CD90R2_TTCTCCTAGAATAGGG-1,CrVg2wCD45CD90R2
CrVg2wCD45CD90R2_TTGAACGCATGATCCA-1,CrVg2wCD45CD90R2
CrVg2wCD45CD90R2_TTGCGTCGTTATGTGC-1,CrVg2wCD45CD90R2
CrVg2wCD45CD90R2_TTGCGTCTCAAACCAC-1,CrVg2wCD45CD90R2
CrVg2wCD45CD90R2_TTGCGTCTCGTTACGA-1,CrVg2wCD45CD90R2
CrVg2wCD45CD90R2_TTGGAACGTGTTTGGT-1,CrVg2wCD45CD90R2
CrVg2wCD45CD90R2_TTGGAACTCTTGTCAT-1,CrVg2wCD45CD90R2
CrVg2wCD45CD90R2_TTGGCAACAAGCGAGT-1,CrVg2wCD45CD90R2
CrVg2wCD45CD90R2_TTGGCAATCGAATGGG-1,CrVg2wCD45CD90R2
CrVg2wCD45CD90R2_TTGTAGGCAAACCCAT-1,CrVg2wCD45CD90R2
CrVg2wCD45CD90R2_TTTACTGAGCGTCTAT-1,CrVg2wCD45CD90R2
CrVg2wCD45CD90R2_TTTACTGTCAGCAACT-1,CrVg2wCD45CD90R2
CrVg2wCD45CD90R2_TTTATGCTCCAAGTAC-1,CrVg2wCD45CD90R2
CrVg2wCD45CD90R2_TTTGCGCAGTTAAGTG-1,CrVg2wCD45CD90R2
CrVg2wCD45CD90R2_TTTGCGCCATGACATC-1,CrVg2wCD45CD90R2
CrVg2wCD45CD90R2_TTTGGTTTCTCAACTT-1,CrVg2wCD45CD90R2
CrVg2wCD45CD90R2_TTTGTCAAGATCTGCT-1,CrVg2wCD45CD90R2
CrVg2wCD45CD90R2_TTTGTCACACATGACT-1,CrVg2wCD45CD90R2
CrVg2wCD45CD90R2_TTTGTCAGTTCCACTC-1,CrVg2wCD45CD90R2
CrVg2wCD90R1_AAACCTGCACCACCAG-1,CrVg2wCD90R1
CrVg2wCD90R1_AAACCTGCAGCGTCCA-1,CrVg2wCD90R1
CrVg2wCD90R1_AAACCTGGTCACCCAG-1,CrVg2wCD90R1
CrVg2wCD90R1_AAACCTGGTCAGTGGA-1,CrVg2wCD90R1
CrVg2wCD90R1_AAACCTGGTGTTTGTG-1,CrVg2wCD90R1
CrVg2wCD90R1_AAACCTGGTTGATTGC-1,CrVg2wCD90R1
CrVg2wCD90R1_AAACCTGTCCCATTTA-1,CrVg2wCD90R1
CrVg2wCD90R1_AAACGGGCACAGGTTT-1,CrVg2wCD90R1
CrVg2wCD90R1_AAACGGGGTAGCGTAG-1,CrVg2wCD90R1
CrVg2wCD90R1_AAACGGGGTCGCTTTC-1,CrVg2wCD90R1
CrVg2wCD90R1_AAACGGGGTGTGAAAT-1,CrVg2wCD90R1
CrVg2wCD90R1_AAACGGGTCAGTCAGT-1,CrVg2wCD90R1
CrVg2wCD90R1_AAACGGGTCGACGGAA-1,CrVg2wCD90R1
CrVg2wCD90R1_AAACGGGTCTAGAGTC-1,CrVg2wCD90R1
CrVg2wCD90R1_AAAGATGAGCACCGTC-1,CrVg2wCD90R1
CrVg2wCD90R1_AAAGATGCACCTCGGA-1,CrVg2wCD90R1
CrVg2wCD90R1_AAAGATGGTAAGTAGT-1,CrVg2wCD90R1
CrVg2wCD90R1_AAAGATGTCATGTCTT-1,CrVg2wCD90R1
CrVg2wCD90R1_AAAGATGTCCTATTCA-1,CrVg2wCD90R1
CrVg2wCD90R1_AAAGATGTCTCCCTGA-1,CrVg2wCD90R1
CrVg2wCD90R1_AAAGATGTCTTAGCCC-1,CrVg2wCD90R1
CrVg2wCD90R1_AAAGCAAAGCGATGAC-1,CrVg2wCD90R1
CrVg2wCD90R1_AAAGCAAAGCTAGTTC-1,CrVg2wCD90R1
CrVg2wCD90R1_AAAGCAAAGGCATGTG-1,CrVg2wCD90R1
CrVg2wCD90R1_AAAGCAAAGTCATCCA-1,CrVg2wCD90R1
CrVg2wCD90R1_AAAGCAAAGTGGAGTC-1,CrVg2wCD90R1
CrVg2wCD90R1_AAAGCAACAAATCCGT-1,CrVg2wCD90R1
CrVg2wCD90R1_AAAGCAACAATAAGCA-1,CrVg2wCD90R1
CrVg2wCD90R1_AAAGCAACACTTCGAA-1,CrVg2wCD90R1
CrVg2wCD90R1_AAAGCAACAGACGCAA-1,CrVg2wCD90R1
CrVg2wCD90R1_AAAGCAACAGACGCCT-1,CrVg2wCD90R1
CrVg2wCD90R1_AAAGCAACATACAGCT-1,CrVg2wCD90R1
CrVg2wCD90R1_AAAGCAAGTCAGAATA-1,CrVg2wCD90R1
CrVg2wCD90R1_AAAGCAAGTCATCCCT-1,CrVg2wCD90R1
CrVg2wCD90R1_AAAGCAAGTCTGGAGA-1,CrVg2wCD90R1
CrVg2wCD90R1_AAAGCAAGTGCAGGTA-1,CrVg2wCD90R1
CrVg2wCD90R1_AAAGCAATCAACGGCC-1,CrVg2wCD90R1
CrVg2wCD90R1_AAAGCAATCTCAACTT-1,CrVg2wCD90R1
CrVg2wCD90R1_AAAGCAATCTGAGTGT-1,CrVg2wCD90R1
CrVg2wCD90R1_AAAGCAATCTTGAGAC-1,CrVg2wCD90R1
CrVg2wCD90R1_AAAGTAGAGCTGCCCA-1,CrVg2wCD90R1
CrVg2wCD90R1_AAAGTAGAGGGTTCCC-1,CrVg2wCD90R1
CrVg2wCD90R1_AAAGTAGCAAGCTGAG-1,CrVg2wCD90R1
CrVg2wCD90R1_AAAGTAGCAATCAGAA-1,CrVg2wCD90R1
CrVg2wCD90R1_AAAGTAGCAGCTTCGG-1,CrVg2wCD90R1
CrVg2wCD90R1_AAAGTAGGTAGCAAAT-1,CrVg2wCD90R1
CrVg2wCD90R1_AAAGTAGGTATCGCAT-1,CrVg2wCD90R1
CrVg2wCD90R1_AAAGTAGGTCCATCCT-1,CrVg2wCD90R1
CrVg2wCD90R1_AAAGTAGGTCTGCAAT-1,CrVg2wCD90R1
CrVg2wCD90R1_AAAGTAGTCCTCAACC-1,CrVg2wCD90R1
CrVg2wCD90R1_AAAGTAGTCCTTGCCA-1,CrVg2wCD90R1
CrVg2wCD90R1_AAATGCCAGATATGCA-1,CrVg2wCD90R1
CrVg2wCD90R1_AAATGCCAGATCACGG-1,CrVg2wCD90R1
CrVg2wCD90R1_AAATGCCAGATCCTGT-1,CrVg2wCD90R1
CrVg2wCD90R1_AAATGCCAGGTGCACA-1,CrVg2wCD90R1
CrVg2wCD90R1_AAATGCCCAAGCTGTT-1,CrVg2wCD90R1
CrVg2wCD90R1_AAATGCCCAGCTGTGC-1,CrVg2wCD90R1
CrVg2wCD90R1_AAATGCCCATGCTGGC-1,CrVg2wCD90R1
CrVg2wCD90R1_AAATGCCGTTTGTGTG-1,CrVg2wCD90R1
CrVg2wCD90R1_AAATGCCTCGTTACAG-1,CrVg2wCD90R1
CrVg2wCD90R1_AAATGCCTCTCATTCA-1,CrVg2wCD90R1
CrVg2wCD90R1_AAATGCCTCTCTTGAT-1,CrVg2wCD90R1
CrVg2wCD90R1_AAATGCCTCTGCTTGC-1,CrVg2wCD90R1
CrVg2wCD90R1_AAATGCCTCTGGCGTG-1,CrVg2wCD90R1
CrVg2wCD90R1_AACACGTAGGCCCTCA-1,CrVg2wCD90R1
CrVg2wCD90R1_AACACGTAGGTGCACA-1,CrVg2wCD90R1
CrVg2wCD90R1_AACACGTCACTAAGTC-1,CrVg2wCD90R1
CrVg2wCD90R1_AACACGTCAGACGCAA-1,CrVg2wCD90R1
CrVg2wCD90R1_AACACGTCAGCATACT-1,CrVg2wCD90R1
CrVg2wCD90R1_AACACGTCATCCTTGC-1,CrVg2wCD90R1
CrVg2wCD90R1_AACACGTGTAAGGGAA-1,CrVg2wCD90R1
CrVg2wCD90R1_AACACGTGTGAGTGAC-1,CrVg2wCD90R1
CrVg2wCD90R1_AACACGTGTTGCCTCT-1,CrVg2wCD90R1
CrVg2wCD90R1_AACCATGAGAGCCTAG-1,CrVg2wCD90R1
CrVg2wCD90R1_AACCATGCACACATGT-1,CrVg2wCD90R1
CrVg2wCD90R1_AACCATGGTCTCAACA-1,CrVg2wCD90R1
CrVg2wCD90R1_AACCATGGTCTTGTCC-1,CrVg2wCD90R1
CrVg2wCD90R1_AACCGCGAGCCACGTC-1,CrVg2wCD90R1
CrVg2wCD90R1_AACCGCGAGCTGTTCA-1,CrVg2wCD90R1
CrVg2wCD90R1_AACCGCGAGTACGACG-1,CrVg2wCD90R1
CrVg2wCD90R1_AACCGCGCACAGATTC-1,CrVg2wCD90R1
CrVg2wCD90R1_AACCGCGGTGTAAGTA-1,CrVg2wCD90R1
CrVg2wCD90R1_AACCGCGGTTCTCATT-1,CrVg2wCD90R1
CrVg2wCD90R1_AACCGCGTCCAAACTG-1,CrVg2wCD90R1
CrVg2wCD90R1_AACGTTGAGACATAAC-1,CrVg2wCD90R1
CrVg2wCD90R1_AACGTTGAGACTTTCG-1,CrVg2wCD90R1
CrVg2wCD90R1_AACGTTGAGCGTAGTG-1,CrVg2wCD90R1
CrVg2wCD90R1_AACGTTGAGGGATACC-1,CrVg2wCD90R1
CrVg2wCD90R1_AACGTTGCAGCATACT-1,CrVg2wCD90R1
CrVg2wCD90R1_AACGTTGCATCTCGCT-1,CrVg2wCD90R1
CrVg2wCD90R1_AACGTTGGTACCGGCT-1,CrVg2wCD90R1
CrVg2wCD90R1_AACGTTGGTATATGAG-1,CrVg2wCD90R1
CrVg2wCD90R1_AACGTTGGTCCGAATT-1,CrVg2wCD90R1
CrVg2wCD90R1_AACGTTGTCAAAGTAG-1,CrVg2wCD90R1
CrVg2wCD90R1_AACGTTGTCAATCACG-1,CrVg2wCD90R1
CrVg2wCD90R1_AACGTTGTCCCACTTG-1,CrVg2wCD90R1
CrVg2wCD90R1_AACGTTGTCGTTTGCC-1,CrVg2wCD90R1
CrVg2wCD90R1_AACGTTGTCTCCTATA-1,CrVg2wCD90R1
CrVg2wCD90R1_AACGTTGTCTCTGTCG-1,CrVg2wCD90R1
CrVg2wCD90R1_AACTCAGAGATGTTAG-1,CrVg2wCD90R1
CrVg2wCD90R1_AACTCAGAGTCACGCC-1,CrVg2wCD90R1
CrVg2wCD90R1_AACTCAGCAGCGTCCA-1,CrVg2wCD90R1
CrVg2wCD90R1_AACTCAGCATAAGACA-1,CrVg2wCD90R1
CrVg2wCD90R1_AACTCAGGTATGCTTG-1,CrVg2wCD90R1
CrVg2wCD90R1_AACTCAGTCCCTTGCA-1,CrVg2wCD90R1
CrVg2wCD90R1_AACTCAGTCGCCGTGA-1,CrVg2wCD90R1
CrVg2wCD90R1_AACTCAGTCGGCGCAT-1,CrVg2wCD90R1
CrVg2wCD90R1_AACTCCCAGATATACG-1,CrVg2wCD90R1
CrVg2wCD90R1_AACTCCCAGCCACGCT-1,CrVg2wCD90R1
CrVg2wCD90R1_AACTCCCAGGATGCGT-1,CrVg2wCD90R1
CrVg2wCD90R1_AACTCCCAGGCATTGG-1,CrVg2wCD90R1
CrVg2wCD90R1_AACTCCCCAAAGCGGT-1,CrVg2wCD90R1
CrVg2wCD90R1_AACTCCCCAAGAAGAG-1,CrVg2wCD90R1
CrVg2wCD90R1_AACTCCCCAAGGGTCA-1,CrVg2wCD90R1
CrVg2wCD90R1_AACTCCCCAGATGAGC-1,CrVg2wCD90R1
CrVg2wCD90R1_AACTCCCGTATCTGCA-1,CrVg2wCD90R1
CrVg2wCD90R1_AACTCCCGTGCATCTA-1,CrVg2wCD90R1
CrVg2wCD90R1_AACTCCCGTGCGAAAC-1,CrVg2wCD90R1
CrVg2wCD90R1_AACTCCCGTTAGATGA-1,CrVg2wCD90R1
CrVg2wCD90R1_AACTCCCGTTCTGAAC-1,CrVg2wCD90R1
CrVg2wCD90R1_AACTCCCGTTCTGTTT-1,CrVg2wCD90R1
CrVg2wCD90R1_AACTCCCGTTTGTTGG-1,CrVg2wCD90R1
CrVg2wCD90R1_AACTCTTAGATATGGT-1,CrVg2wCD90R1
CrVg2wCD90R1_AACTCTTAGCTCAACT-1,CrVg2wCD90R1
CrVg2wCD90R1_AACTCTTAGGCTCATT-1,CrVg2wCD90R1
CrVg2wCD90R1_AACTCTTCACACTGCG-1,CrVg2wCD90R1
CrVg2wCD90R1_AACTCTTCACATCTTT-1,CrVg2wCD90R1
CrVg2wCD90R1_AACTCTTCAGCCAGAA-1,CrVg2wCD90R1
CrVg2wCD90R1_AACTCTTCAGCTGCAC-1,CrVg2wCD90R1
CrVg2wCD90R1_AACTCTTCAGTACACT-1,CrVg2wCD90R1
CrVg2wCD90R1_AACTCTTCAGTCAGCC-1,CrVg2wCD90R1
CrVg2wCD90R1_AACTCTTGTAGGAGTC-1,CrVg2wCD90R1
CrVg2wCD90R1_AACTCTTGTCAAAGCG-1,CrVg2wCD90R1
CrVg2wCD90R1_AACTCTTGTCGCGGTT-1,CrVg2wCD90R1
CrVg2wCD90R1_AACTCTTGTCTTTCAT-1,CrVg2wCD90R1
CrVg2wCD90R1_AACTCTTGTTTAAGCC-1,CrVg2wCD90R1
CrVg2wCD90R1_AACTCTTTCAAAGACA-1,CrVg2wCD90R1
CrVg2wCD90R1_AACTCTTTCAGTGCAT-1,CrVg2wCD90R1
CrVg2wCD90R1_AACTCTTTCCTTGACC-1,CrVg2wCD90R1
CrVg2wCD90R1_AACTCTTTCGCGATCG-1,CrVg2wCD90R1
CrVg2wCD90R1_AACTGGTAGGAACTGC-1,CrVg2wCD90R1
CrVg2wCD90R1_AACTGGTAGGCATGTG-1,CrVg2wCD90R1
CrVg2wCD90R1_AACTGGTAGGCTCATT-1,CrVg2wCD90R1
CrVg2wCD90R1_AACTGGTAGTCCATAC-1,CrVg2wCD90R1
CrVg2wCD90R1_AACTGGTCAGCTGTTA-1,CrVg2wCD90R1
CrVg2wCD90R1_AACTGGTCATCTACGA-1,CrVg2wCD90R1
CrVg2wCD90R1_AACTGGTCATGGGACA-1,CrVg2wCD90R1
CrVg2wCD90R1_AACTGGTGTGACGCCT-1,CrVg2wCD90R1
CrVg2wCD90R1_AACTGGTGTGCACCAC-1,CrVg2wCD90R1
CrVg2wCD90R1_AACTGGTTCATCGATG-1,CrVg2wCD90R1
CrVg2wCD90R1_AACTGGTTCATTATCC-1,CrVg2wCD90R1
CrVg2wCD90R1_AACTGGTTCTTGTACT-1,CrVg2wCD90R1
CrVg2wCD90R1_AACTTTCAGTGAAGAG-1,CrVg2wCD90R1
CrVg2wCD90R1_AACTTTCAGTGTGAAT-1,CrVg2wCD90R1
CrVg2wCD90R1_AACTTTCGTAAGAGAG-1,CrVg2wCD90R1
CrVg2wCD90R1_AACTTTCGTCATGCAT-1,CrVg2wCD90R1
CrVg2wCD90R1_AACTTTCGTCTCGTTC-1,CrVg2wCD90R1
CrVg2wCD90R1_AACTTTCGTGTGGTTT-1,CrVg2wCD90R1
CrVg2wCD90R1_AACTTTCGTTGAGGTG-1,CrVg2wCD90R1
CrVg2wCD90R1_AACTTTCTCAACGGGA-1,CrVg2wCD90R1
CrVg2wCD90R1_AACTTTCTCAGCTGGC-1,CrVg2wCD90R1
CrVg2wCD90R1_AACTTTCTCGTTTAGG-1,CrVg2wCD90R1
CrVg2wCD90R1_AAGACCTAGAACAACT-1,CrVg2wCD90R1
CrVg2wCD90R1_AAGACCTAGAGCAATT-1,CrVg2wCD90R1
CrVg2wCD90R1_AAGACCTAGATGGGTC-1,CrVg2wCD90R1
CrVg2wCD90R1_AAGACCTAGCGACGTA-1,CrVg2wCD90R1
CrVg2wCD90R1_AAGACCTAGTTATCGC-1,CrVg2wCD90R1
CrVg2wCD90R1_AAGACCTCATGACGGA-1,CrVg2wCD90R1
CrVg2wCD90R1_AAGACCTGTCCTAGCG-1,CrVg2wCD90R1
CrVg2wCD90R1_AAGACCTGTTCTGTTT-1,CrVg2wCD90R1
CrVg2wCD90R1_AAGACCTTCAGTTAGC-1,CrVg2wCD90R1
CrVg2wCD90R1_AAGACCTTCCAAACAC-1,CrVg2wCD90R1
CrVg2wCD90R1_AAGACCTTCCGAGCCA-1,CrVg2wCD90R1
CrVg2wCD90R1_AAGACCTTCCTCAACC-1,CrVg2wCD90R1
CrVg2wCD90R1_AAGACCTTCCTGTACC-1,CrVg2wCD90R1
CrVg2wCD90R1_AAGCCGCAGATCTGAA-1,CrVg2wCD90R1
CrVg2wCD90R1_AAGCCGCAGCCAGTAG-1,CrVg2wCD90R1
CrVg2wCD90R1_AAGCCGCGTCGAAAGC-1,CrVg2wCD90R1
CrVg2wCD90R1_AAGCCGCGTCTAGTGT-1,CrVg2wCD90R1
CrVg2wCD90R1_AAGCCGCGTGTCGCTG-1,CrVg2wCD90R1
CrVg2wCD90R1_AAGCCGCTCACCCTCA-1,CrVg2wCD90R1
CrVg2wCD90R1_AAGCCGCTCCTCGCAT-1,CrVg2wCD90R1
CrVg2wCD90R1_AAGGAGCAGCGTAGTG-1,CrVg2wCD90R1
CrVg2wCD90R1_AAGGAGCAGGGTGTTG-1,CrVg2wCD90R1
CrVg2wCD90R1_AAGGAGCAGGTGTGGT-1,CrVg2wCD90R1
CrVg2wCD90R1_AAGGAGCCAAGCCATT-1,CrVg2wCD90R1
CrVg2wCD90R1_AAGGAGCCAGCTGCAC-1,CrVg2wCD90R1
CrVg2wCD90R1_AAGGAGCGTAAACGCG-1,CrVg2wCD90R1
CrVg2wCD90R1_AAGGAGCGTCCGAGTC-1,CrVg2wCD90R1
CrVg2wCD90R1_AAGGAGCGTTCCACTC-1,CrVg2wCD90R1
CrVg2wCD90R1_AAGGAGCTCCTGCTTG-1,CrVg2wCD90R1
CrVg2wCD90R1_AAGGAGCTCGCAGGCT-1,CrVg2wCD90R1
CrVg2wCD90R1_AAGGAGCTCTCGCTTG-1,CrVg2wCD90R1
CrVg2wCD90R1_AAGGCAGAGATGAGAG-1,CrVg2wCD90R1
CrVg2wCD90R1_AAGGCAGAGGCACATG-1,CrVg2wCD90R1
CrVg2wCD90R1_AAGGCAGAGGCGACAT-1,CrVg2wCD90R1
CrVg2wCD90R1_AAGGCAGAGTGACTCT-1,CrVg2wCD90R1
CrVg2wCD90R1_AAGGCAGAGTGCGTGA-1,CrVg2wCD90R1
CrVg2wCD90R1_AAGGCAGCAGGAACGT-1,CrVg2wCD90R1
CrVg2wCD90R1_AAGGCAGGTCCGTGAC-1,CrVg2wCD90R1
CrVg2wCD90R1_AAGGCAGGTCGCATCG-1,CrVg2wCD90R1
CrVg2wCD90R1_AAGGCAGGTGCCTGCA-1,CrVg2wCD90R1
CrVg2wCD90R1_AAGGCAGGTGTTAAGA-1,CrVg2wCD90R1
CrVg2wCD90R1_AAGGCAGGTTTGTGTG-1,CrVg2wCD90R1
CrVg2wCD90R1_AAGGCAGTCAGCACAT-1,CrVg2wCD90R1
CrVg2wCD90R1_AAGGCAGTCCGCAGTG-1,CrVg2wCD90R1
CrVg2wCD90R1_AAGGCAGTCGTATCAG-1,CrVg2wCD90R1
CrVg2wCD90R1_AAGGCAGTCTCGGACG-1,CrVg2wCD90R1
CrVg2wCD90R1_AAGGTTCAGGTGCTTT-1,CrVg2wCD90R1
CrVg2wCD90R1_AAGGTTCCATCACAAC-1,CrVg2wCD90R1
CrVg2wCD90R1_AAGGTTCTCACCTCGT-1,CrVg2wCD90R1
CrVg2wCD90R1_AAGGTTCTCCTTCAAT-1,CrVg2wCD90R1
CrVg2wCD90R1_AAGGTTCTCGCATGGC-1,CrVg2wCD90R1
CrVg2wCD90R1_AAGGTTCTCTAACTTC-1,CrVg2wCD90R1
CrVg2wCD90R1_AAGTCTGAGTGAACAT-1,CrVg2wCD90R1
CrVg2wCD90R1_AAGTCTGCACGTCAGC-1,CrVg2wCD90R1
CrVg2wCD90R1_AAGTCTGCAGACAAGC-1,CrVg2wCD90R1
CrVg2wCD90R1_AAGTCTGCAGCGTCCA-1,CrVg2wCD90R1
CrVg2wCD90R1_AAGTCTGCATAGTAAG-1,CrVg2wCD90R1
CrVg2wCD90R1_AAGTCTGGTAGGACAC-1,CrVg2wCD90R1
CrVg2wCD90R1_AAGTCTGGTATATGGA-1,CrVg2wCD90R1
CrVg2wCD90R1_AAGTCTGGTTCTGTTT-1,CrVg2wCD90R1
CrVg2wCD90R1_AAGTCTGTCAGTTAGC-1,CrVg2wCD90R1
CrVg2wCD90R1_AAGTCTGTCATGCTCC-1,CrVg2wCD90R1
CrVg2wCD90R1_AAGTCTGTCGCTAGCG-1,CrVg2wCD90R1
CrVg2wCD90R1_AATCCAGAGATCTGCT-1,CrVg2wCD90R1
CrVg2wCD90R1_AATCCAGCAAGTTGTC-1,CrVg2wCD90R1
CrVg2wCD90R1_AATCCAGCACTTACGA-1,CrVg2wCD90R1
CrVg2wCD90R1_AATCCAGCATATGAGA-1,CrVg2wCD90R1
CrVg2wCD90R1_AATCCAGTCAACCAAC-1,CrVg2wCD90R1
CrVg2wCD90R1_AATCCAGTCACGGTTA-1,CrVg2wCD90R1
CrVg2wCD90R1_AATCCAGTCACTCCTG-1,CrVg2wCD90R1
CrVg2wCD90R1_AATCCAGTCTCATTCA-1,CrVg2wCD90R1
CrVg2wCD90R1_AATCGGTAGATGTCGG-1,CrVg2wCD90R1
CrVg2wCD90R1_AATCGGTAGCCACCTG-1,CrVg2wCD90R1
CrVg2wCD90R1_AATCGGTAGCCGCCTA-1,CrVg2wCD90R1
CrVg2wCD90R1_AATCGGTAGGGTCTCC-1,CrVg2wCD90R1
CrVg2wCD90R1_AATCGGTCAAGAGGCT-1,CrVg2wCD90R1
CrVg2wCD90R1_AATCGGTCAAGCGAGT-1,CrVg2wCD90R1
CrVg2wCD90R1_AATCGGTCAAGGACAC-1,CrVg2wCD90R1
CrVg2wCD90R1_AATCGGTCAGTCGATT-1,CrVg2wCD90R1
CrVg2wCD90R1_AATCGGTCATACAGCT-1,CrVg2wCD90R1
CrVg2wCD90R1_AATCGGTCATGGTTGT-1,CrVg2wCD90R1
CrVg2wCD90R1_AATCGGTGTCCAACTA-1,CrVg2wCD90R1
CrVg2wCD90R1_AATCGGTGTGGGTCAA-1,CrVg2wCD90R1
CrVg2wCD90R1_AATCGGTGTGTGACCC-1,CrVg2wCD90R1
CrVg2wCD90R1_AATCGGTTCCGCTGTT-1,CrVg2wCD90R1
CrVg2wCD90R1_AATCGGTTCGGTTAAC-1,CrVg2wCD90R1
CrVg2wCD90R1_ACACCAAAGTTATCGC-1,CrVg2wCD90R1
CrVg2wCD90R1_ACACCAAAGTTTGCGT-1,CrVg2wCD90R1
CrVg2wCD90R1_ACACCAACACACGCTG-1,CrVg2wCD90R1
CrVg2wCD90R1_ACACCAACAGATAATG-1,CrVg2wCD90R1
CrVg2wCD90R1_ACACCAAGTCCGAGTC-1,CrVg2wCD90R1
CrVg2wCD90R1_ACACCAAGTGGTCTCG-1,CrVg2wCD90R1
CrVg2wCD90R1_ACACCAATCAGAGGTG-1,CrVg2wCD90R1
CrVg2wCD90R1_ACACCAATCCAGATCA-1,CrVg2wCD90R1
CrVg2wCD90R1_ACACCCTAGAAGGTGA-1,CrVg2wCD90R1
CrVg2wCD90R1_ACACCCTAGGAGTTGC-1,CrVg2wCD90R1
CrVg2wCD90R1_ACACCCTCAAAGAATC-1,CrVg2wCD90R1
CrVg2wCD90R1_ACACCCTCAATAGCGG-1,CrVg2wCD90R1
CrVg2wCD90R1_ACACCCTCAGTCAGCC-1,CrVg2wCD90R1
CrVg2wCD90R1_ACACCCTCATGAGCGA-1,CrVg2wCD90R1
CrVg2wCD90R1_ACACCCTCATTCCTCG-1,CrVg2wCD90R1
CrVg2wCD90R1_ACACCCTGTACGACCC-1,CrVg2wCD90R1
CrVg2wCD90R1_ACACCCTTCCGTCAAA-1,CrVg2wCD90R1
CrVg2wCD90R1_ACACCCTTCCTTGCCA-1,CrVg2wCD90R1
CrVg2wCD90R1_ACACCCTTCGTAGGTT-1,CrVg2wCD90R1
CrVg2wCD90R1_ACACCGGAGCCGATTT-1,CrVg2wCD90R1
CrVg2wCD90R1_ACACCGGAGCTAGTTC-1,CrVg2wCD90R1
CrVg2wCD90R1_ACACCGGAGCTCCTTC-1,CrVg2wCD90R1
CrVg2wCD90R1_ACACCGGAGGGATACC-1,CrVg2wCD90R1
CrVg2wCD90R1_ACACCGGAGTGCGTGA-1,CrVg2wCD90R1
CrVg2wCD90R1_ACACCGGCAGTATCTG-1,CrVg2wCD90R1
CrVg2wCD90R1_ACACCGGCATATACCG-1,CrVg2wCD90R1
CrVg2wCD90R1_ACACCGGGTCGCGAAA-1,CrVg2wCD90R1
CrVg2wCD90R1_ACACCGGGTGGCGAAT-1,CrVg2wCD90R1
CrVg2wCD90R1_ACACCGGGTTATTCTC-1,CrVg2wCD90R1
CrVg2wCD90R1_ACACCGGGTTGGAGGT-1,CrVg2wCD90R1
CrVg2wCD90R1_ACACCGGTCAACGAAA-1,CrVg2wCD90R1
CrVg2wCD90R1_ACACCGGTCGCGGATC-1,CrVg2wCD90R1
CrVg2wCD90R1_ACACCGGTCTGAGTGT-1,CrVg2wCD90R1
CrVg2wCD90R1_ACACCGGTCTTAACCT-1,CrVg2wCD90R1
CrVg2wCD90R1_ACACTGAAGCCAGTTT-1,CrVg2wCD90R1
CrVg2wCD90R1_ACACTGAAGGTACTCT-1,CrVg2wCD90R1
CrVg2wCD90R1_ACACTGAAGTACGTTC-1,CrVg2wCD90R1
CrVg2wCD90R1_ACACTGAAGTGCGTGA-1,CrVg2wCD90R1
CrVg2wCD90R1_ACACTGACAAGTCTGT-1,CrVg2wCD90R1
CrVg2wCD90R1_ACACTGACAGTGGGAT-1,CrVg2wCD90R1
CrVg2wCD90R1_ACACTGAGTCACCCAG-1,CrVg2wCD90R1
CrVg2wCD90R1_ACACTGATCAAGGCTT-1,CrVg2wCD90R1
CrVg2wCD90R1_ACACTGATCGAGAACG-1,CrVg2wCD90R1
CrVg2wCD90R1_ACACTGATCGGCTACG-1,CrVg2wCD90R1
CrVg2wCD90R1_ACAGCCGAGATGGCGT-1,CrVg2wCD90R1
CrVg2wCD90R1_ACAGCCGAGATGTTAG-1,CrVg2wCD90R1
CrVg2wCD90R1_ACAGCCGAGGACAGCT-1,CrVg2wCD90R1
CrVg2wCD90R1_ACAGCCGCAGGGAGAG-1,CrVg2wCD90R1
CrVg2wCD90R1_ACAGCCGCAGTCGTGC-1,CrVg2wCD90R1
CrVg2wCD90R1_ACAGCCGGTAGAGCTG-1,CrVg2wCD90R1
CrVg2wCD90R1_ACAGCCGGTGAGTGAC-1,CrVg2wCD90R1
CrVg2wCD90R1_ACAGCCGGTGTGCGTC-1,CrVg2wCD90R1
CrVg2wCD90R1_ACAGCCGGTGTGGTTT-1,CrVg2wCD90R1
CrVg2wCD90R1_ACAGCCGGTTAGTGGG-1,CrVg2wCD90R1
CrVg2wCD90R1_ACAGCCGGTTTGACAC-1,CrVg2wCD90R1
CrVg2wCD90R1_ACAGCCGTCTTAGAGC-1,CrVg2wCD90R1
CrVg2wCD90R1_ACAGCTAAGCCAGGAT-1,CrVg2wCD90R1
CrVg2wCD90R1_ACAGCTAAGGGTTTCT-1,CrVg2wCD90R1
CrVg2wCD90R1_ACAGCTAGTACGCTGC-1,CrVg2wCD90R1
CrVg2wCD90R1_ACAGCTAGTCTCTCTG-1,CrVg2wCD90R1
CrVg2wCD90R1_ACAGCTATCGGAGCAA-1,CrVg2wCD90R1
CrVg2wCD90R1_ACAGCTATCTACTTAC-1,CrVg2wCD90R1
CrVg2wCD90R1_ACAGCTATCTGGTGTA-1,CrVg2wCD90R1
CrVg2wCD90R1_ACATACGAGAAACCTA-1,CrVg2wCD90R1
CrVg2wCD90R1_ACATACGAGAAGGGTA-1,CrVg2wCD90R1
CrVg2wCD90R1_ACATACGAGAGAGCTC-1,CrVg2wCD90R1
CrVg2wCD90R1_ACATACGCAGCTGGCT-1,CrVg2wCD90R1
CrVg2wCD90R1_ACATACGCATCGGTTA-1,CrVg2wCD90R1
CrVg2wCD90R1_ACATACGCATCTGGTA-1,CrVg2wCD90R1
CrVg2wCD90R1_ACATACGCATTCTCAT-1,CrVg2wCD90R1
CrVg2wCD90R1_ACATACGGTAGTACCT-1,CrVg2wCD90R1
CrVg2wCD90R1_ACATACGGTCGACTAT-1,CrVg2wCD90R1
CrVg2wCD90R1_ACATACGGTCTCTCTG-1,CrVg2wCD90R1
CrVg2wCD90R1_ACATACGGTGCTGTAT-1,CrVg2wCD90R1
CrVg2wCD90R1_ACATACGTCAATCTCT-1,CrVg2wCD90R1
CrVg2wCD90R1_ACATACGTCGCTTAGA-1,CrVg2wCD90R1
CrVg2wCD90R1_ACATACGTCGTCGTTC-1,CrVg2wCD90R1
CrVg2wCD90R1_ACATACGTCTCGCTTG-1,CrVg2wCD90R1
CrVg2wCD90R1_ACATACGTCTTGTCAT-1,CrVg2wCD90R1
CrVg2wCD90R1_ACATCAGAGAGAACAG-1,CrVg2wCD90R1
CrVg2wCD90R1_ACATCAGAGATGTCGG-1,CrVg2wCD90R1
CrVg2wCD90R1_ACATCAGAGCTCCTCT-1,CrVg2wCD90R1
CrVg2wCD90R1_ACATCAGAGGCATTGG-1,CrVg2wCD90R1
CrVg2wCD90R1_ACATCAGCAAGCTGGA-1,CrVg2wCD90R1
CrVg2wCD90R1_ACATCAGCATGTCCTC-1,CrVg2wCD90R1
CrVg2wCD90R1_ACATCAGCATTCCTGC-1,CrVg2wCD90R1
CrVg2wCD90R1_ACATCAGCATTTCAGG-1,CrVg2wCD90R1
CrVg2wCD90R1_ACATCAGTCCTTTCTC-1,CrVg2wCD90R1
CrVg2wCD90R1_ACATCAGTCTACGAGT-1,CrVg2wCD90R1
CrVg2wCD90R1_ACATGGTCACAGACTT-1,CrVg2wCD90R1
CrVg2wCD90R1_ACATGGTCACATAACC-1,CrVg2wCD90R1
CrVg2wCD90R1_ACATGGTCACCAGTTA-1,CrVg2wCD90R1
CrVg2wCD90R1_ACATGGTCACGAAGCA-1,CrVg2wCD90R1
CrVg2wCD90R1_ACATGGTCAGATGGGT-1,CrVg2wCD90R1
CrVg2wCD90R1_ACATGGTCATGTTCCC-1,CrVg2wCD90R1
CrVg2wCD90R1_ACATGGTGTTCGGGCT-1,CrVg2wCD90R1
CrVg2wCD90R1_ACATGGTTCAGGATCT-1,CrVg2wCD90R1
CrVg2wCD90R1_ACATGGTTCAGGCGAA-1,CrVg2wCD90R1
CrVg2wCD90R1_ACATGGTTCCATGAGT-1,CrVg2wCD90R1
CrVg2wCD90R1_ACATGGTTCCTTTCTC-1,CrVg2wCD90R1
CrVg2wCD90R1_ACCAGTAAGCATCATC-1,CrVg2wCD90R1
CrVg2wCD90R1_ACCAGTAAGCCGATTT-1,CrVg2wCD90R1
CrVg2wCD90R1_ACCAGTAAGGCATGTG-1,CrVg2wCD90R1
CrVg2wCD90R1_ACCAGTAAGGGCATGT-1,CrVg2wCD90R1
CrVg2wCD90R1_ACCAGTACAAGGACTG-1,CrVg2wCD90R1
CrVg2wCD90R1_ACCAGTACACTTCGAA-1,CrVg2wCD90R1
CrVg2wCD90R1_ACCAGTACAGACAGGT-1,CrVg2wCD90R1
CrVg2wCD90R1_ACCAGTACATCAGTCA-1,CrVg2wCD90R1
CrVg2wCD90R1_ACCAGTACATCGGAAG-1,CrVg2wCD90R1
CrVg2wCD90R1_ACCAGTAGTAATTGGA-1,CrVg2wCD90R1
CrVg2wCD90R1_ACCAGTAGTCGACTGC-1,CrVg2wCD90R1
CrVg2wCD90R1_ACCAGTATCAACGAAA-1,CrVg2wCD90R1
CrVg2wCD90R1_ACCAGTATCACCTTAT-1,CrVg2wCD90R1
CrVg2wCD90R1_ACCAGTATCCACGTTC-1,CrVg2wCD90R1
CrVg2wCD90R1_ACCAGTATCGCCTGTT-1,CrVg2wCD90R1
CrVg2wCD90R1_ACCAGTATCTAACTCT-1,CrVg2wCD90R1
CrVg2wCD90R1_ACCAGTATCTCAAACG-1,CrVg2wCD90R1
CrVg2wCD90R1_ACCCACTAGCTAACTC-1,CrVg2wCD90R1
CrVg2wCD90R1_ACCCACTCAAAGCAAT-1,CrVg2wCD90R1
CrVg2wCD90R1_ACCCACTCACCTCGGA-1,CrVg2wCD90R1
CrVg2wCD90R1_ACCCACTCATCCTTGC-1,CrVg2wCD90R1
CrVg2wCD90R1_ACCCACTTCCACGTGG-1,CrVg2wCD90R1
CrVg2wCD90R1_ACCCACTTCGGGAGTA-1,CrVg2wCD90R1
CrVg2wCD90R1_ACCCACTTCTGAGGGA-1,CrVg2wCD90R1
CrVg2wCD90R1_ACCGTAAAGCGTTCCG-1,CrVg2wCD90R1
CrVg2wCD90R1_ACCGTAAAGCGTTGCC-1,CrVg2wCD90R1
CrVg2wCD90R1_ACCGTAAAGCTATGCT-1,CrVg2wCD90R1
CrVg2wCD90R1_ACCGTAAAGCTGAACG-1,CrVg2wCD90R1
CrVg2wCD90R1_ACCGTAAAGGACGAAA-1,CrVg2wCD90R1
CrVg2wCD90R1_ACCGTAAAGTGAATTG-1,CrVg2wCD90R1
CrVg2wCD90R1_ACCGTAAAGTTGTAGA-1,CrVg2wCD90R1
CrVg2wCD90R1_ACCGTAACACACGCTG-1,CrVg2wCD90R1
CrVg2wCD90R1_ACCGTAACACCTATCC-1,CrVg2wCD90R1
CrVg2wCD90R1_ACCGTAACAGGAACGT-1,CrVg2wCD90R1
CrVg2wCD90R1_ACCGTAACATCGGAAG-1,CrVg2wCD90R1
CrVg2wCD90R1_ACCGTAAGTAGCGTAG-1,CrVg2wCD90R1
CrVg2wCD90R1_ACCGTAATCCCTCTTT-1,CrVg2wCD90R1
CrVg2wCD90R1_ACCGTAATCGAGCCCA-1,CrVg2wCD90R1
CrVg2wCD90R1_ACCGTAATCGATAGAA-1,CrVg2wCD90R1
CrVg2wCD90R1_ACCGTAATCTCAAACG-1,CrVg2wCD90R1
CrVg2wCD90R1_ACCGTAATCTGAAAGA-1,CrVg2wCD90R1
CrVg2wCD90R1_ACCTTTAAGAGACTTA-1,CrVg2wCD90R1
CrVg2wCD90R1_ACCTTTAAGCGCTTAT-1,CrVg2wCD90R1
CrVg2wCD90R1_ACCTTTACAAGTCTGT-1,CrVg2wCD90R1
CrVg2wCD90R1_ACCTTTACACTCTGTC-1,CrVg2wCD90R1
CrVg2wCD90R1_ACCTTTACAGATGAGC-1,CrVg2wCD90R1
CrVg2wCD90R1_ACCTTTACAGCTGTAT-1,CrVg2wCD90R1
CrVg2wCD90R1_ACCTTTACATGGTCAT-1,CrVg2wCD90R1
CrVg2wCD90R1_ACCTTTAGTGCATCTA-1,CrVg2wCD90R1
CrVg2wCD90R1_ACCTTTAGTGTGGTTT-1,CrVg2wCD90R1
CrVg2wCD90R1_ACCTTTAGTTGTGGAG-1,CrVg2wCD90R1
CrVg2wCD90R1_ACCTTTATCACTTCAT-1,CrVg2wCD90R1
CrVg2wCD90R1_ACCTTTATCAGCACAT-1,CrVg2wCD90R1
CrVg2wCD90R1_ACCTTTATCCAATGGT-1,CrVg2wCD90R1
CrVg2wCD90R1_ACCTTTATCCATGAGT-1,CrVg2wCD90R1
CrVg2wCD90R1_ACCTTTATCCGAGCCA-1,CrVg2wCD90R1
CrVg2wCD90R1_ACCTTTATCCGTACAA-1,CrVg2wCD90R1
CrVg2wCD90R1_ACCTTTATCCGTAGGC-1,CrVg2wCD90R1
CrVg2wCD90R1_ACCTTTATCGAGGTAG-1,CrVg2wCD90R1
CrVg2wCD90R1_ACCTTTATCGCACTCT-1,CrVg2wCD90R1
CrVg2wCD90R1_ACGAGCCAGCCATCGC-1,CrVg2wCD90R1
CrVg2wCD90R1_ACGAGCCAGCTAGTCT-1,CrVg2wCD90R1
CrVg2wCD90R1_ACGAGCCAGGCCGAAT-1,CrVg2wCD90R1
CrVg2wCD90R1_ACGAGCCAGTGGTAAT-1,CrVg2wCD90R1
CrVg2wCD90R1_ACGAGCCAGTGTCTCA-1,CrVg2wCD90R1
CrVg2wCD90R1_ACGAGCCCAATCGGTT-1,CrVg2wCD90R1
CrVg2wCD90R1_ACGAGCCCACATGGGA-1,CrVg2wCD90R1
CrVg2wCD90R1_ACGAGCCCACGTCAGC-1,CrVg2wCD90R1
CrVg2wCD90R1_ACGAGCCCATCCGCGA-1,CrVg2wCD90R1
CrVg2wCD90R1_ACGAGCCGTAAGCACG-1,CrVg2wCD90R1
CrVg2wCD90R1_ACGAGCCGTATGCTTG-1,CrVg2wCD90R1
CrVg2wCD90R1_ACGAGCCGTCTAAAGA-1,CrVg2wCD90R1
CrVg2wCD90R1_ACGAGCCTCGCCCTTA-1,CrVg2wCD90R1
CrVg2wCD90R1_ACGAGCCTCGTTACGA-1,CrVg2wCD90R1
CrVg2wCD90R1_ACGAGCCTCTGAGTGT-1,CrVg2wCD90R1
CrVg2wCD90R1_ACGAGGAAGTTGAGAT-1,CrVg2wCD90R1
CrVg2wCD90R1_ACGAGGACACGGCCAT-1,CrVg2wCD90R1
CrVg2wCD90R1_ACGAGGACAGATAATG-1,CrVg2wCD90R1
CrVg2wCD90R1_ACGAGGACATACGCCG-1,CrVg2wCD90R1
CrVg2wCD90R1_ACGAGGACATGACGGA-1,CrVg2wCD90R1
CrVg2wCD90R1_ACGAGGAGTGGAAAGA-1,CrVg2wCD90R1
CrVg2wCD90R1_ACGAGGATCCCTAATT-1,CrVg2wCD90R1
CrVg2wCD90R1_ACGAGGATCCGTACAA-1,CrVg2wCD90R1
CrVg2wCD90R1_ACGAGGATCGTCCAGG-1,CrVg2wCD90R1
CrVg2wCD90R1_ACGATACAGAAACGAG-1,CrVg2wCD90R1
CrVg2wCD90R1_ACGATACAGAGCCTAG-1,CrVg2wCD90R1
CrVg2wCD90R1_ACGATACAGCCTATGT-1,CrVg2wCD90R1
CrVg2wCD90R1_ACGATACAGGCGATAC-1,CrVg2wCD90R1
CrVg2wCD90R1_ACGATACCACCTCGGA-1,CrVg2wCD90R1
CrVg2wCD90R1_ACGATACCACTGTTAG-1,CrVg2wCD90R1
CrVg2wCD90R1_ACGATACCATCAGTCA-1,CrVg2wCD90R1
CrVg2wCD90R1_ACGATACGTACCGTAT-1,CrVg2wCD90R1
CrVg2wCD90R1_ACGATACGTCTGATCA-1,CrVg2wCD90R1
CrVg2wCD90R1_ACGATACTCAGGCAAG-1,CrVg2wCD90R1
CrVg2wCD90R1_ACGATACTCCTAGAAC-1,CrVg2wCD90R1
CrVg2wCD90R1_ACGATGTAGCGATCCC-1,CrVg2wCD90R1
CrVg2wCD90R1_ACGATGTAGGAGTAGA-1,CrVg2wCD90R1
CrVg2wCD90R1_ACGATGTGTAGCTAAA-1,CrVg2wCD90R1
CrVg2wCD90R1_ACGATGTGTAGCTTGT-1,CrVg2wCD90R1
CrVg2wCD90R1_ACGATGTGTCCCGACA-1,CrVg2wCD90R1
CrVg2wCD90R1_ACGATGTGTTCCACTC-1,CrVg2wCD90R1
CrVg2wCD90R1_ACGATGTTCATGCAAC-1,CrVg2wCD90R1
CrVg2wCD90R1_ACGCAGCCAGGCAGTA-1,CrVg2wCD90R1
CrVg2wCD90R1_ACGCAGCGTTCAGGCC-1,CrVg2wCD90R1
CrVg2wCD90R1_ACGCAGCGTTCCATGA-1,CrVg2wCD90R1
CrVg2wCD90R1_ACGCAGCGTTCGGCAC-1,CrVg2wCD90R1
CrVg2wCD90R1_ACGCAGCTCACCAGGC-1,CrVg2wCD90R1
CrVg2wCD90R1_ACGCAGCTCCACGTGG-1,CrVg2wCD90R1
CrVg2wCD90R1_ACGCCAGAGAAACCGC-1,CrVg2wCD90R1
CrVg2wCD90R1_ACGCCAGAGAGAGCTC-1,CrVg2wCD90R1
CrVg2wCD90R1_ACGCCAGAGCCAACAG-1,CrVg2wCD90R1
CrVg2wCD90R1_ACGCCAGAGGAATGGA-1,CrVg2wCD90R1
CrVg2wCD90R1_ACGCCAGAGGTACTCT-1,CrVg2wCD90R1
CrVg2wCD90R1_ACGCCAGCACGCGAAA-1,CrVg2wCD90R1
CrVg2wCD90R1_ACGCCAGCATCATCCC-1,CrVg2wCD90R1
CrVg2wCD90R1_ACGCCAGGTGGTAACG-1,CrVg2wCD90R1
CrVg2wCD90R1_ACGCCAGTCGATAGAA-1,CrVg2wCD90R1
CrVg2wCD90R1_ACGCCGAAGCGATGAC-1,CrVg2wCD90R1
CrVg2wCD90R1_ACGCCGAAGTGTACCT-1,CrVg2wCD90R1
CrVg2wCD90R1_ACGCCGAAGTGTACGG-1,CrVg2wCD90R1
CrVg2wCD90R1_ACGCCGACAATGTTGC-1,CrVg2wCD90R1
CrVg2wCD90R1_ACGCCGACACGTAAGG-1,CrVg2wCD90R1
CrVg2wCD90R1_ACGCCGACAGCCTATA-1,CrVg2wCD90R1
CrVg2wCD90R1_ACGCCGACAGGCTGAA-1,CrVg2wCD90R1
CrVg2wCD90R1_ACGCCGAGTACAGTGG-1,CrVg2wCD90R1
CrVg2wCD90R1_ACGCCGAGTATGGTTC-1,CrVg2wCD90R1
CrVg2wCD90R1_ACGCCGAGTCTAGAGG-1,CrVg2wCD90R1
CrVg2wCD90R1_ACGCCGAGTTCAGACT-1,CrVg2wCD90R1
CrVg2wCD90R1_ACGGAGAAGTACGTTC-1,CrVg2wCD90R1
CrVg2wCD90R1_ACGGAGAAGTCTTGCA-1,CrVg2wCD90R1
CrVg2wCD90R1_ACGGAGAAGTGAACAT-1,CrVg2wCD90R1
CrVg2wCD90R1_ACGGAGAAGTTCGCGC-1,CrVg2wCD90R1
CrVg2wCD90R1_ACGGAGACACGCGAAA-1,CrVg2wCD90R1
CrVg2wCD90R1_ACGGAGAGTGGTCTCG-1,CrVg2wCD90R1
CrVg2wCD90R1_ACGGAGAGTTGTGGCC-1,CrVg2wCD90R1
CrVg2wCD90R1_ACGGAGATCGAATCCA-1,CrVg2wCD90R1
CrVg2wCD90R1_ACGGAGATCGTCCAGG-1,CrVg2wCD90R1
CrVg2wCD90R1_ACGGAGATCTGCTTGC-1,CrVg2wCD90R1
CrVg2wCD90R1_ACGGCCAAGTCCGTAT-1,CrVg2wCD90R1
CrVg2wCD90R1_ACGGCCAAGTCGTACT-1,CrVg2wCD90R1
CrVg2wCD90R1_ACGGCCAAGTGGAGAA-1,CrVg2wCD90R1
CrVg2wCD90R1_ACGGCCACACGGTGTC-1,CrVg2wCD90R1
CrVg2wCD90R1_ACGGCCACACGTGAGA-1,CrVg2wCD90R1
CrVg2wCD90R1_ACGGCCACATATGCTG-1,CrVg2wCD90R1
CrVg2wCD90R1_ACGGCCACATCACGAT-1,CrVg2wCD90R1
CrVg2wCD90R1_ACGGCCACATCTATGG-1,CrVg2wCD90R1
CrVg2wCD90R1_ACGGCCAGTAAACCTC-1,CrVg2wCD90R1
CrVg2wCD90R1_ACGGCCAGTAACGACG-1,CrVg2wCD90R1
CrVg2wCD90R1_ACGGCCAGTTAAGAAC-1,CrVg2wCD90R1
CrVg2wCD90R1_ACGGCCAGTTCAGTAC-1,CrVg2wCD90R1
CrVg2wCD90R1_ACGGCCAGTTCCACTC-1,CrVg2wCD90R1
CrVg2wCD90R1_ACGGCCAGTTCGTCTC-1,CrVg2wCD90R1
CrVg2wCD90R1_ACGGCCAGTTGTCGCG-1,CrVg2wCD90R1
CrVg2wCD90R1_ACGGCCAGTTTGGCGC-1,CrVg2wCD90R1
CrVg2wCD90R1_ACGGCCATCAACCAAC-1,CrVg2wCD90R1
CrVg2wCD90R1_ACGGCCATCCAAACAC-1,CrVg2wCD90R1
CrVg2wCD90R1_ACGGCCATCCTGTACC-1,CrVg2wCD90R1
CrVg2wCD90R1_ACGGCCATCGACCAGC-1,CrVg2wCD90R1
CrVg2wCD90R1_ACGGCCATCTGTCAAG-1,CrVg2wCD90R1
CrVg2wCD90R1_ACGGGCTAGAAGGTGA-1,CrVg2wCD90R1
CrVg2wCD90R1_ACGGGCTAGATATGGT-1,CrVg2wCD90R1
CrVg2wCD90R1_ACGGGCTAGCGTAATA-1,CrVg2wCD90R1
CrVg2wCD90R1_ACGGGCTAGCTAGTTC-1,CrVg2wCD90R1
CrVg2wCD90R1_ACGGGCTAGGACTGGT-1,CrVg2wCD90R1
CrVg2wCD90R1_ACGGGCTAGGAGTTGC-1,CrVg2wCD90R1
CrVg2wCD90R1_ACGGGCTCAATCGAAA-1,CrVg2wCD90R1
CrVg2wCD90R1_ACGGGCTCACGCATCG-1,CrVg2wCD90R1
CrVg2wCD90R1_ACGGGCTCAGCTTCGG-1,CrVg2wCD90R1
CrVg2wCD90R1_ACGGGCTCAGGAATCG-1,CrVg2wCD90R1
CrVg2wCD90R1_ACGGGCTGTACTCGCG-1,CrVg2wCD90R1
CrVg2wCD90R1_ACGGGCTGTATGGTTC-1,CrVg2wCD90R1
CrVg2wCD90R1_ACGGGCTGTTCATGGT-1,CrVg2wCD90R1
CrVg2wCD90R1_ACGGGCTGTTGTCTTT-1,CrVg2wCD90R1
CrVg2wCD90R1_ACGGGCTTCATATCGG-1,CrVg2wCD90R1
CrVg2wCD90R1_ACGGGCTTCATCTGCC-1,CrVg2wCD90R1
CrVg2wCD90R1_ACGGGCTTCGTCTGAA-1,CrVg2wCD90R1
CrVg2wCD90R1_ACGGGCTTCTGAAAGA-1,CrVg2wCD90R1
CrVg2wCD90R1_ACGGGTCAGCTGCAAG-1,CrVg2wCD90R1
CrVg2wCD90R1_ACGGGTCCAAATACAG-1,CrVg2wCD90R1
CrVg2wCD90R1_ACGGGTCCAACTTGAC-1,CrVg2wCD90R1
CrVg2wCD90R1_ACGGGTCCAAGTTGTC-1,CrVg2wCD90R1
CrVg2wCD90R1_ACGGGTCCAATGCCAT-1,CrVg2wCD90R1
CrVg2wCD90R1_ACGGGTCCACGAGAGT-1,CrVg2wCD90R1
CrVg2wCD90R1_ACGGGTCCACGGTAAG-1,CrVg2wCD90R1
CrVg2wCD90R1_ACGGGTCCAGCCAATT-1,CrVg2wCD90R1
CrVg2wCD90R1_ACGGGTCCATCGACGC-1,CrVg2wCD90R1
CrVg2wCD90R1_ACGGGTCGTGCAGTAG-1,CrVg2wCD90R1
CrVg2wCD90R1_ACGGGTCGTGCTGTAT-1,CrVg2wCD90R1
CrVg2wCD90R1_ACGGGTCGTTGGAGGT-1,CrVg2wCD90R1
CrVg2wCD90R1_ACGGGTCTCCGTTGCT-1,CrVg2wCD90R1
CrVg2wCD90R1_ACGGGTCTCGATGAGG-1,CrVg2wCD90R1
CrVg2wCD90R1_ACGGGTCTCTTATCTG-1,CrVg2wCD90R1
CrVg2wCD90R1_ACGGGTCTCTTCGGTC-1,CrVg2wCD90R1
CrVg2wCD90R1_ACGTCAAAGAGCCTAG-1,CrVg2wCD90R1
CrVg2wCD90R1_ACGTCAAAGAGTCTGG-1,CrVg2wCD90R1
CrVg2wCD90R1_ACGTCAACAATCCAAC-1,CrVg2wCD90R1
CrVg2wCD90R1_ACGTCAAGTCCCGACA-1,CrVg2wCD90R1
CrVg2wCD90R1_ACGTCAAGTTGAACTC-1,CrVg2wCD90R1
CrVg2wCD90R1_ACGTCAATCAAACGGG-1,CrVg2wCD90R1
CrVg2wCD90R1_ACGTCAATCAAAGTAG-1,CrVg2wCD90R1
CrVg2wCD90R1_ACGTCAATCGTGGTCG-1,CrVg2wCD90R1
CrVg2wCD90R1_ACGTCAATCTATCCCG-1,CrVg2wCD90R1
CrVg2wCD90R1_ACTATCTAGGCCATAG-1,CrVg2wCD90R1
CrVg2wCD90R1_ACTATCTAGGCGCTCT-1,CrVg2wCD90R1
CrVg2wCD90R1_ACTATCTCACTTAACG-1,CrVg2wCD90R1
CrVg2wCD90R1_ACTATCTCAGCTATTG-1,CrVg2wCD90R1
CrVg2wCD90R1_ACTATCTGTAGCTCCG-1,CrVg2wCD90R1
CrVg2wCD90R1_ACTATCTGTGCGGTAA-1,CrVg2wCD90R1
CrVg2wCD90R1_ACTATCTGTTATTCTC-1,CrVg2wCD90R1
CrVg2wCD90R1_ACTATCTTCAAGCCTA-1,CrVg2wCD90R1
CrVg2wCD90R1_ACTATCTTCAGCTGGC-1,CrVg2wCD90R1
CrVg2wCD90R1_ACTATCTTCCCAGGTG-1,CrVg2wCD90R1
CrVg2wCD90R1_ACTATCTTCGAGAGCA-1,CrVg2wCD90R1
CrVg2wCD90R1_ACTGAACAGTACCGGA-1,CrVg2wCD90R1
CrVg2wCD90R1_ACTGAACCAAGCGATG-1,CrVg2wCD90R1
CrVg2wCD90R1_ACTGAACCAGCTGTTA-1,CrVg2wCD90R1
CrVg2wCD90R1_ACTGAACCAGTCAGAG-1,CrVg2wCD90R1
CrVg2wCD90R1_ACTGAACCATATGAGA-1,CrVg2wCD90R1
CrVg2wCD90R1_ACTGAACGTGAGCGAT-1,CrVg2wCD90R1
CrVg2wCD90R1_ACTGAACTCCACGACG-1,CrVg2wCD90R1
CrVg2wCD90R1_ACTGAACTCCCACTTG-1,CrVg2wCD90R1
CrVg2wCD90R1_ACTGAACTCCGTACAA-1,CrVg2wCD90R1
CrVg2wCD90R1_ACTGAGTAGAGCTATA-1,CrVg2wCD90R1
CrVg2wCD90R1_ACTGAGTAGCACCGTC-1,CrVg2wCD90R1
CrVg2wCD90R1_ACTGAGTCAATCGGTT-1,CrVg2wCD90R1
CrVg2wCD90R1_ACTGAGTCAGATCGGA-1,CrVg2wCD90R1
CrVg2wCD90R1_ACTGAGTCATGCTGGC-1,CrVg2wCD90R1
CrVg2wCD90R1_ACTGAGTGTGTCCTCT-1,CrVg2wCD90R1
CrVg2wCD90R1_ACTGAGTGTTCCATGA-1,CrVg2wCD90R1
CrVg2wCD90R1_ACTGATGCACCTCGTT-1,CrVg2wCD90R1
CrVg2wCD90R1_ACTGATGCAGCGAACA-1,CrVg2wCD90R1
CrVg2wCD90R1_ACTGATGCATGGGACA-1,CrVg2wCD90R1
CrVg2wCD90R1_ACTGATGCATTAGGCT-1,CrVg2wCD90R1
CrVg2wCD90R1_ACTGATGGTTCAGTAC-1,CrVg2wCD90R1
CrVg2wCD90R1_ACTGCTCAGATCCGAG-1,CrVg2wCD90R1
CrVg2wCD90R1_ACTGCTCAGATGTAAC-1,CrVg2wCD90R1
CrVg2wCD90R1_ACTGCTCAGCTCCTCT-1,CrVg2wCD90R1
CrVg2wCD90R1_ACTGCTCAGTGAATTG-1,CrVg2wCD90R1
CrVg2wCD90R1_ACTGCTCAGTGGTCCC-1,CrVg2wCD90R1
CrVg2wCD90R1_ACTGCTCCAACTTGAC-1,CrVg2wCD90R1
CrVg2wCD90R1_ACTGCTCCAATGAAAC-1,CrVg2wCD90R1
CrVg2wCD90R1_ACTGCTCCATGCTGGC-1,CrVg2wCD90R1
CrVg2wCD90R1_ACTGCTCCATGGTAGG-1,CrVg2wCD90R1
CrVg2wCD90R1_ACTGCTCGTACTCTCC-1,CrVg2wCD90R1
CrVg2wCD90R1_ACTGCTCGTCCTCCAT-1,CrVg2wCD90R1
CrVg2wCD90R1_ACTGCTCGTCTAAAGA-1,CrVg2wCD90R1
CrVg2wCD90R1_ACTGCTCGTTGAGTTC-1,CrVg2wCD90R1
CrVg2wCD90R1_ACTGCTCTCTTTACGT-1,CrVg2wCD90R1
CrVg2wCD90R1_ACTGTCCAGCTAAGAT-1,CrVg2wCD90R1
CrVg2wCD90R1_ACTGTCCCAATCGGTT-1,CrVg2wCD90R1
CrVg2wCD90R1_ACTGTCCCACCATGTA-1,CrVg2wCD90R1
CrVg2wCD90R1_ACTGTCCGTAATCACC-1,CrVg2wCD90R1
CrVg2wCD90R1_ACTGTCCGTACCGCTG-1,CrVg2wCD90R1
CrVg2wCD90R1_ACTGTCCGTCCGTTAA-1,CrVg2wCD90R1
CrVg2wCD90R1_ACTGTCCTCCCAACGG-1,CrVg2wCD90R1
CrVg2wCD90R1_ACTGTCCTCCGGCACA-1,CrVg2wCD90R1
CrVg2wCD90R1_ACTGTCCTCCTTGACC-1,CrVg2wCD90R1
CrVg2wCD90R1_ACTGTCCTCGCCCTTA-1,CrVg2wCD90R1
CrVg2wCD90R1_ACTTACTAGGGATGGG-1,CrVg2wCD90R1
CrVg2wCD90R1_ACTTACTAGGTAAACT-1,CrVg2wCD90R1
CrVg2wCD90R1_ACTTACTAGTCCGGTC-1,CrVg2wCD90R1
CrVg2wCD90R1_ACTTACTAGTGGACGT-1,CrVg2wCD90R1
CrVg2wCD90R1_ACTTACTCAAGGACAC-1,CrVg2wCD90R1
CrVg2wCD90R1_ACTTACTCAGTCAGCC-1,CrVg2wCD90R1
CrVg2wCD90R1_ACTTACTGTATGAATG-1,CrVg2wCD90R1
CrVg2wCD90R1_ACTTACTGTCGCTTTC-1,CrVg2wCD90R1
CrVg2wCD90R1_ACTTACTGTGTTCTTT-1,CrVg2wCD90R1
CrVg2wCD90R1_ACTTACTGTTATCCGA-1,CrVg2wCD90R1
CrVg2wCD90R1_ACTTACTGTTTGGGCC-1,CrVg2wCD90R1
CrVg2wCD90R1_ACTTACTTCTTGAGAC-1,CrVg2wCD90R1
CrVg2wCD90R1_ACTTGTTAGACGACGT-1,CrVg2wCD90R1
CrVg2wCD90R1_ACTTGTTAGACTGGGT-1,CrVg2wCD90R1
CrVg2wCD90R1_ACTTGTTAGCGATATA-1,CrVg2wCD90R1
CrVg2wCD90R1_ACTTGTTAGGACGAAA-1,CrVg2wCD90R1
CrVg2wCD90R1_ACTTGTTAGGGTTTCT-1,CrVg2wCD90R1
CrVg2wCD90R1_ACTTGTTAGTTAACGA-1,CrVg2wCD90R1
CrVg2wCD90R1_ACTTGTTCACATCTTT-1,CrVg2wCD90R1
CrVg2wCD90R1_ACTTGTTCAGGTTTCA-1,CrVg2wCD90R1
CrVg2wCD90R1_ACTTGTTCATTCTTAC-1,CrVg2wCD90R1
CrVg2wCD90R1_ACTTGTTGTGTCGCTG-1,CrVg2wCD90R1
CrVg2wCD90R1_ACTTGTTTCGAGGTAG-1,CrVg2wCD90R1
CrVg2wCD90R1_ACTTGTTTCGGCGCAT-1,CrVg2wCD90R1
CrVg2wCD90R1_ACTTTCAAGAGCCCAA-1,CrVg2wCD90R1
CrVg2wCD90R1_ACTTTCAAGCGCTCCA-1,CrVg2wCD90R1
CrVg2wCD90R1_ACTTTCAAGGAGTAGA-1,CrVg2wCD90R1
CrVg2wCD90R1_ACTTTCAAGGTAAACT-1,CrVg2wCD90R1
CrVg2wCD90R1_ACTTTCAAGTTCCACA-1,CrVg2wCD90R1
CrVg2wCD90R1_ACTTTCACAAATCCGT-1,CrVg2wCD90R1
CrVg2wCD90R1_ACTTTCACACTTGGAT-1,CrVg2wCD90R1
CrVg2wCD90R1_ACTTTCAGTAAGGATT-1,CrVg2wCD90R1
CrVg2wCD90R1_ACTTTCATCCACGTGG-1,CrVg2wCD90R1
CrVg2wCD90R1_ACTTTCATCCTCCTAG-1,CrVg2wCD90R1
CrVg2wCD90R1_ACTTTCATCTGGCGTG-1,CrVg2wCD90R1
CrVg2wCD90R1_AGAATAGAGATCTGAA-1,CrVg2wCD90R1
CrVg2wCD90R1_AGAATAGAGCCTCGTG-1,CrVg2wCD90R1
CrVg2wCD90R1_AGAATAGAGCGTGAGT-1,CrVg2wCD90R1
CrVg2wCD90R1_AGAATAGAGCTTTGGT-1,CrVg2wCD90R1
CrVg2wCD90R1_AGAATAGAGGTGCTTT-1,CrVg2wCD90R1
CrVg2wCD90R1_AGAATAGAGTAGGCCA-1,CrVg2wCD90R1
CrVg2wCD90R1_AGAATAGCAAGCGTAG-1,CrVg2wCD90R1
CrVg2wCD90R1_AGAATAGCAATGGAAT-1,CrVg2wCD90R1
CrVg2wCD90R1_AGAATAGCAGTCACTA-1,CrVg2wCD90R1
CrVg2wCD90R1_AGAATAGGTCTCCCTA-1,CrVg2wCD90R1
CrVg2wCD90R1_AGAATAGGTGTGACGA-1,CrVg2wCD90R1
CrVg2wCD90R1_AGAATAGTCAGCACAT-1,CrVg2wCD90R1
CrVg2wCD90R1_AGACGTTAGACGCTTT-1,CrVg2wCD90R1
CrVg2wCD90R1_AGACGTTAGTGAATTG-1,CrVg2wCD90R1
CrVg2wCD90R1_AGACGTTCAAACGCGA-1,CrVg2wCD90R1
CrVg2wCD90R1_AGACGTTCACATTTCT-1,CrVg2wCD90R1
CrVg2wCD90R1_AGACGTTCACCATCCT-1,CrVg2wCD90R1
CrVg2wCD90R1_AGACGTTGTTCCTCCA-1,CrVg2wCD90R1
CrVg2wCD90R1_AGACGTTGTTGAACTC-1,CrVg2wCD90R1
CrVg2wCD90R1_AGACGTTGTTGAGGTG-1,CrVg2wCD90R1
CrVg2wCD90R1_AGACGTTTCATTTGGG-1,CrVg2wCD90R1
CrVg2wCD90R1_AGACGTTTCCAAACAC-1,CrVg2wCD90R1
CrVg2wCD90R1_AGACGTTTCCACTGGG-1,CrVg2wCD90R1
CrVg2wCD90R1_AGACGTTTCCTCGCAT-1,CrVg2wCD90R1
CrVg2wCD90R1_AGACGTTTCGATAGAA-1,CrVg2wCD90R1
CrVg2wCD90R1_AGAGCGAAGAAGGTGA-1,CrVg2wCD90R1
CrVg2wCD90R1_AGAGCGAAGGTGGGTT-1,CrVg2wCD90R1
CrVg2wCD90R1_AGAGCGACACGGCGTT-1,CrVg2wCD90R1
CrVg2wCD90R1_AGAGCGACATGCAACT-1,CrVg2wCD90R1
CrVg2wCD90R1_AGAGCGAGTGCCTGCA-1,CrVg2wCD90R1
CrVg2wCD90R1_AGAGCGAGTTATCCGA-1,CrVg2wCD90R1
CrVg2wCD90R1_AGAGCGAGTTATTCTC-1,CrVg2wCD90R1
CrVg2wCD90R1_AGAGCGATCATGTAGC-1,CrVg2wCD90R1
CrVg2wCD90R1_AGAGCGATCCGTCAAA-1,CrVg2wCD90R1
CrVg2wCD90R1_AGAGCTTAGGGATCTG-1,CrVg2wCD90R1
CrVg2wCD90R1_AGAGCTTAGTGCCATT-1,CrVg2wCD90R1
CrVg2wCD90R1_AGAGCTTCACGCTTTC-1,CrVg2wCD90R1
CrVg2wCD90R1_AGAGCTTCATTCTTAC-1,CrVg2wCD90R1
CrVg2wCD90R1_AGAGCTTGTGACTCAT-1,CrVg2wCD90R1
CrVg2wCD90R1_AGAGCTTGTGATAAGT-1,CrVg2wCD90R1
CrVg2wCD90R1_AGAGCTTGTGCTCTTC-1,CrVg2wCD90R1
CrVg2wCD90R1_AGAGCTTTCACAGGCC-1,CrVg2wCD90R1
CrVg2wCD90R1_AGAGCTTTCCAGTAGT-1,CrVg2wCD90R1
CrVg2wCD90R1_AGAGCTTTCTCGGACG-1,CrVg2wCD90R1
CrVg2wCD90R1_AGAGCTTTCTGCGGCA-1,CrVg2wCD90R1
CrVg2wCD90R1_AGAGCTTTCTTATCTG-1,CrVg2wCD90R1
CrVg2wCD90R1_AGAGTGGAGAGGTTAT-1,CrVg2wCD90R1
CrVg2wCD90R1_AGAGTGGAGATGAGAG-1,CrVg2wCD90R1
CrVg2wCD90R1_AGAGTGGCACTAAGTC-1,CrVg2wCD90R1
CrVg2wCD90R1_AGAGTGGCAGCTGTGC-1,CrVg2wCD90R1
CrVg2wCD90R1_AGAGTGGCATGGGAAC-1,CrVg2wCD90R1
CrVg2wCD90R1_AGAGTGGGTAAACCTC-1,CrVg2wCD90R1
CrVg2wCD90R1_AGAGTGGGTGTGGTTT-1,CrVg2wCD90R1
CrVg2wCD90R1_AGAGTGGTCGGCTTGG-1,CrVg2wCD90R1
CrVg2wCD90R1_AGAGTGGTCGTGGTCG-1,CrVg2wCD90R1
CrVg2wCD90R1_AGATCTGAGATGTGGC-1,CrVg2wCD90R1
CrVg2wCD90R1_AGATCTGAGCACACAG-1,CrVg2wCD90R1
CrVg2wCD90R1_AGATCTGAGCATCATC-1,CrVg2wCD90R1
CrVg2wCD90R1_AGATCTGAGCCAGAAC-1,CrVg2wCD90R1
CrVg2wCD90R1_AGATCTGCACGAAAGC-1,CrVg2wCD90R1
CrVg2wCD90R1_AGATCTGTCAAACCGT-1,CrVg2wCD90R1
CrVg2wCD90R1_AGATCTGTCATATCGG-1,CrVg2wCD90R1
CrVg2wCD90R1_AGATCTGTCATTTGGG-1,CrVg2wCD90R1
CrVg2wCD90R1_AGATCTGTCCCACTTG-1,CrVg2wCD90R1
CrVg2wCD90R1_AGATCTGTCGATCCCT-1,CrVg2wCD90R1
CrVg2wCD90R1_AGATCTGTCTTGTCAT-1,CrVg2wCD90R1
CrVg2wCD90R1_AGATTGCAGGTCGGAT-1,CrVg2wCD90R1
CrVg2wCD90R1_AGATTGCCAAGGGTCA-1,CrVg2wCD90R1
CrVg2wCD90R1_AGATTGCCAGAAGCAC-1,CrVg2wCD90R1
CrVg2wCD90R1_AGATTGCCAGGACGTA-1,CrVg2wCD90R1
CrVg2wCD90R1_AGATTGCCATTACCTT-1,CrVg2wCD90R1
CrVg2wCD90R1_AGATTGCGTGAACCTT-1,CrVg2wCD90R1
CrVg2wCD90R1_AGATTGCTCAGAGACG-1,CrVg2wCD90R1
CrVg2wCD90R1_AGCAGCCAGACCGGAT-1,CrVg2wCD90R1
CrVg2wCD90R1_AGCAGCCAGATATACG-1,CrVg2wCD90R1
CrVg2wCD90R1_AGCAGCCAGCAACGGT-1,CrVg2wCD90R1
CrVg2wCD90R1_AGCAGCCAGCTAAGAT-1,CrVg2wCD90R1
CrVg2wCD90R1_AGCAGCCCAAGCCCAC-1,CrVg2wCD90R1
CrVg2wCD90R1_AGCAGCCGTAAACACA-1,CrVg2wCD90R1
CrVg2wCD90R1_AGCAGCCGTGATGCCC-1,CrVg2wCD90R1
CrVg2wCD90R1_AGCAGCCGTGTTTGTG-1,CrVg2wCD90R1
CrVg2wCD90R1_AGCAGCCTCCCATTAT-1,CrVg2wCD90R1
CrVg2wCD90R1_AGCAGCCTCCGCAAGC-1,CrVg2wCD90R1
CrVg2wCD90R1_AGCAGCCTCCGTTGCT-1,CrVg2wCD90R1
CrVg2wCD90R1_AGCATACAGCGAAGGG-1,CrVg2wCD90R1
CrVg2wCD90R1_AGCATACAGCTATGCT-1,CrVg2wCD90R1
CrVg2wCD90R1_AGCATACAGGGATGGG-1,CrVg2wCD90R1
CrVg2wCD90R1_AGCATACAGTAAGTAC-1,CrVg2wCD90R1
CrVg2wCD90R1_AGCATACAGTTCGCAT-1,CrVg2wCD90R1
CrVg2wCD90R1_AGCATACCACCAGTTA-1,CrVg2wCD90R1
CrVg2wCD90R1_AGCATACCAGGTCTCG-1,CrVg2wCD90R1
CrVg2wCD90R1_AGCATACGTTACCAGT-1,CrVg2wCD90R1
CrVg2wCD90R1_AGCATACTCCCAAGTA-1,CrVg2wCD90R1
CrVg2wCD90R1_AGCATACTCCCAGGTG-1,CrVg2wCD90R1
CrVg2wCD90R1_AGCATACTCCCTCAGT-1,CrVg2wCD90R1
CrVg2wCD90R1_AGCATACTCGTTACAG-1,CrVg2wCD90R1
CrVg2wCD90R1_AGCCTAAAGATGTAAC-1,CrVg2wCD90R1
CrVg2wCD90R1_AGCCTAAAGCGGCTTC-1,CrVg2wCD90R1
CrVg2wCD90R1_AGCCTAAAGCTATGCT-1,CrVg2wCD90R1
CrVg2wCD90R1_AGCCTAAAGGGCTTCC-1,CrVg2wCD90R1
CrVg2wCD90R1_AGCCTAAAGTCCGTAT-1,CrVg2wCD90R1
CrVg2wCD90R1_AGCCTAAAGTGTTTGC-1,CrVg2wCD90R1
CrVg2wCD90R1_AGCCTAACAATGGAGC-1,CrVg2wCD90R1
CrVg2wCD90R1_AGCCTAACACCTGGTG-1,CrVg2wCD90R1
CrVg2wCD90R1_AGCCTAACATTGGTAC-1,CrVg2wCD90R1
CrVg2wCD90R1_AGCCTAAGTCCGAATT-1,CrVg2wCD90R1
CrVg2wCD90R1_AGCCTAAGTTAAGAAC-1,CrVg2wCD90R1
CrVg2wCD90R1_AGCCTAAGTTGGACCC-1,CrVg2wCD90R1
CrVg2wCD90R1_AGCCTAATCATTTGGG-1,CrVg2wCD90R1
CrVg2wCD90R1_AGCCTAATCGCCTGAG-1,CrVg2wCD90R1
CrVg2wCD90R1_AGCGGTCAGCCCAGCT-1,CrVg2wCD90R1
CrVg2wCD90R1_AGCGGTCAGCTCCTCT-1,CrVg2wCD90R1
CrVg2wCD90R1_AGCGGTCAGGCGCTCT-1,CrVg2wCD90R1
CrVg2wCD90R1_AGCGGTCAGGGAAACA-1,CrVg2wCD90R1
CrVg2wCD90R1_AGCGGTCAGGTGATAT-1,CrVg2wCD90R1
CrVg2wCD90R1_AGCGGTCCACAGACTT-1,CrVg2wCD90R1
CrVg2wCD90R1_AGCGGTCCACTGTTAG-1,CrVg2wCD90R1
CrVg2wCD90R1_AGCGGTCCAGATGGGT-1,CrVg2wCD90R1
CrVg2wCD90R1_AGCGGTCCAGCATACT-1,CrVg2wCD90R1
CrVg2wCD90R1_AGCGGTCCATACGCCG-1,CrVg2wCD90R1
CrVg2wCD90R1_AGCGGTCGTGTGAATA-1,CrVg2wCD90R1
CrVg2wCD90R1_AGCGGTCGTTACGACT-1,CrVg2wCD90R1
CrVg2wCD90R1_AGCGGTCGTTATGCGT-1,CrVg2wCD90R1
CrVg2wCD90R1_AGCGGTCTCAGCATGT-1,CrVg2wCD90R1
CrVg2wCD90R1_AGCGGTCTCTCTGAGA-1,CrVg2wCD90R1
CrVg2wCD90R1_AGCGTATAGCGATGAC-1,CrVg2wCD90R1
CrVg2wCD90R1_AGCGTATAGCGTAATA-1,CrVg2wCD90R1
CrVg2wCD90R1_AGCGTATAGCTCCTTC-1,CrVg2wCD90R1
CrVg2wCD90R1_AGCGTATCAGACGTAG-1,CrVg2wCD90R1
CrVg2wCD90R1_AGCGTATCAGGAATCG-1,CrVg2wCD90R1
CrVg2wCD90R1_AGCGTATCATTACGAC-1,CrVg2wCD90R1
CrVg2wCD90R1_AGCGTATGTCACAAGG-1,CrVg2wCD90R1
CrVg2wCD90R1_AGCGTATGTCCAAGTT-1,CrVg2wCD90R1
CrVg2wCD90R1_AGCGTATGTCTAGCGC-1,CrVg2wCD90R1
CrVg2wCD90R1_AGCGTATTCCAAGTAC-1,CrVg2wCD90R1
CrVg2wCD90R1_AGCGTATTCGTCCGTT-1,CrVg2wCD90R1
CrVg2wCD90R1_AGCGTATTCTGAGGGA-1,CrVg2wCD90R1
CrVg2wCD90R1_AGCGTCGAGCTGAACG-1,CrVg2wCD90R1
CrVg2wCD90R1_AGCGTCGAGTATTGGA-1,CrVg2wCD90R1
CrVg2wCD90R1_AGCGTCGCACGCTTTC-1,CrVg2wCD90R1
CrVg2wCD90R1_AGCGTCGCAGCCAGAA-1,CrVg2wCD90R1
CrVg2wCD90R1_AGCGTCGCAGTTTACG-1,CrVg2wCD90R1
CrVg2wCD90R1_AGCGTCGGTGAAAGAG-1,CrVg2wCD90R1
CrVg2wCD90R1_AGCGTCGGTGGTGTAG-1,CrVg2wCD90R1
CrVg2wCD90R1_AGCGTCGGTTGGACCC-1,CrVg2wCD90R1
CrVg2wCD90R1_AGCGTCGTCTATCGCC-1,CrVg2wCD90R1
CrVg2wCD90R1_AGCGTCGTCTCCAACC-1,CrVg2wCD90R1
CrVg2wCD90R1_AGCGTCGTCTGTGCAA-1,CrVg2wCD90R1
CrVg2wCD90R1_AGCTCCTAGCGTCAAG-1,CrVg2wCD90R1
CrVg2wCD90R1_AGCTCCTAGGCAGTCA-1,CrVg2wCD90R1
CrVg2wCD90R1_AGCTCCTCACAGGCCT-1,CrVg2wCD90R1
CrVg2wCD90R1_AGCTCCTCAGCAGTTT-1,CrVg2wCD90R1
CrVg2wCD90R1_AGCTCCTCAGGCAGTA-1,CrVg2wCD90R1
CrVg2wCD90R1_AGCTCCTGTGCCTGGT-1,CrVg2wCD90R1
CrVg2wCD90R1_AGCTCCTTCACTCCTG-1,CrVg2wCD90R1
CrVg2wCD90R1_AGCTCCTTCCTCGCAT-1,CrVg2wCD90R1
CrVg2wCD90R1_AGCTCTCAGACAAGCC-1,CrVg2wCD90R1
CrVg2wCD90R1_AGCTCTCAGACAGGCT-1,CrVg2wCD90R1
CrVg2wCD90R1_AGCTCTCAGCGGATCA-1,CrVg2wCD90R1
CrVg2wCD90R1_AGCTCTCAGTAGGCCA-1,CrVg2wCD90R1
CrVg2wCD90R1_AGCTCTCCATGCAACT-1,CrVg2wCD90R1
CrVg2wCD90R1_AGCTCTCGTACCGTTA-1,CrVg2wCD90R1
CrVg2wCD90R1_AGCTTGAAGACCGGAT-1,CrVg2wCD90R1
CrVg2wCD90R1_AGCTTGAAGCCGTCGT-1,CrVg2wCD90R1
CrVg2wCD90R1_AGCTTGACACCTATCC-1,CrVg2wCD90R1
CrVg2wCD90R1_AGCTTGACAGCTGGCT-1,CrVg2wCD90R1
CrVg2wCD90R1_AGCTTGATCAAGGCTT-1,CrVg2wCD90R1
CrVg2wCD90R1_AGCTTGATCAGAGACG-1,CrVg2wCD90R1
CrVg2wCD90R1_AGCTTGATCCTCAACC-1,CrVg2wCD90R1
CrVg2wCD90R1_AGGCCACAGAATAGGG-1,CrVg2wCD90R1
CrVg2wCD90R1_AGGCCACAGACCCACC-1,CrVg2wCD90R1
CrVg2wCD90R1_AGGCCACAGAGGGATA-1,CrVg2wCD90R1
CrVg2wCD90R1_AGGCCACAGTGGTAAT-1,CrVg2wCD90R1
CrVg2wCD90R1_AGGCCACCAAGACGTG-1,CrVg2wCD90R1
CrVg2wCD90R1_AGGCCACGTACGCACC-1,CrVg2wCD90R1
CrVg2wCD90R1_AGGCCACGTCAAGCGA-1,CrVg2wCD90R1
CrVg2wCD90R1_AGGCCACTCACAATGC-1,CrVg2wCD90R1
CrVg2wCD90R1_AGGCCACTCTAGAGTC-1,CrVg2wCD90R1
CrVg2wCD90R1_AGGCCACTCTGTACGA-1,CrVg2wCD90R1
CrVg2wCD90R1_AGGCCGTAGCTACCTA-1,CrVg2wCD90R1
CrVg2wCD90R1_AGGCCGTAGGGATACC-1,CrVg2wCD90R1
CrVg2wCD90R1_AGGCCGTAGGTGCTAG-1,CrVg2wCD90R1
CrVg2wCD90R1_AGGCCGTAGTACCGGA-1,CrVg2wCD90R1
CrVg2wCD90R1_AGGCCGTAGTCCAGGA-1,CrVg2wCD90R1
CrVg2wCD90R1_AGGCCGTCACTGTTAG-1,CrVg2wCD90R1
CrVg2wCD90R1_AGGCCGTCAGGACGTA-1,CrVg2wCD90R1
CrVg2wCD90R1_AGGCCGTCATCCGCGA-1,CrVg2wCD90R1
CrVg2wCD90R1_AGGCCGTGTACATGTC-1,CrVg2wCD90R1
CrVg2wCD90R1_AGGCCGTGTACTCGCG-1,CrVg2wCD90R1
CrVg2wCD90R1_AGGCCGTGTGGTCCGT-1,CrVg2wCD90R1
CrVg2wCD90R1_AGGCCGTGTGTGACGA-1,CrVg2wCD90R1
CrVg2wCD90R1_AGGCCGTGTTCCATGA-1,CrVg2wCD90R1
CrVg2wCD90R1_AGGCCGTGTTCCGTCT-1,CrVg2wCD90R1
CrVg2wCD90R1_AGGCCGTGTTTACTCT-1,CrVg2wCD90R1
CrVg2wCD90R1_AGGGAGTAGACCGGAT-1,CrVg2wCD90R1
CrVg2wCD90R1_AGGGAGTAGTTATCGC-1,CrVg2wCD90R1
CrVg2wCD90R1_AGGGAGTCAAGCCGTC-1,CrVg2wCD90R1
CrVg2wCD90R1_AGGGAGTCAATGGACG-1,CrVg2wCD90R1
CrVg2wCD90R1_AGGGAGTCACGAGGTA-1,CrVg2wCD90R1
CrVg2wCD90R1_AGGGAGTCAGTCAGAG-1,CrVg2wCD90R1
CrVg2wCD90R1_AGGGAGTCATCTCGCT-1,CrVg2wCD90R1
CrVg2wCD90R1_AGGGAGTGTTTGTGTG-1,CrVg2wCD90R1
CrVg2wCD90R1_AGGGAGTTCAAACGGG-1,CrVg2wCD90R1
CrVg2wCD90R1_AGGGAGTTCGTCCAGG-1,CrVg2wCD90R1
CrVg2wCD90R1_AGGGAGTTCTCAAGTG-1,CrVg2wCD90R1
CrVg2wCD90R1_AGGGATGAGATACACA-1,CrVg2wCD90R1
CrVg2wCD90R1_AGGGATGAGGACAGAA-1,CrVg2wCD90R1
CrVg2wCD90R1_AGGGATGAGGCAAAGA-1,CrVg2wCD90R1
CrVg2wCD90R1_AGGGATGAGTCGTTTG-1,CrVg2wCD90R1
CrVg2wCD90R1_AGGGATGCAAGCCGCT-1,CrVg2wCD90R1
CrVg2wCD90R1_AGGGATGCACTCAGGC-1,CrVg2wCD90R1
CrVg2wCD90R1_AGGGATGCAGACGTAG-1,CrVg2wCD90R1
CrVg2wCD90R1_AGGGATGCAGCCTTTC-1,CrVg2wCD90R1
CrVg2wCD90R1_AGGGATGCAGTTCCCT-1,CrVg2wCD90R1
CrVg2wCD90R1_AGGGATGGTATAATGG-1,CrVg2wCD90R1
CrVg2wCD90R1_AGGGATGGTGTGTGCC-1,CrVg2wCD90R1
CrVg2wCD90R1_AGGGATGTCAAACGGG-1,CrVg2wCD90R1
CrVg2wCD90R1_AGGGATGTCAAGAAGT-1,CrVg2wCD90R1
CrVg2wCD90R1_AGGGATGTCACGCATA-1,CrVg2wCD90R1
CrVg2wCD90R1_AGGGATGTCATGCTCC-1,CrVg2wCD90R1
CrVg2wCD90R1_AGGGATGTCCACGTGG-1,CrVg2wCD90R1
CrVg2wCD90R1_AGGGATGTCTTACCGC-1,CrVg2wCD90R1
CrVg2wCD90R1_AGGGTGAAGAGGGCTT-1,CrVg2wCD90R1
CrVg2wCD90R1_AGGGTGAAGCAGCCTC-1,CrVg2wCD90R1
CrVg2wCD90R1_AGGGTGAAGCCACCTG-1,CrVg2wCD90R1
CrVg2wCD90R1_AGGGTGAAGCGAGAAA-1,CrVg2wCD90R1
CrVg2wCD90R1_AGGGTGACAATAGCAA-1,CrVg2wCD90R1
CrVg2wCD90R1_AGGGTGACACCAGGCT-1,CrVg2wCD90R1
CrVg2wCD90R1_AGGGTGACACTTCTGC-1,CrVg2wCD90R1
CrVg2wCD90R1_AGGGTGAGTAAATGTG-1,CrVg2wCD90R1
CrVg2wCD90R1_AGGGTGAGTCAAACTC-1,CrVg2wCD90R1
CrVg2wCD90R1_AGGGTGAGTCAGTGGA-1,CrVg2wCD90R1
CrVg2wCD90R1_AGGGTGAGTCGATTGT-1,CrVg2wCD90R1
CrVg2wCD90R1_AGGGTGATCCACTGGG-1,CrVg2wCD90R1
CrVg2wCD90R1_AGGTCATAGACTCGGA-1,CrVg2wCD90R1
CrVg2wCD90R1_AGGTCATAGATAGTCA-1,CrVg2wCD90R1
CrVg2wCD90R1_AGGTCATAGCGATCCC-1,CrVg2wCD90R1
CrVg2wCD90R1_AGGTCATAGCGGATCA-1,CrVg2wCD90R1
CrVg2wCD90R1_AGGTCATAGCGTGAGT-1,CrVg2wCD90R1
CrVg2wCD90R1_AGGTCATAGGGCTTCC-1,CrVg2wCD90R1
CrVg2wCD90R1_AGGTCATAGGTCGGAT-1,CrVg2wCD90R1
CrVg2wCD90R1_AGGTCATAGTCAAGCG-1,CrVg2wCD90R1
CrVg2wCD90R1_AGGTCATCACGTTGGC-1,CrVg2wCD90R1
CrVg2wCD90R1_AGGTCATCAGCGAACA-1,CrVg2wCD90R1
CrVg2wCD90R1_AGGTCATCATCCTAGA-1,CrVg2wCD90R1
CrVg2wCD90R1_AGGTCATCATTCGACA-1,CrVg2wCD90R1
CrVg2wCD90R1_AGGTCATGTGTTCTTT-1,CrVg2wCD90R1
CrVg2wCD90R1_AGGTCATGTTGACGTT-1,CrVg2wCD90R1
CrVg2wCD90R1_AGGTCATTCACGCATA-1,CrVg2wCD90R1
CrVg2wCD90R1_AGGTCATTCAGCTTAG-1,CrVg2wCD90R1
CrVg2wCD90R1_AGGTCATTCATCTGCC-1,CrVg2wCD90R1
CrVg2wCD90R1_AGGTCATTCCGATATG-1,CrVg2wCD90R1
CrVg2wCD90R1_AGGTCATTCTCTTATG-1,CrVg2wCD90R1
CrVg2wCD90R1_AGGTCCGAGCATGGCA-1,CrVg2wCD90R1
CrVg2wCD90R1_AGGTCCGCAAATTGCC-1,CrVg2wCD90R1
CrVg2wCD90R1_AGGTCCGCATGTTGAC-1,CrVg2wCD90R1
CrVg2wCD90R1_AGGTCCGGTAGCCTAT-1,CrVg2wCD90R1
CrVg2wCD90R1_AGGTCCGGTCATATGC-1,CrVg2wCD90R1
CrVg2wCD90R1_AGGTCCGGTCCAGTGC-1,CrVg2wCD90R1
CrVg2wCD90R1_AGGTCCGGTTCAGCGC-1,CrVg2wCD90R1
CrVg2wCD90R1_AGGTCCGTCAAGAAGT-1,CrVg2wCD90R1
CrVg2wCD90R1_AGGTCCGTCAAGCCTA-1,CrVg2wCD90R1
CrVg2wCD90R1_AGGTCCGTCCGAGCCA-1,CrVg2wCD90R1
CrVg2wCD90R1_AGGTCCGTCGTCTGCT-1,CrVg2wCD90R1
CrVg2wCD90R1_AGGTCCGTCTTGGGTA-1,CrVg2wCD90R1
CrVg2wCD90R1_AGTAGTCAGCGCCTTG-1,CrVg2wCD90R1
CrVg2wCD90R1_AGTAGTCAGGACTGGT-1,CrVg2wCD90R1
CrVg2wCD90R1_AGTAGTCAGGCTAGAC-1,CrVg2wCD90R1
CrVg2wCD90R1_AGTAGTCCACCATCCT-1,CrVg2wCD90R1
CrVg2wCD90R1_AGTAGTCCATGCCACG-1,CrVg2wCD90R1
CrVg2wCD90R1_AGTAGTCCATGCCTAA-1,CrVg2wCD90R1
CrVg2wCD90R1_AGTAGTCGTCCAAGTT-1,CrVg2wCD90R1
CrVg2wCD90R1_AGTAGTCGTGAACCTT-1,CrVg2wCD90R1
CrVg2wCD90R1_AGTCTTTAGAAGGCCT-1,CrVg2wCD90R1
CrVg2wCD90R1_AGTCTTTAGTCCCACG-1,CrVg2wCD90R1
CrVg2wCD90R1_AGTCTTTCAAGTTAAG-1,CrVg2wCD90R1
CrVg2wCD90R1_AGTCTTTCACCAGATT-1,CrVg2wCD90R1
CrVg2wCD90R1_AGTCTTTCATATACCG-1,CrVg2wCD90R1
CrVg2wCD90R1_AGTCTTTTCAACACGT-1,CrVg2wCD90R1
CrVg2wCD90R1_AGTCTTTTCTCTTGAT-1,CrVg2wCD90R1
CrVg2wCD90R1_AGTGAGGAGCCGGTAA-1,CrVg2wCD90R1
CrVg2wCD90R1_AGTGAGGAGGAGTAGA-1,CrVg2wCD90R1
CrVg2wCD90R1_AGTGAGGAGTCTCGGC-1,CrVg2wCD90R1
CrVg2wCD90R1_AGTGAGGCAAGCTGTT-1,CrVg2wCD90R1
CrVg2wCD90R1_AGTGAGGCAGTCACTA-1,CrVg2wCD90R1
CrVg2wCD90R1_AGTGAGGCATCCTTGC-1,CrVg2wCD90R1
CrVg2wCD90R1_AGTGAGGCATGTAAGA-1,CrVg2wCD90R1
CrVg2wCD90R1_AGTGAGGCATTAACCG-1,CrVg2wCD90R1
CrVg2wCD90R1_AGTGAGGGTACAGACG-1,CrVg2wCD90R1
CrVg2wCD90R1_AGTGAGGGTACCGGCT-1,CrVg2wCD90R1
CrVg2wCD90R1_AGTGAGGGTCCTCCAT-1,CrVg2wCD90R1
CrVg2wCD90R1_AGTGAGGGTGCGGTAA-1,CrVg2wCD90R1
CrVg2wCD90R1_AGTGAGGTCGTTTGCC-1,CrVg2wCD90R1
CrVg2wCD90R1_AGTGGGAAGCGGATCA-1,CrVg2wCD90R1
CrVg2wCD90R1_AGTGGGAAGGCATTGG-1,CrVg2wCD90R1
CrVg2wCD90R1_AGTGGGACAGATAATG-1,CrVg2wCD90R1
CrVg2wCD90R1_AGTGGGAGTAAGTGTA-1,CrVg2wCD90R1
CrVg2wCD90R1_AGTGGGAGTCCGCTGA-1,CrVg2wCD90R1
CrVg2wCD90R1_AGTGGGAGTTGGTTTG-1,CrVg2wCD90R1
CrVg2wCD90R1_AGTGGGATCGCTTAGA-1,CrVg2wCD90R1
CrVg2wCD90R1_AGTGGGATCTACTCAT-1,CrVg2wCD90R1
CrVg2wCD90R1_AGTGGGATCTGCTGCT-1,CrVg2wCD90R1
CrVg2wCD90R1_AGTGTCAAGAGGGCTT-1,CrVg2wCD90R1
CrVg2wCD90R1_AGTGTCAAGCACCGTC-1,CrVg2wCD90R1
CrVg2wCD90R1_AGTGTCAAGCGGCTTC-1,CrVg2wCD90R1
CrVg2wCD90R1_AGTGTCAAGCGTCAAG-1,CrVg2wCD90R1
CrVg2wCD90R1_AGTGTCAAGGGAAACA-1,CrVg2wCD90R1
CrVg2wCD90R1_AGTGTCAAGTGGGTTG-1,CrVg2wCD90R1
CrVg2wCD90R1_AGTGTCAAGTGGTAGC-1,CrVg2wCD90R1
CrVg2wCD90R1_AGTGTCACAAAGCAAT-1,CrVg2wCD90R1
CrVg2wCD90R1_AGTGTCACAAGCCGCT-1,CrVg2wCD90R1
CrVg2wCD90R1_AGTGTCACAGCTGGCT-1,CrVg2wCD90R1
CrVg2wCD90R1_AGTGTCACATGGTCAT-1,CrVg2wCD90R1
CrVg2wCD90R1_AGTGTCAGTCCAGTGC-1,CrVg2wCD90R1
CrVg2wCD90R1_AGTGTCAGTCGCATAT-1,CrVg2wCD90R1
CrVg2wCD90R1_AGTGTCATCAGGATCT-1,CrVg2wCD90R1
CrVg2wCD90R1_AGTGTCATCCAGTATG-1,CrVg2wCD90R1
CrVg2wCD90R1_AGTGTCATCGCTTGTC-1,CrVg2wCD90R1
CrVg2wCD90R1_AGTTGGTAGAACTCGG-1,CrVg2wCD90R1
CrVg2wCD90R1_AGTTGGTAGAGGTAGA-1,CrVg2wCD90R1
CrVg2wCD90R1_AGTTGGTAGCCAGTAG-1,CrVg2wCD90R1
CrVg2wCD90R1_AGTTGGTAGGGCATGT-1,CrVg2wCD90R1
CrVg2wCD90R1_AGTTGGTCAGCTTCGG-1,CrVg2wCD90R1
CrVg2wCD90R1_AGTTGGTCAGTTAACC-1,CrVg2wCD90R1
CrVg2wCD90R1_AGTTGGTCATTCTTAC-1,CrVg2wCD90R1
CrVg2wCD90R1_AGTTGGTGTAGGCATG-1,CrVg2wCD90R1
CrVg2wCD90R1_AGTTGGTGTGTTTGGT-1,CrVg2wCD90R1
CrVg2wCD90R1_AGTTGGTTCGTGTAGT-1,CrVg2wCD90R1
CrVg2wCD90R1_AGTTGGTTCTGAAAGA-1,CrVg2wCD90R1
CrVg2wCD90R1_ATAACGCAGCCCTAAT-1,CrVg2wCD90R1
CrVg2wCD90R1_ATAACGCGTCAAGCGA-1,CrVg2wCD90R1
CrVg2wCD90R1_ATAACGCTCCCTTGTG-1,CrVg2wCD90R1
CrVg2wCD90R1_ATAACGCTCTGCCAGG-1,CrVg2wCD90R1
CrVg2wCD90R1_ATAACGCTCTGCTGTC-1,CrVg2wCD90R1
CrVg2wCD90R1_ATAACGCTCTTGTACT-1,CrVg2wCD90R1
CrVg2wCD90R1_ATAAGAGAGACCACGA-1,CrVg2wCD90R1
CrVg2wCD90R1_ATAAGAGAGTTGCAGG-1,CrVg2wCD90R1
CrVg2wCD90R1_ATAAGAGCATAAGACA-1,CrVg2wCD90R1
CrVg2wCD90R1_ATAAGAGCATCACGAT-1,CrVg2wCD90R1
CrVg2wCD90R1_ATAAGAGCATGCGCAC-1,CrVg2wCD90R1
CrVg2wCD90R1_ATAAGAGGTATAAACG-1,CrVg2wCD90R1
CrVg2wCD90R1_ATAAGAGGTCACACGC-1,CrVg2wCD90R1
CrVg2wCD90R1_ATAAGAGTCATAGCAC-1,CrVg2wCD90R1
CrVg2wCD90R1_ATAAGAGTCGGCGCTA-1,CrVg2wCD90R1
CrVg2wCD90R1_ATAAGAGTCGTCCAGG-1,CrVg2wCD90R1
CrVg2wCD90R1_ATAAGAGTCGTCCGTT-1,CrVg2wCD90R1
CrVg2wCD90R1_ATAGACCAGGCTAGAC-1,CrVg2wCD90R1
CrVg2wCD90R1_ATAGACCAGTACGTTC-1,CrVg2wCD90R1
CrVg2wCD90R1_ATAGACCAGTTCGCAT-1,CrVg2wCD90R1
CrVg2wCD90R1_ATAGACCCAAGCGCTC-1,CrVg2wCD90R1
CrVg2wCD90R1_ATAGACCCAAGTCTAC-1,CrVg2wCD90R1
CrVg2wCD90R1_ATAGACCCACCTATCC-1,CrVg2wCD90R1
CrVg2wCD90R1_ATAGACCCACTGTCGG-1,CrVg2wCD90R1
CrVg2wCD90R1_ATAGACCGTACTCAAC-1,CrVg2wCD90R1
CrVg2wCD90R1_ATAGACCGTCATACTG-1,CrVg2wCD90R1
CrVg2wCD90R1_ATAGACCGTGTGGTTT-1,CrVg2wCD90R1
CrVg2wCD90R1_ATAGACCGTGTTGAGG-1,CrVg2wCD90R1
CrVg2wCD90R1_ATAGACCTCAACGCTA-1,CrVg2wCD90R1
CrVg2wCD90R1_ATAGACCTCCTTGGTC-1,CrVg2wCD90R1
CrVg2wCD90R1_ATAGACCTCTACCAGA-1,CrVg2wCD90R1
CrVg2wCD90R1_ATAGACCTCTTCGGTC-1,CrVg2wCD90R1
CrVg2wCD90R1_ATCACGAAGGAGCGTT-1,CrVg2wCD90R1
CrVg2wCD90R1_ATCACGAAGGTACTCT-1,CrVg2wCD90R1
CrVg2wCD90R1_ATCACGAAGTACGCGA-1,CrVg2wCD90R1
CrVg2wCD90R1_ATCACGAGTACCGGCT-1,CrVg2wCD90R1
CrVg2wCD90R1_ATCACGAGTCAGGACA-1,CrVg2wCD90R1
CrVg2wCD90R1_ATCACGAGTGATGATA-1,CrVg2wCD90R1
CrVg2wCD90R1_ATCACGAGTTACGGAG-1,CrVg2wCD90R1
CrVg2wCD90R1_ATCACGATCAACACTG-1,CrVg2wCD90R1
CrVg2wCD90R1_ATCACGATCGCGATCG-1,CrVg2wCD90R1
CrVg2wCD90R1_ATCACGATCTGGCGTG-1,CrVg2wCD90R1
CrVg2wCD90R1_ATCATCTAGCGCCTTG-1,CrVg2wCD90R1
CrVg2wCD90R1_ATCATCTAGGACATTA-1,CrVg2wCD90R1
CrVg2wCD90R1_ATCATCTCAAGCCATT-1,CrVg2wCD90R1
CrVg2wCD90R1_ATCATCTCATCGGGTC-1,CrVg2wCD90R1
CrVg2wCD90R1_ATCATCTGTAAGGGCT-1,CrVg2wCD90R1
CrVg2wCD90R1_ATCATCTGTCTACCTC-1,CrVg2wCD90R1
CrVg2wCD90R1_ATCATCTGTGCCTGGT-1,CrVg2wCD90R1
CrVg2wCD90R1_ATCATCTGTTTGACAC-1,CrVg2wCD90R1
CrVg2wCD90R1_ATCATCTTCACATGCA-1,CrVg2wCD90R1
CrVg2wCD90R1_ATCATCTTCCTGCAGG-1,CrVg2wCD90R1
CrVg2wCD90R1_ATCATCTTCGTACGGC-1,CrVg2wCD90R1
CrVg2wCD90R1_ATCATGGAGATAGTCA-1,CrVg2wCD90R1
CrVg2wCD90R1_ATCATGGAGCCCGAAA-1,CrVg2wCD90R1
CrVg2wCD90R1_ATCATGGAGCTACCTA-1,CrVg2wCD90R1
CrVg2wCD90R1_ATCATGGAGTCAATAG-1,CrVg2wCD90R1
CrVg2wCD90R1_ATCATGGAGTCTCGGC-1,CrVg2wCD90R1
CrVg2wCD90R1_ATCATGGAGTGGCACA-1,CrVg2wCD90R1
CrVg2wCD90R1_ATCATGGCAAAGGCGT-1,CrVg2wCD90R1
CrVg2wCD90R1_ATCATGGGTAGCGTCC-1,CrVg2wCD90R1
CrVg2wCD90R1_ATCATGGGTCTCGTTC-1,CrVg2wCD90R1
CrVg2wCD90R1_ATCATGGGTGTGGCTC-1,CrVg2wCD90R1
CrVg2wCD90R1_ATCATGGTCACCAGGC-1,CrVg2wCD90R1
CrVg2wCD90R1_ATCATGGTCACCCGAG-1,CrVg2wCD90R1
CrVg2wCD90R1_ATCATGGTCGCAAGCC-1,CrVg2wCD90R1
CrVg2wCD90R1_ATCATGGTCGCCATAA-1,CrVg2wCD90R1
CrVg2wCD90R1_ATCCACCAGAGGACGG-1,CrVg2wCD90R1
CrVg2wCD90R1_ATCCACCAGCTCCTTC-1,CrVg2wCD90R1
CrVg2wCD90R1_ATCCACCAGTTTCCTT-1,CrVg2wCD90R1
CrVg2wCD90R1_ATCCACCCAAAGGAAG-1,CrVg2wCD90R1
CrVg2wCD90R1_ATCCACCCAATAGAGT-1,CrVg2wCD90R1
CrVg2wCD90R1_ATCCACCCAATCGGTT-1,CrVg2wCD90R1
CrVg2wCD90R1_ATCCACCCACCGCTAG-1,CrVg2wCD90R1
CrVg2wCD90R1_ATCCACCCACGTCAGC-1,CrVg2wCD90R1
CrVg2wCD90R1_ATCCACCCATAACCTG-1,CrVg2wCD90R1
CrVg2wCD90R1_ATCCACCGTCTAACGT-1,CrVg2wCD90R1
CrVg2wCD90R1_ATCCACCTCAGAAATG-1,CrVg2wCD90R1
CrVg2wCD90R1_ATCCACCTCCAAGTAC-1,CrVg2wCD90R1
CrVg2wCD90R1_ATCCACCTCTACTCAT-1,CrVg2wCD90R1
CrVg2wCD90R1_ATCCGAAAGAGGTAGA-1,CrVg2wCD90R1
CrVg2wCD90R1_ATCCGAAAGGATGGAA-1,CrVg2wCD90R1
CrVg2wCD90R1_ATCCGAAAGGGAACGG-1,CrVg2wCD90R1
CrVg2wCD90R1_ATCCGAAAGTGCTGCC-1,CrVg2wCD90R1
CrVg2wCD90R1_ATCCGAACAACACGCC-1,CrVg2wCD90R1
CrVg2wCD90R1_ATCCGAACAATCTACG-1,CrVg2wCD90R1
CrVg2wCD90R1_ATCCGAACAGGAACGT-1,CrVg2wCD90R1
CrVg2wCD90R1_ATCCGAACATTGGTAC-1,CrVg2wCD90R1
CrVg2wCD90R1_ATCCGAAGTACCAGTT-1,CrVg2wCD90R1
CrVg2wCD90R1_ATCCGAATCAGCTGGC-1,CrVg2wCD90R1
CrVg2wCD90R1_ATCCGAATCCGTTGTC-1,CrVg2wCD90R1
CrVg2wCD90R1_ATCCGAATCCTGCTTG-1,CrVg2wCD90R1
CrVg2wCD90R1_ATCGAGTAGAGTCTGG-1,CrVg2wCD90R1
CrVg2wCD90R1_ATCGAGTAGATCCCAT-1,CrVg2wCD90R1
CrVg2wCD90R1_ATCGAGTAGGCAGTCA-1,CrVg2wCD90R1
CrVg2wCD90R1_ATCGAGTAGTGACATA-1,CrVg2wCD90R1
CrVg2wCD90R1_ATCGAGTCAATGGTCT-1,CrVg2wCD90R1
CrVg2wCD90R1_ATCGAGTCACTTCTGC-1,CrVg2wCD90R1
CrVg2wCD90R1_ATCGAGTCATCACAAC-1,CrVg2wCD90R1
CrVg2wCD90R1_ATCGAGTCATCACGTA-1,CrVg2wCD90R1
CrVg2wCD90R1_ATCGAGTCATGTCCTC-1,CrVg2wCD90R1
CrVg2wCD90R1_ATCGAGTGTAGCGCTC-1,CrVg2wCD90R1
CrVg2wCD90R1_ATCGAGTGTAGTGAAT-1,CrVg2wCD90R1
CrVg2wCD90R1_ATCGAGTGTTCCACAA-1,CrVg2wCD90R1
CrVg2wCD90R1_ATCGAGTTCCGTACAA-1,CrVg2wCD90R1
CrVg2wCD90R1_ATCGAGTTCGGCTTGG-1,CrVg2wCD90R1
CrVg2wCD90R1_ATCGAGTTCTTGTACT-1,CrVg2wCD90R1
CrVg2wCD90R1_ATCTACTAGTAGCCGA-1,CrVg2wCD90R1
CrVg2wCD90R1_ATCTACTCATCAGTCA-1,CrVg2wCD90R1
CrVg2wCD90R1_ATCTACTCATGCCACG-1,CrVg2wCD90R1
CrVg2wCD90R1_ATCTACTCATGGGACA-1,CrVg2wCD90R1
CrVg2wCD90R1_ATCTACTGTAAATACG-1,CrVg2wCD90R1
CrVg2wCD90R1_ATCTACTGTAGGGACT-1,CrVg2wCD90R1
CrVg2wCD90R1_ATCTACTGTTTGGGCC-1,CrVg2wCD90R1
CrVg2wCD90R1_ATCTACTTCGGCGCAT-1,CrVg2wCD90R1
CrVg2wCD90R1_ATCTACTTCTGCCAGG-1,CrVg2wCD90R1
CrVg2wCD90R1_ATCTGCCAGACAAAGG-1,CrVg2wCD90R1
CrVg2wCD90R1_ATCTGCCAGACTGGGT-1,CrVg2wCD90R1
CrVg2wCD90R1_ATCTGCCAGTCCAGGA-1,CrVg2wCD90R1
CrVg2wCD90R1_ATCTGCCAGTGTACCT-1,CrVg2wCD90R1
CrVg2wCD90R1_ATCTGCCCAGTCAGAG-1,CrVg2wCD90R1
CrVg2wCD90R1_ATCTGCCCATCGGAAG-1,CrVg2wCD90R1
CrVg2wCD90R1_ATCTGCCGTGGCAAAC-1,CrVg2wCD90R1
CrVg2wCD90R1_ATCTGCCTCACCACCT-1,CrVg2wCD90R1
CrVg2wCD90R1_ATCTGCCTCGAACGGA-1,CrVg2wCD90R1
CrVg2wCD90R1_ATCTGCCTCGCGGATC-1,CrVg2wCD90R1
CrVg2wCD90R1_ATGAGGGGTACGACCC-1,CrVg2wCD90R1
CrVg2wCD90R1_ATGAGGGGTAGGCATG-1,CrVg2wCD90R1
CrVg2wCD90R1_ATGAGGGTCGCAAGCC-1,CrVg2wCD90R1
CrVg2wCD90R1_ATGCGATAGACTAGGC-1,CrVg2wCD90R1
CrVg2wCD90R1_ATGCGATAGGATGCGT-1,CrVg2wCD90R1
CrVg2wCD90R1_ATGCGATAGGCCATAG-1,CrVg2wCD90R1
CrVg2wCD90R1_ATGCGATAGTCATCCA-1,CrVg2wCD90R1
CrVg2wCD90R1_ATGCGATAGTGAACGC-1,CrVg2wCD90R1
CrVg2wCD90R1_ATGCGATCACATTCGA-1,CrVg2wCD90R1
CrVg2wCD90R1_ATGCGATCAGGACGTA-1,CrVg2wCD90R1
CrVg2wCD90R1_ATGCGATCATTGGTAC-1,CrVg2wCD90R1
CrVg2wCD90R1_ATGCGATGTCCATCCT-1,CrVg2wCD90R1
CrVg2wCD90R1_ATGCGATGTTTGTTGG-1,CrVg2wCD90R1
CrVg2wCD90R1_ATGCGATTCAGGCCCA-1,CrVg2wCD90R1
CrVg2wCD90R1_ATGGGAGAGCTAGGCA-1,CrVg2wCD90R1
CrVg2wCD90R1_ATGGGAGAGTGCCAGA-1,CrVg2wCD90R1
CrVg2wCD90R1_ATGGGAGAGTGCGTGA-1,CrVg2wCD90R1
CrVg2wCD90R1_ATGGGAGCAAGTTCTG-1,CrVg2wCD90R1
CrVg2wCD90R1_ATGGGAGCAGATGGGT-1,CrVg2wCD90R1
CrVg2wCD90R1_ATGGGAGCAGGATTGG-1,CrVg2wCD90R1
CrVg2wCD90R1_ATGGGAGGTCTAGGTT-1,CrVg2wCD90R1
CrVg2wCD90R1_ATGGGAGTCAACGGCC-1,CrVg2wCD90R1
CrVg2wCD90R1_ATGGGAGTCACTGGGC-1,CrVg2wCD90R1
CrVg2wCD90R1_ATGTGTGCAAGGGTCA-1,CrVg2wCD90R1
CrVg2wCD90R1_ATGTGTGCAATAAGCA-1,CrVg2wCD90R1
CrVg2wCD90R1_ATGTGTGCACTACAGT-1,CrVg2wCD90R1
CrVg2wCD90R1_ATGTGTGCAGTTCATG-1,CrVg2wCD90R1
CrVg2wCD90R1_ATGTGTGCATACTACG-1,CrVg2wCD90R1
CrVg2wCD90R1_ATGTGTGGTACCGAGA-1,CrVg2wCD90R1
CrVg2wCD90R1_ATGTGTGGTAGCGTGA-1,CrVg2wCD90R1
CrVg2wCD90R1_ATGTGTGGTTAGATGA-1,CrVg2wCD90R1
CrVg2wCD90R1_ATGTGTGTCAAAGACA-1,CrVg2wCD90R1
CrVg2wCD90R1_ATGTGTGTCACTCCTG-1,CrVg2wCD90R1
CrVg2wCD90R1_ATGTGTGTCAGTGTTG-1,CrVg2wCD90R1
CrVg2wCD90R1_ATGTGTGTCCCTTGCA-1,CrVg2wCD90R1
CrVg2wCD90R1_ATGTGTGTCTCAACTT-1,CrVg2wCD90R1
CrVg2wCD90R1_ATGTGTGTCTGAGGGA-1,CrVg2wCD90R1
CrVg2wCD90R1_ATTACTCAGCACACAG-1,CrVg2wCD90R1
CrVg2wCD90R1_ATTACTCAGCCCTAAT-1,CrVg2wCD90R1
CrVg2wCD90R1_ATTACTCAGTACACCT-1,CrVg2wCD90R1
CrVg2wCD90R1_ATTACTCAGTACGTTC-1,CrVg2wCD90R1
CrVg2wCD90R1_ATTACTCAGTAGGTGC-1,CrVg2wCD90R1
CrVg2wCD90R1_ATTACTCAGTCCATAC-1,CrVg2wCD90R1
CrVg2wCD90R1_ATTACTCAGTCGCCGT-1,CrVg2wCD90R1
CrVg2wCD90R1_ATTACTCCAAAGGCGT-1,CrVg2wCD90R1
CrVg2wCD90R1_ATTACTCCAACACCTA-1,CrVg2wCD90R1
CrVg2wCD90R1_ATTACTCCACAAGACG-1,CrVg2wCD90R1
CrVg2wCD90R1_ATTACTCCATGCCTTC-1,CrVg2wCD90R1
CrVg2wCD90R1_ATTACTCGTAGGCATG-1,CrVg2wCD90R1
CrVg2wCD90R1_ATTACTCGTTGGGACA-1,CrVg2wCD90R1
CrVg2wCD90R1_ATTACTCTCTACCAGA-1,CrVg2wCD90R1
CrVg2wCD90R1_ATTACTCTCTCTTATG-1,CrVg2wCD90R1
CrVg2wCD90R1_ATTATCCAGTTAACGA-1,CrVg2wCD90R1
CrVg2wCD90R1_ATTATCCCAATCTACG-1,CrVg2wCD90R1
CrVg2wCD90R1_ATTATCCCAGTAGAGC-1,CrVg2wCD90R1
CrVg2wCD90R1_ATTATCCCAGTTCCCT-1,CrVg2wCD90R1
CrVg2wCD90R1_ATTATCCCATCCCATC-1,CrVg2wCD90R1
CrVg2wCD90R1_ATTATCCTCAAACAAG-1,CrVg2wCD90R1
CrVg2wCD90R1_ATTATCCTCAAACCAC-1,CrVg2wCD90R1
CrVg2wCD90R1_ATTATCCTCGAATGCT-1,CrVg2wCD90R1
CrVg2wCD90R1_ATTATCCTCGAGGTAG-1,CrVg2wCD90R1
CrVg2wCD90R1_ATTATCCTCGCTTGTC-1,CrVg2wCD90R1
CrVg2wCD90R1_ATTCTACAGCTACCGC-1,CrVg2wCD90R1
CrVg2wCD90R1_ATTCTACAGGACCACA-1,CrVg2wCD90R1
CrVg2wCD90R1_ATTCTACAGGACGAAA-1,CrVg2wCD90R1
CrVg2wCD90R1_ATTCTACAGGCAATTA-1,CrVg2wCD90R1
CrVg2wCD90R1_ATTCTACAGGGTCTCC-1,CrVg2wCD90R1
CrVg2wCD90R1_ATTCTACCAAAGTCAA-1,CrVg2wCD90R1
CrVg2wCD90R1_ATTCTACCAAGGTGTG-1,CrVg2wCD90R1
CrVg2wCD90R1_ATTCTACGTCAAGCGA-1,CrVg2wCD90R1
CrVg2wCD90R1_ATTCTACGTCTCCATC-1,CrVg2wCD90R1
CrVg2wCD90R1_ATTCTACGTCTTTCAT-1,CrVg2wCD90R1
CrVg2wCD90R1_ATTCTACGTGTAATGA-1,CrVg2wCD90R1
CrVg2wCD90R1_ATTCTACGTTCCAACA-1,CrVg2wCD90R1
CrVg2wCD90R1_ATTCTACTCAAACCAC-1,CrVg2wCD90R1
CrVg2wCD90R1_ATTCTACTCCAAATGC-1,CrVg2wCD90R1
CrVg2wCD90R1_ATTCTACTCGCAAACT-1,CrVg2wCD90R1
CrVg2wCD90R1_ATTCTACTCTGCAGTA-1,CrVg2wCD90R1
CrVg2wCD90R1_ATTGGACAGAGCCCAA-1,CrVg2wCD90R1
CrVg2wCD90R1_ATTGGACAGCTGAACG-1,CrVg2wCD90R1
CrVg2wCD90R1_ATTGGACAGGCTAGCA-1,CrVg2wCD90R1
CrVg2wCD90R1_ATTGGACCAAGGTTCT-1,CrVg2wCD90R1
CrVg2wCD90R1_ATTGGACCACAGATTC-1,CrVg2wCD90R1
CrVg2wCD90R1_ATTGGACCATCGATTG-1,CrVg2wCD90R1
CrVg2wCD90R1_ATTGGACGTATCTGCA-1,CrVg2wCD90R1
CrVg2wCD90R1_ATTGGACTCATCTGTT-1,CrVg2wCD90R1
CrVg2wCD90R1_ATTGGACTCTGCAGTA-1,CrVg2wCD90R1
CrVg2wCD90R1_ATTGGTGAGATTACCC-1,CrVg2wCD90R1
CrVg2wCD90R1_ATTGGTGAGCGTCTAT-1,CrVg2wCD90R1
CrVg2wCD90R1_ATTGGTGCAATAGAGT-1,CrVg2wCD90R1
CrVg2wCD90R1_ATTGGTGGTCAAGCGA-1,CrVg2wCD90R1
CrVg2wCD90R1_ATTGGTGGTTAGATGA-1,CrVg2wCD90R1
CrVg2wCD90R1_ATTGGTGTCACCTTAT-1,CrVg2wCD90R1
CrVg2wCD90R1_ATTGGTGTCACTTACT-1,CrVg2wCD90R1
CrVg2wCD90R1_ATTGGTGTCGCATGGC-1,CrVg2wCD90R1
CrVg2wCD90R1_ATTTCTGAGAAACGCC-1,CrVg2wCD90R1
CrVg2wCD90R1_ATTTCTGAGCCATCGC-1,CrVg2wCD90R1
CrVg2wCD90R1_ATTTCTGAGCCCTAAT-1,CrVg2wCD90R1
CrVg2wCD90R1_ATTTCTGCAGTTTACG-1,CrVg2wCD90R1
CrVg2wCD90R1_ATTTCTGGTATAGGTA-1,CrVg2wCD90R1
CrVg2wCD90R1_ATTTCTGGTCGGGTCT-1,CrVg2wCD90R1
CrVg2wCD90R1_ATTTCTGGTGTTCGAT-1,CrVg2wCD90R1
CrVg2wCD90R1_ATTTCTGTCAGTACGT-1,CrVg2wCD90R1
CrVg2wCD90R1_ATTTCTGTCATCTGCC-1,CrVg2wCD90R1
CrVg2wCD90R1_ATTTCTGTCCATGAAC-1,CrVg2wCD90R1
CrVg2wCD90R1_ATTTCTGTCGATAGAA-1,CrVg2wCD90R1
CrVg2wCD90R1_ATTTCTGTCTTCATGT-1,CrVg2wCD90R1
CrVg2wCD90R1_CAACCAAAGAGACTTA-1,CrVg2wCD90R1
CrVg2wCD90R1_CAACCAAAGATCTGCT-1,CrVg2wCD90R1
CrVg2wCD90R1_CAACCAAAGCCAACAG-1,CrVg2wCD90R1
CrVg2wCD90R1_CAACCAACAACGCACC-1,CrVg2wCD90R1
CrVg2wCD90R1_CAACCAACACGTAAGG-1,CrVg2wCD90R1
CrVg2wCD90R1_CAACCAACAGTCACTA-1,CrVg2wCD90R1
CrVg2wCD90R1_CAACCAAGTACAAGTA-1,CrVg2wCD90R1
CrVg2wCD90R1_CAACCAAGTAGAAGGA-1,CrVg2wCD90R1
CrVg2wCD90R1_CAACCAAGTCCCGACA-1,CrVg2wCD90R1
CrVg2wCD90R1_CAACCAAGTGGTAACG-1,CrVg2wCD90R1
CrVg2wCD90R1_CAACCAAGTTAGGGTG-1,CrVg2wCD90R1
CrVg2wCD90R1_CAACCAAGTTCCCTTG-1,CrVg2wCD90R1
CrVg2wCD90R1_CAACCAATCGAATGGG-1,CrVg2wCD90R1
CrVg2wCD90R1_CAACCAATCTATCCCG-1,CrVg2wCD90R1
CrVg2wCD90R1_CAACCTCAGAGACTAT-1,CrVg2wCD90R1
CrVg2wCD90R1_CAACCTCAGAGAGCTC-1,CrVg2wCD90R1
CrVg2wCD90R1_CAACCTCAGCGACGTA-1,CrVg2wCD90R1
CrVg2wCD90R1_CAACCTCAGCTAAACA-1,CrVg2wCD90R1
CrVg2wCD90R1_CAACCTCAGGCCCTTG-1,CrVg2wCD90R1
CrVg2wCD90R1_CAACCTCAGGCTACGA-1,CrVg2wCD90R1
CrVg2wCD90R1_CAACCTCAGGTACTCT-1,CrVg2wCD90R1
CrVg2wCD90R1_CAACCTCAGGTGCACA-1,CrVg2wCD90R1
CrVg2wCD90R1_CAACCTCCACGTTGGC-1,CrVg2wCD90R1
CrVg2wCD90R1_CAACCTCCATACGCCG-1,CrVg2wCD90R1
CrVg2wCD90R1_CAACCTCCATCATCCC-1,CrVg2wCD90R1
CrVg2wCD90R1_CAACCTCGTACAAGTA-1,CrVg2wCD90R1
CrVg2wCD90R1_CAACCTCGTCTCTTAT-1,CrVg2wCD90R1
CrVg2wCD90R1_CAACCTCTCAATACCG-1,CrVg2wCD90R1
CrVg2wCD90R1_CAACCTCTCACGCATA-1,CrVg2wCD90R1
CrVg2wCD90R1_CAACCTCTCTGCCCTA-1,CrVg2wCD90R1
CrVg2wCD90R1_CAACCTCTCTGTCTCG-1,CrVg2wCD90R1
CrVg2wCD90R1_CAACTAGAGCCTATGT-1,CrVg2wCD90R1
CrVg2wCD90R1_CAACTAGAGTCCGTAT-1,CrVg2wCD90R1
CrVg2wCD90R1_CAACTAGAGTGCGTGA-1,CrVg2wCD90R1
CrVg2wCD90R1_CAACTAGGTATGAAAC-1,CrVg2wCD90R1
CrVg2wCD90R1_CAACTAGGTCATATGC-1,CrVg2wCD90R1
CrVg2wCD90R1_CAACTAGGTTAAGATG-1,CrVg2wCD90R1
CrVg2wCD90R1_CAACTAGTCAACACCA-1,CrVg2wCD90R1
CrVg2wCD90R1_CAACTAGTCACCCGAG-1,CrVg2wCD90R1
CrVg2wCD90R1_CAACTAGTCCCAAGAT-1,CrVg2wCD90R1
CrVg2wCD90R1_CAACTAGTCCTGTACC-1,CrVg2wCD90R1
CrVg2wCD90R1_CAACTAGTCTCCAACC-1,CrVg2wCD90R1
CrVg2wCD90R1_CAAGAAAAGCAGACTG-1,CrVg2wCD90R1
CrVg2wCD90R1_CAAGAAAAGGACAGAA-1,CrVg2wCD90R1
CrVg2wCD90R1_CAAGAAAAGTCTTGCA-1,CrVg2wCD90R1
CrVg2wCD90R1_CAAGAAACACTTAACG-1,CrVg2wCD90R1
CrVg2wCD90R1_CAAGAAATCAGCCTAA-1,CrVg2wCD90R1
CrVg2wCD90R1_CAAGAAATCGCCATAA-1,CrVg2wCD90R1
CrVg2wCD90R1_CAAGAAATCTCGTTTA-1,CrVg2wCD90R1
CrVg2wCD90R1_CAAGAAATCTGACCTC-1,CrVg2wCD90R1
CrVg2wCD90R1_CAAGAAATCTGCGTAA-1,CrVg2wCD90R1
CrVg2wCD90R1_CAAGATCCACTGTGTA-1,CrVg2wCD90R1
CrVg2wCD90R1_CAAGATCCATACGCTA-1,CrVg2wCD90R1
CrVg2wCD90R1_CAAGATCCATGTCCTC-1,CrVg2wCD90R1
CrVg2wCD90R1_CAAGATCCATGTCTCC-1,CrVg2wCD90R1
CrVg2wCD90R1_CAAGATCTCAGCATGT-1,CrVg2wCD90R1
CrVg2wCD90R1_CAAGATCTCTCGCTTG-1,CrVg2wCD90R1
CrVg2wCD90R1_CAAGGCCAGATGTCGG-1,CrVg2wCD90R1
CrVg2wCD90R1_CAAGGCCAGCTAAACA-1,CrVg2wCD90R1
CrVg2wCD90R1_CAAGGCCAGGAGTTTA-1,CrVg2wCD90R1
CrVg2wCD90R1_CAAGGCCAGTGGTAGC-1,CrVg2wCD90R1
CrVg2wCD90R1_CAAGGCCCAATCTGCA-1,CrVg2wCD90R1
CrVg2wCD90R1_CAAGGCCCACCAGGTC-1,CrVg2wCD90R1
CrVg2wCD90R1_CAAGGCCCAGCCACCA-1,CrVg2wCD90R1
CrVg2wCD90R1_CAAGGCCCATCTCGCT-1,CrVg2wCD90R1
CrVg2wCD90R1_CAAGGCCGTAGCGCAA-1,CrVg2wCD90R1
CrVg2wCD90R1_CAAGGCCTCTCCTATA-1,CrVg2wCD90R1
CrVg2wCD90R1_CAAGTTGAGATATACG-1,CrVg2wCD90R1
CrVg2wCD90R1_CAAGTTGAGTGAATTG-1,CrVg2wCD90R1
CrVg2wCD90R1_CAAGTTGAGTGCCATT-1,CrVg2wCD90R1
CrVg2wCD90R1_CAAGTTGCAGTCGATT-1,CrVg2wCD90R1
CrVg2wCD90R1_CAAGTTGCATGTAAGA-1,CrVg2wCD90R1
CrVg2wCD90R1_CAAGTTGCATTCGACA-1,CrVg2wCD90R1
CrVg2wCD90R1_CAAGTTGGTGGAAAGA-1,CrVg2wCD90R1
CrVg2wCD90R1_CAAGTTGGTGTGTGCC-1,CrVg2wCD90R1
CrVg2wCD90R1_CAAGTTGGTTAAAGAC-1,CrVg2wCD90R1
CrVg2wCD90R1_CAAGTTGGTTACGCGC-1,CrVg2wCD90R1
CrVg2wCD90R1_CAAGTTGTCAACGCTA-1,CrVg2wCD90R1
CrVg2wCD90R1_CAAGTTGTCGGAAACG-1,CrVg2wCD90R1
CrVg2wCD90R1_CAAGTTGTCTGTCTAT-1,CrVg2wCD90R1
CrVg2wCD90R1_CACAAACAGGAGCGTT-1,CrVg2wCD90R1
CrVg2wCD90R1_CACAAACAGGTTCCTA-1,CrVg2wCD90R1
CrVg2wCD90R1_CACAAACCAAGCTGTT-1,CrVg2wCD90R1
CrVg2wCD90R1_CACAAACCAATAGCAA-1,CrVg2wCD90R1
CrVg2wCD90R1_CACAAACCATAAGACA-1,CrVg2wCD90R1
CrVg2wCD90R1_CACAAACGTACTCAAC-1,CrVg2wCD90R1
CrVg2wCD90R1_CACAAACGTTATCACG-1,CrVg2wCD90R1
CrVg2wCD90R1_CACAAACTCACCTTAT-1,CrVg2wCD90R1
CrVg2wCD90R1_CACAAACTCACTTATC-1,CrVg2wCD90R1
CrVg2wCD90R1_CACACAAAGAGAACAG-1,CrVg2wCD90R1
CrVg2wCD90R1_CACACAAAGCCGGTAA-1,CrVg2wCD90R1
CrVg2wCD90R1_CACACAAAGGCATGTG-1,CrVg2wCD90R1
CrVg2wCD90R1_CACACAAAGTCCATAC-1,CrVg2wCD90R1
CrVg2wCD90R1_CACACAAAGTCGTTTG-1,CrVg2wCD90R1
CrVg2wCD90R1_CACACAACAATAGCGG-1,CrVg2wCD90R1
CrVg2wCD90R1_CACACAACAGACGCTC-1,CrVg2wCD90R1
CrVg2wCD90R1_CACACAAGTGTGCGTC-1,CrVg2wCD90R1
CrVg2wCD90R1_CACACAATCTGGGCCA-1,CrVg2wCD90R1
CrVg2wCD90R1_CACACCTAGAGTAATC-1,CrVg2wCD90R1
CrVg2wCD90R1_CACACCTAGATATACG-1,CrVg2wCD90R1
CrVg2wCD90R1_CACACCTCAATCCAAC-1,CrVg2wCD90R1
CrVg2wCD90R1_CACACCTCACGAGGTA-1,CrVg2wCD90R1
CrVg2wCD90R1_CACACCTCATGGTAGG-1,CrVg2wCD90R1
CrVg2wCD90R1_CACACCTGTCAGATAA-1,CrVg2wCD90R1
CrVg2wCD90R1_CACACCTGTGTTCGAT-1,CrVg2wCD90R1
CrVg2wCD90R1_CACACCTTCCTCATTA-1,CrVg2wCD90R1
CrVg2wCD90R1_CACACCTTCGAATGCT-1,CrVg2wCD90R1
CrVg2wCD90R1_CACACCTTCGCATGGC-1,CrVg2wCD90R1
CrVg2wCD90R1_CACACTCAGGGTCTCC-1,CrVg2wCD90R1
CrVg2wCD90R1_CACACTCAGGTGCTTT-1,CrVg2wCD90R1
CrVg2wCD90R1_CACACTCCACAGCGTC-1,CrVg2wCD90R1
CrVg2wCD90R1_CACACTCGTTCGGCAC-1,CrVg2wCD90R1
CrVg2wCD90R1_CACACTCTCAAAGACA-1,CrVg2wCD90R1
CrVg2wCD90R1_CACACTCTCAAGCCTA-1,CrVg2wCD90R1
CrVg2wCD90R1_CACACTCTCTGTGCAA-1,CrVg2wCD90R1
CrVg2wCD90R1_CACAGGCAGCCTCGTG-1,CrVg2wCD90R1
CrVg2wCD90R1_CACAGGCAGGAATCGC-1,CrVg2wCD90R1
CrVg2wCD90R1_CACAGGCCAGCCAGAA-1,CrVg2wCD90R1
CrVg2wCD90R1_CACAGGCGTACCGCTG-1,CrVg2wCD90R1
CrVg2wCD90R1_CACAGGCGTAGTGAAT-1,CrVg2wCD90R1
CrVg2wCD90R1_CACAGGCGTCCGAGTC-1,CrVg2wCD90R1
CrVg2wCD90R1_CACAGGCGTCGTCTTC-1,CrVg2wCD90R1
CrVg2wCD90R1_CACAGGCGTCTGATTG-1,CrVg2wCD90R1
CrVg2wCD90R1_CACAGGCTCAATCACG-1,CrVg2wCD90R1
CrVg2wCD90R1_CACAGGCTCAGCGATT-1,CrVg2wCD90R1
CrVg2wCD90R1_CACAGGCTCATCTGCC-1,CrVg2wCD90R1
CrVg2wCD90R1_CACAGGCTCGAGCCCA-1,CrVg2wCD90R1
CrVg2wCD90R1_CACAGTAAGCTCAACT-1,CrVg2wCD90R1
CrVg2wCD90R1_CACAGTACACCGCTAG-1,CrVg2wCD90R1
CrVg2wCD90R1_CACAGTACAGCATACT-1,CrVg2wCD90R1
CrVg2wCD90R1_CACAGTACAGGTGGAT-1,CrVg2wCD90R1
CrVg2wCD90R1_CACAGTACAGTTAACC-1,CrVg2wCD90R1
CrVg2wCD90R1_CACAGTACATCACGTA-1,CrVg2wCD90R1
CrVg2wCD90R1_CACAGTAGTAGTACCT-1,CrVg2wCD90R1
CrVg2wCD90R1_CACAGTAGTATTCGTG-1,CrVg2wCD90R1
CrVg2wCD90R1_CACAGTATCACGGTTA-1,CrVg2wCD90R1
CrVg2wCD90R1_CACAGTATCCGTACAA-1,CrVg2wCD90R1
CrVg2wCD90R1_CACAGTATCCTCAACC-1,CrVg2wCD90R1
CrVg2wCD90R1_CACAGTATCGTTTATC-1,CrVg2wCD90R1
CrVg2wCD90R1_CACAGTATCTGGTGTA-1,CrVg2wCD90R1
CrVg2wCD90R1_CACAGTATCTGTCAAG-1,CrVg2wCD90R1
CrVg2wCD90R1_CACATAGAGCCGATTT-1,CrVg2wCD90R1
CrVg2wCD90R1_CACATAGAGCTTCGCG-1,CrVg2wCD90R1
CrVg2wCD90R1_CACATAGAGTGTTTGC-1,CrVg2wCD90R1
CrVg2wCD90R1_CACATAGCACATGACT-1,CrVg2wCD90R1
CrVg2wCD90R1_CACATAGCATAGGATA-1,CrVg2wCD90R1
CrVg2wCD90R1_CACATAGCATTCTTAC-1,CrVg2wCD90R1
CrVg2wCD90R1_CACATAGGTAGCGCTC-1,CrVg2wCD90R1
CrVg2wCD90R1_CACATAGGTCTCTCGT-1,CrVg2wCD90R1
CrVg2wCD90R1_CACATAGGTTCAGGCC-1,CrVg2wCD90R1
CrVg2wCD90R1_CACATAGTCAACCATG-1,CrVg2wCD90R1
CrVg2wCD90R1_CACATAGTCACGATGT-1,CrVg2wCD90R1
CrVg2wCD90R1_CACATTTAGATGTGGC-1,CrVg2wCD90R1
CrVg2wCD90R1_CACATTTAGCTTCGCG-1,CrVg2wCD90R1
CrVg2wCD90R1_CACATTTAGGCGTACA-1,CrVg2wCD90R1
CrVg2wCD90R1_CACATTTCAAACCCAT-1,CrVg2wCD90R1
CrVg2wCD90R1_CACATTTCAAGCCATT-1,CrVg2wCD90R1
CrVg2wCD90R1_CACATTTCAATAACGA-1,CrVg2wCD90R1
CrVg2wCD90R1_CACATTTCACGAAATA-1,CrVg2wCD90R1
CrVg2wCD90R1_CACATTTGTACACCGC-1,CrVg2wCD90R1
CrVg2wCD90R1_CACATTTGTATAGGGC-1,CrVg2wCD90R1
CrVg2wCD90R1_CACATTTGTCCGAAGA-1,CrVg2wCD90R1
CrVg2wCD90R1_CACATTTGTTTGACTG-1,CrVg2wCD90R1
CrVg2wCD90R1_CACATTTTCACTTACT-1,CrVg2wCD90R1
CrVg2wCD90R1_CACATTTTCAGAAATG-1,CrVg2wCD90R1
CrVg2wCD90R1_CACATTTTCGTAGGTT-1,CrVg2wCD90R1
CrVg2wCD90R1_CACATTTTCTCGGACG-1,CrVg2wCD90R1
CrVg2wCD90R1_CACATTTTCTTCGGTC-1,CrVg2wCD90R1
CrVg2wCD90R1_CACCACTAGAGCTGGT-1,CrVg2wCD90R1
CrVg2wCD90R1_CACCACTAGGACAGCT-1,CrVg2wCD90R1
CrVg2wCD90R1_CACCACTAGGGATCTG-1,CrVg2wCD90R1
CrVg2wCD90R1_CACCACTCACCAACCG-1,CrVg2wCD90R1
CrVg2wCD90R1_CACCACTCACTACAGT-1,CrVg2wCD90R1
CrVg2wCD90R1_CACCACTCAGGCAGTA-1,CrVg2wCD90R1
CrVg2wCD90R1_CACCACTCATTGAGCT-1,CrVg2wCD90R1
CrVg2wCD90R1_CACCACTGTCGCTTCT-1,CrVg2wCD90R1
CrVg2wCD90R1_CACCACTGTTCGTCTC-1,CrVg2wCD90R1
CrVg2wCD90R1_CACCACTGTTCTGAAC-1,CrVg2wCD90R1
CrVg2wCD90R1_CACCACTTCATGTAGC-1,CrVg2wCD90R1
CrVg2wCD90R1_CACCACTTCGTACGGC-1,CrVg2wCD90R1
CrVg2wCD90R1_CACCAGGAGAGCCTAG-1,CrVg2wCD90R1
CrVg2wCD90R1_CACCAGGAGCCCAATT-1,CrVg2wCD90R1
CrVg2wCD90R1_CACCAGGAGCTGAACG-1,CrVg2wCD90R1
CrVg2wCD90R1_CACCAGGCAAACCCAT-1,CrVg2wCD90R1
CrVg2wCD90R1_CACCAGGGTACAAGTA-1,CrVg2wCD90R1
CrVg2wCD90R1_CACCAGGGTCTCTCTG-1,CrVg2wCD90R1
CrVg2wCD90R1_CACCAGGTCAAGATCC-1,CrVg2wCD90R1
CrVg2wCD90R1_CACCTTGAGAGCTGCA-1,CrVg2wCD90R1
CrVg2wCD90R1_CACCTTGAGCAGACTG-1,CrVg2wCD90R1
CrVg2wCD90R1_CACCTTGAGTGGGATC-1,CrVg2wCD90R1
CrVg2wCD90R1_CACCTTGCAGTAAGAT-1,CrVg2wCD90R1
CrVg2wCD90R1_CACCTTGCATCGTCGG-1,CrVg2wCD90R1
CrVg2wCD90R1_CACCTTGGTCTTCAAG-1,CrVg2wCD90R1
CrVg2wCD90R1_CACCTTGGTTACCGAT-1,CrVg2wCD90R1
CrVg2wCD90R1_CACCTTGGTTAGGGTG-1,CrVg2wCD90R1
CrVg2wCD90R1_CACCTTGGTTCGAATC-1,CrVg2wCD90R1
CrVg2wCD90R1_CACCTTGTCATCTGCC-1,CrVg2wCD90R1
CrVg2wCD90R1_CACCTTGTCCAAGCCG-1,CrVg2wCD90R1
CrVg2wCD90R1_CACCTTGTCCTCCTAG-1,CrVg2wCD90R1
CrVg2wCD90R1_CACCTTGTCGTCACGG-1,CrVg2wCD90R1
CrVg2wCD90R1_CACTCCAAGGCAAAGA-1,CrVg2wCD90R1
CrVg2wCD90R1_CACTCCAAGGCTAGAC-1,CrVg2wCD90R1
CrVg2wCD90R1_CACTCCAAGGTAGCTG-1,CrVg2wCD90R1
CrVg2wCD90R1_CACTCCAAGTCCGGTC-1,CrVg2wCD90R1
CrVg2wCD90R1_CACTCCAGTAATCACC-1,CrVg2wCD90R1
CrVg2wCD90R1_CACTCCAGTGGGTCAA-1,CrVg2wCD90R1
CrVg2wCD90R1_CACTCCAGTTAAGGGC-1,CrVg2wCD90R1
CrVg2wCD90R1_CACTCCAGTTGACGTT-1,CrVg2wCD90R1
CrVg2wCD90R1_CACTCCATCCTTTCTC-1,CrVg2wCD90R1
CrVg2wCD90R1_CAGAATCAGCCAGTTT-1,CrVg2wCD90R1
CrVg2wCD90R1_CAGAATCCACCCTATC-1,CrVg2wCD90R1
CrVg2wCD90R1_CAGAATCCACTCTGTC-1,CrVg2wCD90R1
CrVg2wCD90R1_CAGAATCCAGCTTAAC-1,CrVg2wCD90R1
CrVg2wCD90R1_CAGAATCCAGTATAAG-1,CrVg2wCD90R1
CrVg2wCD90R1_CAGAATCCATCCGGGT-1,CrVg2wCD90R1
CrVg2wCD90R1_CAGAATCGTCTTCGTC-1,CrVg2wCD90R1
CrVg2wCD90R1_CAGAATCGTTCGTGAT-1,CrVg2wCD90R1
CrVg2wCD90R1_CAGAATCTCAAACAAG-1,CrVg2wCD90R1
CrVg2wCD90R1_CAGAATCTCACATGCA-1,CrVg2wCD90R1
CrVg2wCD90R1_CAGAATCTCAGTTAGC-1,CrVg2wCD90R1
CrVg2wCD90R1_CAGAATCTCCTGCAGG-1,CrVg2wCD90R1
CrVg2wCD90R1_CAGAATCTCGGCCGAT-1,CrVg2wCD90R1
CrVg2wCD90R1_CAGAGAGAGACTTTCG-1,CrVg2wCD90R1
CrVg2wCD90R1_CAGAGAGAGAGATGAG-1,CrVg2wCD90R1
CrVg2wCD90R1_CAGAGAGAGCTACCGC-1,CrVg2wCD90R1
CrVg2wCD90R1_CAGAGAGAGTCAATAG-1,CrVg2wCD90R1
CrVg2wCD90R1_CAGAGAGCATGCGCAC-1,CrVg2wCD90R1
CrVg2wCD90R1_CAGAGAGGTAAGTGTA-1,CrVg2wCD90R1
CrVg2wCD90R1_CAGAGAGTCGTAGGTT-1,CrVg2wCD90R1
CrVg2wCD90R1_CAGAGAGTCTCCTATA-1,CrVg2wCD90R1
CrVg2wCD90R1_CAGATCAAGATATGCA-1,CrVg2wCD90R1
CrVg2wCD90R1_CAGATCAAGGAGCGTT-1,CrVg2wCD90R1
CrVg2wCD90R1_CAGATCAAGGTGCTAG-1,CrVg2wCD90R1
CrVg2wCD90R1_CAGATCAAGTCAATAG-1,CrVg2wCD90R1
CrVg2wCD90R1_CAGATCAAGTGTACTC-1,CrVg2wCD90R1
CrVg2wCD90R1_CAGATCACAAGCGTAG-1,CrVg2wCD90R1
CrVg2wCD90R1_CAGATCAGTACATGTC-1,CrVg2wCD90R1
CrVg2wCD90R1_CAGATCATCATGTCTT-1,CrVg2wCD90R1
CrVg2wCD90R1_CAGATCATCCAAACAC-1,CrVg2wCD90R1
CrVg2wCD90R1_CAGATCATCGGAAATA-1,CrVg2wCD90R1
CrVg2wCD90R1_CAGCAGCAGACAGGCT-1,CrVg2wCD90R1
CrVg2wCD90R1_CAGCAGCAGCTCCCAG-1,CrVg2wCD90R1
CrVg2wCD90R1_CAGCAGCAGTGTCCCG-1,CrVg2wCD90R1
CrVg2wCD90R1_CAGCAGCCACACGCTG-1,CrVg2wCD90R1
CrVg2wCD90R1_CAGCAGCCACCTTGTC-1,CrVg2wCD90R1
CrVg2wCD90R1_CAGCAGCCACGTTGGC-1,CrVg2wCD90R1
CrVg2wCD90R1_CAGCAGCCAGCTATTG-1,CrVg2wCD90R1
CrVg2wCD90R1_CAGCAGCGTTATCCGA-1,CrVg2wCD90R1
CrVg2wCD90R1_CAGCAGCTCACGATGT-1,CrVg2wCD90R1
CrVg2wCD90R1_CAGCAGCTCATCGATG-1,CrVg2wCD90R1
CrVg2wCD90R1_CAGCAGCTCCGCGGTA-1,CrVg2wCD90R1
CrVg2wCD90R1_CAGCATAAGATAGCAT-1,CrVg2wCD90R1
CrVg2wCD90R1_CAGCATAAGATGGCGT-1,CrVg2wCD90R1
CrVg2wCD90R1_CAGCATAAGTCAATAG-1,CrVg2wCD90R1
CrVg2wCD90R1_CAGCATACACCATGTA-1,CrVg2wCD90R1
CrVg2wCD90R1_CAGCATACATGGGAAC-1,CrVg2wCD90R1
CrVg2wCD90R1_CAGCATAGTACCCAAT-1,CrVg2wCD90R1
CrVg2wCD90R1_CAGCATAGTAGAAGGA-1,CrVg2wCD90R1
CrVg2wCD90R1_CAGCATAGTATTCGTG-1,CrVg2wCD90R1
CrVg2wCD90R1_CAGCATAGTGCACTTA-1,CrVg2wCD90R1
CrVg2wCD90R1_CAGCATAGTGGAAAGA-1,CrVg2wCD90R1
CrVg2wCD90R1_CAGCATAGTTCACCTC-1,CrVg2wCD90R1
CrVg2wCD90R1_CAGCATAGTTCGTGAT-1,CrVg2wCD90R1
CrVg2wCD90R1_CAGCATATCACCCGAG-1,CrVg2wCD90R1
CrVg2wCD90R1_CAGCATATCCGAGCCA-1,CrVg2wCD90R1
CrVg2wCD90R1_CAGCATATCCTTTCGG-1,CrVg2wCD90R1
CrVg2wCD90R1_CAGCATATCGCCAGCA-1,CrVg2wCD90R1
CrVg2wCD90R1_CAGCATATCTATGTGG-1,CrVg2wCD90R1
CrVg2wCD90R1_CAGCCGAAGAGATGAG-1,CrVg2wCD90R1
CrVg2wCD90R1_CAGCCGAAGGGAGTAA-1,CrVg2wCD90R1
CrVg2wCD90R1_CAGCCGAAGGGCATGT-1,CrVg2wCD90R1
CrVg2wCD90R1_CAGCCGAAGGTACTCT-1,CrVg2wCD90R1
CrVg2wCD90R1_CAGCCGAGTCACCTAA-1,CrVg2wCD90R1
CrVg2wCD90R1_CAGCCGAGTTATCACG-1,CrVg2wCD90R1
CrVg2wCD90R1_CAGCCGAGTTTGACAC-1,CrVg2wCD90R1
CrVg2wCD90R1_CAGCCGATCCTTAATC-1,CrVg2wCD90R1
CrVg2wCD90R1_CAGCCGATCGGCGCAT-1,CrVg2wCD90R1
CrVg2wCD90R1_CAGCCGATCGGTTAAC-1,CrVg2wCD90R1
CrVg2wCD90R1_CAGCCGATCTATCCCG-1,CrVg2wCD90R1
CrVg2wCD90R1_CAGCCGATCTGTTTGT-1,CrVg2wCD90R1
CrVg2wCD90R1_CAGCGACAGTATCGAA-1,CrVg2wCD90R1
CrVg2wCD90R1_CAGCGACAGTTCGCGC-1,CrVg2wCD90R1
CrVg2wCD90R1_CAGCGACCAATGTTGC-1,CrVg2wCD90R1
CrVg2wCD90R1_CAGCGACCACCGGAAA-1,CrVg2wCD90R1
CrVg2wCD90R1_CAGCGACCAGGTCTCG-1,CrVg2wCD90R1
CrVg2wCD90R1_CAGCGACCATACTACG-1,CrVg2wCD90R1
CrVg2wCD90R1_CAGCGACGTAAGGGCT-1,CrVg2wCD90R1
CrVg2wCD90R1_CAGCGACGTGGTCTCG-1,CrVg2wCD90R1
CrVg2wCD90R1_CAGCGACGTGGTGTAG-1,CrVg2wCD90R1
CrVg2wCD90R1_CAGCGACTCGCCAGCA-1,CrVg2wCD90R1
CrVg2wCD90R1_CAGCTAAAGCGTCTAT-1,CrVg2wCD90R1
CrVg2wCD90R1_CAGCTAACAGATGAGC-1,CrVg2wCD90R1
CrVg2wCD90R1_CAGCTAAGTAGCGTAG-1,CrVg2wCD90R1
CrVg2wCD90R1_CAGCTAAGTCACTGGC-1,CrVg2wCD90R1
CrVg2wCD90R1_CAGCTAAGTCGAATCT-1,CrVg2wCD90R1
CrVg2wCD90R1_CAGCTAAGTGGACGAT-1,CrVg2wCD90R1
CrVg2wCD90R1_CAGCTAAGTTCCACAA-1,CrVg2wCD90R1
CrVg2wCD90R1_CAGCTAAGTTGTACAC-1,CrVg2wCD90R1
CrVg2wCD90R1_CAGCTGGAGACTACAA-1,CrVg2wCD90R1
CrVg2wCD90R1_CAGCTGGAGGTGATTA-1,CrVg2wCD90R1
CrVg2wCD90R1_CAGCTGGCACAAGCCC-1,CrVg2wCD90R1
CrVg2wCD90R1_CAGCTGGCAGCCTTGG-1,CrVg2wCD90R1
CrVg2wCD90R1_CAGCTGGGTAGAGTGC-1,CrVg2wCD90R1
CrVg2wCD90R1_CAGCTGGGTGATGTCT-1,CrVg2wCD90R1
CrVg2wCD90R1_CAGCTGGTCACAATGC-1,CrVg2wCD90R1
CrVg2wCD90R1_CAGCTGGTCAGCGATT-1,CrVg2wCD90R1
CrVg2wCD90R1_CAGCTGGTCTCGCATC-1,CrVg2wCD90R1
CrVg2wCD90R1_CAGCTGGTCTGGCGTG-1,CrVg2wCD90R1
CrVg2wCD90R1_CAGGTGCAGAAACGCC-1,CrVg2wCD90R1
CrVg2wCD90R1_CAGGTGCAGGAGTTTA-1,CrVg2wCD90R1
CrVg2wCD90R1_CAGGTGCAGTGCCAGA-1,CrVg2wCD90R1
CrVg2wCD90R1_CAGGTGCCAAAGCAAT-1,CrVg2wCD90R1
CrVg2wCD90R1_CAGGTGCCAGCGAACA-1,CrVg2wCD90R1
CrVg2wCD90R1_CAGGTGCGTCTCCATC-1,CrVg2wCD90R1
CrVg2wCD90R1_CAGGTGCGTCTCTTTA-1,CrVg2wCD90R1
CrVg2wCD90R1_CAGGTGCGTGAAAGAG-1,CrVg2wCD90R1
CrVg2wCD90R1_CAGGTGCTCAACGCTA-1,CrVg2wCD90R1
CrVg2wCD90R1_CAGGTGCTCATGCTCC-1,CrVg2wCD90R1
CrVg2wCD90R1_CAGGTGCTCCCAAGTA-1,CrVg2wCD90R1
CrVg2wCD90R1_CAGGTGCTCGACAGCC-1,CrVg2wCD90R1
CrVg2wCD90R1_CAGTAACAGAAGGCCT-1,CrVg2wCD90R1
CrVg2wCD90R1_CAGTAACAGGAGTTTA-1,CrVg2wCD90R1
CrVg2wCD90R1_CAGTAACAGTACGCGA-1,CrVg2wCD90R1
CrVg2wCD90R1_CAGTAACAGTCCCACG-1,CrVg2wCD90R1
CrVg2wCD90R1_CAGTAACAGTGAATTG-1,CrVg2wCD90R1
CrVg2wCD90R1_CAGTAACAGTGGCACA-1,CrVg2wCD90R1
CrVg2wCD90R1_CAGTAACCAGTGACAG-1,CrVg2wCD90R1
CrVg2wCD90R1_CAGTAACGTTCAGGCC-1,CrVg2wCD90R1
CrVg2wCD90R1_CAGTAACGTTGGGACA-1,CrVg2wCD90R1
CrVg2wCD90R1_CAGTAACTCAGCAACT-1,CrVg2wCD90R1
CrVg2wCD90R1_CAGTAACTCGGTTCGG-1,CrVg2wCD90R1
CrVg2wCD90R1_CAGTAACTCTTCCTTC-1,CrVg2wCD90R1
CrVg2wCD90R1_CAGTCCTCAAGACGTG-1,CrVg2wCD90R1
CrVg2wCD90R1_CAGTCCTCACAGAGGT-1,CrVg2wCD90R1
CrVg2wCD90R1_CAGTCCTGTACCCAAT-1,CrVg2wCD90R1
CrVg2wCD90R1_CAGTCCTGTATAAACG-1,CrVg2wCD90R1
CrVg2wCD90R1_CAGTCCTGTCGCCATG-1,CrVg2wCD90R1
CrVg2wCD90R1_CAGTCCTGTCTAAACC-1,CrVg2wCD90R1
CrVg2wCD90R1_CAGTCCTGTCTCATCC-1,CrVg2wCD90R1
CrVg2wCD90R1_CAGTCCTGTGTAATGA-1,CrVg2wCD90R1
CrVg2wCD90R1_CAGTCCTGTGTGAAAT-1,CrVg2wCD90R1
CrVg2wCD90R1_CAGTCCTGTTTAAGCC-1,CrVg2wCD90R1
CrVg2wCD90R1_CAGTCCTTCAGAGACG-1,CrVg2wCD90R1
CrVg2wCD90R1_CAGTCCTTCGCCAGCA-1,CrVg2wCD90R1
CrVg2wCD90R1_CAGTCCTTCTCCAGGG-1,CrVg2wCD90R1
CrVg2wCD90R1_CAGTCCTTCTGCTTGC-1,CrVg2wCD90R1
CrVg2wCD90R1_CATATGGAGAGAACAG-1,CrVg2wCD90R1
CrVg2wCD90R1_CATATGGAGTGTACGG-1,CrVg2wCD90R1
CrVg2wCD90R1_CATATGGAGTTCGATC-1,CrVg2wCD90R1
CrVg2wCD90R1_CATATGGGTAGCTTGT-1,CrVg2wCD90R1
CrVg2wCD90R1_CATATGGGTCATATCG-1,CrVg2wCD90R1
CrVg2wCD90R1_CATATGGGTCGACTGC-1,CrVg2wCD90R1
CrVg2wCD90R1_CATATGGGTCTTGTCC-1,CrVg2wCD90R1
CrVg2wCD90R1_CATATGGGTTCCACAA-1,CrVg2wCD90R1
CrVg2wCD90R1_CATATTCAGTACACCT-1,CrVg2wCD90R1
CrVg2wCD90R1_CATATTCAGTCTCAAC-1,CrVg2wCD90R1
CrVg2wCD90R1_CATATTCAGTGTACTC-1,CrVg2wCD90R1
CrVg2wCD90R1_CATATTCCAGCGTTCG-1,CrVg2wCD90R1
CrVg2wCD90R1_CATATTCCATGCGCAC-1,CrVg2wCD90R1
CrVg2wCD90R1_CATATTCGTAATTGGA-1,CrVg2wCD90R1
CrVg2wCD90R1_CATATTCGTAGAAAGG-1,CrVg2wCD90R1
CrVg2wCD90R1_CATATTCGTCGAACAG-1,CrVg2wCD90R1
CrVg2wCD90R1_CATATTCGTGATGCCC-1,CrVg2wCD90R1
CrVg2wCD90R1_CATATTCGTGTGTGCC-1,CrVg2wCD90R1
CrVg2wCD90R1_CATATTCGTTACGCGC-1,CrVg2wCD90R1
CrVg2wCD90R1_CATATTCGTTGAGTTC-1,CrVg2wCD90R1
CrVg2wCD90R1_CATATTCTCACCAGGC-1,CrVg2wCD90R1
CrVg2wCD90R1_CATATTCTCGTTTGCC-1,CrVg2wCD90R1
CrVg2wCD90R1_CATATTCTCTATCCCG-1,CrVg2wCD90R1
CrVg2wCD90R1_CATCAAGAGATGGGTC-1,CrVg2wCD90R1
CrVg2wCD90R1_CATCAAGCACGTAAGG-1,CrVg2wCD90R1
CrVg2wCD90R1_CATCAAGCACTTAACG-1,CrVg2wCD90R1
CrVg2wCD90R1_CATCAAGCATCCGGGT-1,CrVg2wCD90R1
CrVg2wCD90R1_CATCAAGGTACAGCAG-1,CrVg2wCD90R1
CrVg2wCD90R1_CATCAAGGTACCTACA-1,CrVg2wCD90R1
CrVg2wCD90R1_CATCAAGGTCTCGTTC-1,CrVg2wCD90R1
CrVg2wCD90R1_CATCAGAAGAATGTTG-1,CrVg2wCD90R1
CrVg2wCD90R1_CATCAGAAGCCAGTAG-1,CrVg2wCD90R1
CrVg2wCD90R1_CATCAGAAGGCTCATT-1,CrVg2wCD90R1
CrVg2wCD90R1_CATCAGAAGGTAGCTG-1,CrVg2wCD90R1
CrVg2wCD90R1_CATCAGAAGTACTTGC-1,CrVg2wCD90R1
CrVg2wCD90R1_CATCAGAAGTCACGCC-1,CrVg2wCD90R1
CrVg2wCD90R1_CATCAGACAAACCTAC-1,CrVg2wCD90R1
CrVg2wCD90R1_CATCAGACAGGGCATA-1,CrVg2wCD90R1
CrVg2wCD90R1_CATCAGAGTAGGCATG-1,CrVg2wCD90R1
CrVg2wCD90R1_CATCAGAGTGATAAGT-1,CrVg2wCD90R1
CrVg2wCD90R1_CATCAGAGTGGTAACG-1,CrVg2wCD90R1
CrVg2wCD90R1_CATCAGATCCCGGATG-1,CrVg2wCD90R1
CrVg2wCD90R1_CATCAGATCGCCAGCA-1,CrVg2wCD90R1
CrVg2wCD90R1_CATCAGATCGTTTAGG-1,CrVg2wCD90R1
CrVg2wCD90R1_CATCCACAGTGAACAT-1,CrVg2wCD90R1
CrVg2wCD90R1_CATCCACAGTGTTGAA-1,CrVg2wCD90R1
CrVg2wCD90R1_CATCCACGTTGGTTTG-1,CrVg2wCD90R1
CrVg2wCD90R1_CATCCACGTTTGGGCC-1,CrVg2wCD90R1
CrVg2wCD90R1_CATCCACTCCTCATTA-1,CrVg2wCD90R1
CrVg2wCD90R1_CATCCACTCGTGGTCG-1,CrVg2wCD90R1
CrVg2wCD90R1_CATCCACTCTGGCGTG-1,CrVg2wCD90R1
CrVg2wCD90R1_CATCGAAAGGAACTGC-1,CrVg2wCD90R1
CrVg2wCD90R1_CATCGAAAGTGTCCAT-1,CrVg2wCD90R1
CrVg2wCD90R1_CATCGAACAGTATCTG-1,CrVg2wCD90R1
CrVg2wCD90R1_CATCGAACATTAGGCT-1,CrVg2wCD90R1
CrVg2wCD90R1_CATCGAATCACGCGGT-1,CrVg2wCD90R1
CrVg2wCD90R1_CATCGGGAGAATTGTG-1,CrVg2wCD90R1
CrVg2wCD90R1_CATCGGGAGATAGCAT-1,CrVg2wCD90R1
CrVg2wCD90R1_CATCGGGAGATCCGAG-1,CrVg2wCD90R1
CrVg2wCD90R1_CATCGGGCAAGCCATT-1,CrVg2wCD90R1
CrVg2wCD90R1_CATCGGGCAGTATGCT-1,CrVg2wCD90R1
CrVg2wCD90R1_CATCGGGGTGGCTCCA-1,CrVg2wCD90R1
CrVg2wCD90R1_CATCGGGGTGGGTATG-1,CrVg2wCD90R1
CrVg2wCD90R1_CATCGGGGTGTTTGGT-1,CrVg2wCD90R1
CrVg2wCD90R1_CATCGGGTCGCCGTGA-1,CrVg2wCD90R1
CrVg2wCD90R1_CATCGGGTCTGGTGTA-1,CrVg2wCD90R1
CrVg2wCD90R1_CATGACAAGAAGGCCT-1,CrVg2wCD90R1
CrVg2wCD90R1_CATGACAAGACTAGAT-1,CrVg2wCD90R1
CrVg2wCD90R1_CATGACAAGCGCCTCA-1,CrVg2wCD90R1
CrVg2wCD90R1_CATGACAAGCTAACAA-1,CrVg2wCD90R1
CrVg2wCD90R1_CATGACAAGTATCGAA-1,CrVg2wCD90R1
CrVg2wCD90R1_CATGACAAGTTCCACA-1,CrVg2wCD90R1
CrVg2wCD90R1_CATGACACAAGCGATG-1,CrVg2wCD90R1
CrVg2wCD90R1_CATGACACACAGGAGT-1,CrVg2wCD90R1
CrVg2wCD90R1_CATGACACAGCTCGCA-1,CrVg2wCD90R1
CrVg2wCD90R1_CATGACAGTACCATCA-1,CrVg2wCD90R1
CrVg2wCD90R1_CATGACAGTAGGGTAC-1,CrVg2wCD90R1
CrVg2wCD90R1_CATGACAGTGGGTCAA-1,CrVg2wCD90R1
CrVg2wCD90R1_CATGACAGTTGCCTCT-1,CrVg2wCD90R1
CrVg2wCD90R1_CATGACATCAAGATCC-1,CrVg2wCD90R1
CrVg2wCD90R1_CATGACATCACAATGC-1,CrVg2wCD90R1
CrVg2wCD90R1_CATGACATCATGTCTT-1,CrVg2wCD90R1
CrVg2wCD90R1_CATGACATCCCATTAT-1,CrVg2wCD90R1
CrVg2wCD90R1_CATGACATCGCGATCG-1,CrVg2wCD90R1
CrVg2wCD90R1_CATGCCTAGATCACGG-1,CrVg2wCD90R1
CrVg2wCD90R1_CATGCCTAGGCTCATT-1,CrVg2wCD90R1
CrVg2wCD90R1_CATGCCTAGTCATCCA-1,CrVg2wCD90R1
CrVg2wCD90R1_CATGCCTCATCCGCGA-1,CrVg2wCD90R1
CrVg2wCD90R1_CATGCCTCATCGGACC-1,CrVg2wCD90R1
CrVg2wCD90R1_CATGCCTGTAGCCTAT-1,CrVg2wCD90R1
CrVg2wCD90R1_CATGCCTGTCATGCCG-1,CrVg2wCD90R1
CrVg2wCD90R1_CATGCCTTCAGTCAGT-1,CrVg2wCD90R1
CrVg2wCD90R1_CATGCCTTCGAGCCCA-1,CrVg2wCD90R1
CrVg2wCD90R1_CATGCCTTCTTTACAC-1,CrVg2wCD90R1
CrVg2wCD90R1_CATGGCGAGACCACGA-1,CrVg2wCD90R1
CrVg2wCD90R1_CATGGCGAGATGCGAC-1,CrVg2wCD90R1
CrVg2wCD90R1_CATGGCGCAAGCCCAC-1,CrVg2wCD90R1
CrVg2wCD90R1_CATGGCGCACTCGACG-1,CrVg2wCD90R1
CrVg2wCD90R1_CATGGCGCACTTCGAA-1,CrVg2wCD90R1
CrVg2wCD90R1_CATGGCGCAGACAGGT-1,CrVg2wCD90R1
CrVg2wCD90R1_CATGGCGGTCGACTAT-1,CrVg2wCD90R1
CrVg2wCD90R1_CATGGCGGTTCCACAA-1,CrVg2wCD90R1
CrVg2wCD90R1_CATGGCGGTTTGTTGG-1,CrVg2wCD90R1
CrVg2wCD90R1_CATGGCGTCAAGGTAA-1,CrVg2wCD90R1
CrVg2wCD90R1_CATGGCGTCGGCGGTT-1,CrVg2wCD90R1
CrVg2wCD90R1_CATGGCGTCTTGAGAC-1,CrVg2wCD90R1
CrVg2wCD90R1_CATTATCAGATAGCAT-1,CrVg2wCD90R1
CrVg2wCD90R1_CATTATCAGGTTCCTA-1,CrVg2wCD90R1
CrVg2wCD90R1_CATTATCAGTGCAAGC-1,CrVg2wCD90R1
CrVg2wCD90R1_CATTATCAGTGGGCTA-1,CrVg2wCD90R1
CrVg2wCD90R1_CATTATCCAAGCGAGT-1,CrVg2wCD90R1
CrVg2wCD90R1_CATTATCCACCAGGCT-1,CrVg2wCD90R1
CrVg2wCD90R1_CATTATCGTCCGTCAG-1,CrVg2wCD90R1
CrVg2wCD90R1_CATTATCGTCGACTGC-1,CrVg2wCD90R1
CrVg2wCD90R1_CATTATCGTTCGTTGA-1,CrVg2wCD90R1
CrVg2wCD90R1_CATTATCTCAGTCCCT-1,CrVg2wCD90R1
CrVg2wCD90R1_CATTCGCAGCCCGAAA-1,CrVg2wCD90R1
CrVg2wCD90R1_CATTCGCAGGCGCTCT-1,CrVg2wCD90R1
CrVg2wCD90R1_CATTCGCAGTAGGCCA-1,CrVg2wCD90R1
CrVg2wCD90R1_CATTCGCCACTAGTAC-1,CrVg2wCD90R1
CrVg2wCD90R1_CATTCGCGTCGGATCC-1,CrVg2wCD90R1
CrVg2wCD90R1_CATTCGCTCAGGTTCA-1,CrVg2wCD90R1
CrVg2wCD90R1_CCAATCCAGACTGTAA-1,CrVg2wCD90R1
CrVg2wCD90R1_CCAATCCAGTCAATAG-1,CrVg2wCD90R1
CrVg2wCD90R1_CCAATCCAGTTCGATC-1,CrVg2wCD90R1
CrVg2wCD90R1_CCAATCCCACGTGAGA-1,CrVg2wCD90R1
CrVg2wCD90R1_CCAATCCCATCCTAGA-1,CrVg2wCD90R1
CrVg2wCD90R1_CCAATCCGTATAGGTA-1,CrVg2wCD90R1
CrVg2wCD90R1_CCAATCCGTCGAAAGC-1,CrVg2wCD90R1
CrVg2wCD90R1_CCAATCCGTTTGACTG-1,CrVg2wCD90R1
CrVg2wCD90R1_CCAATCCTCACGACTA-1,CrVg2wCD90R1
CrVg2wCD90R1_CCAATCCTCCAAATGC-1,CrVg2wCD90R1
CrVg2wCD90R1_CCAATCCTCCAGTAGT-1,CrVg2wCD90R1
CrVg2wCD90R1_CCAATCCTCGTTACGA-1,CrVg2wCD90R1
CrVg2wCD90R1_CCAATCCTCTTCCTTC-1,CrVg2wCD90R1
CrVg2wCD90R1_CCACCTACATCGGGTC-1,CrVg2wCD90R1
CrVg2wCD90R1_CCACCTATCATCGCTC-1,CrVg2wCD90R1
CrVg2wCD90R1_CCACCTATCATGTGGT-1,CrVg2wCD90R1
CrVg2wCD90R1_CCACCTATCTGTCAAG-1,CrVg2wCD90R1
CrVg2wCD90R1_CCACGGAAGAGGGCTT-1,CrVg2wCD90R1
CrVg2wCD90R1_CCACGGAAGCCCAACC-1,CrVg2wCD90R1
CrVg2wCD90R1_CCACGGAAGGACATTA-1,CrVg2wCD90R1
CrVg2wCD90R1_CCACGGAAGGGAACGG-1,CrVg2wCD90R1
CrVg2wCD90R1_CCACGGACAAGGTTCT-1,CrVg2wCD90R1
CrVg2wCD90R1_CCACGGACAGTACACT-1,CrVg2wCD90R1
CrVg2wCD90R1_CCACGGACATACGCCG-1,CrVg2wCD90R1
CrVg2wCD90R1_CCACGGACATCCTTGC-1,CrVg2wCD90R1
CrVg2wCD90R1_CCACGGACATTTCAGG-1,CrVg2wCD90R1
CrVg2wCD90R1_CCACGGAGTACTTGAC-1,CrVg2wCD90R1
CrVg2wCD90R1_CCACGGAGTTTCGCTC-1,CrVg2wCD90R1
CrVg2wCD90R1_CCACGGATCTGAGGGA-1,CrVg2wCD90R1
CrVg2wCD90R1_CCACTACAGACCGGAT-1,CrVg2wCD90R1
CrVg2wCD90R1_CCACTACAGACTTTCG-1,CrVg2wCD90R1
CrVg2wCD90R1_CCACTACAGTGTTTGC-1,CrVg2wCD90R1
CrVg2wCD90R1_CCACTACCAGGCTCAC-1,CrVg2wCD90R1
CrVg2wCD90R1_CCACTACGTACCCAAT-1,CrVg2wCD90R1
CrVg2wCD90R1_CCACTACGTCCCTTGT-1,CrVg2wCD90R1
CrVg2wCD90R1_CCACTACGTGCATCTA-1,CrVg2wCD90R1
CrVg2wCD90R1_CCACTACGTTCCATGA-1,CrVg2wCD90R1
CrVg2wCD90R1_CCACTACGTTGATTCG-1,CrVg2wCD90R1
CrVg2wCD90R1_CCACTACTCCACTGGG-1,CrVg2wCD90R1
CrVg2wCD90R1_CCACTACTCTCAAGTG-1,CrVg2wCD90R1
CrVg2wCD90R1_CCACTACTCTCCTATA-1,CrVg2wCD90R1
CrVg2wCD90R1_CCACTACTCTGCGGCA-1,CrVg2wCD90R1
CrVg2wCD90R1_CCAGCGAAGCGTCAAG-1,CrVg2wCD90R1
CrVg2wCD90R1_CCAGCGACACCTCGGA-1,CrVg2wCD90R1
CrVg2wCD90R1_CCAGCGACAGCATACT-1,CrVg2wCD90R1
CrVg2wCD90R1_CCAGCGACATGGTAGG-1,CrVg2wCD90R1
CrVg2wCD90R1_CCAGCGATCATAGCAC-1,CrVg2wCD90R1
CrVg2wCD90R1_CCAGCGATCCTAAGTG-1,CrVg2wCD90R1
CrVg2wCD90R1_CCATGTCAGAAGGCCT-1,CrVg2wCD90R1
CrVg2wCD90R1_CCATGTCAGCCGATTT-1,CrVg2wCD90R1
CrVg2wCD90R1_CCATGTCAGTGTGGCA-1,CrVg2wCD90R1
CrVg2wCD90R1_CCATGTCCAAACGTGG-1,CrVg2wCD90R1
CrVg2wCD90R1_CCATGTCCAAGGTGTG-1,CrVg2wCD90R1
CrVg2wCD90R1_CCATGTCCATCACGAT-1,CrVg2wCD90R1
CrVg2wCD90R1_CCATGTCGTCCAAGTT-1,CrVg2wCD90R1
CrVg2wCD90R1_CCATGTCGTCCTCCAT-1,CrVg2wCD90R1
CrVg2wCD90R1_CCATGTCGTTCGTGAT-1,CrVg2wCD90R1
CrVg2wCD90R1_CCATGTCTCATCGGAT-1,CrVg2wCD90R1
CrVg2wCD90R1_CCATTCGAGACAAGCC-1,CrVg2wCD90R1
CrVg2wCD90R1_CCATTCGAGACTAGAT-1,CrVg2wCD90R1
CrVg2wCD90R1_CCATTCGAGAGATGAG-1,CrVg2wCD90R1
CrVg2wCD90R1_CCATTCGAGAGTCTGG-1,CrVg2wCD90R1
CrVg2wCD90R1_CCATTCGAGATATGGT-1,CrVg2wCD90R1
CrVg2wCD90R1_CCATTCGAGATGCCAG-1,CrVg2wCD90R1
CrVg2wCD90R1_CCATTCGAGCCAGGAT-1,CrVg2wCD90R1
CrVg2wCD90R1_CCATTCGAGCCAGTAG-1,CrVg2wCD90R1
CrVg2wCD90R1_CCATTCGAGCTAGGCA-1,CrVg2wCD90R1
CrVg2wCD90R1_CCATTCGAGTCCAGGA-1,CrVg2wCD90R1
CrVg2wCD90R1_CCATTCGAGTCTTGCA-1,CrVg2wCD90R1
CrVg2wCD90R1_CCATTCGAGTTCGCGC-1,CrVg2wCD90R1
CrVg2wCD90R1_CCATTCGCAAAGGCGT-1,CrVg2wCD90R1
CrVg2wCD90R1_CCATTCGCACGGCGTT-1,CrVg2wCD90R1
CrVg2wCD90R1_CCATTCGCACTTGGAT-1,CrVg2wCD90R1
CrVg2wCD90R1_CCATTCGGTAAGTTCC-1,CrVg2wCD90R1
CrVg2wCD90R1_CCATTCGGTTCCGTCT-1,CrVg2wCD90R1
CrVg2wCD90R1_CCATTCGTCACATACG-1,CrVg2wCD90R1
CrVg2wCD90R1_CCATTCGTCATCTGCC-1,CrVg2wCD90R1
CrVg2wCD90R1_CCATTCGTCGGCATCG-1,CrVg2wCD90R1
CrVg2wCD90R1_CCATTCGTCGTACGGC-1,CrVg2wCD90R1
CrVg2wCD90R1_CCATTCGTCTCCTATA-1,CrVg2wCD90R1
CrVg2wCD90R1_CCATTCGTCTCTAGGA-1,CrVg2wCD90R1
CrVg2wCD90R1_CCATTCGTCTGCAAGT-1,CrVg2wCD90R1
CrVg2wCD90R1_CCCAATCAGGAGCGTT-1,CrVg2wCD90R1
CrVg2wCD90R1_CCCAATCAGTCATCCA-1,CrVg2wCD90R1
CrVg2wCD90R1_CCCAATCCAAGTAGTA-1,CrVg2wCD90R1
CrVg2wCD90R1_CCCAATCCAAGTTAAG-1,CrVg2wCD90R1
CrVg2wCD90R1_CCCAATCCACCAACCG-1,CrVg2wCD90R1
CrVg2wCD90R1_CCCAATCCATATGAGA-1,CrVg2wCD90R1
CrVg2wCD90R1_CCCAATCGTAGAAAGG-1,CrVg2wCD90R1
CrVg2wCD90R1_CCCAATCGTGTCGCTG-1,CrVg2wCD90R1
CrVg2wCD90R1_CCCAATCGTTGTACAC-1,CrVg2wCD90R1
CrVg2wCD90R1_CCCAATCTCCAAACAC-1,CrVg2wCD90R1
CrVg2wCD90R1_CCCAATCTCGAGAACG-1,CrVg2wCD90R1
CrVg2wCD90R1_CCCAGTTAGATGGCGT-1,CrVg2wCD90R1
CrVg2wCD90R1_CCCAGTTAGCCACGTC-1,CrVg2wCD90R1
CrVg2wCD90R1_CCCAGTTCAAGTTCTG-1,CrVg2wCD90R1
CrVg2wCD90R1_CCCAGTTCACAAGTAA-1,CrVg2wCD90R1
CrVg2wCD90R1_CCCAGTTCAGTACACT-1,CrVg2wCD90R1
CrVg2wCD90R1_CCCAGTTCATCTCGCT-1,CrVg2wCD90R1
CrVg2wCD90R1_CCCAGTTGTCCAAGTT-1,CrVg2wCD90R1
CrVg2wCD90R1_CCCAGTTGTCTCGTTC-1,CrVg2wCD90R1
CrVg2wCD90R1_CCCAGTTGTTATCGGT-1,CrVg2wCD90R1
CrVg2wCD90R1_CCCAGTTTCTCGGACG-1,CrVg2wCD90R1
CrVg2wCD90R1_CCCATACAGAAAGTGG-1,CrVg2wCD90R1
CrVg2wCD90R1_CCCATACAGCTACCGC-1,CrVg2wCD90R1
CrVg2wCD90R1_CCCATACAGGTGATTA-1,CrVg2wCD90R1
CrVg2wCD90R1_CCCATACAGTAATCCC-1,CrVg2wCD90R1
CrVg2wCD90R1_CCCATACAGTATGACA-1,CrVg2wCD90R1
CrVg2wCD90R1_CCCATACCAAGACACG-1,CrVg2wCD90R1
CrVg2wCD90R1_CCCATACGTGTTTGTG-1,CrVg2wCD90R1
CrVg2wCD90R1_CCCATACTCTCGTATT-1,CrVg2wCD90R1
CrVg2wCD90R1_CCCATACTCTCGTTTA-1,CrVg2wCD90R1
CrVg2wCD90R1_CCCTCCTAGAGTAAGG-1,CrVg2wCD90R1
CrVg2wCD90R1_CCCTCCTAGATGTAAC-1,CrVg2wCD90R1
CrVg2wCD90R1_CCCTCCTAGTATCGAA-1,CrVg2wCD90R1
CrVg2wCD90R1_CCCTCCTCAAGACACG-1,CrVg2wCD90R1
CrVg2wCD90R1_CCCTCCTCAAGAGGCT-1,CrVg2wCD90R1
CrVg2wCD90R1_CCCTCCTCAAGGACAC-1,CrVg2wCD90R1
CrVg2wCD90R1_CCCTCCTCAATTCCTT-1,CrVg2wCD90R1
CrVg2wCD90R1_CCCTCCTCAGACAAGC-1,CrVg2wCD90R1
CrVg2wCD90R1_CCCTCCTCAGATAATG-1,CrVg2wCD90R1
CrVg2wCD90R1_CCCTCCTGTCAATACC-1,CrVg2wCD90R1
CrVg2wCD90R1_CCCTCCTGTTATCGGT-1,CrVg2wCD90R1
CrVg2wCD90R1_CCCTCCTTCAAGGCTT-1,CrVg2wCD90R1
CrVg2wCD90R1_CCCTCCTTCCACTGGG-1,CrVg2wCD90R1
CrVg2wCD90R1_CCCTCCTTCCCGGATG-1,CrVg2wCD90R1
CrVg2wCD90R1_CCCTCCTTCGACCAGC-1,CrVg2wCD90R1
CrVg2wCD90R1_CCCTCCTTCTGGTTCC-1,CrVg2wCD90R1
CrVg2wCD90R1_CCCTCCTTCTGTTTGT-1,CrVg2wCD90R1
CrVg2wCD90R1_CCGGGATAGAAAGTGG-1,CrVg2wCD90R1
CrVg2wCD90R1_CCGGGATAGGAGCGTT-1,CrVg2wCD90R1
CrVg2wCD90R1_CCGGGATCAAAGTCAA-1,CrVg2wCD90R1
CrVg2wCD90R1_CCGGGATCACATTTCT-1,CrVg2wCD90R1
CrVg2wCD90R1_CCGGGATCATGGTCAT-1,CrVg2wCD90R1
CrVg2wCD90R1_CCGGGATCATTACCTT-1,CrVg2wCD90R1
CrVg2wCD90R1_CCGGGATGTGACGGTA-1,CrVg2wCD90R1
CrVg2wCD90R1_CCGGGATTCAACACGT-1,CrVg2wCD90R1
CrVg2wCD90R1_CCGGGATTCAGGCCCA-1,CrVg2wCD90R1
CrVg2wCD90R1_CCGGGATTCGTATCAG-1,CrVg2wCD90R1
CrVg2wCD90R1_CCGGTAGAGAAGGGTA-1,CrVg2wCD90R1
CrVg2wCD90R1_CCGGTAGAGCAACGGT-1,CrVg2wCD90R1
CrVg2wCD90R1_CCGGTAGAGCCCAATT-1,CrVg2wCD90R1
CrVg2wCD90R1_CCGGTAGCACCAGATT-1,CrVg2wCD90R1
CrVg2wCD90R1_CCGGTAGCACCAGGCT-1,CrVg2wCD90R1
CrVg2wCD90R1_CCGGTAGCAGCTGTGC-1,CrVg2wCD90R1
CrVg2wCD90R1_CCGTACTAGCGATGAC-1,CrVg2wCD90R1
CrVg2wCD90R1_CCGTACTCAATAACGA-1,CrVg2wCD90R1
CrVg2wCD90R1_CCGTACTCACGGACAA-1,CrVg2wCD90R1
CrVg2wCD90R1_CCGTACTCAGGGTATG-1,CrVg2wCD90R1
CrVg2wCD90R1_CCGTACTCAGTCAGAG-1,CrVg2wCD90R1
CrVg2wCD90R1_CCGTACTGTACTCTCC-1,CrVg2wCD90R1
CrVg2wCD90R1_CCGTACTGTCAATACC-1,CrVg2wCD90R1
CrVg2wCD90R1_CCGTACTGTCCGCTGA-1,CrVg2wCD90R1
CrVg2wCD90R1_CCGTACTTCCAGTATG-1,CrVg2wCD90R1
CrVg2wCD90R1_CCGTACTTCTATCCTA-1,CrVg2wCD90R1
CrVg2wCD90R1_CCGTGGAAGAGCAATT-1,CrVg2wCD90R1
CrVg2wCD90R1_CCGTGGAAGATGTCGG-1,CrVg2wCD90R1
CrVg2wCD90R1_CCGTGGAAGCTAACTC-1,CrVg2wCD90R1
CrVg2wCD90R1_CCGTGGAAGTGTTTGC-1,CrVg2wCD90R1
CrVg2wCD90R1_CCGTGGACAATCGGTT-1,CrVg2wCD90R1
CrVg2wCD90R1_CCGTGGACACCTCGTT-1,CrVg2wCD90R1
CrVg2wCD90R1_CCGTGGAGTCCCTACT-1,CrVg2wCD90R1
CrVg2wCD90R1_CCGTGGAGTGGCTCCA-1,CrVg2wCD90R1
CrVg2wCD90R1_CCGTGGATCCTAGTGA-1,CrVg2wCD90R1
CrVg2wCD90R1_CCGTTCACACCCAGTG-1,CrVg2wCD90R1
CrVg2wCD90R1_CCGTTCACAGCTCCGA-1,CrVg2wCD90R1
CrVg2wCD90R1_CCGTTCACAGGATCGA-1,CrVg2wCD90R1
CrVg2wCD90R1_CCGTTCACATCCTTGC-1,CrVg2wCD90R1
CrVg2wCD90R1_CCGTTCACATGTAAGA-1,CrVg2wCD90R1
CrVg2wCD90R1_CCGTTCAGTATTACCG-1,CrVg2wCD90R1
CrVg2wCD90R1_CCGTTCAGTGTTAAGA-1,CrVg2wCD90R1
CrVg2wCD90R1_CCGTTCATCACGCGGT-1,CrVg2wCD90R1
CrVg2wCD90R1_CCTAAAGAGACATAAC-1,CrVg2wCD90R1
CrVg2wCD90R1_CCTAAAGAGCAGGTCA-1,CrVg2wCD90R1
CrVg2wCD90R1_CCTAAAGAGGACCACA-1,CrVg2wCD90R1
CrVg2wCD90R1_CCTAAAGAGTACTTGC-1,CrVg2wCD90R1
CrVg2wCD90R1_CCTAAAGCAATCCGAT-1,CrVg2wCD90R1
CrVg2wCD90R1_CCTAAAGGTCCCTTGT-1,CrVg2wCD90R1
CrVg2wCD90R1_CCTAAAGTCTGCTTGC-1,CrVg2wCD90R1
CrVg2wCD90R1_CCTAAAGTCTTCGAGA-1,CrVg2wCD90R1
CrVg2wCD90R1_CCTAAAGTCTTCTGGC-1,CrVg2wCD90R1
CrVg2wCD90R1_CCTACACAGACTAGAT-1,CrVg2wCD90R1
CrVg2wCD90R1_CCTACACAGATCCCAT-1,CrVg2wCD90R1
CrVg2wCD90R1_CCTACACCAAACCCAT-1,CrVg2wCD90R1
CrVg2wCD90R1_CCTACACCAGCTCGAC-1,CrVg2wCD90R1
CrVg2wCD90R1_CCTACACCAGGCGATA-1,CrVg2wCD90R1
CrVg2wCD90R1_CCTACACCATCAGTCA-1,CrVg2wCD90R1
CrVg2wCD90R1_CCTACACCATGCGCAC-1,CrVg2wCD90R1
CrVg2wCD90R1_CCTACACGTCTAGGTT-1,CrVg2wCD90R1
CrVg2wCD90R1_CCTACACGTCTGCCAG-1,CrVg2wCD90R1
CrVg2wCD90R1_CCTACACGTGCAGGTA-1,CrVg2wCD90R1
CrVg2wCD90R1_CCTACACGTGTAAGTA-1,CrVg2wCD90R1
CrVg2wCD90R1_CCTACACGTTATTCTC-1,CrVg2wCD90R1
CrVg2wCD90R1_CCTACACTCATTGCCC-1,CrVg2wCD90R1
CrVg2wCD90R1_CCTACACTCCTCAACC-1,CrVg2wCD90R1
CrVg2wCD90R1_CCTACACTCTATCGCC-1,CrVg2wCD90R1
CrVg2wCD90R1_CCTACACTCTTGTATC-1,CrVg2wCD90R1
CrVg2wCD90R1_CCTACCAAGGGTTCCC-1,CrVg2wCD90R1
CrVg2wCD90R1_CCTACCAAGTTAGCGG-1,CrVg2wCD90R1
CrVg2wCD90R1_CCTACCACAAGCTGTT-1,CrVg2wCD90R1
CrVg2wCD90R1_CCTACCACATTAGCCA-1,CrVg2wCD90R1
CrVg2wCD90R1_CCTACCAGTCATTAGC-1,CrVg2wCD90R1
CrVg2wCD90R1_CCTACCAGTGCGATAG-1,CrVg2wCD90R1
CrVg2wCD90R1_CCTACCATCAAGGTAA-1,CrVg2wCD90R1
CrVg2wCD90R1_CCTACCATCACGACTA-1,CrVg2wCD90R1
CrVg2wCD90R1_CCTACCATCCTCCTAG-1,CrVg2wCD90R1
CrVg2wCD90R1_CCTACCATCTTCCTTC-1,CrVg2wCD90R1
CrVg2wCD90R1_CCTACCATCTTGAGGT-1,CrVg2wCD90R1
CrVg2wCD90R1_CCTAGCTAGAGTAAGG-1,CrVg2wCD90R1
CrVg2wCD90R1_CCTAGCTAGATCGATA-1,CrVg2wCD90R1
CrVg2wCD90R1_CCTAGCTAGCTAGTTC-1,CrVg2wCD90R1
CrVg2wCD90R1_CCTAGCTAGGGAACGG-1,CrVg2wCD90R1
CrVg2wCD90R1_CCTAGCTAGGGTTTCT-1,CrVg2wCD90R1
CrVg2wCD90R1_CCTAGCTAGTCCTCCT-1,CrVg2wCD90R1
CrVg2wCD90R1_CCTAGCTCAGCCAGAA-1,CrVg2wCD90R1
CrVg2wCD90R1_CCTAGCTCATTCTCAT-1,CrVg2wCD90R1
CrVg2wCD90R1_CCTAGCTGTATTCTCT-1,CrVg2wCD90R1
CrVg2wCD90R1_CCTAGCTGTCGGCATC-1,CrVg2wCD90R1
CrVg2wCD90R1_CCTAGCTGTGCTTCTC-1,CrVg2wCD90R1
CrVg2wCD90R1_CCTAGCTGTTAGAACA-1,CrVg2wCD90R1
CrVg2wCD90R1_CCTAGCTTCACTTCAT-1,CrVg2wCD90R1
CrVg2wCD90R1_CCTAGCTTCCAAGCCG-1,CrVg2wCD90R1
CrVg2wCD90R1_CCTAGCTTCCCTCAGT-1,CrVg2wCD90R1
CrVg2wCD90R1_CCTAGCTTCGTTACAG-1,CrVg2wCD90R1
CrVg2wCD90R1_CCTAGCTTCTTGCATT-1,CrVg2wCD90R1
CrVg2wCD90R1_CCTATTAAGCATGGCA-1,CrVg2wCD90R1
CrVg2wCD90R1_CCTATTAAGCGCCTCA-1,CrVg2wCD90R1
CrVg2wCD90R1_CCTATTAAGTATGACA-1,CrVg2wCD90R1
CrVg2wCD90R1_CCTATTAAGTTTGCGT-1,CrVg2wCD90R1
CrVg2wCD90R1_CCTATTACATCGGGTC-1,CrVg2wCD90R1
CrVg2wCD90R1_CCTATTAGTAAACACA-1,CrVg2wCD90R1
CrVg2wCD90R1_CCTATTAGTGATGCCC-1,CrVg2wCD90R1
CrVg2wCD90R1_CCTATTAGTGGCGAAT-1,CrVg2wCD90R1
CrVg2wCD90R1_CCTATTAGTGTAACGG-1,CrVg2wCD90R1
CrVg2wCD90R1_CCTATTATCAACGGGA-1,CrVg2wCD90R1
CrVg2wCD90R1_CCTATTATCCGTAGGC-1,CrVg2wCD90R1
CrVg2wCD90R1_CCTATTATCCTAGTGA-1,CrVg2wCD90R1
CrVg2wCD90R1_CCTATTATCGATCCCT-1,CrVg2wCD90R1
CrVg2wCD90R1_CCTCAGTAGAGATGAG-1,CrVg2wCD90R1
CrVg2wCD90R1_CCTCAGTCAAAGCAAT-1,CrVg2wCD90R1
CrVg2wCD90R1_CCTCAGTCAGGCAGTA-1,CrVg2wCD90R1
CrVg2wCD90R1_CCTCAGTGTGAAAGAG-1,CrVg2wCD90R1
CrVg2wCD90R1_CCTCAGTTCAGCGACC-1,CrVg2wCD90R1
CrVg2wCD90R1_CCTCAGTTCTGGCGTG-1,CrVg2wCD90R1
CrVg2wCD90R1_CCTCTGAAGACAGGCT-1,CrVg2wCD90R1
CrVg2wCD90R1_CCTCTGAAGGGATGGG-1,CrVg2wCD90R1
CrVg2wCD90R1_CCTCTGAAGTGTGGCA-1,CrVg2wCD90R1
CrVg2wCD90R1_CCTCTGACAAGCCTAT-1,CrVg2wCD90R1
CrVg2wCD90R1_CCTCTGACACTTAACG-1,CrVg2wCD90R1
CrVg2wCD90R1_CCTCTGACAGGAACGT-1,CrVg2wCD90R1
CrVg2wCD90R1_CCTCTGACATAAGACA-1,CrVg2wCD90R1
CrVg2wCD90R1_CCTCTGAGTTGGTGGA-1,CrVg2wCD90R1
CrVg2wCD90R1_CCTCTGATCACCACCT-1,CrVg2wCD90R1
CrVg2wCD90R1_CCTTACGAGACAGACC-1,CrVg2wCD90R1
CrVg2wCD90R1_CCTTACGAGCACACAG-1,CrVg2wCD90R1
CrVg2wCD90R1_CCTTACGAGCCTATGT-1,CrVg2wCD90R1
CrVg2wCD90R1_CCTTACGAGGCTCATT-1,CrVg2wCD90R1
CrVg2wCD90R1_CCTTACGAGTCTCGGC-1,CrVg2wCD90R1
CrVg2wCD90R1_CCTTACGAGTTGCAGG-1,CrVg2wCD90R1
CrVg2wCD90R1_CCTTACGCAAAGGCGT-1,CrVg2wCD90R1
CrVg2wCD90R1_CCTTACGCACCGAAAG-1,CrVg2wCD90R1
CrVg2wCD90R1_CCTTACGCAGCGTAAG-1,CrVg2wCD90R1
CrVg2wCD90R1_CCTTACGCAGTGAGTG-1,CrVg2wCD90R1
CrVg2wCD90R1_CCTTACGGTACCCAAT-1,CrVg2wCD90R1
CrVg2wCD90R1_CCTTACGGTCTGGTCG-1,CrVg2wCD90R1
CrVg2wCD90R1_CCTTACGTCAGCGATT-1,CrVg2wCD90R1
CrVg2wCD90R1_CCTTACGTCGACAGCC-1,CrVg2wCD90R1
CrVg2wCD90R1_CCTTCCCAGAAGGTTT-1,CrVg2wCD90R1
CrVg2wCD90R1_CCTTCCCAGATATACG-1,CrVg2wCD90R1
CrVg2wCD90R1_CCTTCCCAGGCGATAC-1,CrVg2wCD90R1
CrVg2wCD90R1_CCTTCCCAGGTGTTAA-1,CrVg2wCD90R1
CrVg2wCD90R1_CCTTCCCCAAGTTGTC-1,CrVg2wCD90R1
CrVg2wCD90R1_CCTTCCCCACTAAGTC-1,CrVg2wCD90R1
CrVg2wCD90R1_CCTTCCCCAGGGTTAG-1,CrVg2wCD90R1
CrVg2wCD90R1_CCTTCCCGTACTCAAC-1,CrVg2wCD90R1
CrVg2wCD90R1_CCTTCCCGTCACCCAG-1,CrVg2wCD90R1
CrVg2wCD90R1_CCTTCCCGTCCTGCTT-1,CrVg2wCD90R1
CrVg2wCD90R1_CCTTCCCGTCGCATAT-1,CrVg2wCD90R1
CrVg2wCD90R1_CCTTCCCGTCTAGCGC-1,CrVg2wCD90R1
CrVg2wCD90R1_CCTTCCCTCAGCACAT-1,CrVg2wCD90R1
CrVg2wCD90R1_CCTTCCCTCATGTCTT-1,CrVg2wCD90R1
CrVg2wCD90R1_CCTTCGAAGCTTATCG-1,CrVg2wCD90R1
CrVg2wCD90R1_CCTTCGAGTCAGATAA-1,CrVg2wCD90R1
CrVg2wCD90R1_CCTTCGAGTCATTAGC-1,CrVg2wCD90R1
CrVg2wCD90R1_CCTTCGAGTCGGCATC-1,CrVg2wCD90R1
CrVg2wCD90R1_CCTTCGAGTGTGAAAT-1,CrVg2wCD90R1
CrVg2wCD90R1_CCTTCGAGTTTGGCGC-1,CrVg2wCD90R1
CrVg2wCD90R1_CCTTCGATCAGGCCCA-1,CrVg2wCD90R1
CrVg2wCD90R1_CCTTTCTAGACAGAGA-1,CrVg2wCD90R1
CrVg2wCD90R1_CCTTTCTAGACGCTTT-1,CrVg2wCD90R1
CrVg2wCD90R1_CCTTTCTAGCAGGTCA-1,CrVg2wCD90R1
CrVg2wCD90R1_CCTTTCTAGCCGCCTA-1,CrVg2wCD90R1
CrVg2wCD90R1_CCTTTCTAGCTGAAAT-1,CrVg2wCD90R1
CrVg2wCD90R1_CCTTTCTAGGGAACGG-1,CrVg2wCD90R1
CrVg2wCD90R1_CCTTTCTAGGGTGTTG-1,CrVg2wCD90R1
CrVg2wCD90R1_CCTTTCTAGTAATCCC-1,CrVg2wCD90R1
CrVg2wCD90R1_CCTTTCTCACGCTTTC-1,CrVg2wCD90R1
CrVg2wCD90R1_CCTTTCTGTAGAGGAA-1,CrVg2wCD90R1
CrVg2wCD90R1_CCTTTCTGTCACTGGC-1,CrVg2wCD90R1
CrVg2wCD90R1_CCTTTCTTCACTTATC-1,CrVg2wCD90R1
CrVg2wCD90R1_CCTTTCTTCATTGCGA-1,CrVg2wCD90R1
CrVg2wCD90R1_CCTTTCTTCCACGTGG-1,CrVg2wCD90R1
CrVg2wCD90R1_CCTTTCTTCCCATTAT-1,CrVg2wCD90R1
CrVg2wCD90R1_CCTTTCTTCCTCTAGC-1,CrVg2wCD90R1
CrVg2wCD90R1_CGAACATAGACAGGCT-1,CrVg2wCD90R1
CrVg2wCD90R1_CGAACATAGAGTAATC-1,CrVg2wCD90R1
CrVg2wCD90R1_CGAACATAGTTTCCTT-1,CrVg2wCD90R1
CrVg2wCD90R1_CGAACATCACGGATAG-1,CrVg2wCD90R1
CrVg2wCD90R1_CGAACATCACGTCTCT-1,CrVg2wCD90R1
CrVg2wCD90R1_CGAACATCAGCTGTGC-1,CrVg2wCD90R1
CrVg2wCD90R1_CGAACATCATCACGTA-1,CrVg2wCD90R1
CrVg2wCD90R1_CGAACATGTCTTCGTC-1,CrVg2wCD90R1
CrVg2wCD90R1_CGAACATTCAACCAAC-1,CrVg2wCD90R1
CrVg2wCD90R1_CGAACATTCAAGCCTA-1,CrVg2wCD90R1
CrVg2wCD90R1_CGAACATTCAGCCTAA-1,CrVg2wCD90R1
CrVg2wCD90R1_CGAACATTCAGGCAAG-1,CrVg2wCD90R1
CrVg2wCD90R1_CGAATGTAGAATGTGT-1,CrVg2wCD90R1
CrVg2wCD90R1_CGAATGTAGAGGTTGC-1,CrVg2wCD90R1
CrVg2wCD90R1_CGAATGTAGATAGCAT-1,CrVg2wCD90R1
CrVg2wCD90R1_CGAATGTAGATATACG-1,CrVg2wCD90R1
CrVg2wCD90R1_CGAATGTAGTGTCCCG-1,CrVg2wCD90R1
CrVg2wCD90R1_CGAATGTCAAGAGTCG-1,CrVg2wCD90R1
CrVg2wCD90R1_CGAATGTCAAGGGTCA-1,CrVg2wCD90R1
CrVg2wCD90R1_CGAATGTCACGTGAGA-1,CrVg2wCD90R1
CrVg2wCD90R1_CGAATGTCACTTAACG-1,CrVg2wCD90R1
CrVg2wCD90R1_CGAATGTCAGGGTTAG-1,CrVg2wCD90R1
CrVg2wCD90R1_CGAATGTGTAGGCATG-1,CrVg2wCD90R1
CrVg2wCD90R1_CGAATGTGTCGGCACT-1,CrVg2wCD90R1
CrVg2wCD90R1_CGAATGTGTCTGATCA-1,CrVg2wCD90R1
CrVg2wCD90R1_CGAATGTTCAATCACG-1,CrVg2wCD90R1
CrVg2wCD90R1_CGAATGTTCCTATTCA-1,CrVg2wCD90R1
CrVg2wCD90R1_CGAATGTTCTGCAAGT-1,CrVg2wCD90R1
CrVg2wCD90R1_CGAATGTTCTGCCAGG-1,CrVg2wCD90R1
CrVg2wCD90R1_CGACCTTAGAAGAAGC-1,CrVg2wCD90R1
CrVg2wCD90R1_CGACCTTAGACTTGAA-1,CrVg2wCD90R1
CrVg2wCD90R1_CGACCTTAGTACACCT-1,CrVg2wCD90R1
CrVg2wCD90R1_CGACCTTGTAAACCTC-1,CrVg2wCD90R1
CrVg2wCD90R1_CGACCTTGTCTGCAAT-1,CrVg2wCD90R1
CrVg2wCD90R1_CGACCTTTCCCTCTTT-1,CrVg2wCD90R1
CrVg2wCD90R1_CGACCTTTCCTGTAGA-1,CrVg2wCD90R1
CrVg2wCD90R1_CGACCTTTCCTTTCTC-1,CrVg2wCD90R1
CrVg2wCD90R1_CGACCTTTCTGCGGCA-1,CrVg2wCD90R1
CrVg2wCD90R1_CGACTTCAGCTGAAAT-1,CrVg2wCD90R1
CrVg2wCD90R1_CGACTTCAGGCAGTCA-1,CrVg2wCD90R1
CrVg2wCD90R1_CGACTTCAGTCCGTAT-1,CrVg2wCD90R1
CrVg2wCD90R1_CGACTTCCAAGGCTCC-1,CrVg2wCD90R1
CrVg2wCD90R1_CGACTTCCAATGAATG-1,CrVg2wCD90R1
CrVg2wCD90R1_CGACTTCCAGACGTAG-1,CrVg2wCD90R1
CrVg2wCD90R1_CGACTTCCATACTACG-1,CrVg2wCD90R1
CrVg2wCD90R1_CGACTTCCATCCGTGG-1,CrVg2wCD90R1
CrVg2wCD90R1_CGACTTCGTGGCCCTA-1,CrVg2wCD90R1
CrVg2wCD90R1_CGACTTCTCGATGAGG-1,CrVg2wCD90R1
CrVg2wCD90R1_CGACTTCTCTAGCACA-1,CrVg2wCD90R1
CrVg2wCD90R1_CGACTTCTCTATCGCC-1,CrVg2wCD90R1
CrVg2wCD90R1_CGAGAAGAGAGCTATA-1,CrVg2wCD90R1
CrVg2wCD90R1_CGAGAAGCAACTGCGC-1,CrVg2wCD90R1
CrVg2wCD90R1_CGAGAAGCATAAGACA-1,CrVg2wCD90R1
CrVg2wCD90R1_CGAGAAGGTAGCACGA-1,CrVg2wCD90R1
CrVg2wCD90R1_CGAGAAGGTAGGACAC-1,CrVg2wCD90R1
CrVg2wCD90R1_CGAGAAGGTCTCTTTA-1,CrVg2wCD90R1
CrVg2wCD90R1_CGAGAAGTCAACCAAC-1,CrVg2wCD90R1
CrVg2wCD90R1_CGAGAAGTCCTCGCAT-1,CrVg2wCD90R1
CrVg2wCD90R1_CGAGAAGTCGGCGCTA-1,CrVg2wCD90R1
CrVg2wCD90R1_CGAGCACAGAACTCGG-1,CrVg2wCD90R1
CrVg2wCD90R1_CGAGCACAGAGGTAGA-1,CrVg2wCD90R1
CrVg2wCD90R1_CGAGCACAGATGTAAC-1,CrVg2wCD90R1
CrVg2wCD90R1_CGAGCACAGTGTACTC-1,CrVg2wCD90R1
CrVg2wCD90R1_CGAGCACCACACCGAC-1,CrVg2wCD90R1
CrVg2wCD90R1_CGAGCACCATGTTGAC-1,CrVg2wCD90R1
CrVg2wCD90R1_CGAGCACGTGGCCCTA-1,CrVg2wCD90R1
CrVg2wCD90R1_CGAGCACGTTAAGAAC-1,CrVg2wCD90R1
CrVg2wCD90R1_CGAGCCAAGTGGTAAT-1,CrVg2wCD90R1
CrVg2wCD90R1_CGAGCCAAGTTGAGTA-1,CrVg2wCD90R1
CrVg2wCD90R1_CGAGCCACACACCGAC-1,CrVg2wCD90R1
CrVg2wCD90R1_CGAGCCACAGACACTT-1,CrVg2wCD90R1
CrVg2wCD90R1_CGAGCCAGTAATCACC-1,CrVg2wCD90R1
CrVg2wCD90R1_CGAGCCAGTACCGTAT-1,CrVg2wCD90R1
CrVg2wCD90R1_CGAGCCAGTACCGTTA-1,CrVg2wCD90R1
CrVg2wCD90R1_CGAGCCAGTAGGACAC-1,CrVg2wCD90R1
CrVg2wCD90R1_CGAGCCAGTCCGCTGA-1,CrVg2wCD90R1
CrVg2wCD90R1_CGAGCCAGTGGTAACG-1,CrVg2wCD90R1
CrVg2wCD90R1_CGAGCCAGTTAGATGA-1,CrVg2wCD90R1
CrVg2wCD90R1_CGAGCCATCATGTAGC-1,CrVg2wCD90R1
CrVg2wCD90R1_CGAGCCATCCCTCAGT-1,CrVg2wCD90R1
CrVg2wCD90R1_CGAGCCATCGGAGCAA-1,CrVg2wCD90R1
CrVg2wCD90R1_CGATCGGAGACTACAA-1,CrVg2wCD90R1
CrVg2wCD90R1_CGATCGGAGAGCTGCA-1,CrVg2wCD90R1
CrVg2wCD90R1_CGATCGGAGTAGGTGC-1,CrVg2wCD90R1
CrVg2wCD90R1_CGATCGGCAACTGCTA-1,CrVg2wCD90R1
CrVg2wCD90R1_CGATCGGCAAGTTCTG-1,CrVg2wCD90R1
CrVg2wCD90R1_CGATCGGCACTGCCAG-1,CrVg2wCD90R1
CrVg2wCD90R1_CGATCGGGTGTCGCTG-1,CrVg2wCD90R1
CrVg2wCD90R1_CGATCGGTCCGATATG-1,CrVg2wCD90R1
CrVg2wCD90R1_CGATCGGTCCTGCCAT-1,CrVg2wCD90R1
CrVg2wCD90R1_CGATGGCAGACTGGGT-1,CrVg2wCD90R1
CrVg2wCD90R1_CGATGGCAGCTAGTCT-1,CrVg2wCD90R1
CrVg2wCD90R1_CGATGGCAGGCATTGG-1,CrVg2wCD90R1
CrVg2wCD90R1_CGATGGCCAAGCTGGA-1,CrVg2wCD90R1
CrVg2wCD90R1_CGATGGCCATCCGTGG-1,CrVg2wCD90R1
CrVg2wCD90R1_CGATGGCTCTGCGTAA-1,CrVg2wCD90R1
CrVg2wCD90R1_CGATGGCTCTGTCAAG-1,CrVg2wCD90R1
CrVg2wCD90R1_CGATGTAAGCGATTCT-1,CrVg2wCD90R1
CrVg2wCD90R1_CGATGTAAGTCAAGCG-1,CrVg2wCD90R1
CrVg2wCD90R1_CGATGTACACGTGAGA-1,CrVg2wCD90R1
CrVg2wCD90R1_CGATGTAGTGCCTGTG-1,CrVg2wCD90R1
CrVg2wCD90R1_CGATGTAGTGTGCCTG-1,CrVg2wCD90R1
CrVg2wCD90R1_CGATGTAGTTGAGTTC-1,CrVg2wCD90R1
CrVg2wCD90R1_CGATGTATCAAGGTAA-1,CrVg2wCD90R1
CrVg2wCD90R1_CGATGTATCAATCTCT-1,CrVg2wCD90R1
CrVg2wCD90R1_CGATGTATCTGCCAGG-1,CrVg2wCD90R1
CrVg2wCD90R1_CGATGTATCTGCTTGC-1,CrVg2wCD90R1
CrVg2wCD90R1_CGATTGAAGTACACCT-1,CrVg2wCD90R1
CrVg2wCD90R1_CGATTGAAGTCCGGTC-1,CrVg2wCD90R1
CrVg2wCD90R1_CGATTGACAATGGTCT-1,CrVg2wCD90R1
CrVg2wCD90R1_CGATTGACACGGCTAC-1,CrVg2wCD90R1
CrVg2wCD90R1_CGATTGACACGGTAGA-1,CrVg2wCD90R1
CrVg2wCD90R1_CGATTGAGTCCATCCT-1,CrVg2wCD90R1
CrVg2wCD90R1_CGATTGAGTGCACCAC-1,CrVg2wCD90R1
CrVg2wCD90R1_CGATTGAGTTGAACTC-1,CrVg2wCD90R1
CrVg2wCD90R1_CGATTGATCCCTTGTG-1,CrVg2wCD90R1
CrVg2wCD90R1_CGATTGATCCTATGTT-1,CrVg2wCD90R1
CrVg2wCD90R1_CGCCAAGAGAGCAATT-1,CrVg2wCD90R1
CrVg2wCD90R1_CGCCAAGAGCACAGGT-1,CrVg2wCD90R1
CrVg2wCD90R1_CGCCAAGAGCGAGAAA-1,CrVg2wCD90R1
CrVg2wCD90R1_CGCCAAGAGTAATCCC-1,CrVg2wCD90R1
CrVg2wCD90R1_CGCCAAGAGTGGTAGC-1,CrVg2wCD90R1
CrVg2wCD90R1_CGCCAAGAGTTCGATC-1,CrVg2wCD90R1
CrVg2wCD90R1_CGCCAAGCAAGCTGAG-1,CrVg2wCD90R1
CrVg2wCD90R1_CGCCAAGCAAGGTGTG-1,CrVg2wCD90R1
CrVg2wCD90R1_CGCCAAGCACAACGCC-1,CrVg2wCD90R1
CrVg2wCD90R1_CGCCAAGCAGACACTT-1,CrVg2wCD90R1
CrVg2wCD90R1_CGCCAAGCATATACCG-1,CrVg2wCD90R1
CrVg2wCD90R1_CGCCAAGGTCCGAATT-1,CrVg2wCD90R1
CrVg2wCD90R1_CGCCAAGTCATAGCAC-1,CrVg2wCD90R1
CrVg2wCD90R1_CGCCAAGTCCATGAGT-1,CrVg2wCD90R1
CrVg2wCD90R1_CGCCAAGTCTTGTATC-1,CrVg2wCD90R1
CrVg2wCD90R1_CGCGGTAAGAGTACCG-1,CrVg2wCD90R1
CrVg2wCD90R1_CGCGGTAAGCACCGCT-1,CrVg2wCD90R1
CrVg2wCD90R1_CGCGGTAAGCGTGAGT-1,CrVg2wCD90R1
CrVg2wCD90R1_CGCGGTAAGGCCATAG-1,CrVg2wCD90R1
CrVg2wCD90R1_CGCGGTAAGTGGTAGC-1,CrVg2wCD90R1
CrVg2wCD90R1_CGCGGTAAGTTGTAGA-1,CrVg2wCD90R1
CrVg2wCD90R1_CGCGGTACAAACGTGG-1,CrVg2wCD90R1
CrVg2wCD90R1_CGCGGTACATAAAGGT-1,CrVg2wCD90R1
CrVg2wCD90R1_CGCGGTACATCACCCT-1,CrVg2wCD90R1
CrVg2wCD90R1_CGCGGTACATCGGTTA-1,CrVg2wCD90R1
CrVg2wCD90R1_CGCGGTAGTAAACACA-1,CrVg2wCD90R1
CrVg2wCD90R1_CGCGGTAGTACTCGCG-1,CrVg2wCD90R1
CrVg2wCD90R1_CGCGGTAGTGGTACAG-1,CrVg2wCD90R1
CrVg2wCD90R1_CGCGGTATCCAGATCA-1,CrVg2wCD90R1
CrVg2wCD90R1_CGCGTTTAGACGCTTT-1,CrVg2wCD90R1
CrVg2wCD90R1_CGCGTTTAGCCGATTT-1,CrVg2wCD90R1
CrVg2wCD90R1_CGCGTTTCAGCCTTTC-1,CrVg2wCD90R1
CrVg2wCD90R1_CGCGTTTCATTACCTT-1,CrVg2wCD90R1
CrVg2wCD90R1_CGCGTTTGTACACCGC-1,CrVg2wCD90R1
CrVg2wCD90R1_CGCGTTTGTTCCACTC-1,CrVg2wCD90R1
CrVg2wCD90R1_CGCGTTTGTTCTGTTT-1,CrVg2wCD90R1
CrVg2wCD90R1_CGCGTTTTCCGCGCAA-1,CrVg2wCD90R1
CrVg2wCD90R1_CGCGTTTTCGCAAGCC-1,CrVg2wCD90R1
CrVg2wCD90R1_CGCGTTTTCTATGTGG-1,CrVg2wCD90R1
CrVg2wCD90R1_CGCTATCAGCGCTCCA-1,CrVg2wCD90R1
CrVg2wCD90R1_CGCTATCAGTACGACG-1,CrVg2wCD90R1
CrVg2wCD90R1_CGCTATCAGTTACGGG-1,CrVg2wCD90R1
CrVg2wCD90R1_CGCTATCCAGCCAATT-1,CrVg2wCD90R1
CrVg2wCD90R1_CGCTATCGTCTTGTCC-1,CrVg2wCD90R1
CrVg2wCD90R1_CGCTATCTCAACACCA-1,CrVg2wCD90R1
CrVg2wCD90R1_CGCTATCTCACATAGC-1,CrVg2wCD90R1
CrVg2wCD90R1_CGCTATCTCCAGAAGG-1,CrVg2wCD90R1
CrVg2wCD90R1_CGCTGGAAGCCATCGC-1,CrVg2wCD90R1
CrVg2wCD90R1_CGCTGGAAGCTGGAAC-1,CrVg2wCD90R1
CrVg2wCD90R1_CGCTGGAAGGCCCTTG-1,CrVg2wCD90R1
CrVg2wCD90R1_CGCTGGAAGTAGGCCA-1,CrVg2wCD90R1
CrVg2wCD90R1_CGCTGGACACCATGTA-1,CrVg2wCD90R1
CrVg2wCD90R1_CGCTGGACAGAAGCAC-1,CrVg2wCD90R1
CrVg2wCD90R1_CGCTGGACATATGAGA-1,CrVg2wCD90R1
CrVg2wCD90R1_CGCTGGACATATGCTG-1,CrVg2wCD90R1
CrVg2wCD90R1_CGCTGGACATGAAGTA-1,CrVg2wCD90R1
CrVg2wCD90R1_CGCTGGAGTAGGACAC-1,CrVg2wCD90R1
CrVg2wCD90R1_CGCTGGAGTCGGCACT-1,CrVg2wCD90R1
CrVg2wCD90R1_CGCTGGAGTGCACCAC-1,CrVg2wCD90R1
CrVg2wCD90R1_CGCTTCAAGAGCTGGT-1,CrVg2wCD90R1
CrVg2wCD90R1_CGCTTCAAGGTACTCT-1,CrVg2wCD90R1
CrVg2wCD90R1_CGCTTCACATATGAGA-1,CrVg2wCD90R1
CrVg2wCD90R1_CGCTTCAGTAATCGTC-1,CrVg2wCD90R1
CrVg2wCD90R1_CGCTTCATCGCAGGCT-1,CrVg2wCD90R1
CrVg2wCD90R1_CGGACACAGCGTTTAC-1,CrVg2wCD90R1
CrVg2wCD90R1_CGGACACAGCTAAACA-1,CrVg2wCD90R1
CrVg2wCD90R1_CGGACACAGGCCCTCA-1,CrVg2wCD90R1
CrVg2wCD90R1_CGGACACAGGGCTTCC-1,CrVg2wCD90R1
CrVg2wCD90R1_CGGACACAGTGTCCCG-1,CrVg2wCD90R1
CrVg2wCD90R1_CGGACACCACACCGAC-1,CrVg2wCD90R1
CrVg2wCD90R1_CGGACACCACTGCCAG-1,CrVg2wCD90R1
CrVg2wCD90R1_CGGACACCAGGAATCG-1,CrVg2wCD90R1
CrVg2wCD90R1_CGGACACGTCCAGTTA-1,CrVg2wCD90R1
CrVg2wCD90R1_CGGACACTCACGAAGG-1,CrVg2wCD90R1
CrVg2wCD90R1_CGGACACTCATGTGGT-1,CrVg2wCD90R1
CrVg2wCD90R1_CGGACACTCCCGACTT-1,CrVg2wCD90R1
CrVg2wCD90R1_CGGACACTCGTTGCCT-1,CrVg2wCD90R1
CrVg2wCD90R1_CGGACACTCTGTCCGT-1,CrVg2wCD90R1
CrVg2wCD90R1_CGGACGTAGAACAACT-1,CrVg2wCD90R1
CrVg2wCD90R1_CGGACGTAGCACACAG-1,CrVg2wCD90R1
CrVg2wCD90R1_CGGACGTAGCACCGTC-1,CrVg2wCD90R1
CrVg2wCD90R1_CGGACGTAGCGCCTTG-1,CrVg2wCD90R1
CrVg2wCD90R1_CGGACGTAGTATTGGA-1,CrVg2wCD90R1
CrVg2wCD90R1_CGGACGTAGTTGAGTA-1,CrVg2wCD90R1
CrVg2wCD90R1_CGGACGTCAATGGATA-1,CrVg2wCD90R1
CrVg2wCD90R1_CGGACGTCATTTCAGG-1,CrVg2wCD90R1
CrVg2wCD90R1_CGGACGTGTAGAAAGG-1,CrVg2wCD90R1
CrVg2wCD90R1_CGGACGTGTATAATGG-1,CrVg2wCD90R1
CrVg2wCD90R1_CGGACGTTCATTTGGG-1,CrVg2wCD90R1
CrVg2wCD90R1_CGGACGTTCCTTTACA-1,CrVg2wCD90R1
CrVg2wCD90R1_CGGACGTTCCTTTCGG-1,CrVg2wCD90R1
CrVg2wCD90R1_CGGACGTTCGCCGTGA-1,CrVg2wCD90R1
CrVg2wCD90R1_CGGACGTTCGCTTAGA-1,CrVg2wCD90R1
CrVg2wCD90R1_CGGACGTTCTGTCCGT-1,CrVg2wCD90R1
CrVg2wCD90R1_CGGACGTTCTTCGGTC-1,CrVg2wCD90R1
CrVg2wCD90R1_CGGACTGAGAGTGAGA-1,CrVg2wCD90R1
CrVg2wCD90R1_CGGACTGAGTAGCCGA-1,CrVg2wCD90R1
CrVg2wCD90R1_CGGACTGCACAGAGGT-1,CrVg2wCD90R1
CrVg2wCD90R1_CGGACTGCACGTAAGG-1,CrVg2wCD90R1
CrVg2wCD90R1_CGGACTGCAGCCTTTC-1,CrVg2wCD90R1
CrVg2wCD90R1_CGGACTGCATGAACCT-1,CrVg2wCD90R1
CrVg2wCD90R1_CGGACTGCATGGGACA-1,CrVg2wCD90R1
CrVg2wCD90R1_CGGACTGGTCAGTGGA-1,CrVg2wCD90R1
CrVg2wCD90R1_CGGACTGGTCGCTTCT-1,CrVg2wCD90R1
CrVg2wCD90R1_CGGACTGTCAGCAACT-1,CrVg2wCD90R1
CrVg2wCD90R1_CGGACTGTCCAACCAA-1,CrVg2wCD90R1
CrVg2wCD90R1_CGGACTGTCGCGCCAA-1,CrVg2wCD90R1
CrVg2wCD90R1_CGGACTGTCTGGAGCC-1,CrVg2wCD90R1
CrVg2wCD90R1_CGGAGCTAGTATCTCG-1,CrVg2wCD90R1
CrVg2wCD90R1_CGGAGCTAGTGAAGAG-1,CrVg2wCD90R1
CrVg2wCD90R1_CGGAGCTAGTGGACGT-1,CrVg2wCD90R1
CrVg2wCD90R1_CGGAGCTCAAATTGCC-1,CrVg2wCD90R1
CrVg2wCD90R1_CGGAGCTCAGCCAATT-1,CrVg2wCD90R1
CrVg2wCD90R1_CGGAGCTGTAGAGTGC-1,CrVg2wCD90R1
CrVg2wCD90R1_CGGAGCTTCGTCGTTC-1,CrVg2wCD90R1
CrVg2wCD90R1_CGGAGTCAGAGAGCTC-1,CrVg2wCD90R1
CrVg2wCD90R1_CGGAGTCAGCCATCGC-1,CrVg2wCD90R1
CrVg2wCD90R1_CGGAGTCAGGTGCAAC-1,CrVg2wCD90R1
CrVg2wCD90R1_CGGAGTCAGTGTTTGC-1,CrVg2wCD90R1
CrVg2wCD90R1_CGGAGTCCAAGGACAC-1,CrVg2wCD90R1
CrVg2wCD90R1_CGGAGTCCACACAGAG-1,CrVg2wCD90R1
CrVg2wCD90R1_CGGAGTCCAGATGGCA-1,CrVg2wCD90R1
CrVg2wCD90R1_CGGAGTCCATCTCGCT-1,CrVg2wCD90R1
CrVg2wCD90R1_CGGAGTCGTATCTGCA-1,CrVg2wCD90R1
CrVg2wCD90R1_CGGAGTCGTTGAACTC-1,CrVg2wCD90R1
CrVg2wCD90R1_CGGAGTCTCCGTAGTA-1,CrVg2wCD90R1
CrVg2wCD90R1_CGGAGTCTCGCAAGCC-1,CrVg2wCD90R1
CrVg2wCD90R1_CGGAGTCTCGGAAACG-1,CrVg2wCD90R1
CrVg2wCD90R1_CGGAGTCTCTAAGCCA-1,CrVg2wCD90R1
CrVg2wCD90R1_CGGCTAGAGAAGGTTT-1,CrVg2wCD90R1
CrVg2wCD90R1_CGGCTAGAGCTGTTCA-1,CrVg2wCD90R1
CrVg2wCD90R1_CGGCTAGAGGGATGGG-1,CrVg2wCD90R1
CrVg2wCD90R1_CGGCTAGAGTGTACTC-1,CrVg2wCD90R1
CrVg2wCD90R1_CGGCTAGCAAACGCGA-1,CrVg2wCD90R1
CrVg2wCD90R1_CGGCTAGCAGTTCCCT-1,CrVg2wCD90R1
CrVg2wCD90R1_CGGCTAGTCAGTCCCT-1,CrVg2wCD90R1
CrVg2wCD90R1_CGGCTAGTCCTAGAAC-1,CrVg2wCD90R1
CrVg2wCD90R1_CGGCTAGTCGGTGTTA-1,CrVg2wCD90R1
CrVg2wCD90R1_CGGCTAGTCGTACCGG-1,CrVg2wCD90R1
CrVg2wCD90R1_CGGGTCAAGGACAGAA-1,CrVg2wCD90R1
CrVg2wCD90R1_CGGGTCAAGTGCGATG-1,CrVg2wCD90R1
CrVg2wCD90R1_CGGGTCAAGTGTGGCA-1,CrVg2wCD90R1
CrVg2wCD90R1_CGGGTCACAACTTGAC-1,CrVg2wCD90R1
CrVg2wCD90R1_CGGGTCACAATCTGCA-1,CrVg2wCD90R1
CrVg2wCD90R1_CGGGTCACACCACGTG-1,CrVg2wCD90R1
CrVg2wCD90R1_CGGGTCACAGTCAGAG-1,CrVg2wCD90R1
CrVg2wCD90R1_CGGGTCACATGCCACG-1,CrVg2wCD90R1
CrVg2wCD90R1_CGGGTCACATTCTTAC-1,CrVg2wCD90R1
CrVg2wCD90R1_CGGGTCAGTAGCCTAT-1,CrVg2wCD90R1
CrVg2wCD90R1_CGGGTCAGTCGCTTCT-1,CrVg2wCD90R1
CrVg2wCD90R1_CGGGTCAGTGTTGGGA-1,CrVg2wCD90R1
CrVg2wCD90R1_CGGGTCATCAACACTG-1,CrVg2wCD90R1
CrVg2wCD90R1_CGGGTCATCTAACGGT-1,CrVg2wCD90R1
CrVg2wCD90R1_CGGGTCATCTTGCAAG-1,CrVg2wCD90R1
CrVg2wCD90R1_CGGTTAAAGCCACGTC-1,CrVg2wCD90R1
CrVg2wCD90R1_CGGTTAAAGGCCCTCA-1,CrVg2wCD90R1
CrVg2wCD90R1_CGGTTAACAACACGCC-1,CrVg2wCD90R1
CrVg2wCD90R1_CGGTTAACAAGCGAGT-1,CrVg2wCD90R1
CrVg2wCD90R1_CGGTTAACACTTACGA-1,CrVg2wCD90R1
CrVg2wCD90R1_CGGTTAACAGTCCTTC-1,CrVg2wCD90R1
CrVg2wCD90R1_CGGTTAACATGCAATC-1,CrVg2wCD90R1
CrVg2wCD90R1_CGGTTAACATGTCTCC-1,CrVg2wCD90R1
CrVg2wCD90R1_CGGTTAAGTTTGTTGG-1,CrVg2wCD90R1
CrVg2wCD90R1_CGGTTAATCATTATCC-1,CrVg2wCD90R1
CrVg2wCD90R1_CGGTTAATCCGTTGCT-1,CrVg2wCD90R1
CrVg2wCD90R1_CGGTTAATCTATCCTA-1,CrVg2wCD90R1
CrVg2wCD90R1_CGTAGCGAGAACAATC-1,CrVg2wCD90R1
CrVg2wCD90R1_CGTAGCGAGGAGTTTA-1,CrVg2wCD90R1
CrVg2wCD90R1_CGTAGCGCAAGCCGTC-1,CrVg2wCD90R1
CrVg2wCD90R1_CGTAGCGCACCTTGTC-1,CrVg2wCD90R1
CrVg2wCD90R1_CGTAGCGCAGTCTTCC-1,CrVg2wCD90R1
CrVg2wCD90R1_CGTAGCGCAGTTCCCT-1,CrVg2wCD90R1
CrVg2wCD90R1_CGTAGCGCATGACGGA-1,CrVg2wCD90R1
CrVg2wCD90R1_CGTAGCGGTCTAGCCG-1,CrVg2wCD90R1
CrVg2wCD90R1_CGTAGCGTCAGTTCGA-1,CrVg2wCD90R1
CrVg2wCD90R1_CGTAGCGTCCCATTTA-1,CrVg2wCD90R1
CrVg2wCD90R1_CGTAGCGTCCGTAGTA-1,CrVg2wCD90R1
CrVg2wCD90R1_CGTAGCGTCGGAATCT-1,CrVg2wCD90R1
CrVg2wCD90R1_CGTAGCGTCTCATTCA-1,CrVg2wCD90R1
CrVg2wCD90R1_CGTAGGCAGAAACGAG-1,CrVg2wCD90R1
CrVg2wCD90R1_CGTAGGCAGTCTCGGC-1,CrVg2wCD90R1
CrVg2wCD90R1_CGTAGGCCAAACGTGG-1,CrVg2wCD90R1
CrVg2wCD90R1_CGTAGGCCAAAGGAAG-1,CrVg2wCD90R1
CrVg2wCD90R1_CGTAGGCCACCATCCT-1,CrVg2wCD90R1
CrVg2wCD90R1_CGTAGGCCACTGTGTA-1,CrVg2wCD90R1
CrVg2wCD90R1_CGTAGGCCAGCATACT-1,CrVg2wCD90R1
CrVg2wCD90R1_CGTAGGCCAGCCAGAA-1,CrVg2wCD90R1
CrVg2wCD90R1_CGTAGGCCAGCGTTCG-1,CrVg2wCD90R1
CrVg2wCD90R1_CGTAGGCCAGGTGGAT-1,CrVg2wCD90R1
CrVg2wCD90R1_CGTAGGCGTAAGAGGA-1,CrVg2wCD90R1
CrVg2wCD90R1_CGTAGGCTCAAAGACA-1,CrVg2wCD90R1
CrVg2wCD90R1_CGTAGGCTCCTAGTGA-1,CrVg2wCD90R1
CrVg2wCD90R1_CGTAGGCTCTGGGCCA-1,CrVg2wCD90R1
CrVg2wCD90R1_CGTCACTAGAGGGATA-1,CrVg2wCD90R1
CrVg2wCD90R1_CGTCACTCAGCCTATA-1,CrVg2wCD90R1
CrVg2wCD90R1_CGTCACTCATACGCTA-1,CrVg2wCD90R1
CrVg2wCD90R1_CGTCACTCATGCCACG-1,CrVg2wCD90R1
CrVg2wCD90R1_CGTCACTGTACCGTAT-1,CrVg2wCD90R1
CrVg2wCD90R1_CGTCACTGTACTTGAC-1,CrVg2wCD90R1
CrVg2wCD90R1_CGTCACTGTAGTACCT-1,CrVg2wCD90R1
CrVg2wCD90R1_CGTCACTGTCACAAGG-1,CrVg2wCD90R1
CrVg2wCD90R1_CGTCACTGTGAGTATA-1,CrVg2wCD90R1
CrVg2wCD90R1_CGTCACTGTTAAGATG-1,CrVg2wCD90R1
CrVg2wCD90R1_CGTCAGGAGAGGGATA-1,CrVg2wCD90R1
CrVg2wCD90R1_CGTCAGGAGGACTGGT-1,CrVg2wCD90R1
CrVg2wCD90R1_CGTCAGGAGGCTACGA-1,CrVg2wCD90R1
CrVg2wCD90R1_CGTCAGGAGTTCGCAT-1,CrVg2wCD90R1
CrVg2wCD90R1_CGTCAGGCAATAGCAA-1,CrVg2wCD90R1
CrVg2wCD90R1_CGTCAGGCACAGGCCT-1,CrVg2wCD90R1
CrVg2wCD90R1_CGTCAGGCAGCCTTTC-1,CrVg2wCD90R1
CrVg2wCD90R1_CGTCAGGCATGGAATA-1,CrVg2wCD90R1
CrVg2wCD90R1_CGTCAGGGTAAGGGCT-1,CrVg2wCD90R1
CrVg2wCD90R1_CGTCAGGGTAAGTTCC-1,CrVg2wCD90R1
CrVg2wCD90R1_CGTCAGGGTACTTAGC-1,CrVg2wCD90R1
CrVg2wCD90R1_CGTCAGGGTATTCTCT-1,CrVg2wCD90R1
CrVg2wCD90R1_CGTCAGGGTCGAGATG-1,CrVg2wCD90R1
CrVg2wCD90R1_CGTCAGGTCACCTCGT-1,CrVg2wCD90R1
CrVg2wCD90R1_CGTCAGGTCGATAGAA-1,CrVg2wCD90R1
CrVg2wCD90R1_CGTCCATAGATATGGT-1,CrVg2wCD90R1
CrVg2wCD90R1_CGTCCATAGCTAGTTC-1,CrVg2wCD90R1
CrVg2wCD90R1_CGTCCATAGCTCCCAG-1,CrVg2wCD90R1
CrVg2wCD90R1_CGTCCATAGGCTAGGT-1,CrVg2wCD90R1
CrVg2wCD90R1_CGTCCATCAAAGCGGT-1,CrVg2wCD90R1
CrVg2wCD90R1_CGTCCATCAGCTTCGG-1,CrVg2wCD90R1
CrVg2wCD90R1_CGTCCATCAGGCTGAA-1,CrVg2wCD90R1
CrVg2wCD90R1_CGTCCATGTCTTCGTC-1,CrVg2wCD90R1
CrVg2wCD90R1_CGTCCATGTTAAAGTG-1,CrVg2wCD90R1
CrVg2wCD90R1_CGTCTACAGACAGGCT-1,CrVg2wCD90R1
CrVg2wCD90R1_CGTCTACAGACGCACA-1,CrVg2wCD90R1
CrVg2wCD90R1_CGTCTACCAATGCCAT-1,CrVg2wCD90R1
CrVg2wCD90R1_CGTCTACCAATTCCTT-1,CrVg2wCD90R1
CrVg2wCD90R1_CGTCTACCACAGACAG-1,CrVg2wCD90R1
CrVg2wCD90R1_CGTCTACCACAGATTC-1,CrVg2wCD90R1
CrVg2wCD90R1_CGTCTACCATTTCAGG-1,CrVg2wCD90R1
CrVg2wCD90R1_CGTCTACGTGTTTGGT-1,CrVg2wCD90R1
CrVg2wCD90R1_CGTCTACTCAACGCTA-1,CrVg2wCD90R1
CrVg2wCD90R1_CGTCTACTCGCTTAGA-1,CrVg2wCD90R1
CrVg2wCD90R1_CGTCTACTCTCCAGGG-1,CrVg2wCD90R1
CrVg2wCD90R1_CGTCTACTCTCTAAGG-1,CrVg2wCD90R1
CrVg2wCD90R1_CGTCTACTCTGGCGTG-1,CrVg2wCD90R1
CrVg2wCD90R1_CGTGAGCAGAATTCCC-1,CrVg2wCD90R1
CrVg2wCD90R1_CGTGAGCAGCGATAGC-1,CrVg2wCD90R1
CrVg2wCD90R1_CGTGAGCAGCTGTTCA-1,CrVg2wCD90R1
CrVg2wCD90R1_CGTGAGCAGGCTACGA-1,CrVg2wCD90R1
CrVg2wCD90R1_CGTGAGCCAACGATGG-1,CrVg2wCD90R1
CrVg2wCD90R1_CGTGAGCCAAGTTAAG-1,CrVg2wCD90R1
CrVg2wCD90R1_CGTGAGCCAGGTTTCA-1,CrVg2wCD90R1
CrVg2wCD90R1_CGTGAGCGTTACGTCA-1,CrVg2wCD90R1
CrVg2wCD90R1_CGTGAGCTCGTCTGCT-1,CrVg2wCD90R1
CrVg2wCD90R1_CGTGAGCTCTGACCTC-1,CrVg2wCD90R1
CrVg2wCD90R1_CGTGAGCTCTGGAGCC-1,CrVg2wCD90R1
CrVg2wCD90R1_CGTGTAAAGAGTCTGG-1,CrVg2wCD90R1
CrVg2wCD90R1_CGTGTAAAGCGATCCC-1,CrVg2wCD90R1
CrVg2wCD90R1_CGTGTAACACCGGAAA-1,CrVg2wCD90R1
CrVg2wCD90R1_CGTGTAACACGACTCG-1,CrVg2wCD90R1
CrVg2wCD90R1_CGTGTAAGTCCGTGAC-1,CrVg2wCD90R1
CrVg2wCD90R1_CGTGTAAGTGCCTTGG-1,CrVg2wCD90R1
CrVg2wCD90R1_CGTGTAATCGCTTAGA-1,CrVg2wCD90R1
CrVg2wCD90R1_CGTGTCTAGCCACGCT-1,CrVg2wCD90R1
CrVg2wCD90R1_CGTGTCTAGCTGCGAA-1,CrVg2wCD90R1
CrVg2wCD90R1_CGTGTCTCAGGGTACA-1,CrVg2wCD90R1
CrVg2wCD90R1_CGTGTCTGTCGACTGC-1,CrVg2wCD90R1
CrVg2wCD90R1_CGTGTCTGTTAGTGGG-1,CrVg2wCD90R1
CrVg2wCD90R1_CGTGTCTTCATGCTCC-1,CrVg2wCD90R1
CrVg2wCD90R1_CGTGTCTTCATGTAGC-1,CrVg2wCD90R1
CrVg2wCD90R1_CGTGTCTTCGTAGGTT-1,CrVg2wCD90R1
CrVg2wCD90R1_CGTTAGAAGCTGCGAA-1,CrVg2wCD90R1
CrVg2wCD90R1_CGTTAGAAGGACAGAA-1,CrVg2wCD90R1
CrVg2wCD90R1_CGTTAGAAGGCCATAG-1,CrVg2wCD90R1
CrVg2wCD90R1_CGTTAGAAGTACGCGA-1,CrVg2wCD90R1
CrVg2wCD90R1_CGTTAGACAAACCCAT-1,CrVg2wCD90R1
CrVg2wCD90R1_CGTTAGACACGAAATA-1,CrVg2wCD90R1
CrVg2wCD90R1_CGTTAGACAGGGATTG-1,CrVg2wCD90R1
CrVg2wCD90R1_CGTTAGACAGGTGGAT-1,CrVg2wCD90R1
CrVg2wCD90R1_CGTTAGACAGTATCTG-1,CrVg2wCD90R1
CrVg2wCD90R1_CGTTAGACATTCACTT-1,CrVg2wCD90R1
CrVg2wCD90R1_CGTTAGAGTCGAACAG-1,CrVg2wCD90R1
CrVg2wCD90R1_CGTTAGAGTTAAGTAG-1,CrVg2wCD90R1
CrVg2wCD90R1_CGTTCTGAGAATGTGT-1,CrVg2wCD90R1
CrVg2wCD90R1_CGTTCTGAGCTTTGGT-1,CrVg2wCD90R1
CrVg2wCD90R1_CGTTCTGAGGGTTCCC-1,CrVg2wCD90R1
CrVg2wCD90R1_CGTTCTGAGGTAGCTG-1,CrVg2wCD90R1
CrVg2wCD90R1_CGTTCTGCAACGATGG-1,CrVg2wCD90R1
CrVg2wCD90R1_CGTTCTGCAATGACCT-1,CrVg2wCD90R1
CrVg2wCD90R1_CGTTCTGCAATTCCTT-1,CrVg2wCD90R1
CrVg2wCD90R1_CGTTCTGCACCTATCC-1,CrVg2wCD90R1
CrVg2wCD90R1_CGTTCTGCAGACGTAG-1,CrVg2wCD90R1
CrVg2wCD90R1_CGTTCTGCAGCTTCGG-1,CrVg2wCD90R1
CrVg2wCD90R1_CGTTCTGCAGGGTTAG-1,CrVg2wCD90R1
CrVg2wCD90R1_CGTTCTGCAGTCTTCC-1,CrVg2wCD90R1
CrVg2wCD90R1_CGTTCTGCATCGTCGG-1,CrVg2wCD90R1
CrVg2wCD90R1_CGTTCTGCATTACGAC-1,CrVg2wCD90R1
CrVg2wCD90R1_CGTTCTGCATTAGGCT-1,CrVg2wCD90R1
CrVg2wCD90R1_CGTTCTGCATTTGCCC-1,CrVg2wCD90R1
CrVg2wCD90R1_CGTTCTGTCAACACGT-1,CrVg2wCD90R1
CrVg2wCD90R1_CGTTCTGTCAGCTCTC-1,CrVg2wCD90R1
CrVg2wCD90R1_CGTTCTGTCCAGAAGG-1,CrVg2wCD90R1
CrVg2wCD90R1_CGTTCTGTCCATGCTC-1,CrVg2wCD90R1
CrVg2wCD90R1_CGTTCTGTCGGAATCT-1,CrVg2wCD90R1
CrVg2wCD90R1_CGTTGGGCACATTTCT-1,CrVg2wCD90R1
CrVg2wCD90R1_CGTTGGGCAGCCACCA-1,CrVg2wCD90R1
CrVg2wCD90R1_CGTTGGGCAGCTTAAC-1,CrVg2wCD90R1
CrVg2wCD90R1_CGTTGGGCATTGGGCC-1,CrVg2wCD90R1
CrVg2wCD90R1_CGTTGGGGTAGGGTAC-1,CrVg2wCD90R1
CrVg2wCD90R1_CGTTGGGGTAGTGAAT-1,CrVg2wCD90R1
CrVg2wCD90R1_CGTTGGGGTCCCTTGT-1,CrVg2wCD90R1
CrVg2wCD90R1_CGTTGGGGTTCCACGG-1,CrVg2wCD90R1
CrVg2wCD90R1_CGTTGGGGTTGCGTTA-1,CrVg2wCD90R1
CrVg2wCD90R1_CTAACTTAGAGGGCTT-1,CrVg2wCD90R1
CrVg2wCD90R1_CTAACTTAGGCTAGGT-1,CrVg2wCD90R1
CrVg2wCD90R1_CTAACTTCACGAAACG-1,CrVg2wCD90R1
CrVg2wCD90R1_CTAACTTCACGTTGGC-1,CrVg2wCD90R1
CrVg2wCD90R1_CTAACTTCAGATCTGT-1,CrVg2wCD90R1
CrVg2wCD90R1_CTAACTTCATATACGC-1,CrVg2wCD90R1
CrVg2wCD90R1_CTAACTTCATGGTCTA-1,CrVg2wCD90R1
CrVg2wCD90R1_CTAACTTTCAACGGCC-1,CrVg2wCD90R1
CrVg2wCD90R1_CTAACTTTCAGGTAAA-1,CrVg2wCD90R1
CrVg2wCD90R1_CTAACTTTCTCCAGGG-1,CrVg2wCD90R1
CrVg2wCD90R1_CTAAGACAGGGATCTG-1,CrVg2wCD90R1
CrVg2wCD90R1_CTAAGACGTCCGAAGA-1,CrVg2wCD90R1
CrVg2wCD90R1_CTAAGACGTCTTTCAT-1,CrVg2wCD90R1
CrVg2wCD90R1_CTAAGACGTGTTTGTG-1,CrVg2wCD90R1
CrVg2wCD90R1_CTAAGACGTTACGGAG-1,CrVg2wCD90R1
CrVg2wCD90R1_CTAAGACTCAATACCG-1,CrVg2wCD90R1
CrVg2wCD90R1_CTAAGACTCGCCTGAG-1,CrVg2wCD90R1
CrVg2wCD90R1_CTAAGACTCGTGACAT-1,CrVg2wCD90R1
CrVg2wCD90R1_CTAATGGAGAAACCTA-1,CrVg2wCD90R1
CrVg2wCD90R1_CTAATGGAGAATCTCC-1,CrVg2wCD90R1
CrVg2wCD90R1_CTAATGGAGCGTGAGT-1,CrVg2wCD90R1
CrVg2wCD90R1_CTAATGGAGGAACTGC-1,CrVg2wCD90R1
CrVg2wCD90R1_CTAATGGAGTCCGTAT-1,CrVg2wCD90R1
CrVg2wCD90R1_CTAATGGCAAGCCCAC-1,CrVg2wCD90R1
CrVg2wCD90R1_CTAATGGCAGCATACT-1,CrVg2wCD90R1
CrVg2wCD90R1_CTAATGGCATCGACGC-1,CrVg2wCD90R1
CrVg2wCD90R1_CTAATGGGTATGGTTC-1,CrVg2wCD90R1
CrVg2wCD90R1_CTAATGGGTCATATCG-1,CrVg2wCD90R1
CrVg2wCD90R1_CTAATGGGTTCACCTC-1,CrVg2wCD90R1
CrVg2wCD90R1_CTAATGGTCCGTTGCT-1,CrVg2wCD90R1
CrVg2wCD90R1_CTAATGGTCCTTTCGG-1,CrVg2wCD90R1
CrVg2wCD90R1_CTAATGGTCTATCCCG-1,CrVg2wCD90R1
CrVg2wCD90R1_CTACACCAGAGCTTCT-1,CrVg2wCD90R1
CrVg2wCD90R1_CTACACCAGAGTGAGA-1,CrVg2wCD90R1
CrVg2wCD90R1_CTACACCAGTTAAGTG-1,CrVg2wCD90R1
CrVg2wCD90R1_CTACACCCACTGCCAG-1,CrVg2wCD90R1
CrVg2wCD90R1_CTACACCCATATACGC-1,CrVg2wCD90R1
CrVg2wCD90R1_CTACACCGTCAGAAGC-1,CrVg2wCD90R1
CrVg2wCD90R1_CTACACCGTCCTGCTT-1,CrVg2wCD90R1
CrVg2wCD90R1_CTACACCGTCTCAACA-1,CrVg2wCD90R1
CrVg2wCD90R1_CTACACCTCAACGGGA-1,CrVg2wCD90R1
CrVg2wCD90R1_CTACATTAGACTGTAA-1,CrVg2wCD90R1
CrVg2wCD90R1_CTACATTAGATAGTCA-1,CrVg2wCD90R1
CrVg2wCD90R1_CTACATTAGCTACCGC-1,CrVg2wCD90R1
CrVg2wCD90R1_CTACATTAGGCGCTCT-1,CrVg2wCD90R1
CrVg2wCD90R1_CTACATTCAGGGCATA-1,CrVg2wCD90R1
CrVg2wCD90R1_CTACATTCATGCCCGA-1,CrVg2wCD90R1
CrVg2wCD90R1_CTACATTCATTAGCCA-1,CrVg2wCD90R1
CrVg2wCD90R1_CTACATTGTGCACCAC-1,CrVg2wCD90R1
CrVg2wCD90R1_CTACATTGTTTGACAC-1,CrVg2wCD90R1
CrVg2wCD90R1_CTACATTTCAGGTAAA-1,CrVg2wCD90R1
CrVg2wCD90R1_CTACATTTCCCAAGTA-1,CrVg2wCD90R1
CrVg2wCD90R1_CTACATTTCCGCATAA-1,CrVg2wCD90R1
CrVg2wCD90R1_CTACATTTCTCGGACG-1,CrVg2wCD90R1
CrVg2wCD90R1_CTACCCAAGATGCCTT-1,CrVg2wCD90R1
CrVg2wCD90R1_CTACCCAAGCTCAACT-1,CrVg2wCD90R1
CrVg2wCD90R1_CTACCCAAGGATTCGG-1,CrVg2wCD90R1
CrVg2wCD90R1_CTACCCACAGCATGAG-1,CrVg2wCD90R1
CrVg2wCD90R1_CTACCCACAGTACACT-1,CrVg2wCD90R1
CrVg2wCD90R1_CTACCCAGTCGAGATG-1,CrVg2wCD90R1
CrVg2wCD90R1_CTACCCAGTTACGGAG-1,CrVg2wCD90R1
CrVg2wCD90R1_CTACCCATCAACACTG-1,CrVg2wCD90R1
CrVg2wCD90R1_CTACCCATCACGATGT-1,CrVg2wCD90R1
CrVg2wCD90R1_CTACCCATCAGGCCCA-1,CrVg2wCD90R1
CrVg2wCD90R1_CTACCCATCAGGTTCA-1,CrVg2wCD90R1
CrVg2wCD90R1_CTACCCATCCCGGATG-1,CrVg2wCD90R1
CrVg2wCD90R1_CTACGTCAGGACATTA-1,CrVg2wCD90R1
CrVg2wCD90R1_CTACGTCAGTCCATAC-1,CrVg2wCD90R1
CrVg2wCD90R1_CTACGTCAGTCCTCCT-1,CrVg2wCD90R1
CrVg2wCD90R1_CTACGTCCACCAGGTC-1,CrVg2wCD90R1
CrVg2wCD90R1_CTACGTCCACGCCAGT-1,CrVg2wCD90R1
CrVg2wCD90R1_CTACGTCCATCCAACA-1,CrVg2wCD90R1
CrVg2wCD90R1_CTACGTCGTTATCGGT-1,CrVg2wCD90R1
CrVg2wCD90R1_CTACGTCTCCGGCACA-1,CrVg2wCD90R1
CrVg2wCD90R1_CTACGTCTCCTCATTA-1,CrVg2wCD90R1
CrVg2wCD90R1_CTACGTCTCGAGAGCA-1,CrVg2wCD90R1
CrVg2wCD90R1_CTACGTCTCGGCGGTT-1,CrVg2wCD90R1
CrVg2wCD90R1_CTACGTCTCTCTAGGA-1,CrVg2wCD90R1
CrVg2wCD90R1_CTAGAGTCAAGGTTCT-1,CrVg2wCD90R1
CrVg2wCD90R1_CTAGAGTCACAGACTT-1,CrVg2wCD90R1
CrVg2wCD90R1_CTAGAGTCAGCTATTG-1,CrVg2wCD90R1
CrVg2wCD90R1_CTAGAGTCATCCGTGG-1,CrVg2wCD90R1
CrVg2wCD90R1_CTAGAGTGTAGAAGGA-1,CrVg2wCD90R1
CrVg2wCD90R1_CTAGAGTGTCGCATCG-1,CrVg2wCD90R1
CrVg2wCD90R1_CTAGAGTGTCTCGTTC-1,CrVg2wCD90R1
CrVg2wCD90R1_CTAGCCTCACGGTTTA-1,CrVg2wCD90R1
CrVg2wCD90R1_CTAGCCTCATAGGATA-1,CrVg2wCD90R1
CrVg2wCD90R1_CTAGCCTCATGCTGGC-1,CrVg2wCD90R1
CrVg2wCD90R1_CTAGCCTGTAAATACG-1,CrVg2wCD90R1
CrVg2wCD90R1_CTAGCCTGTCACACGC-1,CrVg2wCD90R1
CrVg2wCD90R1_CTAGCCTGTCGCATAT-1,CrVg2wCD90R1
CrVg2wCD90R1_CTAGCCTTCACATGCA-1,CrVg2wCD90R1
CrVg2wCD90R1_CTAGCCTTCCACGCAG-1,CrVg2wCD90R1
CrVg2wCD90R1_CTAGCCTTCCCATTAT-1,CrVg2wCD90R1
CrVg2wCD90R1_CTAGCCTTCTGTGCAA-1,CrVg2wCD90R1
CrVg2wCD90R1_CTAGTGAAGCGAAGGG-1,CrVg2wCD90R1
CrVg2wCD90R1_CTAGTGAAGGACAGCT-1,CrVg2wCD90R1
CrVg2wCD90R1_CTAGTGAAGGACCACA-1,CrVg2wCD90R1
CrVg2wCD90R1_CTAGTGAAGGAGTCTG-1,CrVg2wCD90R1
CrVg2wCD90R1_CTAGTGACAAATTGCC-1,CrVg2wCD90R1
CrVg2wCD90R1_CTAGTGACAATGGAGC-1,CrVg2wCD90R1
CrVg2wCD90R1_CTAGTGACACCATCCT-1,CrVg2wCD90R1
CrVg2wCD90R1_CTAGTGAGTACCAGTT-1,CrVg2wCD90R1
CrVg2wCD90R1_CTAGTGAGTAGGCATG-1,CrVg2wCD90R1
CrVg2wCD90R1_CTAGTGAGTATTCTCT-1,CrVg2wCD90R1
CrVg2wCD90R1_CTAGTGAGTGCTTCTC-1,CrVg2wCD90R1
CrVg2wCD90R1_CTAGTGAGTTTCGCTC-1,CrVg2wCD90R1
CrVg2wCD90R1_CTAGTGATCACAAACC-1,CrVg2wCD90R1
CrVg2wCD90R1_CTCACACAGCAGGCTA-1,CrVg2wCD90R1
CrVg2wCD90R1_CTCACACAGGCATGTG-1,CrVg2wCD90R1
CrVg2wCD90R1_CTCACACAGGTTCCTA-1,CrVg2wCD90R1
CrVg2wCD90R1_CTCACACAGTTTGCGT-1,CrVg2wCD90R1
CrVg2wCD90R1_CTCACACCAAATACAG-1,CrVg2wCD90R1
CrVg2wCD90R1_CTCACACCAATGAATG-1,CrVg2wCD90R1
CrVg2wCD90R1_CTCACACCACAAGTAA-1,CrVg2wCD90R1
CrVg2wCD90R1_CTCACACCACAGAGGT-1,CrVg2wCD90R1
CrVg2wCD90R1_CTCACACCACTGCCAG-1,CrVg2wCD90R1
CrVg2wCD90R1_CTCACACCAGGACCCT-1,CrVg2wCD90R1
CrVg2wCD90R1_CTCACACCAGGCAGTA-1,CrVg2wCD90R1
CrVg2wCD90R1_CTCACACCATTCCTCG-1,CrVg2wCD90R1
CrVg2wCD90R1_CTCACACGTAAGTGTA-1,CrVg2wCD90R1
CrVg2wCD90R1_CTCACACGTAGCGATG-1,CrVg2wCD90R1
CrVg2wCD90R1_CTCACACGTCGACTAT-1,CrVg2wCD90R1
CrVg2wCD90R1_CTCACACGTCTCAACA-1,CrVg2wCD90R1
CrVg2wCD90R1_CTCACACTCACAGTAC-1,CrVg2wCD90R1
CrVg2wCD90R1_CTCACACTCACCAGGC-1,CrVg2wCD90R1
CrVg2wCD90R1_CTCACACTCAGTTTGG-1,CrVg2wCD90R1
CrVg2wCD90R1_CTCACACTCGATAGAA-1,CrVg2wCD90R1
CrVg2wCD90R1_CTCACACTCGTTGCCT-1,CrVg2wCD90R1
CrVg2wCD90R1_CTCAGAAAGACTACAA-1,CrVg2wCD90R1
CrVg2wCD90R1_CTCAGAAGTCAATACC-1,CrVg2wCD90R1
CrVg2wCD90R1_CTCAGAAGTGATGTGG-1,CrVg2wCD90R1
CrVg2wCD90R1_CTCAGAAGTTAAGTAG-1,CrVg2wCD90R1
CrVg2wCD90R1_CTCAGAAGTTTAGCTG-1,CrVg2wCD90R1
CrVg2wCD90R1_CTCAGAATCAGCATGT-1,CrVg2wCD90R1
CrVg2wCD90R1_CTCAGAATCCTCGCAT-1,CrVg2wCD90R1
CrVg2wCD90R1_CTCAGAATCGAGCCCA-1,CrVg2wCD90R1
CrVg2wCD90R1_CTCAGAATCGTACGGC-1,CrVg2wCD90R1
CrVg2wCD90R1_CTCAGAATCTACTCAT-1,CrVg2wCD90R1
CrVg2wCD90R1_CTCATTAAGCAATCTC-1,CrVg2wCD90R1
CrVg2wCD90R1_CTCATTAAGTGCGTGA-1,CrVg2wCD90R1
CrVg2wCD90R1_CTCATTACAACACCTA-1,CrVg2wCD90R1
CrVg2wCD90R1_CTCATTACAACACGCC-1,CrVg2wCD90R1
CrVg2wCD90R1_CTCATTACAATGGATA-1,CrVg2wCD90R1
CrVg2wCD90R1_CTCATTACACCGAATT-1,CrVg2wCD90R1
CrVg2wCD90R1_CTCATTACAGACAGGT-1,CrVg2wCD90R1
CrVg2wCD90R1_CTCATTACATGGTCAT-1,CrVg2wCD90R1
CrVg2wCD90R1_CTCATTAGTACTTAGC-1,CrVg2wCD90R1
CrVg2wCD90R1_CTCATTAGTTACGGAG-1,CrVg2wCD90R1
CrVg2wCD90R1_CTCATTATCTGGTTCC-1,CrVg2wCD90R1
CrVg2wCD90R1_CTCCTAGAGAAGGTTT-1,CrVg2wCD90R1
CrVg2wCD90R1_CTCCTAGAGTCAAGGC-1,CrVg2wCD90R1
CrVg2wCD90R1_CTCCTAGAGTGGTAGC-1,CrVg2wCD90R1
CrVg2wCD90R1_CTCCTAGCACAGCCCA-1,CrVg2wCD90R1
CrVg2wCD90R1_CTCCTAGCACCATCCT-1,CrVg2wCD90R1
CrVg2wCD90R1_CTCCTAGCAGTCGATT-1,CrVg2wCD90R1
CrVg2wCD90R1_CTCCTAGGTTCATGGT-1,CrVg2wCD90R1
CrVg2wCD90R1_CTCCTAGTCACATAGC-1,CrVg2wCD90R1
CrVg2wCD90R1_CTCCTAGTCAGGCCCA-1,CrVg2wCD90R1
CrVg2wCD90R1_CTCCTAGTCGAATGGG-1,CrVg2wCD90R1
CrVg2wCD90R1_CTCCTAGTCTTGCCGT-1,CrVg2wCD90R1
CrVg2wCD90R1_CTCGAAAAGGCTCATT-1,CrVg2wCD90R1
CrVg2wCD90R1_CTCGAAAGTACTTCTT-1,CrVg2wCD90R1
CrVg2wCD90R1_CTCGAAAGTATAATGG-1,CrVg2wCD90R1
CrVg2wCD90R1_CTCGAAAGTATCTGCA-1,CrVg2wCD90R1
CrVg2wCD90R1_CTCGAAAGTCAAACTC-1,CrVg2wCD90R1
CrVg2wCD90R1_CTCGAAAGTGATGTCT-1,CrVg2wCD90R1
CrVg2wCD90R1_CTCGAAAGTTGAGTTC-1,CrVg2wCD90R1
CrVg2wCD90R1_CTCGAAAGTTGTACAC-1,CrVg2wCD90R1
CrVg2wCD90R1_CTCGAAATCAGGCAAG-1,CrVg2wCD90R1
CrVg2wCD90R1_CTCGAAATCGCAAGCC-1,CrVg2wCD90R1
CrVg2wCD90R1_CTCGAAATCGGATGGA-1,CrVg2wCD90R1
CrVg2wCD90R1_CTCGAAATCGGATGTT-1,CrVg2wCD90R1
CrVg2wCD90R1_CTCGAGGAGAAACCGC-1,CrVg2wCD90R1
CrVg2wCD90R1_CTCGAGGAGTGCTGCC-1,CrVg2wCD90R1
CrVg2wCD90R1_CTCGAGGAGTGGCACA-1,CrVg2wCD90R1
CrVg2wCD90R1_CTCGAGGCAGGCTCAC-1,CrVg2wCD90R1
CrVg2wCD90R1_CTCGAGGCAGGGTATG-1,CrVg2wCD90R1
CrVg2wCD90R1_CTCGAGGCAGGTCGTC-1,CrVg2wCD90R1
CrVg2wCD90R1_CTCGAGGCATGCTAGT-1,CrVg2wCD90R1
CrVg2wCD90R1_CTCGAGGCATGCTGGC-1,CrVg2wCD90R1
CrVg2wCD90R1_CTCGAGGGTACGACCC-1,CrVg2wCD90R1
CrVg2wCD90R1_CTCGAGGGTTCCACTC-1,CrVg2wCD90R1
CrVg2wCD90R1_CTCGAGGTCCAAATGC-1,CrVg2wCD90R1
CrVg2wCD90R1_CTCGAGGTCGGGAGTA-1,CrVg2wCD90R1
CrVg2wCD90R1_CTCGAGGTCTTCTGGC-1,CrVg2wCD90R1
CrVg2wCD90R1_CTCGAGGTCTTGTACT-1,CrVg2wCD90R1
CrVg2wCD90R1_CTCGAGGTCTTTAGTC-1,CrVg2wCD90R1
CrVg2wCD90R1_CTCGGAGAGAAGCCCA-1,CrVg2wCD90R1
CrVg2wCD90R1_CTCGGAGAGCCCTAAT-1,CrVg2wCD90R1
CrVg2wCD90R1_CTCGGAGCAGACAAAT-1,CrVg2wCD90R1
CrVg2wCD90R1_CTCGGAGCAGCTGGCT-1,CrVg2wCD90R1
CrVg2wCD90R1_CTCGGAGCAGGGATTG-1,CrVg2wCD90R1
CrVg2wCD90R1_CTCGGAGCAGGGCATA-1,CrVg2wCD90R1
CrVg2wCD90R1_CTCGGAGCATGATCCA-1,CrVg2wCD90R1
CrVg2wCD90R1_CTCGGAGGTCAACTGT-1,CrVg2wCD90R1
CrVg2wCD90R1_CTCGGAGGTCAGATAA-1,CrVg2wCD90R1
CrVg2wCD90R1_CTCGGAGGTTCTGAAC-1,CrVg2wCD90R1
CrVg2wCD90R1_CTCGGAGTCATCTGTT-1,CrVg2wCD90R1
CrVg2wCD90R1_CTCGGAGTCCACGAAT-1,CrVg2wCD90R1
CrVg2wCD90R1_CTCGGAGTCGAGAACG-1,CrVg2wCD90R1
CrVg2wCD90R1_CTCGGAGTCTCTTATG-1,CrVg2wCD90R1
CrVg2wCD90R1_CTCGGAGTCTGTTGAG-1,CrVg2wCD90R1
CrVg2wCD90R1_CTCGGAGTCTTCAACT-1,CrVg2wCD90R1
CrVg2wCD90R1_CTCGGGAAGCAAATCA-1,CrVg2wCD90R1
CrVg2wCD90R1_CTCGGGAAGCCAGTTT-1,CrVg2wCD90R1
CrVg2wCD90R1_CTCGGGAAGTACGCCC-1,CrVg2wCD90R1
CrVg2wCD90R1_CTCGGGAAGTCATGCT-1,CrVg2wCD90R1
CrVg2wCD90R1_CTCGGGACAGATGGGT-1,CrVg2wCD90R1
CrVg2wCD90R1_CTCGGGACATTAGGCT-1,CrVg2wCD90R1
CrVg2wCD90R1_CTCGGGAGTCGAATCT-1,CrVg2wCD90R1
CrVg2wCD90R1_CTCGGGATCTCTTGAT-1,CrVg2wCD90R1
CrVg2wCD90R1_CTCGTACAGGATGCGT-1,CrVg2wCD90R1
CrVg2wCD90R1_CTCGTACAGTGTACGG-1,CrVg2wCD90R1
CrVg2wCD90R1_CTCGTACCAACTGCTA-1,CrVg2wCD90R1
CrVg2wCD90R1_CTCGTACCACAGATTC-1,CrVg2wCD90R1
CrVg2wCD90R1_CTCGTACCACCGCTAG-1,CrVg2wCD90R1
CrVg2wCD90R1_CTCGTACCACTTAAGC-1,CrVg2wCD90R1
CrVg2wCD90R1_CTCGTACCAGTGAGTG-1,CrVg2wCD90R1
CrVg2wCD90R1_CTCGTACCAGTTAACC-1,CrVg2wCD90R1
CrVg2wCD90R1_CTCGTACCATGCGCAC-1,CrVg2wCD90R1
CrVg2wCD90R1_CTCGTACGTCAAACTC-1,CrVg2wCD90R1
CrVg2wCD90R1_CTCGTACGTCACTTCC-1,CrVg2wCD90R1
CrVg2wCD90R1_CTCGTACGTCTCACCT-1,CrVg2wCD90R1
CrVg2wCD90R1_CTCGTACGTCTCTTAT-1,CrVg2wCD90R1
CrVg2wCD90R1_CTCGTACGTGATAAGT-1,CrVg2wCD90R1
CrVg2wCD90R1_CTCGTACGTTATGCGT-1,CrVg2wCD90R1
CrVg2wCD90R1_CTCGTACTCGGTCCGA-1,CrVg2wCD90R1
CrVg2wCD90R1_CTCGTACTCTTCGGTC-1,CrVg2wCD90R1
CrVg2wCD90R1_CTCGTCAAGCACCGCT-1,CrVg2wCD90R1
CrVg2wCD90R1_CTCGTCAAGCAGGCTA-1,CrVg2wCD90R1
CrVg2wCD90R1_CTCGTCAAGCTAGTTC-1,CrVg2wCD90R1
CrVg2wCD90R1_CTCGTCAAGGGTATCG-1,CrVg2wCD90R1
CrVg2wCD90R1_CTCGTCACAACTGCGC-1,CrVg2wCD90R1
CrVg2wCD90R1_CTCGTCACAAGGCTCC-1,CrVg2wCD90R1
CrVg2wCD90R1_CTCGTCACACACGCTG-1,CrVg2wCD90R1
CrVg2wCD90R1_CTCGTCACATTGAGCT-1,CrVg2wCD90R1
CrVg2wCD90R1_CTCGTCAGTAAGTTCC-1,CrVg2wCD90R1
CrVg2wCD90R1_CTCGTCATCCCTTGTG-1,CrVg2wCD90R1
CrVg2wCD90R1_CTCGTCATCGGGAGTA-1,CrVg2wCD90R1
CrVg2wCD90R1_CTCTAATAGACTAGAT-1,CrVg2wCD90R1
CrVg2wCD90R1_CTCTAATAGGCAGGTT-1,CrVg2wCD90R1
CrVg2wCD90R1_CTCTAATGTCCGAATT-1,CrVg2wCD90R1
CrVg2wCD90R1_CTCTAATGTGACTCAT-1,CrVg2wCD90R1
CrVg2wCD90R1_CTCTAATGTTGAGGTG-1,CrVg2wCD90R1
CrVg2wCD90R1_CTCTAATGTTTGGGCC-1,CrVg2wCD90R1
CrVg2wCD90R1_CTCTAATTCATTCACT-1,CrVg2wCD90R1
CrVg2wCD90R1_CTCTAATTCCACGAAT-1,CrVg2wCD90R1
CrVg2wCD90R1_CTCTAATTCCTTGACC-1,CrVg2wCD90R1
CrVg2wCD90R1_CTCTAATTCCTTTCTC-1,CrVg2wCD90R1
CrVg2wCD90R1_CTCTAATTCTGTGCAA-1,CrVg2wCD90R1
CrVg2wCD90R1_CTCTACGGTATAAACG-1,CrVg2wCD90R1
CrVg2wCD90R1_CTCTACGTCAGAGGTG-1,CrVg2wCD90R1
CrVg2wCD90R1_CTCTACGTCGGCATCG-1,CrVg2wCD90R1
CrVg2wCD90R1_CTCTACGTCTAGAGTC-1,CrVg2wCD90R1
CrVg2wCD90R1_CTCTACGTCTCCCTGA-1,CrVg2wCD90R1
CrVg2wCD90R1_CTCTGGTAGATCCCGC-1,CrVg2wCD90R1
CrVg2wCD90R1_CTCTGGTAGCCAGTAG-1,CrVg2wCD90R1
CrVg2wCD90R1_CTCTGGTAGCTGCCCA-1,CrVg2wCD90R1
CrVg2wCD90R1_CTCTGGTAGCTTTGGT-1,CrVg2wCD90R1
CrVg2wCD90R1_CTCTGGTAGTTAACGA-1,CrVg2wCD90R1
CrVg2wCD90R1_CTCTGGTCAAGGCTCC-1,CrVg2wCD90R1
CrVg2wCD90R1_CTCTGGTCATGACATC-1,CrVg2wCD90R1
CrVg2wCD90R1_CTCTGGTGTACCGTAT-1,CrVg2wCD90R1
CrVg2wCD90R1_CTCTGGTGTGCCTTGG-1,CrVg2wCD90R1
CrVg2wCD90R1_CTCTGGTGTTCCACTC-1,CrVg2wCD90R1
CrVg2wCD90R1_CTCTGGTTCCTATGTT-1,CrVg2wCD90R1
CrVg2wCD90R1_CTGAAACAGATTACCC-1,CrVg2wCD90R1
CrVg2wCD90R1_CTGAAACAGTAACCCT-1,CrVg2wCD90R1
CrVg2wCD90R1_CTGAAACCAGTCACTA-1,CrVg2wCD90R1
CrVg2wCD90R1_CTGAAACCATGCCCGA-1,CrVg2wCD90R1
CrVg2wCD90R1_CTGAAACCATGGTCTA-1,CrVg2wCD90R1
CrVg2wCD90R1_CTGAAACGTCGTCTTC-1,CrVg2wCD90R1
CrVg2wCD90R1_CTGAAACGTTACGACT-1,CrVg2wCD90R1
CrVg2wCD90R1_CTGAAACGTTCCAACA-1,CrVg2wCD90R1
CrVg2wCD90R1_CTGAAACTCTCTAGGA-1,CrVg2wCD90R1
CrVg2wCD90R1_CTGAAGTAGATAGCAT-1,CrVg2wCD90R1
CrVg2wCD90R1_CTGAAGTAGCATGGCA-1,CrVg2wCD90R1
CrVg2wCD90R1_CTGAAGTAGGAGCGTT-1,CrVg2wCD90R1
CrVg2wCD90R1_CTGAAGTCAACGCACC-1,CrVg2wCD90R1
CrVg2wCD90R1_CTGAAGTCAGACACTT-1,CrVg2wCD90R1
CrVg2wCD90R1_CTGAAGTCAGTTAACC-1,CrVg2wCD90R1
CrVg2wCD90R1_CTGAAGTCATGCCTAA-1,CrVg2wCD90R1
CrVg2wCD90R1_CTGAAGTGTACTTGAC-1,CrVg2wCD90R1
CrVg2wCD90R1_CTGAAGTGTAGCACGA-1,CrVg2wCD90R1
CrVg2wCD90R1_CTGAAGTGTCTAAACC-1,CrVg2wCD90R1
CrVg2wCD90R1_CTGAAGTGTTCCAACA-1,CrVg2wCD90R1
CrVg2wCD90R1_CTGAAGTTCACAATGC-1,CrVg2wCD90R1
CrVg2wCD90R1_CTGAAGTTCGTCTGCT-1,CrVg2wCD90R1
CrVg2wCD90R1_CTGAAGTTCTCGCTTG-1,CrVg2wCD90R1
CrVg2wCD90R1_CTGATAGAGCTAACAA-1,CrVg2wCD90R1
CrVg2wCD90R1_CTGATAGAGGCAGTCA-1,CrVg2wCD90R1
CrVg2wCD90R1_CTGATAGAGTACGATA-1,CrVg2wCD90R1
CrVg2wCD90R1_CTGATAGAGTCTCAAC-1,CrVg2wCD90R1
CrVg2wCD90R1_CTGATAGCACACTGCG-1,CrVg2wCD90R1
CrVg2wCD90R1_CTGATAGCAGACGTAG-1,CrVg2wCD90R1
CrVg2wCD90R1_CTGATAGCAGCGTCCA-1,CrVg2wCD90R1
CrVg2wCD90R1_CTGATAGCAGGCGATA-1,CrVg2wCD90R1
CrVg2wCD90R1_CTGATAGCAGTGACAG-1,CrVg2wCD90R1
CrVg2wCD90R1_CTGATAGCATCATCCC-1,CrVg2wCD90R1
CrVg2wCD90R1_CTGATAGGTAGCGCAA-1,CrVg2wCD90R1
CrVg2wCD90R1_CTGATAGGTCCGTTAA-1,CrVg2wCD90R1
CrVg2wCD90R1_CTGATAGGTCTGCAAT-1,CrVg2wCD90R1
CrVg2wCD90R1_CTGATAGGTGCGAAAC-1,CrVg2wCD90R1
CrVg2wCD90R1_CTGATAGTCAGGTAAA-1,CrVg2wCD90R1
CrVg2wCD90R1_CTGATAGTCCGCGCAA-1,CrVg2wCD90R1
CrVg2wCD90R1_CTGATAGTCGGACAAG-1,CrVg2wCD90R1
CrVg2wCD90R1_CTGATCCAGAAACCAT-1,CrVg2wCD90R1
CrVg2wCD90R1_CTGATCCAGCCTCGTG-1,CrVg2wCD90R1
CrVg2wCD90R1_CTGATCCCACGCTTTC-1,CrVg2wCD90R1
CrVg2wCD90R1_CTGATCCGTCTTTCAT-1,CrVg2wCD90R1
CrVg2wCD90R1_CTGATCCGTTAAGACA-1,CrVg2wCD90R1
CrVg2wCD90R1_CTGATCCTCGACGGAA-1,CrVg2wCD90R1
CrVg2wCD90R1_CTGATCCTCTCATTCA-1,CrVg2wCD90R1
CrVg2wCD90R1_CTGATCCTCTGGTTCC-1,CrVg2wCD90R1
CrVg2wCD90R1_CTGCCTAAGAGGTTAT-1,CrVg2wCD90R1
CrVg2wCD90R1_CTGCCTACAAACCCAT-1,CrVg2wCD90R1
CrVg2wCD90R1_CTGCCTACATGGAATA-1,CrVg2wCD90R1
CrVg2wCD90R1_CTGCCTAGTAAATACG-1,CrVg2wCD90R1
CrVg2wCD90R1_CTGCCTATCAAGGTAA-1,CrVg2wCD90R1
CrVg2wCD90R1_CTGCGGAAGCGTCTAT-1,CrVg2wCD90R1
CrVg2wCD90R1_CTGCGGAAGGGCTTCC-1,CrVg2wCD90R1
CrVg2wCD90R1_CTGCGGACAACACCCG-1,CrVg2wCD90R1
CrVg2wCD90R1_CTGCGGAGTCCGCTGA-1,CrVg2wCD90R1
CrVg2wCD90R1_CTGCGGAGTCTCTTTA-1,CrVg2wCD90R1
CrVg2wCD90R1_CTGCGGAGTTGCCTCT-1,CrVg2wCD90R1
CrVg2wCD90R1_CTGCGGATCGCGCCAA-1,CrVg2wCD90R1
CrVg2wCD90R1_CTGCGGATCTGGTATG-1,CrVg2wCD90R1
CrVg2wCD90R1_CTGCTGTAGTGTTTGC-1,CrVg2wCD90R1
CrVg2wCD90R1_CTGCTGTCACACATGT-1,CrVg2wCD90R1
CrVg2wCD90R1_CTGCTGTCAGACAGGT-1,CrVg2wCD90R1
CrVg2wCD90R1_CTGCTGTCATGACGGA-1,CrVg2wCD90R1
CrVg2wCD90R1_CTGCTGTGTGGTACAG-1,CrVg2wCD90R1
CrVg2wCD90R1_CTGCTGTTCACGCGGT-1,CrVg2wCD90R1
CrVg2wCD90R1_CTGCTGTTCAGCACAT-1,CrVg2wCD90R1
CrVg2wCD90R1_CTGCTGTTCCTGCTTG-1,CrVg2wCD90R1
CrVg2wCD90R1_CTGCTGTTCGCATGGC-1,CrVg2wCD90R1
CrVg2wCD90R1_CTGCTGTTCGGCTACG-1,CrVg2wCD90R1
CrVg2wCD90R1_CTGGTCTAGAGTGAGA-1,CrVg2wCD90R1
CrVg2wCD90R1_CTGGTCTAGGATGCGT-1,CrVg2wCD90R1
CrVg2wCD90R1_CTGGTCTCAAAGTCAA-1,CrVg2wCD90R1
CrVg2wCD90R1_CTGGTCTCAAGCCGTC-1,CrVg2wCD90R1
CrVg2wCD90R1_CTGGTCTCAAGTACCT-1,CrVg2wCD90R1
CrVg2wCD90R1_CTGGTCTCAATACGCT-1,CrVg2wCD90R1
CrVg2wCD90R1_CTGGTCTCAATGAATG-1,CrVg2wCD90R1
CrVg2wCD90R1_CTGGTCTCACAAGCCC-1,CrVg2wCD90R1
CrVg2wCD90R1_CTGGTCTCACCGGAAA-1,CrVg2wCD90R1
CrVg2wCD90R1_CTGGTCTCATGGTCAT-1,CrVg2wCD90R1
CrVg2wCD90R1_CTGGTCTGTGCACGAA-1,CrVg2wCD90R1
CrVg2wCD90R1_CTGGTCTGTTGGAGGT-1,CrVg2wCD90R1
CrVg2wCD90R1_CTGGTCTTCTCCCTGA-1,CrVg2wCD90R1
CrVg2wCD90R1_CTGTGCTAGTTACGGG-1,CrVg2wCD90R1
CrVg2wCD90R1_CTGTGCTCAATCTGCA-1,CrVg2wCD90R1
CrVg2wCD90R1_CTGTGCTCAGATCGGA-1,CrVg2wCD90R1
CrVg2wCD90R1_CTGTGCTCAGTGACAG-1,CrVg2wCD90R1
CrVg2wCD90R1_CTGTGCTGTACGCACC-1,CrVg2wCD90R1
CrVg2wCD90R1_CTGTGCTGTCTTTCAT-1,CrVg2wCD90R1
CrVg2wCD90R1_CTGTGCTGTTTGGCGC-1,CrVg2wCD90R1
CrVg2wCD90R1_CTGTGCTTCAGCTGGC-1,CrVg2wCD90R1
CrVg2wCD90R1_CTGTGCTTCCACGTGG-1,CrVg2wCD90R1
CrVg2wCD90R1_CTGTGCTTCCCACTTG-1,CrVg2wCD90R1
CrVg2wCD90R1_CTGTGCTTCCGAGCCA-1,CrVg2wCD90R1
CrVg2wCD90R1_CTGTGCTTCCGTCATC-1,CrVg2wCD90R1
CrVg2wCD90R1_CTGTGCTTCGGAAACG-1,CrVg2wCD90R1
CrVg2wCD90R1_CTGTGCTTCTGTGCAA-1,CrVg2wCD90R1
CrVg2wCD90R1_CTGTTTAAGAACAACT-1,CrVg2wCD90R1
CrVg2wCD90R1_CTGTTTAAGTTGAGAT-1,CrVg2wCD90R1
CrVg2wCD90R1_CTGTTTACAAGCCGTC-1,CrVg2wCD90R1
CrVg2wCD90R1_CTGTTTACAGATCCAT-1,CrVg2wCD90R1
CrVg2wCD90R1_CTGTTTACAGTCAGAG-1,CrVg2wCD90R1
CrVg2wCD90R1_CTGTTTACATCTCCCA-1,CrVg2wCD90R1
CrVg2wCD90R1_CTGTTTACATGATCCA-1,CrVg2wCD90R1
CrVg2wCD90R1_CTGTTTACATGTTGAC-1,CrVg2wCD90R1
CrVg2wCD90R1_CTGTTTAGTGAACCTT-1,CrVg2wCD90R1
CrVg2wCD90R1_CTGTTTAGTTATGCGT-1,CrVg2wCD90R1
CrVg2wCD90R1_CTGTTTATCCCTCTTT-1,CrVg2wCD90R1
CrVg2wCD90R1_CTGTTTATCGCGCCAA-1,CrVg2wCD90R1
CrVg2wCD90R1_CTGTTTATCTCTGTCG-1,CrVg2wCD90R1
CrVg2wCD90R1_CTTAACTAGATAGCAT-1,CrVg2wCD90R1
CrVg2wCD90R1_CTTAACTAGATCCCAT-1,CrVg2wCD90R1
CrVg2wCD90R1_CTTAACTAGGATGGAA-1,CrVg2wCD90R1
CrVg2wCD90R1_CTTAACTAGGGTTTCT-1,CrVg2wCD90R1
CrVg2wCD90R1_CTTAACTCAAGCCCAC-1,CrVg2wCD90R1
CrVg2wCD90R1_CTTAACTCAGTTAACC-1,CrVg2wCD90R1
CrVg2wCD90R1_CTTAACTCATCACCCT-1,CrVg2wCD90R1
CrVg2wCD90R1_CTTAACTGTCCGAAGA-1,CrVg2wCD90R1
CrVg2wCD90R1_CTTAACTGTCCGTGAC-1,CrVg2wCD90R1
CrVg2wCD90R1_CTTAACTGTGCGCTTG-1,CrVg2wCD90R1
CrVg2wCD90R1_CTTAACTGTGTGAATA-1,CrVg2wCD90R1
CrVg2wCD90R1_CTTAACTGTGTTCTTT-1,CrVg2wCD90R1
CrVg2wCD90R1_CTTAACTTCACGAAGG-1,CrVg2wCD90R1
CrVg2wCD90R1_CTTAACTTCAGCGACC-1,CrVg2wCD90R1
CrVg2wCD90R1_CTTAACTTCCTATTCA-1,CrVg2wCD90R1
CrVg2wCD90R1_CTTACCGAGACACGAC-1,CrVg2wCD90R1
CrVg2wCD90R1_CTTACCGAGACTAGGC-1,CrVg2wCD90R1
CrVg2wCD90R1_CTTACCGCAGCTCCGA-1,CrVg2wCD90R1
CrVg2wCD90R1_CTTACCGCATCCGTGG-1,CrVg2wCD90R1
CrVg2wCD90R1_CTTACCGGTCCAGTTA-1,CrVg2wCD90R1
CrVg2wCD90R1_CTTACCGGTCTAGCCG-1,CrVg2wCD90R1
CrVg2wCD90R1_CTTACCGTCCAGGGCT-1,CrVg2wCD90R1
CrVg2wCD90R1_CTTACCGTCTCGTATT-1,CrVg2wCD90R1
CrVg2wCD90R1_CTTAGGAAGAATGTGT-1,CrVg2wCD90R1
CrVg2wCD90R1_CTTAGGAAGTAGGCCA-1,CrVg2wCD90R1
CrVg2wCD90R1_CTTAGGACAGCGTAAG-1,CrVg2wCD90R1
CrVg2wCD90R1_CTTAGGACAGTCGTGC-1,CrVg2wCD90R1
CrVg2wCD90R1_CTTAGGAGTACGAAAT-1,CrVg2wCD90R1
CrVg2wCD90R1_CTTAGGAGTAGAGCTG-1,CrVg2wCD90R1
CrVg2wCD90R1_CTTAGGATCTTCATGT-1,CrVg2wCD90R1
CrVg2wCD90R1_CTTAGGATCTTGACGA-1,CrVg2wCD90R1
CrVg2wCD90R1_CTTCTCTAGCCCTAAT-1,CrVg2wCD90R1
CrVg2wCD90R1_CTTCTCTAGGAATGGA-1,CrVg2wCD90R1
CrVg2wCD90R1_CTTCTCTCAGACAAAT-1,CrVg2wCD90R1
CrVg2wCD90R1_CTTCTCTCAGCATGAG-1,CrVg2wCD90R1
CrVg2wCD90R1_CTTCTCTGTAAGGGAA-1,CrVg2wCD90R1
CrVg2wCD90R1_CTTCTCTGTCTTCTCG-1,CrVg2wCD90R1
CrVg2wCD90R1_CTTCTCTGTGATAAAC-1,CrVg2wCD90R1
CrVg2wCD90R1_CTTCTCTGTGTGGTTT-1,CrVg2wCD90R1
CrVg2wCD90R1_CTTCTCTTCAAACGGG-1,CrVg2wCD90R1
CrVg2wCD90R1_CTTCTCTTCAACGCTA-1,CrVg2wCD90R1
CrVg2wCD90R1_CTTCTCTTCCACGTGG-1,CrVg2wCD90R1
CrVg2wCD90R1_CTTCTCTTCTAACTCT-1,CrVg2wCD90R1
CrVg2wCD90R1_CTTCTCTTCTCTTATG-1,CrVg2wCD90R1
CrVg2wCD90R1_CTTCTCTTCTGCGTAA-1,CrVg2wCD90R1
CrVg2wCD90R1_CTTCTCTTCTTTAGGG-1,CrVg2wCD90R1
CrVg2wCD90R1_CTTGGCTCAGGTCTCG-1,CrVg2wCD90R1
CrVg2wCD90R1_CTTGGCTCATTCGACA-1,CrVg2wCD90R1
CrVg2wCD90R1_CTTGGCTGTACTCAAC-1,CrVg2wCD90R1
CrVg2wCD90R1_CTTGGCTGTGCAGGTA-1,CrVg2wCD90R1
CrVg2wCD90R1_CTTGGCTTCGGCATCG-1,CrVg2wCD90R1
CrVg2wCD90R1_CTTGGCTTCTGTCCGT-1,CrVg2wCD90R1
CrVg2wCD90R1_CTTTGCGAGATCCGAG-1,CrVg2wCD90R1
CrVg2wCD90R1_CTTTGCGAGGACACCA-1,CrVg2wCD90R1
CrVg2wCD90R1_CTTTGCGAGTACGCGA-1,CrVg2wCD90R1
CrVg2wCD90R1_CTTTGCGCAACTTGAC-1,CrVg2wCD90R1
CrVg2wCD90R1_CTTTGCGCAATAGAGT-1,CrVg2wCD90R1
CrVg2wCD90R1_CTTTGCGCATTAACCG-1,CrVg2wCD90R1
CrVg2wCD90R1_CTTTGCGGTAACGACG-1,CrVg2wCD90R1
CrVg2wCD90R1_CTTTGCGGTCCATGAT-1,CrVg2wCD90R1
CrVg2wCD90R1_CTTTGCGGTCTAACGT-1,CrVg2wCD90R1
CrVg2wCD90R1_CTTTGCGGTGTGAAAT-1,CrVg2wCD90R1
CrVg2wCD90R1_GAAACTCAGAGTCGGT-1,CrVg2wCD90R1
CrVg2wCD90R1_GAAACTCAGCTGAACG-1,CrVg2wCD90R1
CrVg2wCD90R1_GAAACTCAGGGTTTCT-1,CrVg2wCD90R1
CrVg2wCD90R1_GAAACTCAGTAGCCGA-1,CrVg2wCD90R1
CrVg2wCD90R1_GAAACTCCAAAGGTGC-1,CrVg2wCD90R1
CrVg2wCD90R1_GAAACTCCACACTGCG-1,CrVg2wCD90R1
CrVg2wCD90R1_GAAACTCCACCACGTG-1,CrVg2wCD90R1
CrVg2wCD90R1_GAAACTCCAGTAACGG-1,CrVg2wCD90R1
CrVg2wCD90R1_GAAACTCCATCCAACA-1,CrVg2wCD90R1
CrVg2wCD90R1_GAAACTCGTAGGGTAC-1,CrVg2wCD90R1
CrVg2wCD90R1_GAAACTCGTGATGCCC-1,CrVg2wCD90R1
CrVg2wCD90R1_GAAACTCGTGTGTGCC-1,CrVg2wCD90R1
CrVg2wCD90R1_GAAACTCGTGTTCTTT-1,CrVg2wCD90R1
CrVg2wCD90R1_GAAACTCTCGAGAACG-1,CrVg2wCD90R1
CrVg2wCD90R1_GAAATGACAAGAAAGG-1,CrVg2wCD90R1
CrVg2wCD90R1_GAAATGACAATTCCTT-1,CrVg2wCD90R1
CrVg2wCD90R1_GAAATGAGTAAACCTC-1,CrVg2wCD90R1
CrVg2wCD90R1_GAAATGAGTCGAATCT-1,CrVg2wCD90R1
CrVg2wCD90R1_GAAATGAGTGCATCTA-1,CrVg2wCD90R1
CrVg2wCD90R1_GAAATGAGTTAAGAAC-1,CrVg2wCD90R1
CrVg2wCD90R1_GAAATGAGTTCCATGA-1,CrVg2wCD90R1
CrVg2wCD90R1_GAAATGATCACAACGT-1,CrVg2wCD90R1
CrVg2wCD90R1_GAAATGATCCAAACTG-1,CrVg2wCD90R1
CrVg2wCD90R1_GAAATGATCCTCGCAT-1,CrVg2wCD90R1
CrVg2wCD90R1_GAAATGATCGAGCCCA-1,CrVg2wCD90R1
CrVg2wCD90R1_GAAATGATCGTCACGG-1,CrVg2wCD90R1
CrVg2wCD90R1_GAACATCAGACGCACA-1,CrVg2wCD90R1
CrVg2wCD90R1_GAACATCAGAGGTTAT-1,CrVg2wCD90R1
CrVg2wCD90R1_GAACATCAGGAACTGC-1,CrVg2wCD90R1
CrVg2wCD90R1_GAACATCAGGAGCGTT-1,CrVg2wCD90R1
CrVg2wCD90R1_GAACATCAGTCAATAG-1,CrVg2wCD90R1
CrVg2wCD90R1_GAACATCAGTCATCCA-1,CrVg2wCD90R1
CrVg2wCD90R1_GAACATCCAAAGTGCG-1,CrVg2wCD90R1
CrVg2wCD90R1_GAACATCCAAGCGTAG-1,CrVg2wCD90R1
CrVg2wCD90R1_GAACATCCACGTCTCT-1,CrVg2wCD90R1
CrVg2wCD90R1_GAACATCGTGGACGAT-1,CrVg2wCD90R1
CrVg2wCD90R1_GAACATCTCGATGAGG-1,CrVg2wCD90R1
CrVg2wCD90R1_GAACCTAAGACACTAA-1,CrVg2wCD90R1
CrVg2wCD90R1_GAACCTACATGCTAGT-1,CrVg2wCD90R1
CrVg2wCD90R1_GAACCTAGTCCGAATT-1,CrVg2wCD90R1
CrVg2wCD90R1_GAACCTAGTTCATGGT-1,CrVg2wCD90R1
CrVg2wCD90R1_GAACCTATCACTTATC-1,CrVg2wCD90R1
CrVg2wCD90R1_GAACCTATCGCGCCAA-1,CrVg2wCD90R1
CrVg2wCD90R1_GAACCTATCTAACTCT-1,CrVg2wCD90R1
CrVg2wCD90R1_GAACCTATCTAAGCCA-1,CrVg2wCD90R1
CrVg2wCD90R1_GAACGGAAGTGGGATC-1,CrVg2wCD90R1
CrVg2wCD90R1_GAACGGACAGGGTATG-1,CrVg2wCD90R1
CrVg2wCD90R1_GAACGGAGTAACGACG-1,CrVg2wCD90R1
CrVg2wCD90R1_GAACGGAGTACATGTC-1,CrVg2wCD90R1
CrVg2wCD90R1_GAACGGAGTTGGTAAA-1,CrVg2wCD90R1
CrVg2wCD90R1_GAACGGATCACATACG-1,CrVg2wCD90R1
CrVg2wCD90R1_GAACGGATCAGTACGT-1,CrVg2wCD90R1
CrVg2wCD90R1_GAACGGATCGTGACAT-1,CrVg2wCD90R1
CrVg2wCD90R1_GAAGCAGAGCCACTAT-1,CrVg2wCD90R1
CrVg2wCD90R1_GAAGCAGAGTACGCCC-1,CrVg2wCD90R1
CrVg2wCD90R1_GAAGCAGCAACGCACC-1,CrVg2wCD90R1
CrVg2wCD90R1_GAAGCAGCAATGGTCT-1,CrVg2wCD90R1
CrVg2wCD90R1_GAAGCAGGTGTTGAGG-1,CrVg2wCD90R1
CrVg2wCD90R1_GAAGCAGTCATGCATG-1,CrVg2wCD90R1
CrVg2wCD90R1_GAAGCAGTCTTTACAC-1,CrVg2wCD90R1
CrVg2wCD90R1_GAATAAGAGCGTCTAT-1,CrVg2wCD90R1
CrVg2wCD90R1_GAATAAGAGGGTGTGT-1,CrVg2wCD90R1
CrVg2wCD90R1_GAATAAGAGTGAACAT-1,CrVg2wCD90R1
CrVg2wCD90R1_GAATAAGCATTCTCAT-1,CrVg2wCD90R1
CrVg2wCD90R1_GAATAAGTCGGTGTTA-1,CrVg2wCD90R1
CrVg2wCD90R1_GAATGAAAGTACACCT-1,CrVg2wCD90R1
CrVg2wCD90R1_GAATGAAAGTGAAGAG-1,CrVg2wCD90R1
CrVg2wCD90R1_GAATGAACACCTATCC-1,CrVg2wCD90R1
CrVg2wCD90R1_GAATGAACAGCCTTTC-1,CrVg2wCD90R1
CrVg2wCD90R1_GAATGAACAGGTCCAC-1,CrVg2wCD90R1
CrVg2wCD90R1_GAATGAAGTCGTGGCT-1,CrVg2wCD90R1
CrVg2wCD90R1_GAATGAAGTCTCCACT-1,CrVg2wCD90R1
CrVg2wCD90R1_GAATGAAGTGACGGTA-1,CrVg2wCD90R1
CrVg2wCD90R1_GAATGAAGTTATCGGT-1,CrVg2wCD90R1
CrVg2wCD90R1_GAATGAAGTTCGTTGA-1,CrVg2wCD90R1
CrVg2wCD90R1_GAATGAATCAAACCAC-1,CrVg2wCD90R1
CrVg2wCD90R1_GAATGAATCACATACG-1,CrVg2wCD90R1
CrVg2wCD90R1_GAATGAATCGCAAGCC-1,CrVg2wCD90R1
CrVg2wCD90R1_GAATGAATCGTCGTTC-1,CrVg2wCD90R1
CrVg2wCD90R1_GACACGCAGAAGGTTT-1,CrVg2wCD90R1
CrVg2wCD90R1_GACACGCAGAGTTGGC-1,CrVg2wCD90R1
CrVg2wCD90R1_GACACGCCAAGTTAAG-1,CrVg2wCD90R1
CrVg2wCD90R1_GACACGCCATCACGAT-1,CrVg2wCD90R1
CrVg2wCD90R1_GACACGCGTAGCTAAA-1,CrVg2wCD90R1
CrVg2wCD90R1_GACACGCGTCCGACGT-1,CrVg2wCD90R1
CrVg2wCD90R1_GACACGCGTCTGCAAT-1,CrVg2wCD90R1
CrVg2wCD90R1_GACACGCGTGCTTCTC-1,CrVg2wCD90R1
CrVg2wCD90R1_GACACGCGTTCCTCCA-1,CrVg2wCD90R1
CrVg2wCD90R1_GACACGCTCTATCCCG-1,CrVg2wCD90R1
CrVg2wCD90R1_GACAGAGAGTCGCCGT-1,CrVg2wCD90R1
CrVg2wCD90R1_GACAGAGAGTGTTGAA-1,CrVg2wCD90R1
CrVg2wCD90R1_GACAGAGGTCGAGTTT-1,CrVg2wCD90R1
CrVg2wCD90R1_GACAGAGGTGGTACAG-1,CrVg2wCD90R1
CrVg2wCD90R1_GACAGAGTCCTTGACC-1,CrVg2wCD90R1
CrVg2wCD90R1_GACCAATAGATCCTGT-1,CrVg2wCD90R1
CrVg2wCD90R1_GACCAATAGATGGCGT-1,CrVg2wCD90R1
CrVg2wCD90R1_GACCAATAGCTAAACA-1,CrVg2wCD90R1
CrVg2wCD90R1_GACCAATCAGTAAGAT-1,CrVg2wCD90R1
CrVg2wCD90R1_GACCAATCATGCTGGC-1,CrVg2wCD90R1
CrVg2wCD90R1_GACCAATCATTCACTT-1,CrVg2wCD90R1
CrVg2wCD90R1_GACCAATGTAGTGAAT-1,CrVg2wCD90R1
CrVg2wCD90R1_GACCAATGTATCGCAT-1,CrVg2wCD90R1
CrVg2wCD90R1_GACCAATTCATAACCG-1,CrVg2wCD90R1
CrVg2wCD90R1_GACCAATTCCTGCTTG-1,CrVg2wCD90R1
CrVg2wCD90R1_GACCTGGAGACGCAAC-1,CrVg2wCD90R1
CrVg2wCD90R1_GACCTGGCACCAGCAC-1,CrVg2wCD90R1
CrVg2wCD90R1_GACCTGGCAGAAGCAC-1,CrVg2wCD90R1
CrVg2wCD90R1_GACCTGGCAGCTCGAC-1,CrVg2wCD90R1
CrVg2wCD90R1_GACCTGGGTACAAGTA-1,CrVg2wCD90R1
CrVg2wCD90R1_GACCTGGTCCTAGGGC-1,CrVg2wCD90R1
CrVg2wCD90R1_GACCTGGTCCTCCTAG-1,CrVg2wCD90R1
CrVg2wCD90R1_GACCTGGTCTATCCCG-1,CrVg2wCD90R1
CrVg2wCD90R1_GACCTGGTCTTCTGGC-1,CrVg2wCD90R1
CrVg2wCD90R1_GACGCGTCAACACCCG-1,CrVg2wCD90R1
CrVg2wCD90R1_GACGCGTCACCGCTAG-1,CrVg2wCD90R1
CrVg2wCD90R1_GACGCGTCAGGTCCAC-1,CrVg2wCD90R1
CrVg2wCD90R1_GACGCGTCATGCAATC-1,CrVg2wCD90R1
CrVg2wCD90R1_GACGCGTCATTGAGCT-1,CrVg2wCD90R1
CrVg2wCD90R1_GACGCGTGTAAACACA-1,CrVg2wCD90R1
CrVg2wCD90R1_GACGCGTGTCAGAGGT-1,CrVg2wCD90R1
CrVg2wCD90R1_GACGCGTGTGTTTGGT-1,CrVg2wCD90R1
CrVg2wCD90R1_GACGCGTTCAACTCTT-1,CrVg2wCD90R1
CrVg2wCD90R1_GACGCGTTCGTCCGTT-1,CrVg2wCD90R1
CrVg2wCD90R1_GACGGCTAGCCATCGC-1,CrVg2wCD90R1
CrVg2wCD90R1_GACGGCTAGCCCAGCT-1,CrVg2wCD90R1
CrVg2wCD90R1_GACGGCTAGCGACGTA-1,CrVg2wCD90R1
CrVg2wCD90R1_GACGGCTCAAGACGTG-1,CrVg2wCD90R1
CrVg2wCD90R1_GACGGCTCACCCAGTG-1,CrVg2wCD90R1
CrVg2wCD90R1_GACGGCTCAGCAGTTT-1,CrVg2wCD90R1
CrVg2wCD90R1_GACGGCTCATTTCACT-1,CrVg2wCD90R1
CrVg2wCD90R1_GACGGCTGTCAATGTC-1,CrVg2wCD90R1
CrVg2wCD90R1_GACGGCTGTCCGAAGA-1,CrVg2wCD90R1
CrVg2wCD90R1_GACGGCTGTGCGATAG-1,CrVg2wCD90R1
CrVg2wCD90R1_GACGGCTTCAACTCTT-1,CrVg2wCD90R1
CrVg2wCD90R1_GACGGCTTCACATGCA-1,CrVg2wCD90R1
CrVg2wCD90R1_GACGGCTTCAGCGACC-1,CrVg2wCD90R1
CrVg2wCD90R1_GACGGCTTCCACGAAT-1,CrVg2wCD90R1
CrVg2wCD90R1_GACGGCTTCGAGAACG-1,CrVg2wCD90R1
CrVg2wCD90R1_GACGGCTTCTGCGACG-1,CrVg2wCD90R1
CrVg2wCD90R1_GACGTGCAGACAGGCT-1,CrVg2wCD90R1
CrVg2wCD90R1_GACGTGCAGCAGACTG-1,CrVg2wCD90R1
CrVg2wCD90R1_GACGTGCAGTGAATTG-1,CrVg2wCD90R1
CrVg2wCD90R1_GACGTGCCAAAGCGGT-1,CrVg2wCD90R1
CrVg2wCD90R1_GACGTGCCAACGATCT-1,CrVg2wCD90R1
CrVg2wCD90R1_GACGTGCCACGACTCG-1,CrVg2wCD90R1
CrVg2wCD90R1_GACGTGCCAGGAATCG-1,CrVg2wCD90R1
CrVg2wCD90R1_GACGTGCGTAGTAGTA-1,CrVg2wCD90R1
CrVg2wCD90R1_GACGTGCTCCACGTGG-1,CrVg2wCD90R1
CrVg2wCD90R1_GACGTGCTCCACTCCA-1,CrVg2wCD90R1
CrVg2wCD90R1_GACGTGCTCCGCTGTT-1,CrVg2wCD90R1
CrVg2wCD90R1_GACGTGCTCCTCGCAT-1,CrVg2wCD90R1
CrVg2wCD90R1_GACGTTAAGCAACGGT-1,CrVg2wCD90R1
CrVg2wCD90R1_GACGTTAAGGACAGCT-1,CrVg2wCD90R1
CrVg2wCD90R1_GACGTTAAGTCGATAA-1,CrVg2wCD90R1
CrVg2wCD90R1_GACGTTACAGCTGTAT-1,CrVg2wCD90R1
CrVg2wCD90R1_GACGTTACATAAAGGT-1,CrVg2wCD90R1
CrVg2wCD90R1_GACGTTACATCTCCCA-1,CrVg2wCD90R1
CrVg2wCD90R1_GACGTTAGTAAATGTG-1,CrVg2wCD90R1
CrVg2wCD90R1_GACGTTAGTAATAGCA-1,CrVg2wCD90R1
CrVg2wCD90R1_GACGTTAGTAGAAGGA-1,CrVg2wCD90R1
CrVg2wCD90R1_GACGTTAGTTACAGAA-1,CrVg2wCD90R1
CrVg2wCD90R1_GACGTTATCCCTAACC-1,CrVg2wCD90R1
CrVg2wCD90R1_GACGTTATCCGCGCAA-1,CrVg2wCD90R1
CrVg2wCD90R1_GACTAACAGAAGGTGA-1,CrVg2wCD90R1
CrVg2wCD90R1_GACTAACAGAGGGCTT-1,CrVg2wCD90R1
CrVg2wCD90R1_GACTAACCAATCCGAT-1,CrVg2wCD90R1
CrVg2wCD90R1_GACTAACCAGATCTGT-1,CrVg2wCD90R1
CrVg2wCD90R1_GACTAACCAGGGTATG-1,CrVg2wCD90R1
CrVg2wCD90R1_GACTAACCAGGTCGTC-1,CrVg2wCD90R1
CrVg2wCD90R1_GACTAACCATCGGGTC-1,CrVg2wCD90R1
CrVg2wCD90R1_GACTAACGTATAGGGC-1,CrVg2wCD90R1
CrVg2wCD90R1_GACTAACGTGTCGCTG-1,CrVg2wCD90R1
CrVg2wCD90R1_GACTAACGTGTGCGTC-1,CrVg2wCD90R1
CrVg2wCD90R1_GACTAACTCGCTGATA-1,CrVg2wCD90R1
CrVg2wCD90R1_GACTACAAGCCGTCGT-1,CrVg2wCD90R1
CrVg2wCD90R1_GACTACAAGGTGCTAG-1,CrVg2wCD90R1
CrVg2wCD90R1_GACTACAAGTAGATGT-1,CrVg2wCD90R1
CrVg2wCD90R1_GACTACACAACTGCGC-1,CrVg2wCD90R1
CrVg2wCD90R1_GACTACACACACCGCA-1,CrVg2wCD90R1
CrVg2wCD90R1_GACTACACATAGAAAC-1,CrVg2wCD90R1
CrVg2wCD90R1_GACTACACATGGTTGT-1,CrVg2wCD90R1
CrVg2wCD90R1_GACTACAGTACTTAGC-1,CrVg2wCD90R1
CrVg2wCD90R1_GACTACAGTGCCTTGG-1,CrVg2wCD90R1
CrVg2wCD90R1_GACTACAGTTAAAGAC-1,CrVg2wCD90R1
CrVg2wCD90R1_GACTACATCAGAGACG-1,CrVg2wCD90R1
CrVg2wCD90R1_GACTACATCTTCAACT-1,CrVg2wCD90R1
CrVg2wCD90R1_GACTGCGAGAAGGGTA-1,CrVg2wCD90R1
CrVg2wCD90R1_GACTGCGAGATGCCAG-1,CrVg2wCD90R1
CrVg2wCD90R1_GACTGCGAGCTAGGCA-1,CrVg2wCD90R1
CrVg2wCD90R1_GACTGCGAGTCGATAA-1,CrVg2wCD90R1
CrVg2wCD90R1_GACTGCGAGTGTACTC-1,CrVg2wCD90R1
CrVg2wCD90R1_GACTGCGCATTCTTAC-1,CrVg2wCD90R1
CrVg2wCD90R1_GACTGCGGTAAAGGAG-1,CrVg2wCD90R1
CrVg2wCD90R1_GACTGCGGTCCGAATT-1,CrVg2wCD90R1
CrVg2wCD90R1_GACTGCGGTGAGTATA-1,CrVg2wCD90R1
CrVg2wCD90R1_GACTGCGGTTAAGACA-1,CrVg2wCD90R1
CrVg2wCD90R1_GACTGCGTCAAACCGT-1,CrVg2wCD90R1
CrVg2wCD90R1_GACTGCGTCACTTCAT-1,CrVg2wCD90R1
CrVg2wCD90R1_GACTGCGTCCAAGCCG-1,CrVg2wCD90R1
CrVg2wCD90R1_GACTGCGTCTACGAGT-1,CrVg2wCD90R1
CrVg2wCD90R1_GAGCAGAAGACACTAA-1,CrVg2wCD90R1
CrVg2wCD90R1_GAGCAGACAACTGCGC-1,CrVg2wCD90R1
CrVg2wCD90R1_GAGCAGAGTACCGCTG-1,CrVg2wCD90R1
CrVg2wCD90R1_GAGCAGAGTACTCAAC-1,CrVg2wCD90R1
CrVg2wCD90R1_GAGCAGAGTATCACCA-1,CrVg2wCD90R1
CrVg2wCD90R1_GAGCAGAGTCATGCAT-1,CrVg2wCD90R1
CrVg2wCD90R1_GAGCAGAGTTCATGGT-1,CrVg2wCD90R1
CrVg2wCD90R1_GAGCAGAGTTGAACTC-1,CrVg2wCD90R1
CrVg2wCD90R1_GAGCAGAGTTGCGCAC-1,CrVg2wCD90R1
CrVg2wCD90R1_GAGCAGATCATGCAAC-1,CrVg2wCD90R1
CrVg2wCD90R1_GAGCAGATCGGTCCGA-1,CrVg2wCD90R1
CrVg2wCD90R1_GAGCAGATCGTTGCCT-1,CrVg2wCD90R1
CrVg2wCD90R1_GAGCAGATCTACCAGA-1,CrVg2wCD90R1
CrVg2wCD90R1_GAGGTGAAGCCATCGC-1,CrVg2wCD90R1
CrVg2wCD90R1_GAGGTGAAGTACACCT-1,CrVg2wCD90R1
CrVg2wCD90R1_GAGGTGAAGTGGTAGC-1,CrVg2wCD90R1
CrVg2wCD90R1_GAGGTGACATCGTCGG-1,CrVg2wCD90R1
CrVg2wCD90R1_GAGGTGAGTAGCACGA-1,CrVg2wCD90R1
CrVg2wCD90R1_GAGGTGAGTGGCAAAC-1,CrVg2wCD90R1
CrVg2wCD90R1_GAGGTGAGTTAAGTAG-1,CrVg2wCD90R1
CrVg2wCD90R1_GAGGTGATCACTCCTG-1,CrVg2wCD90R1
CrVg2wCD90R1_GAGGTGATCAGGCGAA-1,CrVg2wCD90R1
CrVg2wCD90R1_GAGGTGATCAGTTGAC-1,CrVg2wCD90R1
CrVg2wCD90R1_GAGGTGATCCCAGGTG-1,CrVg2wCD90R1
CrVg2wCD90R1_GAGGTGATCGCATGAT-1,CrVg2wCD90R1
CrVg2wCD90R1_GAGTCCGAGAGGTTGC-1,CrVg2wCD90R1
CrVg2wCD90R1_GAGTCCGAGATATGCA-1,CrVg2wCD90R1
CrVg2wCD90R1_GAGTCCGAGCCGATTT-1,CrVg2wCD90R1
CrVg2wCD90R1_GAGTCCGAGTGCGTGA-1,CrVg2wCD90R1
CrVg2wCD90R1_GAGTCCGCAAGGCTCC-1,CrVg2wCD90R1
CrVg2wCD90R1_GAGTCCGCAAGGTTCT-1,CrVg2wCD90R1
CrVg2wCD90R1_GAGTCCGCAGTGACAG-1,CrVg2wCD90R1
CrVg2wCD90R1_GAGTCCGCATAACCTG-1,CrVg2wCD90R1
CrVg2wCD90R1_GAGTCCGGTTCCCGAG-1,CrVg2wCD90R1
CrVg2wCD90R1_GAGTCCGTCGAATGGG-1,CrVg2wCD90R1
CrVg2wCD90R1_GATCAGTAGTATTGGA-1,CrVg2wCD90R1
CrVg2wCD90R1_GATCAGTCAAGTCTGT-1,CrVg2wCD90R1
CrVg2wCD90R1_GATCAGTCATGCTGGC-1,CrVg2wCD90R1
CrVg2wCD90R1_GATCAGTGTCATACTG-1,CrVg2wCD90R1
CrVg2wCD90R1_GATCGATAGAACAATC-1,CrVg2wCD90R1
CrVg2wCD90R1_GATCGATAGCCGCCTA-1,CrVg2wCD90R1
CrVg2wCD90R1_GATCGATCAGGTCCAC-1,CrVg2wCD90R1
CrVg2wCD90R1_GATCGATGTGTTGAGG-1,CrVg2wCD90R1
CrVg2wCD90R1_GATCGATGTTACTGAC-1,CrVg2wCD90R1
CrVg2wCD90R1_GATCGATGTTGAGGTG-1,CrVg2wCD90R1
CrVg2wCD90R1_GATCGATTCACAATGC-1,CrVg2wCD90R1
CrVg2wCD90R1_GATCGATTCACCCTCA-1,CrVg2wCD90R1
CrVg2wCD90R1_GATCGATTCCAGTAGT-1,CrVg2wCD90R1
CrVg2wCD90R1_GATCGCGAGGGTCGAT-1,CrVg2wCD90R1
CrVg2wCD90R1_GATCGCGAGTGGTAAT-1,CrVg2wCD90R1
CrVg2wCD90R1_GATCGCGCAGTTCCCT-1,CrVg2wCD90R1
CrVg2wCD90R1_GATCGCGCATCGGACC-1,CrVg2wCD90R1
CrVg2wCD90R1_GATCGCGGTCGAAAGC-1,CrVg2wCD90R1
CrVg2wCD90R1_GATCGCGGTTCGTGAT-1,CrVg2wCD90R1
CrVg2wCD90R1_GATCGCGGTTTAGCTG-1,CrVg2wCD90R1
CrVg2wCD90R1_GATCGCGTCATGTCCC-1,CrVg2wCD90R1
CrVg2wCD90R1_GATCGCGTCCTCAACC-1,CrVg2wCD90R1
CrVg2wCD90R1_GATCGCGTCTCGCTTG-1,CrVg2wCD90R1
CrVg2wCD90R1_GATCGTAAGTATTGGA-1,CrVg2wCD90R1
CrVg2wCD90R1_GATCGTACAAGCCATT-1,CrVg2wCD90R1
CrVg2wCD90R1_GATCGTACAATGTTGC-1,CrVg2wCD90R1
CrVg2wCD90R1_GATCGTACAGCCTTGG-1,CrVg2wCD90R1
CrVg2wCD90R1_GATCGTAGTAAGTTCC-1,CrVg2wCD90R1
CrVg2wCD90R1_GATCGTAGTAGATTAG-1,CrVg2wCD90R1
CrVg2wCD90R1_GATCGTAGTCGCATAT-1,CrVg2wCD90R1
CrVg2wCD90R1_GATCGTAGTTATGTGC-1,CrVg2wCD90R1
CrVg2wCD90R1_GATCGTATCAGCATGT-1,CrVg2wCD90R1
CrVg2wCD90R1_GATCGTATCCTCGCAT-1,CrVg2wCD90R1
CrVg2wCD90R1_GATCGTATCGGAATCT-1,CrVg2wCD90R1
CrVg2wCD90R1_GATCGTATCTGAAAGA-1,CrVg2wCD90R1
CrVg2wCD90R1_GATCTAGAGAAGAAGC-1,CrVg2wCD90R1
CrVg2wCD90R1_GATCTAGAGATCCCGC-1,CrVg2wCD90R1
CrVg2wCD90R1_GATCTAGAGGACACCA-1,CrVg2wCD90R1
CrVg2wCD90R1_GATCTAGAGTAAGTAC-1,CrVg2wCD90R1
CrVg2wCD90R1_GATCTAGCAAATTGCC-1,CrVg2wCD90R1
CrVg2wCD90R1_GATCTAGCATCGATGT-1,CrVg2wCD90R1
CrVg2wCD90R1_GATCTAGGTACTTCTT-1,CrVg2wCD90R1
CrVg2wCD90R1_GATCTAGGTATATCCG-1,CrVg2wCD90R1
CrVg2wCD90R1_GATCTAGGTCTAGTCA-1,CrVg2wCD90R1
CrVg2wCD90R1_GATCTAGGTGGTCCGT-1,CrVg2wCD90R1
CrVg2wCD90R1_GATCTAGGTTACGGAG-1,CrVg2wCD90R1
CrVg2wCD90R1_GATCTAGTCATTATCC-1,CrVg2wCD90R1
CrVg2wCD90R1_GATGAAAAGCCCAATT-1,CrVg2wCD90R1
CrVg2wCD90R1_GATGAAAAGGTGACCA-1,CrVg2wCD90R1
CrVg2wCD90R1_GATGAAAAGTGTCCCG-1,CrVg2wCD90R1
CrVg2wCD90R1_GATGAAAGTACATCCA-1,CrVg2wCD90R1
CrVg2wCD90R1_GATGAAATCAAAGTAG-1,CrVg2wCD90R1
CrVg2wCD90R1_GATGAAATCACCGTAA-1,CrVg2wCD90R1
CrVg2wCD90R1_GATGAAATCACTGGGC-1,CrVg2wCD90R1
CrVg2wCD90R1_GATGAAATCATCTGTT-1,CrVg2wCD90R1
CrVg2wCD90R1_GATGAAATCCGCAAGC-1,CrVg2wCD90R1
CrVg2wCD90R1_GATGAGGAGAGTACAT-1,CrVg2wCD90R1
CrVg2wCD90R1_GATGAGGAGCCACTAT-1,CrVg2wCD90R1
CrVg2wCD90R1_GATGAGGAGGGTATCG-1,CrVg2wCD90R1
CrVg2wCD90R1_GATGAGGAGGTTCCTA-1,CrVg2wCD90R1
CrVg2wCD90R1_GATGAGGGTAGAGGAA-1,CrVg2wCD90R1
CrVg2wCD90R1_GATGAGGGTAGGGACT-1,CrVg2wCD90R1
CrVg2wCD90R1_GATGAGGTCGTTGACA-1,CrVg2wCD90R1
CrVg2wCD90R1_GATGCTAAGAGGTAGA-1,CrVg2wCD90R1
CrVg2wCD90R1_GATGCTAAGGCGATAC-1,CrVg2wCD90R1
CrVg2wCD90R1_GATGCTAAGTAGGCCA-1,CrVg2wCD90R1
CrVg2wCD90R1_GATGCTACAGACGCCT-1,CrVg2wCD90R1
CrVg2wCD90R1_GATGCTACAGATGGCA-1,CrVg2wCD90R1
CrVg2wCD90R1_GATGCTACAGCGTAAG-1,CrVg2wCD90R1
CrVg2wCD90R1_GATGCTACAGGGCATA-1,CrVg2wCD90R1
CrVg2wCD90R1_GATGCTACATCACGTA-1,CrVg2wCD90R1
CrVg2wCD90R1_GATGCTAGTGTTGAGG-1,CrVg2wCD90R1
CrVg2wCD90R1_GATGCTAGTTTGACAC-1,CrVg2wCD90R1
CrVg2wCD90R1_GATGCTATCATTGCCC-1,CrVg2wCD90R1
CrVg2wCD90R1_GATGCTATCCACGACG-1,CrVg2wCD90R1
CrVg2wCD90R1_GATGCTATCGCCGTGA-1,CrVg2wCD90R1
CrVg2wCD90R1_GATGCTATCGGCCGAT-1,CrVg2wCD90R1
CrVg2wCD90R1_GATTCAGAGACCACGA-1,CrVg2wCD90R1
CrVg2wCD90R1_GATTCAGAGATCCTGT-1,CrVg2wCD90R1
CrVg2wCD90R1_GATTCAGCATGCTGGC-1,CrVg2wCD90R1
CrVg2wCD90R1_GATTCAGGTTAAGATG-1,CrVg2wCD90R1
CrVg2wCD90R1_GATTCAGGTTTGTTGG-1,CrVg2wCD90R1
CrVg2wCD90R1_GATTCAGTCAGTGTTG-1,CrVg2wCD90R1
CrVg2wCD90R1_GATTCAGTCTGTGCAA-1,CrVg2wCD90R1
CrVg2wCD90R1_GATTCAGTCTGTTGAG-1,CrVg2wCD90R1
CrVg2wCD90R1_GCAAACTAGCTTCGCG-1,CrVg2wCD90R1
CrVg2wCD90R1_GCAAACTAGGTTACCT-1,CrVg2wCD90R1
CrVg2wCD90R1_GCAAACTAGTACCGGA-1,CrVg2wCD90R1
CrVg2wCD90R1_GCAAACTAGTGTACGG-1,CrVg2wCD90R1
CrVg2wCD90R1_GCAAACTCAAGTACCT-1,CrVg2wCD90R1
CrVg2wCD90R1_GCAAACTCATGAACCT-1,CrVg2wCD90R1
CrVg2wCD90R1_GCAAACTGTAAGTAGT-1,CrVg2wCD90R1
CrVg2wCD90R1_GCAAACTGTGCGATAG-1,CrVg2wCD90R1
CrVg2wCD90R1_GCAAACTTCCACGAAT-1,CrVg2wCD90R1
CrVg2wCD90R1_GCAAACTTCGGAAACG-1,CrVg2wCD90R1
CrVg2wCD90R1_GCAAACTTCTGAAAGA-1,CrVg2wCD90R1
CrVg2wCD90R1_GCAAACTTCTGCTGCT-1,CrVg2wCD90R1
CrVg2wCD90R1_GCAATCAAGTCAATAG-1,CrVg2wCD90R1
CrVg2wCD90R1_GCAATCAAGTCGCCGT-1,CrVg2wCD90R1
CrVg2wCD90R1_GCAATCAAGTTAGGTA-1,CrVg2wCD90R1
CrVg2wCD90R1_GCAATCACAACTGCGC-1,CrVg2wCD90R1
CrVg2wCD90R1_GCAATCACACAAGTAA-1,CrVg2wCD90R1
CrVg2wCD90R1_GCAATCACACCCTATC-1,CrVg2wCD90R1
CrVg2wCD90R1_GCAATCAGTAGCGTAG-1,CrVg2wCD90R1
CrVg2wCD90R1_GCAATCAGTGGTGTAG-1,CrVg2wCD90R1
CrVg2wCD90R1_GCAATCAGTGTTTGGT-1,CrVg2wCD90R1
CrVg2wCD90R1_GCAATCATCAAACCGT-1,CrVg2wCD90R1
CrVg2wCD90R1_GCAATCATCCAAACTG-1,CrVg2wCD90R1
CrVg2wCD90R1_GCAATCATCGGAATCT-1,CrVg2wCD90R1
CrVg2wCD90R1_GCACATAAGGCGCTCT-1,CrVg2wCD90R1
CrVg2wCD90R1_GCACATAAGTCAAGCG-1,CrVg2wCD90R1
CrVg2wCD90R1_GCACATACACCTCGGA-1,CrVg2wCD90R1
CrVg2wCD90R1_GCACATAGTACTTAGC-1,CrVg2wCD90R1
CrVg2wCD90R1_GCACATAGTCCGCTGA-1,CrVg2wCD90R1
CrVg2wCD90R1_GCACATAGTTGTGGAG-1,CrVg2wCD90R1
CrVg2wCD90R1_GCACATATCCCTAACC-1,CrVg2wCD90R1
CrVg2wCD90R1_GCACATATCTAAGCCA-1,CrVg2wCD90R1
CrVg2wCD90R1_GCACTCTAGAAACGCC-1,CrVg2wCD90R1
CrVg2wCD90R1_GCACTCTAGCGTTTAC-1,CrVg2wCD90R1
CrVg2wCD90R1_GCACTCTAGCTATGCT-1,CrVg2wCD90R1
CrVg2wCD90R1_GCACTCTAGGACACCA-1,CrVg2wCD90R1
CrVg2wCD90R1_GCACTCTAGTGTACGG-1,CrVg2wCD90R1
CrVg2wCD90R1_GCACTCTAGTTGTAGA-1,CrVg2wCD90R1
CrVg2wCD90R1_GCACTCTCATAAGACA-1,CrVg2wCD90R1
CrVg2wCD90R1_GCACTCTGTAACGTTC-1,CrVg2wCD90R1
CrVg2wCD90R1_GCACTCTGTAAGCACG-1,CrVg2wCD90R1
CrVg2wCD90R1_GCACTCTGTTCCTCCA-1,CrVg2wCD90R1
CrVg2wCD90R1_GCACTCTTCATAACCG-1,CrVg2wCD90R1
CrVg2wCD90R1_GCACTCTTCTGCGGCA-1,CrVg2wCD90R1
CrVg2wCD90R1_GCACTCTTCTTGAGGT-1,CrVg2wCD90R1
CrVg2wCD90R1_GCAGCCAAGAATGTGT-1,CrVg2wCD90R1
CrVg2wCD90R1_GCAGCCAAGCCCAGCT-1,CrVg2wCD90R1
CrVg2wCD90R1_GCAGCCACACGAAGCA-1,CrVg2wCD90R1
CrVg2wCD90R1_GCAGCCACACGGTAAG-1,CrVg2wCD90R1
CrVg2wCD90R1_GCAGCCACAGCATACT-1,CrVg2wCD90R1
CrVg2wCD90R1_GCAGCCACATACGCTA-1,CrVg2wCD90R1
CrVg2wCD90R1_GCAGCCAGTAATTGGA-1,CrVg2wCD90R1
CrVg2wCD90R1_GCAGCCAGTACGCTGC-1,CrVg2wCD90R1
CrVg2wCD90R1_GCAGCCAGTATAAACG-1,CrVg2wCD90R1
CrVg2wCD90R1_GCAGCCAGTATCACCA-1,CrVg2wCD90R1
CrVg2wCD90R1_GCAGCCAGTCTGCGGT-1,CrVg2wCD90R1
CrVg2wCD90R1_GCAGCCAGTGCCTGCA-1,CrVg2wCD90R1
CrVg2wCD90R1_GCAGCCAGTGCGAAAC-1,CrVg2wCD90R1
CrVg2wCD90R1_GCAGCCATCAACACCA-1,CrVg2wCD90R1
CrVg2wCD90R1_GCAGCCATCCGTTGTC-1,CrVg2wCD90R1
CrVg2wCD90R1_GCAGTTAAGATAGCAT-1,CrVg2wCD90R1
CrVg2wCD90R1_GCAGTTAAGCACCGCT-1,CrVg2wCD90R1
CrVg2wCD90R1_GCAGTTAAGCAGCCTC-1,CrVg2wCD90R1
CrVg2wCD90R1_GCAGTTAAGCCGCCTA-1,CrVg2wCD90R1
CrVg2wCD90R1_GCAGTTAAGTCCGGTC-1,CrVg2wCD90R1
CrVg2wCD90R1_GCAGTTAAGTTTGCGT-1,CrVg2wCD90R1
CrVg2wCD90R1_GCAGTTACAAGCGTAG-1,CrVg2wCD90R1
CrVg2wCD90R1_GCAGTTACAGTGGGAT-1,CrVg2wCD90R1
CrVg2wCD90R1_GCAGTTACATTCACTT-1,CrVg2wCD90R1
CrVg2wCD90R1_GCAGTTAGTACCGTTA-1,CrVg2wCD90R1
CrVg2wCD90R1_GCAGTTAGTATATGGA-1,CrVg2wCD90R1
CrVg2wCD90R1_GCAGTTAGTGACCAAG-1,CrVg2wCD90R1
CrVg2wCD90R1_GCAGTTATCACAGGCC-1,CrVg2wCD90R1
CrVg2wCD90R1_GCAGTTATCAGTCCCT-1,CrVg2wCD90R1
CrVg2wCD90R1_GCAGTTATCCATGAAC-1,CrVg2wCD90R1
CrVg2wCD90R1_GCATACAAGCCCTAAT-1,CrVg2wCD90R1
CrVg2wCD90R1_GCATACAAGTGAAGTT-1,CrVg2wCD90R1
CrVg2wCD90R1_GCATACACATTTCACT-1,CrVg2wCD90R1
CrVg2wCD90R1_GCATACAGTCGCGAAA-1,CrVg2wCD90R1
CrVg2wCD90R1_GCATACAGTCTTCAAG-1,CrVg2wCD90R1
CrVg2wCD90R1_GCATACAGTGATGTGG-1,CrVg2wCD90R1
CrVg2wCD90R1_GCATACATCCGGCACA-1,CrVg2wCD90R1
CrVg2wCD90R1_GCATACATCTGAGGGA-1,CrVg2wCD90R1
CrVg2wCD90R1_GCATGATAGATGTAAC-1,CrVg2wCD90R1
CrVg2wCD90R1_GCATGATAGCAATCTC-1,CrVg2wCD90R1
CrVg2wCD90R1_GCATGATAGCCACCTG-1,CrVg2wCD90R1
CrVg2wCD90R1_GCATGATAGTGAAGTT-1,CrVg2wCD90R1
CrVg2wCD90R1_GCATGATCAAGTCATC-1,CrVg2wCD90R1
CrVg2wCD90R1_GCATGATCAGTACACT-1,CrVg2wCD90R1
CrVg2wCD90R1_GCATGATCATTGTGCA-1,CrVg2wCD90R1
CrVg2wCD90R1_GCATGATGTACAGTTC-1,CrVg2wCD90R1
CrVg2wCD90R1_GCATGATGTGGCCCTA-1,CrVg2wCD90R1
CrVg2wCD90R1_GCATGATGTTCGGCAC-1,CrVg2wCD90R1
CrVg2wCD90R1_GCATGATTCACCGGGT-1,CrVg2wCD90R1
CrVg2wCD90R1_GCATGATTCCAAGCCG-1,CrVg2wCD90R1
CrVg2wCD90R1_GCATGATTCTCATTCA-1,CrVg2wCD90R1
CrVg2wCD90R1_GCATGCGAGATATACG-1,CrVg2wCD90R1
CrVg2wCD90R1_GCATGCGAGCTAACAA-1,CrVg2wCD90R1
CrVg2wCD90R1_GCATGCGAGGTGCACA-1,CrVg2wCD90R1
CrVg2wCD90R1_GCATGCGGTAGCGATG-1,CrVg2wCD90R1
CrVg2wCD90R1_GCATGCGGTCAGAATA-1,CrVg2wCD90R1
CrVg2wCD90R1_GCATGTAAGACAAAGG-1,CrVg2wCD90R1
CrVg2wCD90R1_GCATGTAAGAGACTAT-1,CrVg2wCD90R1
CrVg2wCD90R1_GCATGTAAGCTTTGGT-1,CrVg2wCD90R1
CrVg2wCD90R1_GCATGTAAGGAATTAC-1,CrVg2wCD90R1
CrVg2wCD90R1_GCATGTAAGTTACGGG-1,CrVg2wCD90R1
CrVg2wCD90R1_GCATGTACAAGTTGTC-1,CrVg2wCD90R1
CrVg2wCD90R1_GCATGTACAGCTCCGA-1,CrVg2wCD90R1
CrVg2wCD90R1_GCATGTAGTCTAGTGT-1,CrVg2wCD90R1
CrVg2wCD90R1_GCATGTAGTCTGATTG-1,CrVg2wCD90R1
CrVg2wCD90R1_GCATGTAGTGTGGCTC-1,CrVg2wCD90R1
CrVg2wCD90R1_GCATGTATCAACGGGA-1,CrVg2wCD90R1
CrVg2wCD90R1_GCATGTATCAGAAATG-1,CrVg2wCD90R1
CrVg2wCD90R1_GCATGTATCAGCCTAA-1,CrVg2wCD90R1
CrVg2wCD90R1_GCATGTATCGCCCTTA-1,CrVg2wCD90R1
CrVg2wCD90R1_GCCAAATAGCCCTAAT-1,CrVg2wCD90R1
CrVg2wCD90R1_GCCAAATAGCTTTGGT-1,CrVg2wCD90R1
CrVg2wCD90R1_GCCAAATAGTGCGTGA-1,CrVg2wCD90R1
CrVg2wCD90R1_GCCAAATCACACGCTG-1,CrVg2wCD90R1
CrVg2wCD90R1_GCCAAATCAGAAGCAC-1,CrVg2wCD90R1
CrVg2wCD90R1_GCCAAATCATACAGCT-1,CrVg2wCD90R1
CrVg2wCD90R1_GCCAAATGTAGTACCT-1,CrVg2wCD90R1
CrVg2wCD90R1_GCCAAATGTTCCGTCT-1,CrVg2wCD90R1
CrVg2wCD90R1_GCCAAATTCCACGTGG-1,CrVg2wCD90R1
CrVg2wCD90R1_GCCAAATTCCAGTAGT-1,CrVg2wCD90R1
CrVg2wCD90R1_GCCAAATTCCGTACAA-1,CrVg2wCD90R1
CrVg2wCD90R1_GCCTCTAAGACCGGAT-1,CrVg2wCD90R1
CrVg2wCD90R1_GCCTCTACAATCGAAA-1,CrVg2wCD90R1
CrVg2wCD90R1_GCCTCTACACAGTCGC-1,CrVg2wCD90R1
CrVg2wCD90R1_GCCTCTACACTCTGTC-1,CrVg2wCD90R1
CrVg2wCD90R1_GCCTCTACATGCTGGC-1,CrVg2wCD90R1
CrVg2wCD90R1_GCCTCTAGTAAATACG-1,CrVg2wCD90R1
CrVg2wCD90R1_GCCTCTAGTCTAACGT-1,CrVg2wCD90R1
CrVg2wCD90R1_GCCTCTAGTGCTTCTC-1,CrVg2wCD90R1
CrVg2wCD90R1_GCCTCTAGTGTGACGA-1,CrVg2wCD90R1
CrVg2wCD90R1_GCCTCTAGTTAAGATG-1,CrVg2wCD90R1
CrVg2wCD90R1_GCCTCTAGTTCGAATC-1,CrVg2wCD90R1
CrVg2wCD90R1_GCCTCTATCAGCTGGC-1,CrVg2wCD90R1
CrVg2wCD90R1_GCCTCTATCCGTCAAA-1,CrVg2wCD90R1
CrVg2wCD90R1_GCCTCTATCGAATCCA-1,CrVg2wCD90R1
CrVg2wCD90R1_GCCTCTATCGGCCGAT-1,CrVg2wCD90R1
CrVg2wCD90R1_GCCTCTATCTTCATGT-1,CrVg2wCD90R1
CrVg2wCD90R1_GCGACCAAGCGCCTCA-1,CrVg2wCD90R1
CrVg2wCD90R1_GCGACCAAGCTAGTGG-1,CrVg2wCD90R1
CrVg2wCD90R1_GCGACCAAGTACGCCC-1,CrVg2wCD90R1
CrVg2wCD90R1_GCGACCACATGGAATA-1,CrVg2wCD90R1
CrVg2wCD90R1_GCGACCAGTATGAAAC-1,CrVg2wCD90R1
CrVg2wCD90R1_GCGACCAGTCATCCCT-1,CrVg2wCD90R1
CrVg2wCD90R1_GCGACCAGTCGGCACT-1,CrVg2wCD90R1
CrVg2wCD90R1_GCGACCAGTTCCAACA-1,CrVg2wCD90R1
CrVg2wCD90R1_GCGACCATCGGCGCTA-1,CrVg2wCD90R1
CrVg2wCD90R1_GCGACCATCTATGTGG-1,CrVg2wCD90R1
CrVg2wCD90R1_GCGACCATCTGAGGGA-1,CrVg2wCD90R1
CrVg2wCD90R1_GCGACCATCTGATTCT-1,CrVg2wCD90R1
CrVg2wCD90R1_GCGAGAAAGGTGCACA-1,CrVg2wCD90R1
CrVg2wCD90R1_GCGAGAAAGTTTCCTT-1,CrVg2wCD90R1
CrVg2wCD90R1_GCGAGAACACGCGAAA-1,CrVg2wCD90R1
CrVg2wCD90R1_GCGAGAAGTAAGGGCT-1,CrVg2wCD90R1
CrVg2wCD90R1_GCGAGAAGTAATAGCA-1,CrVg2wCD90R1
CrVg2wCD90R1_GCGAGAAGTTGTTTGG-1,CrVg2wCD90R1
CrVg2wCD90R1_GCGAGAATCACGCATA-1,CrVg2wCD90R1
CrVg2wCD90R1_GCGAGAATCAGTTTGG-1,CrVg2wCD90R1
CrVg2wCD90R1_GCGAGAATCCGTCATC-1,CrVg2wCD90R1
CrVg2wCD90R1_GCGCAACAGAATCTCC-1,CrVg2wCD90R1
CrVg2wCD90R1_GCGCAACAGACTTTCG-1,CrVg2wCD90R1
CrVg2wCD90R1_GCGCAACAGGTGCACA-1,CrVg2wCD90R1
CrVg2wCD90R1_GCGCAACAGTATCGAA-1,CrVg2wCD90R1
CrVg2wCD90R1_GCGCAACCAAAGCAAT-1,CrVg2wCD90R1
CrVg2wCD90R1_GCGCAACCATCGACGC-1,CrVg2wCD90R1
CrVg2wCD90R1_GCGCAACTCGATCCCT-1,CrVg2wCD90R1
CrVg2wCD90R1_GCGCAACTCTCGTTTA-1,CrVg2wCD90R1
CrVg2wCD90R1_GCGCAACTCTGCTTGC-1,CrVg2wCD90R1
CrVg2wCD90R1_GCGCAACTCTTGCATT-1,CrVg2wCD90R1
CrVg2wCD90R1_GCGCAGTAGAAGGCCT-1,CrVg2wCD90R1
CrVg2wCD90R1_GCGCAGTAGAATTCCC-1,CrVg2wCD90R1
CrVg2wCD90R1_GCGCAGTAGGCATGGT-1,CrVg2wCD90R1
CrVg2wCD90R1_GCGCAGTCAAGACGTG-1,CrVg2wCD90R1
CrVg2wCD90R1_GCGCAGTCATCGATGT-1,CrVg2wCD90R1
CrVg2wCD90R1_GCGCAGTGTACCTACA-1,CrVg2wCD90R1
CrVg2wCD90R1_GCGCAGTGTCACTGGC-1,CrVg2wCD90R1
CrVg2wCD90R1_GCGCAGTGTCGCGTGT-1,CrVg2wCD90R1
CrVg2wCD90R1_GCGCAGTTCTCGGACG-1,CrVg2wCD90R1
CrVg2wCD90R1_GCGCAGTTCTTACCGC-1,CrVg2wCD90R1
CrVg2wCD90R1_GCGCCAAAGCCATCGC-1,CrVg2wCD90R1
CrVg2wCD90R1_GCGCCAAAGTACCGGA-1,CrVg2wCD90R1
CrVg2wCD90R1_GCGCCAAAGTGGTAGC-1,CrVg2wCD90R1
CrVg2wCD90R1_GCGCCAACAAGCCCAC-1,CrVg2wCD90R1
CrVg2wCD90R1_GCGCCAACAGGAATCG-1,CrVg2wCD90R1
CrVg2wCD90R1_GCGCCAACAGTGAGTG-1,CrVg2wCD90R1
CrVg2wCD90R1_GCGCCAAGTGCGGTAA-1,CrVg2wCD90R1
CrVg2wCD90R1_GCGCCAAGTTTCCACC-1,CrVg2wCD90R1
CrVg2wCD90R1_GCGCCAATCTAACGGT-1,CrVg2wCD90R1
CrVg2wCD90R1_GCGCGATAGAGTTGGC-1,CrVg2wCD90R1
CrVg2wCD90R1_GCGCGATAGATGAGAG-1,CrVg2wCD90R1
CrVg2wCD90R1_GCGCGATAGCAACGGT-1,CrVg2wCD90R1
CrVg2wCD90R1_GCGCGATAGTACGCGA-1,CrVg2wCD90R1
CrVg2wCD90R1_GCGCGATAGTCCCACG-1,CrVg2wCD90R1
CrVg2wCD90R1_GCGCGATCAACACGCC-1,CrVg2wCD90R1
CrVg2wCD90R1_GCGCGATCATCACCCT-1,CrVg2wCD90R1
CrVg2wCD90R1_GCGCGATCATGAGCGA-1,CrVg2wCD90R1
CrVg2wCD90R1_GCGCGATGTCGGCACT-1,CrVg2wCD90R1
CrVg2wCD90R1_GCGCGATGTGATGATA-1,CrVg2wCD90R1
CrVg2wCD90R1_GCGCGATGTGCAACTT-1,CrVg2wCD90R1
CrVg2wCD90R1_GCGCGATTCTCAAACG-1,CrVg2wCD90R1
CrVg2wCD90R1_GCGCGATTCTGTCCGT-1,CrVg2wCD90R1
CrVg2wCD90R1_GCGGGTTCACGGTAAG-1,CrVg2wCD90R1
CrVg2wCD90R1_GCGGGTTCATACCATG-1,CrVg2wCD90R1
CrVg2wCD90R1_GCGGGTTCATGCTAGT-1,CrVg2wCD90R1
CrVg2wCD90R1_GCGGGTTGTCTCACCT-1,CrVg2wCD90R1
CrVg2wCD90R1_GCGGGTTGTTGCCTCT-1,CrVg2wCD90R1
CrVg2wCD90R1_GCGGGTTTCCACGTGG-1,CrVg2wCD90R1
CrVg2wCD90R1_GCGGGTTTCTCTGAGA-1,CrVg2wCD90R1
CrVg2wCD90R1_GCTCCTAAGACACTAA-1,CrVg2wCD90R1
CrVg2wCD90R1_GCTCCTACACCAGGCT-1,CrVg2wCD90R1
CrVg2wCD90R1_GCTCCTACACGACGAA-1,CrVg2wCD90R1
CrVg2wCD90R1_GCTCCTACAGCTGGCT-1,CrVg2wCD90R1
CrVg2wCD90R1_GCTCCTAGTGACGCCT-1,CrVg2wCD90R1
CrVg2wCD90R1_GCTCCTAGTTTGGCGC-1,CrVg2wCD90R1
CrVg2wCD90R1_GCTCCTATCACATAGC-1,CrVg2wCD90R1
CrVg2wCD90R1_GCTCCTATCCTGTAGA-1,CrVg2wCD90R1
CrVg2wCD90R1_GCTCCTATCTTACCGC-1,CrVg2wCD90R1
CrVg2wCD90R1_GCTCTGTAGAATGTGT-1,CrVg2wCD90R1
CrVg2wCD90R1_GCTCTGTAGGCCATAG-1,CrVg2wCD90R1
CrVg2wCD90R1_GCTCTGTCAAGCGTAG-1,CrVg2wCD90R1
CrVg2wCD90R1_GCTCTGTCACACCGAC-1,CrVg2wCD90R1
CrVg2wCD90R1_GCTCTGTCATAGAAAC-1,CrVg2wCD90R1
CrVg2wCD90R1_GCTCTGTGTCATTAGC-1,CrVg2wCD90R1
CrVg2wCD90R1_GCTCTGTGTGACTCAT-1,CrVg2wCD90R1
CrVg2wCD90R1_GCTCTGTTCATATCGG-1,CrVg2wCD90R1
CrVg2wCD90R1_GCTCTGTTCATTATCC-1,CrVg2wCD90R1
CrVg2wCD90R1_GCTCTGTTCGTATCAG-1,CrVg2wCD90R1
CrVg2wCD90R1_GCTCTGTTCTGGCGTG-1,CrVg2wCD90R1
CrVg2wCD90R1_GCTCTGTTCTTCTGGC-1,CrVg2wCD90R1
CrVg2wCD90R1_GCTGCAGAGAATTGTG-1,CrVg2wCD90R1
CrVg2wCD90R1_GCTGCAGAGACTAGAT-1,CrVg2wCD90R1
CrVg2wCD90R1_GCTGCAGAGACTAGGC-1,CrVg2wCD90R1
CrVg2wCD90R1_GCTGCAGAGCGAAGGG-1,CrVg2wCD90R1
CrVg2wCD90R1_GCTGCAGAGTGTTTGC-1,CrVg2wCD90R1
CrVg2wCD90R1_GCTGCAGCATCTCCCA-1,CrVg2wCD90R1
CrVg2wCD90R1_GCTGCAGCATGTCGAT-1,CrVg2wCD90R1
CrVg2wCD90R1_GCTGCAGGTCAGAATA-1,CrVg2wCD90R1
CrVg2wCD90R1_GCTGCAGGTCTGCGGT-1,CrVg2wCD90R1
CrVg2wCD90R1_GCTGCAGTCAAACCAC-1,CrVg2wCD90R1
CrVg2wCD90R1_GCTGCAGTCGCCGTGA-1,CrVg2wCD90R1
CrVg2wCD90R1_GCTGCAGTCTGCTGCT-1,CrVg2wCD90R1
CrVg2wCD90R1_GCTGCGAAGAACTGTA-1,CrVg2wCD90R1
CrVg2wCD90R1_GCTGCGAAGCTGAACG-1,CrVg2wCD90R1
CrVg2wCD90R1_GCTGCGAAGGCGTACA-1,CrVg2wCD90R1
CrVg2wCD90R1_GCTGCGAAGTGCCAGA-1,CrVg2wCD90R1
CrVg2wCD90R1_GCTGCGAAGTGTCCAT-1,CrVg2wCD90R1
CrVg2wCD90R1_GCTGCGACAATCACAC-1,CrVg2wCD90R1
CrVg2wCD90R1_GCTGCGACATTTCAGG-1,CrVg2wCD90R1
CrVg2wCD90R1_GCTGCGAGTAAGTAGT-1,CrVg2wCD90R1
CrVg2wCD90R1_GCTGCGATCTGCCAGG-1,CrVg2wCD90R1
CrVg2wCD90R1_GCTGCGATCTGGTGTA-1,CrVg2wCD90R1
CrVg2wCD90R1_GCTGCTTAGCTGCAAG-1,CrVg2wCD90R1
CrVg2wCD90R1_GCTGCTTAGTGAAGAG-1,CrVg2wCD90R1
CrVg2wCD90R1_GCTGCTTCACATCCAA-1,CrVg2wCD90R1
CrVg2wCD90R1_GCTGCTTCACCTATCC-1,CrVg2wCD90R1
CrVg2wCD90R1_GCTGCTTCATCGACGC-1,CrVg2wCD90R1
CrVg2wCD90R1_GCTGCTTGTCAACTGT-1,CrVg2wCD90R1
CrVg2wCD90R1_GCTGCTTGTGTCCTCT-1,CrVg2wCD90R1
CrVg2wCD90R1_GCTGCTTGTTCCGTCT-1,CrVg2wCD90R1
CrVg2wCD90R1_GCTGCTTTCAAAGACA-1,CrVg2wCD90R1
CrVg2wCD90R1_GCTGCTTTCAGTACGT-1,CrVg2wCD90R1
CrVg2wCD90R1_GCTGCTTTCCAAATGC-1,CrVg2wCD90R1
CrVg2wCD90R1_GCTGCTTTCCCATTTA-1,CrVg2wCD90R1
CrVg2wCD90R1_GCTGCTTTCTCAAGTG-1,CrVg2wCD90R1
CrVg2wCD90R1_GCTGGGTAGATAGCAT-1,CrVg2wCD90R1
CrVg2wCD90R1_GCTGGGTAGCGTGAGT-1,CrVg2wCD90R1
CrVg2wCD90R1_GCTGGGTAGGATCGCA-1,CrVg2wCD90R1
CrVg2wCD90R1_GCTGGGTCACTGTGTA-1,CrVg2wCD90R1
CrVg2wCD90R1_GCTGGGTCAGCCTGTG-1,CrVg2wCD90R1
CrVg2wCD90R1_GCTGGGTGTAGAGCTG-1,CrVg2wCD90R1
CrVg2wCD90R1_GCTGGGTGTCTCGTTC-1,CrVg2wCD90R1
CrVg2wCD90R1_GCTGGGTGTGGCTCCA-1,CrVg2wCD90R1
CrVg2wCD90R1_GCTGGGTGTGGTGTAG-1,CrVg2wCD90R1
CrVg2wCD90R1_GCTGGGTGTTCCGGCA-1,CrVg2wCD90R1
CrVg2wCD90R1_GCTGGGTGTTGGTGGA-1,CrVg2wCD90R1
CrVg2wCD90R1_GCTGGGTTCAGCAACT-1,CrVg2wCD90R1
CrVg2wCD90R1_GCTGGGTTCGCATGAT-1,CrVg2wCD90R1
CrVg2wCD90R1_GCTTCCAAGAGTCGGT-1,CrVg2wCD90R1
CrVg2wCD90R1_GCTTCCAAGCCCAATT-1,CrVg2wCD90R1
CrVg2wCD90R1_GCTTCCAAGGGTGTTG-1,CrVg2wCD90R1
CrVg2wCD90R1_GCTTCCAAGTCCAGGA-1,CrVg2wCD90R1
CrVg2wCD90R1_GCTTCCACACATGACT-1,CrVg2wCD90R1
CrVg2wCD90R1_GCTTCCACAGCGTAAG-1,CrVg2wCD90R1
CrVg2wCD90R1_GCTTCCACAGGGAGAG-1,CrVg2wCD90R1
CrVg2wCD90R1_GCTTCCAGTAAGGGAA-1,CrVg2wCD90R1
CrVg2wCD90R1_GCTTCCAGTGTGTGCC-1,CrVg2wCD90R1
CrVg2wCD90R1_GCTTCCATCACCGGGT-1,CrVg2wCD90R1
CrVg2wCD90R1_GCTTCCATCCCAGGTG-1,CrVg2wCD90R1
CrVg2wCD90R1_GCTTCCATCCTTAATC-1,CrVg2wCD90R1
CrVg2wCD90R1_GCTTCCATCGCATGGC-1,CrVg2wCD90R1
CrVg2wCD90R1_GCTTGAAAGCAGCCTC-1,CrVg2wCD90R1
CrVg2wCD90R1_GCTTGAAAGTGGGCTA-1,CrVg2wCD90R1
CrVg2wCD90R1_GCTTGAACACAGCGTC-1,CrVg2wCD90R1
CrVg2wCD90R1_GCTTGAAGTAAACCTC-1,CrVg2wCD90R1
CrVg2wCD90R1_GCTTGAAGTCTGATTG-1,CrVg2wCD90R1
CrVg2wCD90R1_GCTTGAAGTGTAATGA-1,CrVg2wCD90R1
CrVg2wCD90R1_GCTTGAAGTGTCAATC-1,CrVg2wCD90R1
CrVg2wCD90R1_GCTTGAAGTGTTCTTT-1,CrVg2wCD90R1
CrVg2wCD90R1_GCTTGAAGTTGTGGCC-1,CrVg2wCD90R1
CrVg2wCD90R1_GCTTGAATCAAACGGG-1,CrVg2wCD90R1
CrVg2wCD90R1_GCTTGAATCCACGAAT-1,CrVg2wCD90R1
CrVg2wCD90R1_GCTTGAATCCTTTCTC-1,CrVg2wCD90R1
CrVg2wCD90R1_GCTTGAATCTTGAGAC-1,CrVg2wCD90R1
CrVg2wCD90R1_GGAAAGCAGCAATATG-1,CrVg2wCD90R1
CrVg2wCD90R1_GGAAAGCAGTGCTGCC-1,CrVg2wCD90R1
CrVg2wCD90R1_GGAAAGCCAGGATTGG-1,CrVg2wCD90R1
CrVg2wCD90R1_GGAAAGCCAGTAACGG-1,CrVg2wCD90R1
CrVg2wCD90R1_GGAAAGCGTCAATACC-1,CrVg2wCD90R1
CrVg2wCD90R1_GGAAAGCGTCACACGC-1,CrVg2wCD90R1
CrVg2wCD90R1_GGAAAGCGTCGCTTTC-1,CrVg2wCD90R1
CrVg2wCD90R1_GGAAAGCGTGCTTCTC-1,CrVg2wCD90R1
CrVg2wCD90R1_GGAAAGCGTGGCGAAT-1,CrVg2wCD90R1
CrVg2wCD90R1_GGAAAGCGTTTGACTG-1,CrVg2wCD90R1
CrVg2wCD90R1_GGAAAGCTCAGCTCTC-1,CrVg2wCD90R1
CrVg2wCD90R1_GGAAAGCTCTGGTTCC-1,CrVg2wCD90R1
CrVg2wCD90R1_GGAACTTAGACTCGGA-1,CrVg2wCD90R1
CrVg2wCD90R1_GGAACTTAGATTACCC-1,CrVg2wCD90R1
CrVg2wCD90R1_GGAACTTAGCACCGTC-1,CrVg2wCD90R1
CrVg2wCD90R1_GGAACTTAGCCGCCTA-1,CrVg2wCD90R1
CrVg2wCD90R1_GGAACTTAGCTATGCT-1,CrVg2wCD90R1
CrVg2wCD90R1_GGAACTTAGGAGTTGC-1,CrVg2wCD90R1
CrVg2wCD90R1_GGAACTTAGGGTGTGT-1,CrVg2wCD90R1
CrVg2wCD90R1_GGAACTTAGTTGTCGT-1,CrVg2wCD90R1
CrVg2wCD90R1_GGAACTTCAAGTCATC-1,CrVg2wCD90R1
CrVg2wCD90R1_GGAACTTCAGCCAGAA-1,CrVg2wCD90R1
CrVg2wCD90R1_GGAACTTCATCAGTAC-1,CrVg2wCD90R1
CrVg2wCD90R1_GGAACTTGTTCCATGA-1,CrVg2wCD90R1
CrVg2wCD90R1_GGAATAAAGCTAACAA-1,CrVg2wCD90R1
CrVg2wCD90R1_GGAATAAAGGCAGTCA-1,CrVg2wCD90R1
CrVg2wCD90R1_GGAATAAAGTACTTGC-1,CrVg2wCD90R1
CrVg2wCD90R1_GGAATAAAGTAGGTGC-1,CrVg2wCD90R1
CrVg2wCD90R1_GGAATAAAGTCCATAC-1,CrVg2wCD90R1
CrVg2wCD90R1_GGAATAACAATGACCT-1,CrVg2wCD90R1
CrVg2wCD90R1_GGAATAACAGCGTTCG-1,CrVg2wCD90R1
CrVg2wCD90R1_GGAATAACAGGGATTG-1,CrVg2wCD90R1
CrVg2wCD90R1_GGAATAACATTGAGCT-1,CrVg2wCD90R1
CrVg2wCD90R1_GGAATAAGTCGAGATG-1,CrVg2wCD90R1
CrVg2wCD90R1_GGAATAAGTGATGATA-1,CrVg2wCD90R1
CrVg2wCD90R1_GGAATAAGTGTTAAGA-1,CrVg2wCD90R1
CrVg2wCD90R1_GGAATAATCAAGGTAA-1,CrVg2wCD90R1
CrVg2wCD90R1_GGAATAATCACCCTCA-1,CrVg2wCD90R1
CrVg2wCD90R1_GGAATAATCAGTTGAC-1,CrVg2wCD90R1
CrVg2wCD90R1_GGAATAATCGCGATCG-1,CrVg2wCD90R1
CrVg2wCD90R1_GGAATAATCTCCAACC-1,CrVg2wCD90R1
CrVg2wCD90R1_GGACAAGAGAAGGTGA-1,CrVg2wCD90R1
CrVg2wCD90R1_GGACAAGAGACACTAA-1,CrVg2wCD90R1
CrVg2wCD90R1_GGACAAGAGTAACCCT-1,CrVg2wCD90R1
CrVg2wCD90R1_GGACAAGAGTCGATAA-1,CrVg2wCD90R1
CrVg2wCD90R1_GGACAAGAGTTAGGTA-1,CrVg2wCD90R1
CrVg2wCD90R1_GGACAAGGTAGCACGA-1,CrVg2wCD90R1
CrVg2wCD90R1_GGACAAGGTCTAAACC-1,CrVg2wCD90R1
CrVg2wCD90R1_GGACAAGGTGCACCAC-1,CrVg2wCD90R1
CrVg2wCD90R1_GGACAAGTCACAGTAC-1,CrVg2wCD90R1
CrVg2wCD90R1_GGACAAGTCATGCATG-1,CrVg2wCD90R1
CrVg2wCD90R1_GGACAAGTCCGCATAA-1,CrVg2wCD90R1
CrVg2wCD90R1_GGACAAGTCGCTTGTC-1,CrVg2wCD90R1
CrVg2wCD90R1_GGACAAGTCTGCCAGG-1,CrVg2wCD90R1
CrVg2wCD90R1_GGACAAGTCTGTCCGT-1,CrVg2wCD90R1
CrVg2wCD90R1_GGACAAGTCTGTCTAT-1,CrVg2wCD90R1
CrVg2wCD90R1_GGACAGAAGCCACTAT-1,CrVg2wCD90R1
CrVg2wCD90R1_GGACAGAAGCTGAAAT-1,CrVg2wCD90R1
CrVg2wCD90R1_GGACAGACAAGAAAGG-1,CrVg2wCD90R1
CrVg2wCD90R1_GGACAGACACAGATTC-1,CrVg2wCD90R1
CrVg2wCD90R1_GGACAGACACCCTATC-1,CrVg2wCD90R1
CrVg2wCD90R1_GGACAGACACGTTGGC-1,CrVg2wCD90R1
CrVg2wCD90R1_GGACAGACAGCGTCCA-1,CrVg2wCD90R1
CrVg2wCD90R1_GGACAGACAGGTGGAT-1,CrVg2wCD90R1
CrVg2wCD90R1_GGACAGACAGTCACTA-1,CrVg2wCD90R1
CrVg2wCD90R1_GGACAGACATGTAGTC-1,CrVg2wCD90R1
CrVg2wCD90R1_GGACAGAGTAATAGCA-1,CrVg2wCD90R1
CrVg2wCD90R1_GGACAGAGTACCGTAT-1,CrVg2wCD90R1
CrVg2wCD90R1_GGACAGAGTATTACCG-1,CrVg2wCD90R1
CrVg2wCD90R1_GGACAGATCCCTAACC-1,CrVg2wCD90R1
CrVg2wCD90R1_GGACAGATCCGCATAA-1,CrVg2wCD90R1
CrVg2wCD90R1_GGACAGATCGGTGTTA-1,CrVg2wCD90R1
CrVg2wCD90R1_GGACATTAGAAGCCCA-1,CrVg2wCD90R1
CrVg2wCD90R1_GGACATTAGCCGATTT-1,CrVg2wCD90R1
CrVg2wCD90R1_GGACATTAGCGCCTTG-1,CrVg2wCD90R1
CrVg2wCD90R1_GGACATTAGCGTTGCC-1,CrVg2wCD90R1
CrVg2wCD90R1_GGACATTAGTAAGTAC-1,CrVg2wCD90R1
CrVg2wCD90R1_GGACATTCAAAGAATC-1,CrVg2wCD90R1
CrVg2wCD90R1_GGACATTCAATCGAAA-1,CrVg2wCD90R1
CrVg2wCD90R1_GGACATTCAGCTGCTG-1,CrVg2wCD90R1
CrVg2wCD90R1_GGACATTCATACTCTT-1,CrVg2wCD90R1
CrVg2wCD90R1_GGACATTCATCACGAT-1,CrVg2wCD90R1
CrVg2wCD90R1_GGACATTCATCGGACC-1,CrVg2wCD90R1
CrVg2wCD90R1_GGACATTGTAGCTTGT-1,CrVg2wCD90R1
CrVg2wCD90R1_GGACATTGTCCTGCTT-1,CrVg2wCD90R1
CrVg2wCD90R1_GGACATTTCATGTGGT-1,CrVg2wCD90R1
CrVg2wCD90R1_GGACATTTCGAACTGT-1,CrVg2wCD90R1
CrVg2wCD90R1_GGACATTTCGCCAAAT-1,CrVg2wCD90R1
CrVg2wCD90R1_GGACATTTCGTAGATC-1,CrVg2wCD90R1
CrVg2wCD90R1_GGACGTCAGGCTACGA-1,CrVg2wCD90R1
CrVg2wCD90R1_GGACGTCAGTTATCGC-1,CrVg2wCD90R1
CrVg2wCD90R1_GGACGTCCAACACCCG-1,CrVg2wCD90R1
CrVg2wCD90R1_GGACGTCCAGCAGTTT-1,CrVg2wCD90R1
CrVg2wCD90R1_GGACGTCCAGTTCATG-1,CrVg2wCD90R1
CrVg2wCD90R1_GGACGTCCATTGGTAC-1,CrVg2wCD90R1
CrVg2wCD90R1_GGACGTCGTAGCTTGT-1,CrVg2wCD90R1
CrVg2wCD90R1_GGACGTCTCGAACTGT-1,CrVg2wCD90R1
CrVg2wCD90R1_GGACGTCTCGTTTAGG-1,CrVg2wCD90R1
CrVg2wCD90R1_GGACGTCTCTAACGGT-1,CrVg2wCD90R1
CrVg2wCD90R1_GGACGTCTCTGGCGAC-1,CrVg2wCD90R1
CrVg2wCD90R1_GGAGCAAAGCGTTTAC-1,CrVg2wCD90R1
CrVg2wCD90R1_GGAGCAAAGCTAAGAT-1,CrVg2wCD90R1
CrVg2wCD90R1_GGAGCAAAGCTGTTCA-1,CrVg2wCD90R1
CrVg2wCD90R1_GGAGCAACACGGACAA-1,CrVg2wCD90R1
CrVg2wCD90R1_GGAGCAACATTATCTC-1,CrVg2wCD90R1
CrVg2wCD90R1_GGAGCAAGTACATCCA-1,CrVg2wCD90R1
CrVg2wCD90R1_GGAGCAAGTAGATTAG-1,CrVg2wCD90R1
CrVg2wCD90R1_GGAGCAAGTAGCCTCG-1,CrVg2wCD90R1
CrVg2wCD90R1_GGAGCAAGTATAGGGC-1,CrVg2wCD90R1
CrVg2wCD90R1_GGAGCAAGTTGGAGGT-1,CrVg2wCD90R1
CrVg2wCD90R1_GGAGCAATCAATCACG-1,CrVg2wCD90R1
CrVg2wCD90R1_GGAGCAATCACCTCGT-1,CrVg2wCD90R1
CrVg2wCD90R1_GGAGCAATCATCACCC-1,CrVg2wCD90R1
CrVg2wCD90R1_GGAGCAATCATTTGGG-1,CrVg2wCD90R1
CrVg2wCD90R1_GGAGCAATCTCGGACG-1,CrVg2wCD90R1
CrVg2wCD90R1_GGATGTTAGATATGGT-1,CrVg2wCD90R1
CrVg2wCD90R1_GGATGTTAGGGAGTAA-1,CrVg2wCD90R1
CrVg2wCD90R1_GGATGTTCAAACCTAC-1,CrVg2wCD90R1
CrVg2wCD90R1_GGATGTTCATACCATG-1,CrVg2wCD90R1
CrVg2wCD90R1_GGATGTTGTCTCTCTG-1,CrVg2wCD90R1
CrVg2wCD90R1_GGATGTTTCAATACCG-1,CrVg2wCD90R1
CrVg2wCD90R1_GGATGTTTCCTACAGA-1,CrVg2wCD90R1
CrVg2wCD90R1_GGATGTTTCTGTCAAG-1,CrVg2wCD90R1
CrVg2wCD90R1_GGATTACAGCCCTAAT-1,CrVg2wCD90R1
CrVg2wCD90R1_GGATTACAGGCAGTCA-1,CrVg2wCD90R1
CrVg2wCD90R1_GGATTACAGTGAAGAG-1,CrVg2wCD90R1
CrVg2wCD90R1_GGATTACAGTTGAGTA-1,CrVg2wCD90R1
CrVg2wCD90R1_GGATTACCAGATTGCT-1,CrVg2wCD90R1
CrVg2wCD90R1_GGATTACCATCCGTGG-1,CrVg2wCD90R1
CrVg2wCD90R1_GGATTACGTAGCCTAT-1,CrVg2wCD90R1
CrVg2wCD90R1_GGATTACGTGTAACGG-1,CrVg2wCD90R1
CrVg2wCD90R1_GGATTACGTTGGTGGA-1,CrVg2wCD90R1
CrVg2wCD90R1_GGATTACTCACTTACT-1,CrVg2wCD90R1
CrVg2wCD90R1_GGATTACTCCCAACGG-1,CrVg2wCD90R1
CrVg2wCD90R1_GGATTACTCTTGGGTA-1,CrVg2wCD90R1
CrVg2wCD90R1_GGCAATTAGAGCAATT-1,CrVg2wCD90R1
CrVg2wCD90R1_GGCAATTAGGTGCTAG-1,CrVg2wCD90R1
CrVg2wCD90R1_GGCAATTAGGTTCCTA-1,CrVg2wCD90R1
CrVg2wCD90R1_GGCAATTCATAGAAAC-1,CrVg2wCD90R1
CrVg2wCD90R1_GGCAATTCATATGCTG-1,CrVg2wCD90R1
CrVg2wCD90R1_GGCAATTGTCATCCCT-1,CrVg2wCD90R1
CrVg2wCD90R1_GGCAATTGTCTGCCAG-1,CrVg2wCD90R1
CrVg2wCD90R1_GGCAATTTCATGCATG-1,CrVg2wCD90R1
CrVg2wCD90R1_GGCAATTTCTGTCTCG-1,CrVg2wCD90R1
CrVg2wCD90R1_GGCAATTTCTTCCTTC-1,CrVg2wCD90R1
CrVg2wCD90R1_GGCCGATAGAAACCTA-1,CrVg2wCD90R1
CrVg2wCD90R1_GGCCGATAGAAGGGTA-1,CrVg2wCD90R1
CrVg2wCD90R1_GGCCGATAGACTACAA-1,CrVg2wCD90R1
CrVg2wCD90R1_GGCCGATAGATATGCA-1,CrVg2wCD90R1
CrVg2wCD90R1_GGCCGATAGTCATCCA-1,CrVg2wCD90R1
CrVg2wCD90R1_GGCCGATAGTTGAGAT-1,CrVg2wCD90R1
CrVg2wCD90R1_GGCCGATCAACACCCG-1,CrVg2wCD90R1
CrVg2wCD90R1_GGCCGATCAAGCCGTC-1,CrVg2wCD90R1
CrVg2wCD90R1_GGCCGATCAATGGAAT-1,CrVg2wCD90R1
CrVg2wCD90R1_GGCCGATCACAAGACG-1,CrVg2wCD90R1
CrVg2wCD90R1_GGCCGATCAGACAGGT-1,CrVg2wCD90R1
CrVg2wCD90R1_GGCCGATCAGCCACCA-1,CrVg2wCD90R1
CrVg2wCD90R1_GGCCGATCAGTAAGAT-1,CrVg2wCD90R1
CrVg2wCD90R1_GGCCGATCAGTATAAG-1,CrVg2wCD90R1
CrVg2wCD90R1_GGCCGATGTAGAGGAA-1,CrVg2wCD90R1
CrVg2wCD90R1_GGCCGATGTCAGATAA-1,CrVg2wCD90R1
CrVg2wCD90R1_GGCCGATGTCTTCTCG-1,CrVg2wCD90R1
CrVg2wCD90R1_GGCCGATGTGTGCCTG-1,CrVg2wCD90R1
CrVg2wCD90R1_GGCCGATGTGTTTGGT-1,CrVg2wCD90R1
CrVg2wCD90R1_GGCCGATGTTACGGAG-1,CrVg2wCD90R1
CrVg2wCD90R1_GGCCGATGTTAGTGGG-1,CrVg2wCD90R1
CrVg2wCD90R1_GGCCGATTCCACGAAT-1,CrVg2wCD90R1
CrVg2wCD90R1_GGCCGATTCCAGGGCT-1,CrVg2wCD90R1
CrVg2wCD90R1_GGCCGATTCCGAATGT-1,CrVg2wCD90R1
CrVg2wCD90R1_GGCCGATTCGGCGCAT-1,CrVg2wCD90R1
CrVg2wCD90R1_GGCCGATTCTTTAGTC-1,CrVg2wCD90R1
CrVg2wCD90R1_GGCGACTAGATGTAAC-1,CrVg2wCD90R1
CrVg2wCD90R1_GGCGACTAGCGCTCCA-1,CrVg2wCD90R1
CrVg2wCD90R1_GGCGACTAGGTAGCTG-1,CrVg2wCD90R1
CrVg2wCD90R1_GGCGACTCAATAGCAA-1,CrVg2wCD90R1
CrVg2wCD90R1_GGCGACTCAATGGAGC-1,CrVg2wCD90R1
CrVg2wCD90R1_GGCGACTCACACCGCA-1,CrVg2wCD90R1
CrVg2wCD90R1_GGCGACTCAGACAGGT-1,CrVg2wCD90R1
CrVg2wCD90R1_GGCGACTGTCGGATCC-1,CrVg2wCD90R1
CrVg2wCD90R1_GGCGACTTCCTCATTA-1,CrVg2wCD90R1
CrVg2wCD90R1_GGCGACTTCTGCCAGG-1,CrVg2wCD90R1
CrVg2wCD90R1_GGCGACTTCTTAGCCC-1,CrVg2wCD90R1
CrVg2wCD90R1_GGCGTGTAGAGACTAT-1,CrVg2wCD90R1
CrVg2wCD90R1_GGCGTGTCAACACCCG-1,CrVg2wCD90R1
CrVg2wCD90R1_GGCGTGTCACGGTAGA-1,CrVg2wCD90R1
CrVg2wCD90R1_GGCGTGTCAGTATGCT-1,CrVg2wCD90R1
CrVg2wCD90R1_GGCGTGTGTCAGCTAT-1,CrVg2wCD90R1
CrVg2wCD90R1_GGCGTGTGTCCCGACA-1,CrVg2wCD90R1
CrVg2wCD90R1_GGCGTGTGTCGTTGTA-1,CrVg2wCD90R1
CrVg2wCD90R1_GGCGTGTTCATCACCC-1,CrVg2wCD90R1
CrVg2wCD90R1_GGCGTGTTCGCGTAGC-1,CrVg2wCD90R1
CrVg2wCD90R1_GGCGTGTTCGGCGCAT-1,CrVg2wCD90R1
CrVg2wCD90R1_GGCGTGTTCTCCAACC-1,CrVg2wCD90R1
CrVg2wCD90R1_GGCTCGAAGAATGTTG-1,CrVg2wCD90R1
CrVg2wCD90R1_GGCTCGAAGACCCACC-1,CrVg2wCD90R1
CrVg2wCD90R1_GGCTCGAAGCCCAGCT-1,CrVg2wCD90R1
CrVg2wCD90R1_GGCTCGACACGTCTCT-1,CrVg2wCD90R1
CrVg2wCD90R1_GGCTCGAGTTCAGACT-1,CrVg2wCD90R1
CrVg2wCD90R1_GGCTCGAGTTCCACTC-1,CrVg2wCD90R1
CrVg2wCD90R1_GGCTCGAGTTTGACTG-1,CrVg2wCD90R1
CrVg2wCD90R1_GGCTCGATCAAGATCC-1,CrVg2wCD90R1
CrVg2wCD90R1_GGCTCGATCACGCGGT-1,CrVg2wCD90R1
CrVg2wCD90R1_GGCTCGATCCTCTAGC-1,CrVg2wCD90R1
CrVg2wCD90R1_GGCTCGATCTATGTGG-1,CrVg2wCD90R1
CrVg2wCD90R1_GGCTGGTAGATCACGG-1,CrVg2wCD90R1
CrVg2wCD90R1_GGCTGGTAGCATCATC-1,CrVg2wCD90R1
CrVg2wCD90R1_GGCTGGTAGCGTCAAG-1,CrVg2wCD90R1
CrVg2wCD90R1_GGCTGGTAGGGTTCCC-1,CrVg2wCD90R1
CrVg2wCD90R1_GGCTGGTAGTGCGATG-1,CrVg2wCD90R1
CrVg2wCD90R1_GGCTGGTCAACTGCGC-1,CrVg2wCD90R1
CrVg2wCD90R1_GGCTGGTCAGATCGGA-1,CrVg2wCD90R1
CrVg2wCD90R1_GGCTGGTTCCTTTCGG-1,CrVg2wCD90R1
CrVg2wCD90R1_GGCTGGTTCGTAGATC-1,CrVg2wCD90R1
CrVg2wCD90R1_GGGAATGAGGATGGAA-1,CrVg2wCD90R1
CrVg2wCD90R1_GGGAATGAGTTAACGA-1,CrVg2wCD90R1
CrVg2wCD90R1_GGGAATGAGTTCGCAT-1,CrVg2wCD90R1
CrVg2wCD90R1_GGGAATGCAACACCTA-1,CrVg2wCD90R1
CrVg2wCD90R1_GGGAATGCAAGCGAGT-1,CrVg2wCD90R1
CrVg2wCD90R1_GGGAATGCAAGCTGAG-1,CrVg2wCD90R1
CrVg2wCD90R1_GGGAATGGTAAGGATT-1,CrVg2wCD90R1
CrVg2wCD90R1_GGGAATGGTATAGGGC-1,CrVg2wCD90R1
CrVg2wCD90R1_GGGAATGGTATCGCAT-1,CrVg2wCD90R1
CrVg2wCD90R1_GGGAATGGTATTCTCT-1,CrVg2wCD90R1
CrVg2wCD90R1_GGGAATGGTCGAATCT-1,CrVg2wCD90R1
CrVg2wCD90R1_GGGAATGGTCTTCAAG-1,CrVg2wCD90R1
CrVg2wCD90R1_GGGAATGGTGGCCCTA-1,CrVg2wCD90R1
CrVg2wCD90R1_GGGAATGGTTTGCATG-1,CrVg2wCD90R1
CrVg2wCD90R1_GGGAATGTCAACGGCC-1,CrVg2wCD90R1
CrVg2wCD90R1_GGGAATGTCATGCTCC-1,CrVg2wCD90R1
CrVg2wCD90R1_GGGAATGTCCGCAGTG-1,CrVg2wCD90R1
CrVg2wCD90R1_GGGAATGTCGGATGGA-1,CrVg2wCD90R1
CrVg2wCD90R1_GGGACCTAGACCTAGG-1,CrVg2wCD90R1
CrVg2wCD90R1_GGGACCTAGATGCCAG-1,CrVg2wCD90R1
CrVg2wCD90R1_GGGACCTAGGCAGTCA-1,CrVg2wCD90R1
CrVg2wCD90R1_GGGACCTAGGGAAACA-1,CrVg2wCD90R1
CrVg2wCD90R1_GGGACCTAGGTCGGAT-1,CrVg2wCD90R1
CrVg2wCD90R1_GGGACCTAGGTTACCT-1,CrVg2wCD90R1
CrVg2wCD90R1_GGGACCTCACGTCAGC-1,CrVg2wCD90R1
CrVg2wCD90R1_GGGACCTCAGGAATGC-1,CrVg2wCD90R1
CrVg2wCD90R1_GGGACCTCAGTCGTGC-1,CrVg2wCD90R1
CrVg2wCD90R1_GGGACCTGTACTCGCG-1,CrVg2wCD90R1
CrVg2wCD90R1_GGGACCTTCAACGCTA-1,CrVg2wCD90R1
CrVg2wCD90R1_GGGACCTTCAGAGCTT-1,CrVg2wCD90R1
CrVg2wCD90R1_GGGACCTTCGCAAGCC-1,CrVg2wCD90R1
CrVg2wCD90R1_GGGACCTTCTGGAGCC-1,CrVg2wCD90R1
CrVg2wCD90R1_GGGAGATAGAGAACAG-1,CrVg2wCD90R1
CrVg2wCD90R1_GGGAGATAGATATACG-1,CrVg2wCD90R1
CrVg2wCD90R1_GGGAGATAGCAATCTC-1,CrVg2wCD90R1
CrVg2wCD90R1_GGGAGATAGCAGCGTA-1,CrVg2wCD90R1
CrVg2wCD90R1_GGGAGATAGCGTTTAC-1,CrVg2wCD90R1
CrVg2wCD90R1_GGGAGATAGGTTACCT-1,CrVg2wCD90R1
CrVg2wCD90R1_GGGAGATCAAGTCTGT-1,CrVg2wCD90R1
CrVg2wCD90R1_GGGAGATCATGCCACG-1,CrVg2wCD90R1
CrVg2wCD90R1_GGGAGATCATTCCTGC-1,CrVg2wCD90R1
CrVg2wCD90R1_GGGAGATCATTGAGCT-1,CrVg2wCD90R1
CrVg2wCD90R1_GGGAGATGTACACCGC-1,CrVg2wCD90R1
CrVg2wCD90R1_GGGAGATGTAGAGTGC-1,CrVg2wCD90R1
CrVg2wCD90R1_GGGAGATGTGTGGCTC-1,CrVg2wCD90R1
CrVg2wCD90R1_GGGAGATGTTATCGGT-1,CrVg2wCD90R1
CrVg2wCD90R1_GGGAGATGTTGGTGGA-1,CrVg2wCD90R1
CrVg2wCD90R1_GGGAGATTCCCTTGCA-1,CrVg2wCD90R1
CrVg2wCD90R1_GGGAGATTCCGTACAA-1,CrVg2wCD90R1
CrVg2wCD90R1_GGGAGATTCCTCAATT-1,CrVg2wCD90R1
CrVg2wCD90R1_GGGATGAAGACGCAAC-1,CrVg2wCD90R1
CrVg2wCD90R1_GGGATGAAGACTAAGT-1,CrVg2wCD90R1
CrVg2wCD90R1_GGGATGAAGCGTCTAT-1,CrVg2wCD90R1
CrVg2wCD90R1_GGGATGAAGTGCGATG-1,CrVg2wCD90R1
CrVg2wCD90R1_GGGATGAAGTTACCCA-1,CrVg2wCD90R1
CrVg2wCD90R1_GGGATGACACATCTTT-1,CrVg2wCD90R1
CrVg2wCD90R1_GGGATGAGTAGCACGA-1,CrVg2wCD90R1
CrVg2wCD90R1_GGGATGAGTCATTAGC-1,CrVg2wCD90R1
CrVg2wCD90R1_GGGATGAGTCGGATCC-1,CrVg2wCD90R1
CrVg2wCD90R1_GGGATGAGTTAAGGGC-1,CrVg2wCD90R1
CrVg2wCD90R1_GGGATGAGTTCCACAA-1,CrVg2wCD90R1
CrVg2wCD90R1_GGGATGATCAACACTG-1,CrVg2wCD90R1
CrVg2wCD90R1_GGGATGATCCGGGTGT-1,CrVg2wCD90R1
CrVg2wCD90R1_GGGCACTAGTACATGA-1,CrVg2wCD90R1
CrVg2wCD90R1_GGGCACTCACCAACCG-1,CrVg2wCD90R1
CrVg2wCD90R1_GGGCACTCACCATCCT-1,CrVg2wCD90R1
CrVg2wCD90R1_GGGCACTGTAGCGATG-1,CrVg2wCD90R1
CrVg2wCD90R1_GGGCACTGTATATGAG-1,CrVg2wCD90R1
CrVg2wCD90R1_GGGCACTTCAACGGGA-1,CrVg2wCD90R1
CrVg2wCD90R1_GGGCACTTCTCGCATC-1,CrVg2wCD90R1
CrVg2wCD90R1_GGGCACTTCTGATTCT-1,CrVg2wCD90R1
CrVg2wCD90R1_GGGCACTTCTGGAGCC-1,CrVg2wCD90R1
CrVg2wCD90R1_GGGCATCAGAGTGACC-1,CrVg2wCD90R1
CrVg2wCD90R1_GGGCATCAGCTCCTTC-1,CrVg2wCD90R1
CrVg2wCD90R1_GGGCATCAGTACGATA-1,CrVg2wCD90R1
CrVg2wCD90R1_GGGCATCCATAAGACA-1,CrVg2wCD90R1
CrVg2wCD90R1_GGGCATCTCGGAATCT-1,CrVg2wCD90R1
CrVg2wCD90R1_GGGTCTGAGATGAGAG-1,CrVg2wCD90R1
CrVg2wCD90R1_GGGTCTGAGCCAGTTT-1,CrVg2wCD90R1
CrVg2wCD90R1_GGGTCTGAGTGTCCCG-1,CrVg2wCD90R1
CrVg2wCD90R1_GGGTCTGCACGGCGTT-1,CrVg2wCD90R1
CrVg2wCD90R1_GGGTCTGCAGTTCCCT-1,CrVg2wCD90R1
CrVg2wCD90R1_GGGTCTGCATCGGTTA-1,CrVg2wCD90R1
CrVg2wCD90R1_GGGTCTGGTCACTTCC-1,CrVg2wCD90R1
CrVg2wCD90R1_GGGTCTGGTTCGTTGA-1,CrVg2wCD90R1
CrVg2wCD90R1_GGGTCTGTCACGCGGT-1,CrVg2wCD90R1
CrVg2wCD90R1_GGGTCTGTCCCGGATG-1,CrVg2wCD90R1
CrVg2wCD90R1_GGGTCTGTCCGTTGCT-1,CrVg2wCD90R1
CrVg2wCD90R1_GGGTCTGTCTAACCGA-1,CrVg2wCD90R1
CrVg2wCD90R1_GGGTCTGTCTTGTTTG-1,CrVg2wCD90R1
CrVg2wCD90R1_GGGTTGCAGCTGCAAG-1,CrVg2wCD90R1
CrVg2wCD90R1_GGGTTGCAGGATGGTC-1,CrVg2wCD90R1
CrVg2wCD90R1_GGGTTGCAGGTGACCA-1,CrVg2wCD90R1
CrVg2wCD90R1_GGGTTGCCAGTCGTGC-1,CrVg2wCD90R1
CrVg2wCD90R1_GGGTTGCCATTCTTAC-1,CrVg2wCD90R1
CrVg2wCD90R1_GGGTTGCGTACTCGCG-1,CrVg2wCD90R1
CrVg2wCD90R1_GGGTTGCGTCCAGTGC-1,CrVg2wCD90R1
CrVg2wCD90R1_GGGTTGCGTTCACGGC-1,CrVg2wCD90R1
CrVg2wCD90R1_GGGTTGCGTTGAACTC-1,CrVg2wCD90R1
CrVg2wCD90R1_GGGTTGCTCTGCGTAA-1,CrVg2wCD90R1
CrVg2wCD90R1_GGGTTGCTCTTGCCGT-1,CrVg2wCD90R1
CrVg2wCD90R1_GGTATTGAGACCTTTG-1,CrVg2wCD90R1
CrVg2wCD90R1_GGTATTGAGAGGTTAT-1,CrVg2wCD90R1
CrVg2wCD90R1_GGTATTGCAAACGCGA-1,CrVg2wCD90R1
CrVg2wCD90R1_GGTATTGCAAACTGCT-1,CrVg2wCD90R1
CrVg2wCD90R1_GGTATTGCACGAGGTA-1,CrVg2wCD90R1
CrVg2wCD90R1_GGTATTGCATATACCG-1,CrVg2wCD90R1
CrVg2wCD90R1_GGTATTGCATCTCCCA-1,CrVg2wCD90R1
CrVg2wCD90R1_GGTATTGGTACAAGTA-1,CrVg2wCD90R1
CrVg2wCD90R1_GGTATTGGTATCACCA-1,CrVg2wCD90R1
CrVg2wCD90R1_GGTATTGGTCAAAGAT-1,CrVg2wCD90R1
CrVg2wCD90R1_GGTATTGGTGCAACTT-1,CrVg2wCD90R1
CrVg2wCD90R1_GGTATTGTCACATGCA-1,CrVg2wCD90R1
CrVg2wCD90R1_GGTATTGTCGGCGCTA-1,CrVg2wCD90R1
CrVg2wCD90R1_GGTGAAGAGCTAGTTC-1,CrVg2wCD90R1
CrVg2wCD90R1_GGTGAAGCAAATTGCC-1,CrVg2wCD90R1
CrVg2wCD90R1_GGTGAAGCAATAGAGT-1,CrVg2wCD90R1
CrVg2wCD90R1_GGTGAAGCACGAAAGC-1,CrVg2wCD90R1
CrVg2wCD90R1_GGTGAAGCACTACAGT-1,CrVg2wCD90R1
CrVg2wCD90R1_GGTGAAGCAGGCTGAA-1,CrVg2wCD90R1
CrVg2wCD90R1_GGTGAAGCAGTACACT-1,CrVg2wCD90R1
CrVg2wCD90R1_GGTGAAGGTCCCTACT-1,CrVg2wCD90R1
CrVg2wCD90R1_GGTGAAGTCAACGGGA-1,CrVg2wCD90R1
CrVg2wCD90R1_GGTGAAGTCCCTAACC-1,CrVg2wCD90R1
CrVg2wCD90R1_GGTGAAGTCGACGGAA-1,CrVg2wCD90R1
CrVg2wCD90R1_GGTGAAGTCGAGGTAG-1,CrVg2wCD90R1
CrVg2wCD90R1_GGTGAAGTCGCCTGTT-1,CrVg2wCD90R1
CrVg2wCD90R1_GGTGAAGTCTCTTATG-1,CrVg2wCD90R1
CrVg2wCD90R1_GGTGCGTAGGCAAAGA-1,CrVg2wCD90R1
CrVg2wCD90R1_GGTGCGTAGGCAATTA-1,CrVg2wCD90R1
CrVg2wCD90R1_GGTGCGTAGGCCCTTG-1,CrVg2wCD90R1
CrVg2wCD90R1_GGTGCGTCAAGCGTAG-1,CrVg2wCD90R1
CrVg2wCD90R1_GGTGCGTCACTTCGAA-1,CrVg2wCD90R1
CrVg2wCD90R1_GGTGCGTCAGACGCTC-1,CrVg2wCD90R1
CrVg2wCD90R1_GGTGCGTGTGGAAAGA-1,CrVg2wCD90R1
CrVg2wCD90R1_GGTGCGTTCAGCGATT-1,CrVg2wCD90R1
CrVg2wCD90R1_GGTGCGTTCAGTTTGG-1,CrVg2wCD90R1
CrVg2wCD90R1_GGTGCGTTCCCAGGTG-1,CrVg2wCD90R1
CrVg2wCD90R1_GGTGCGTTCCGTCAAA-1,CrVg2wCD90R1
CrVg2wCD90R1_GGTGCGTTCGTACGGC-1,CrVg2wCD90R1
CrVg2wCD90R1_GGTGTTAAGACCCACC-1,CrVg2wCD90R1
CrVg2wCD90R1_GGTGTTAAGAGGTAGA-1,CrVg2wCD90R1
CrVg2wCD90R1_GGTGTTAAGGACCACA-1,CrVg2wCD90R1
CrVg2wCD90R1_GGTGTTAAGGATGTAT-1,CrVg2wCD90R1
CrVg2wCD90R1_GGTGTTAAGGTGACCA-1,CrVg2wCD90R1
CrVg2wCD90R1_GGTGTTAAGTAGATGT-1,CrVg2wCD90R1
CrVg2wCD90R1_GGTGTTACAAGCCCAC-1,CrVg2wCD90R1
CrVg2wCD90R1_GGTGTTACAATGCCAT-1,CrVg2wCD90R1
CrVg2wCD90R1_GGTGTTACATGTTGAC-1,CrVg2wCD90R1
CrVg2wCD90R1_GGTGTTATCACCTCGT-1,CrVg2wCD90R1
CrVg2wCD90R1_GGTGTTATCATTCACT-1,CrVg2wCD90R1
CrVg2wCD90R1_GTAACGTAGGTGATTA-1,CrVg2wCD90R1
CrVg2wCD90R1_GTAACGTCACCGGAAA-1,CrVg2wCD90R1
CrVg2wCD90R1_GTAACGTCAGGCTCAC-1,CrVg2wCD90R1
CrVg2wCD90R1_GTAACGTCAGGTCTCG-1,CrVg2wCD90R1
CrVg2wCD90R1_GTAACGTGTATTCTCT-1,CrVg2wCD90R1
CrVg2wCD90R1_GTAACGTTCAGCTGGC-1,CrVg2wCD90R1
CrVg2wCD90R1_GTAACGTTCAGTCCCT-1,CrVg2wCD90R1
CrVg2wCD90R1_GTAACGTTCATGTAGC-1,CrVg2wCD90R1
CrVg2wCD90R1_GTAACGTTCCTCGCAT-1,CrVg2wCD90R1
CrVg2wCD90R1_GTAACGTTCTCGTTTA-1,CrVg2wCD90R1
CrVg2wCD90R1_GTAACTGAGAGCTGCA-1,CrVg2wCD90R1
CrVg2wCD90R1_GTAACTGAGTCATCCA-1,CrVg2wCD90R1
CrVg2wCD90R1_GTAACTGAGTTACCCA-1,CrVg2wCD90R1
CrVg2wCD90R1_GTAACTGCAGCTGCAC-1,CrVg2wCD90R1
CrVg2wCD90R1_GTAACTGCATGTCGAT-1,CrVg2wCD90R1
CrVg2wCD90R1_GTAACTGGTATGAATG-1,CrVg2wCD90R1
CrVg2wCD90R1_GTAACTGGTCTACCTC-1,CrVg2wCD90R1
CrVg2wCD90R1_GTAACTGGTGTTCTTT-1,CrVg2wCD90R1
CrVg2wCD90R1_GTAACTGTCATTGCCC-1,CrVg2wCD90R1
CrVg2wCD90R1_GTAACTGTCCACGCAG-1,CrVg2wCD90R1
CrVg2wCD90R1_GTAACTGTCGTGACAT-1,CrVg2wCD90R1
CrVg2wCD90R1_GTACGTAAGCGATATA-1,CrVg2wCD90R1
CrVg2wCD90R1_GTACGTACACCAGATT-1,CrVg2wCD90R1
CrVg2wCD90R1_GTACGTACATACGCTA-1,CrVg2wCD90R1
CrVg2wCD90R1_GTACGTAGTATTACCG-1,CrVg2wCD90R1
CrVg2wCD90R1_GTACGTAGTCTTTCAT-1,CrVg2wCD90R1
CrVg2wCD90R1_GTACGTAGTTCATGGT-1,CrVg2wCD90R1
CrVg2wCD90R1_GTACGTATCTTAGAGC-1,CrVg2wCD90R1
CrVg2wCD90R1_GTACTCCAGCGTAGTG-1,CrVg2wCD90R1
CrVg2wCD90R1_GTACTCCAGGAGTTTA-1,CrVg2wCD90R1
CrVg2wCD90R1_GTACTCCCAATAGCGG-1,CrVg2wCD90R1
CrVg2wCD90R1_GTACTCCCATGGAATA-1,CrVg2wCD90R1
CrVg2wCD90R1_GTACTCCGTATCTGCA-1,CrVg2wCD90R1
CrVg2wCD90R1_GTACTCCGTCAGATAA-1,CrVg2wCD90R1
CrVg2wCD90R1_GTACTCCGTGACCAAG-1,CrVg2wCD90R1
CrVg2wCD90R1_GTACTCCGTGGAAAGA-1,CrVg2wCD90R1
CrVg2wCD90R1_GTACTCCGTTGTACAC-1,CrVg2wCD90R1
CrVg2wCD90R1_GTACTCCTCACTCTTA-1,CrVg2wCD90R1
CrVg2wCD90R1_GTACTCCTCAGCGATT-1,CrVg2wCD90R1
CrVg2wCD90R1_GTACTCCTCCAAACTG-1,CrVg2wCD90R1
CrVg2wCD90R1_GTACTTTAGAGCCTAG-1,CrVg2wCD90R1
CrVg2wCD90R1_GTACTTTAGATCACGG-1,CrVg2wCD90R1
CrVg2wCD90R1_GTACTTTAGGCCCGTT-1,CrVg2wCD90R1
CrVg2wCD90R1_GTACTTTAGGGCATGT-1,CrVg2wCD90R1
CrVg2wCD90R1_GTACTTTAGTTGTCGT-1,CrVg2wCD90R1
CrVg2wCD90R1_GTACTTTCACCCAGTG-1,CrVg2wCD90R1
CrVg2wCD90R1_GTACTTTCACGGTAAG-1,CrVg2wCD90R1
CrVg2wCD90R1_GTACTTTCATCGATTG-1,CrVg2wCD90R1
CrVg2wCD90R1_GTACTTTCATGACGGA-1,CrVg2wCD90R1
CrVg2wCD90R1_GTACTTTGTCAGAAGC-1,CrVg2wCD90R1
CrVg2wCD90R1_GTACTTTGTCTCAACA-1,CrVg2wCD90R1
CrVg2wCD90R1_GTACTTTTCACTCTTA-1,CrVg2wCD90R1
CrVg2wCD90R1_GTACTTTTCAGGCCCA-1,CrVg2wCD90R1
CrVg2wCD90R1_GTACTTTTCTAACTGG-1,CrVg2wCD90R1
CrVg2wCD90R1_GTAGGCCAGTGACATA-1,CrVg2wCD90R1
CrVg2wCD90R1_GTAGGCCAGTGCTGCC-1,CrVg2wCD90R1
CrVg2wCD90R1_GTAGGCCCAAGTACCT-1,CrVg2wCD90R1
CrVg2wCD90R1_GTAGGCCCACTCAGGC-1,CrVg2wCD90R1
CrVg2wCD90R1_GTAGGCCCAGGTCGTC-1,CrVg2wCD90R1
CrVg2wCD90R1_GTAGGCCCATGACATC-1,CrVg2wCD90R1
CrVg2wCD90R1_GTAGGCCGTAGGGACT-1,CrVg2wCD90R1
CrVg2wCD90R1_GTAGGCCGTCTGATCA-1,CrVg2wCD90R1
CrVg2wCD90R1_GTAGGCCGTGCCTGGT-1,CrVg2wCD90R1
CrVg2wCD90R1_GTAGGCCTCAAACAAG-1,CrVg2wCD90R1
CrVg2wCD90R1_GTAGGCCTCACCACCT-1,CrVg2wCD90R1
CrVg2wCD90R1_GTAGGCCTCAGCTCGG-1,CrVg2wCD90R1
CrVg2wCD90R1_GTAGGCCTCAGTCCCT-1,CrVg2wCD90R1
CrVg2wCD90R1_GTAGGCCTCCTCCTAG-1,CrVg2wCD90R1
CrVg2wCD90R1_GTAGTCAAGCTCCTTC-1,CrVg2wCD90R1
CrVg2wCD90R1_GTAGTCAAGGCGCTCT-1,CrVg2wCD90R1
CrVg2wCD90R1_GTAGTCACATCAGTAC-1,CrVg2wCD90R1
CrVg2wCD90R1_GTAGTCACATCCCACT-1,CrVg2wCD90R1
CrVg2wCD90R1_GTAGTCAGTAAGAGGA-1,CrVg2wCD90R1
CrVg2wCD90R1_GTAGTCAGTACAGCAG-1,CrVg2wCD90R1
CrVg2wCD90R1_GTAGTCATCCTTTACA-1,CrVg2wCD90R1
CrVg2wCD90R1_GTAGTCATCGTTTGCC-1,CrVg2wCD90R1
CrVg2wCD90R1_GTAGTCATCTACGAGT-1,CrVg2wCD90R1
CrVg2wCD90R1_GTATCTTAGCCAGTTT-1,CrVg2wCD90R1
CrVg2wCD90R1_GTATCTTAGCTGGAAC-1,CrVg2wCD90R1
CrVg2wCD90R1_GTATCTTAGGCAATTA-1,CrVg2wCD90R1
CrVg2wCD90R1_GTATCTTCACGTAAGG-1,CrVg2wCD90R1
CrVg2wCD90R1_GTATCTTCACTACAGT-1,CrVg2wCD90R1
CrVg2wCD90R1_GTATCTTCACTTCGAA-1,CrVg2wCD90R1
CrVg2wCD90R1_GTATCTTCAGACTCGC-1,CrVg2wCD90R1
CrVg2wCD90R1_GTATCTTGTAAACGCG-1,CrVg2wCD90R1
CrVg2wCD90R1_GTATCTTGTCAGATAA-1,CrVg2wCD90R1
CrVg2wCD90R1_GTATCTTGTGAAAGAG-1,CrVg2wCD90R1
CrVg2wCD90R1_GTATCTTGTTAAGACA-1,CrVg2wCD90R1
CrVg2wCD90R1_GTATCTTTCAAGGCTT-1,CrVg2wCD90R1
CrVg2wCD90R1_GTATCTTTCCAAGTAC-1,CrVg2wCD90R1
CrVg2wCD90R1_GTATCTTTCCTTTACA-1,CrVg2wCD90R1
CrVg2wCD90R1_GTATCTTTCGTCGTTC-1,CrVg2wCD90R1
CrVg2wCD90R1_GTATCTTTCTGTCCGT-1,CrVg2wCD90R1
CrVg2wCD90R1_GTATTCTAGAGCCTAG-1,CrVg2wCD90R1
CrVg2wCD90R1_GTATTCTAGATGCCTT-1,CrVg2wCD90R1
CrVg2wCD90R1_GTATTCTAGCAGCCTC-1,CrVg2wCD90R1
CrVg2wCD90R1_GTATTCTAGTGCAAGC-1,CrVg2wCD90R1
CrVg2wCD90R1_GTATTCTAGTGGAGTC-1,CrVg2wCD90R1
CrVg2wCD90R1_GTATTCTCAAACTGTC-1,CrVg2wCD90R1
CrVg2wCD90R1_GTATTCTCAGCTGTAT-1,CrVg2wCD90R1
CrVg2wCD90R1_GTATTCTCAGGTCCAC-1,CrVg2wCD90R1
CrVg2wCD90R1_GTATTCTGTACTCAAC-1,CrVg2wCD90R1
CrVg2wCD90R1_GTATTCTGTGAAAGAG-1,CrVg2wCD90R1
CrVg2wCD90R1_GTATTCTGTTCTCATT-1,CrVg2wCD90R1
CrVg2wCD90R1_GTATTCTTCAACACGT-1,CrVg2wCD90R1
CrVg2wCD90R1_GTATTCTTCAGGCAAG-1,CrVg2wCD90R1
CrVg2wCD90R1_GTATTCTTCCCATTAT-1,CrVg2wCD90R1
CrVg2wCD90R1_GTATTCTTCGCCCTTA-1,CrVg2wCD90R1
CrVg2wCD90R1_GTCAAGTAGATCCTGT-1,CrVg2wCD90R1
CrVg2wCD90R1_GTCAAGTAGGATATAC-1,CrVg2wCD90R1
CrVg2wCD90R1_GTCAAGTCAACTGGCC-1,CrVg2wCD90R1
CrVg2wCD90R1_GTCAAGTCACGGTGTC-1,CrVg2wCD90R1
CrVg2wCD90R1_GTCAAGTGTAATCACC-1,CrVg2wCD90R1
CrVg2wCD90R1_GTCAAGTGTAGAAAGG-1,CrVg2wCD90R1
CrVg2wCD90R1_GTCAAGTGTAGCTCCG-1,CrVg2wCD90R1
CrVg2wCD90R1_GTCAAGTGTATCGCAT-1,CrVg2wCD90R1
CrVg2wCD90R1_GTCAAGTGTATTCGTG-1,CrVg2wCD90R1
CrVg2wCD90R1_GTCAAGTGTTACGGAG-1,CrVg2wCD90R1
CrVg2wCD90R1_GTCAAGTTCACGAAGG-1,CrVg2wCD90R1
CrVg2wCD90R1_GTCAAGTTCTACCTGC-1,CrVg2wCD90R1
CrVg2wCD90R1_GTCACAAAGGGAGTAA-1,CrVg2wCD90R1
CrVg2wCD90R1_GTCACAAAGGGATGGG-1,CrVg2wCD90R1
CrVg2wCD90R1_GTCACAAAGTTACCCA-1,CrVg2wCD90R1
CrVg2wCD90R1_GTCACAACATACTACG-1,CrVg2wCD90R1
CrVg2wCD90R1_GTCACAACATCACGTA-1,CrVg2wCD90R1
CrVg2wCD90R1_GTCACAAGTCTTGATG-1,CrVg2wCD90R1
CrVg2wCD90R1_GTCACAATCATAGCAC-1,CrVg2wCD90R1
CrVg2wCD90R1_GTCACAATCGCTAGCG-1,CrVg2wCD90R1
CrVg2wCD90R1_GTCACAATCTCGTATT-1,CrVg2wCD90R1
CrVg2wCD90R1_GTCACGGAGACTAGGC-1,CrVg2wCD90R1
CrVg2wCD90R1_GTCACGGAGATCGGGT-1,CrVg2wCD90R1
CrVg2wCD90R1_GTCACGGAGCAAATCA-1,CrVg2wCD90R1
CrVg2wCD90R1_GTCACGGAGCTTATCG-1,CrVg2wCD90R1
CrVg2wCD90R1_GTCACGGCACAGGCCT-1,CrVg2wCD90R1
CrVg2wCD90R1_GTCACGGCACCACGTG-1,CrVg2wCD90R1
CrVg2wCD90R1_GTCACGGCACGCCAGT-1,CrVg2wCD90R1
CrVg2wCD90R1_GTCACGGCACGGTAGA-1,CrVg2wCD90R1
CrVg2wCD90R1_GTCACGGCACTGTTAG-1,CrVg2wCD90R1
CrVg2wCD90R1_GTCACGGCATCAGTAC-1,CrVg2wCD90R1
CrVg2wCD90R1_GTCACGGGTAAGTAGT-1,CrVg2wCD90R1
CrVg2wCD90R1_GTCACGGGTCTTCTCG-1,CrVg2wCD90R1
CrVg2wCD90R1_GTCACGGGTTAGAACA-1,CrVg2wCD90R1
CrVg2wCD90R1_GTCACGGTCAACACTG-1,CrVg2wCD90R1
CrVg2wCD90R1_GTCACGGTCAGGTTCA-1,CrVg2wCD90R1
CrVg2wCD90R1_GTCACGGTCCCAGGTG-1,CrVg2wCD90R1
CrVg2wCD90R1_GTCACGGTCGCGGATC-1,CrVg2wCD90R1
CrVg2wCD90R1_GTCATTTAGACATAAC-1,CrVg2wCD90R1
CrVg2wCD90R1_GTCATTTAGCTGAACG-1,CrVg2wCD90R1
CrVg2wCD90R1_GTCATTTAGGATATAC-1,CrVg2wCD90R1
CrVg2wCD90R1_GTCATTTAGGCTCATT-1,CrVg2wCD90R1
CrVg2wCD90R1_GTCATTTAGTTACGGG-1,CrVg2wCD90R1
CrVg2wCD90R1_GTCATTTCAACACCTA-1,CrVg2wCD90R1
CrVg2wCD90R1_GTCATTTCAGCCTTGG-1,CrVg2wCD90R1
CrVg2wCD90R1_GTCATTTCATACGCTA-1,CrVg2wCD90R1
CrVg2wCD90R1_GTCATTTGTAATTGGA-1,CrVg2wCD90R1
CrVg2wCD90R1_GTCATTTGTCCGCTGA-1,CrVg2wCD90R1
CrVg2wCD90R1_GTCATTTGTGAGTATA-1,CrVg2wCD90R1
CrVg2wCD90R1_GTCATTTTCATAAAGG-1,CrVg2wCD90R1
CrVg2wCD90R1_GTCATTTTCTTGTTTG-1,CrVg2wCD90R1
CrVg2wCD90R1_GTCATTTTCTTTAGTC-1,CrVg2wCD90R1
CrVg2wCD90R1_GTCCTCAAGGACTGGT-1,CrVg2wCD90R1
CrVg2wCD90R1_GTCCTCAAGGTGTGGT-1,CrVg2wCD90R1
CrVg2wCD90R1_GTCCTCAAGTCATCCA-1,CrVg2wCD90R1
CrVg2wCD90R1_GTCCTCACAGGTGGAT-1,CrVg2wCD90R1
CrVg2wCD90R1_GTCCTCACAGTCAGAG-1,CrVg2wCD90R1
CrVg2wCD90R1_GTCCTCAGTACTCAAC-1,CrVg2wCD90R1
CrVg2wCD90R1_GTCCTCAGTCTAGCGC-1,CrVg2wCD90R1
CrVg2wCD90R1_GTCCTCAGTCTAGTCA-1,CrVg2wCD90R1
CrVg2wCD90R1_GTCCTCATCCAGATCA-1,CrVg2wCD90R1
CrVg2wCD90R1_GTCCTCATCCCGGATG-1,CrVg2wCD90R1
CrVg2wCD90R1_GTCCTCATCTGAAAGA-1,CrVg2wCD90R1
CrVg2wCD90R1_GTCCTCATCTGGTGTA-1,CrVg2wCD90R1
CrVg2wCD90R1_GTCGGGTAGTCGAGTG-1,CrVg2wCD90R1
CrVg2wCD90R1_GTCGGGTAGTGTGAAT-1,CrVg2wCD90R1
CrVg2wCD90R1_GTCGGGTCAATGTAAG-1,CrVg2wCD90R1
CrVg2wCD90R1_GTCGGGTCACCAGGCT-1,CrVg2wCD90R1
CrVg2wCD90R1_GTCGGGTCAGATCCAT-1,CrVg2wCD90R1
CrVg2wCD90R1_GTCGGGTCATATGGTC-1,CrVg2wCD90R1
CrVg2wCD90R1_GTCGGGTGTACCCAAT-1,CrVg2wCD90R1
CrVg2wCD90R1_GTCGGGTGTGAGTGAC-1,CrVg2wCD90R1
CrVg2wCD90R1_GTCGGGTTCATCATTC-1,CrVg2wCD90R1
CrVg2wCD90R1_GTCGGGTTCTGATACG-1,CrVg2wCD90R1
CrVg2wCD90R1_GTCGTAAAGACCACGA-1,CrVg2wCD90R1
CrVg2wCD90R1_GTCGTAAAGGCTCTTA-1,CrVg2wCD90R1
CrVg2wCD90R1_GTCGTAACATCTCGCT-1,CrVg2wCD90R1
CrVg2wCD90R1_GTCGTAAGTATCTGCA-1,CrVg2wCD90R1
CrVg2wCD90R1_GTCGTAATCACGAAGG-1,CrVg2wCD90R1
CrVg2wCD90R1_GTCGTAATCCGCTGTT-1,CrVg2wCD90R1
CrVg2wCD90R1_GTCGTAATCTTAACCT-1,CrVg2wCD90R1
CrVg2wCD90R1_GTCTCGTAGACCGGAT-1,CrVg2wCD90R1
CrVg2wCD90R1_GTCTCGTAGAGGACGG-1,CrVg2wCD90R1
CrVg2wCD90R1_GTCTCGTAGCTAGTTC-1,CrVg2wCD90R1
CrVg2wCD90R1_GTCTCGTAGCTTCGCG-1,CrVg2wCD90R1
CrVg2wCD90R1_GTCTCGTAGGTGCTAG-1,CrVg2wCD90R1
CrVg2wCD90R1_GTCTCGTCACATCCAA-1,CrVg2wCD90R1
CrVg2wCD90R1_GTCTCGTCAGTTCCCT-1,CrVg2wCD90R1
CrVg2wCD90R1_GTCTCGTCATGAACCT-1,CrVg2wCD90R1
CrVg2wCD90R1_GTCTCGTGTCAACTGT-1,CrVg2wCD90R1
CrVg2wCD90R1_GTCTCGTGTCAGATAA-1,CrVg2wCD90R1
CrVg2wCD90R1_GTCTCGTTCATCATTC-1,CrVg2wCD90R1
CrVg2wCD90R1_GTCTCGTTCTCAAACG-1,CrVg2wCD90R1
CrVg2wCD90R1_GTCTCGTTCTGTCAAG-1,CrVg2wCD90R1
CrVg2wCD90R1_GTCTTCGAGAATTGTG-1,CrVg2wCD90R1
CrVg2wCD90R1_GTCTTCGAGGGATGGG-1,CrVg2wCD90R1
CrVg2wCD90R1_GTCTTCGCAGTTTACG-1,CrVg2wCD90R1
CrVg2wCD90R1_GTCTTCGCATGCTGGC-1,CrVg2wCD90R1
CrVg2wCD90R1_GTCTTCGGTCACCTAA-1,CrVg2wCD90R1
CrVg2wCD90R1_GTCTTCGGTCATGCCG-1,CrVg2wCD90R1
CrVg2wCD90R1_GTCTTCGGTCTAGTGT-1,CrVg2wCD90R1
CrVg2wCD90R1_GTCTTCGGTTACTGAC-1,CrVg2wCD90R1
CrVg2wCD90R1_GTCTTCGGTTAGTGGG-1,CrVg2wCD90R1
CrVg2wCD90R1_GTCTTCGTCAATACCG-1,CrVg2wCD90R1
CrVg2wCD90R1_GTCTTCGTCACCCGAG-1,CrVg2wCD90R1
CrVg2wCD90R1_GTCTTCGTCAGTGCAT-1,CrVg2wCD90R1
CrVg2wCD90R1_GTCTTCGTCATACGGT-1,CrVg2wCD90R1
CrVg2wCD90R1_GTCTTCGTCGTTACAG-1,CrVg2wCD90R1
CrVg2wCD90R1_GTCTTCGTCTACGAGT-1,CrVg2wCD90R1
CrVg2wCD90R1_GTCTTCGTCTGATTCT-1,CrVg2wCD90R1
CrVg2wCD90R1_GTGAAGGAGACAGACC-1,CrVg2wCD90R1
CrVg2wCD90R1_GTGAAGGAGAGGGATA-1,CrVg2wCD90R1
CrVg2wCD90R1_GTGAAGGAGCGAAGGG-1,CrVg2wCD90R1
CrVg2wCD90R1_GTGAAGGAGTAGGTGC-1,CrVg2wCD90R1
CrVg2wCD90R1_GTGAAGGAGTTACGGG-1,CrVg2wCD90R1
CrVg2wCD90R1_GTGAAGGCAAGCTGGA-1,CrVg2wCD90R1
CrVg2wCD90R1_GTGAAGGCAGACAAGC-1,CrVg2wCD90R1
CrVg2wCD90R1_GTGAAGGCATATGGTC-1,CrVg2wCD90R1
CrVg2wCD90R1_GTGAAGGGTCAATACC-1,CrVg2wCD90R1
CrVg2wCD90R1_GTGAAGGGTGCAACGA-1,CrVg2wCD90R1
CrVg2wCD90R1_GTGAAGGGTTGGTGGA-1,CrVg2wCD90R1
CrVg2wCD90R1_GTGAAGGTCAGCTCGG-1,CrVg2wCD90R1
CrVg2wCD90R1_GTGAAGGTCTCTTGAT-1,CrVg2wCD90R1
CrVg2wCD90R1_GTGAAGGTCTGCTGCT-1,CrVg2wCD90R1
CrVg2wCD90R1_GTGCAGCAGGACAGAA-1,CrVg2wCD90R1
CrVg2wCD90R1_GTGCAGCCAACTGGCC-1,CrVg2wCD90R1
CrVg2wCD90R1_GTGCAGCGTACGAAAT-1,CrVg2wCD90R1
CrVg2wCD90R1_GTGCAGCTCCGTAGGC-1,CrVg2wCD90R1
CrVg2wCD90R1_GTGCAGCTCTGCAGTA-1,CrVg2wCD90R1
CrVg2wCD90R1_GTGCATAAGTACGTTC-1,CrVg2wCD90R1
CrVg2wCD90R1_GTGCATAAGTGCGTGA-1,CrVg2wCD90R1
CrVg2wCD90R1_GTGCATACAGGGTATG-1,CrVg2wCD90R1
CrVg2wCD90R1_GTGCATAGTACTTAGC-1,CrVg2wCD90R1
CrVg2wCD90R1_GTGCATAGTCATGCCG-1,CrVg2wCD90R1
CrVg2wCD90R1_GTGCATAGTCCAACTA-1,CrVg2wCD90R1
CrVg2wCD90R1_GTGCATAGTGTTTGGT-1,CrVg2wCD90R1
CrVg2wCD90R1_GTGCATATCACGCGGT-1,CrVg2wCD90R1
CrVg2wCD90R1_GTGCATATCCGTTGTC-1,CrVg2wCD90R1
CrVg2wCD90R1_GTGCATATCGCCTGAG-1,CrVg2wCD90R1
CrVg2wCD90R1_GTGCATATCGGTCCGA-1,CrVg2wCD90R1
CrVg2wCD90R1_GTGCGGTAGAGCTGCA-1,CrVg2wCD90R1
CrVg2wCD90R1_GTGCGGTAGAGGTACC-1,CrVg2wCD90R1
CrVg2wCD90R1_GTGCGGTAGAGTACAT-1,CrVg2wCD90R1
CrVg2wCD90R1_GTGCGGTCATGGAATA-1,CrVg2wCD90R1
CrVg2wCD90R1_GTGCGGTGTCCAACTA-1,CrVg2wCD90R1
CrVg2wCD90R1_GTGCGGTGTGACCAAG-1,CrVg2wCD90R1
CrVg2wCD90R1_GTGCGGTGTTCCGGCA-1,CrVg2wCD90R1
CrVg2wCD90R1_GTGCGGTGTTCGTGAT-1,CrVg2wCD90R1
CrVg2wCD90R1_GTGCGGTTCCCGACTT-1,CrVg2wCD90R1
CrVg2wCD90R1_GTGCGGTTCGCGTTTC-1,CrVg2wCD90R1
CrVg2wCD90R1_GTGCTTCCACGAAAGC-1,CrVg2wCD90R1
CrVg2wCD90R1_GTGCTTCCAGCCTGTG-1,CrVg2wCD90R1
CrVg2wCD90R1_GTGCTTCCAGCTGTGC-1,CrVg2wCD90R1
CrVg2wCD90R1_GTGCTTCCAGCTGTTA-1,CrVg2wCD90R1
CrVg2wCD90R1_GTGCTTCCAGCTTAAC-1,CrVg2wCD90R1
CrVg2wCD90R1_GTGCTTCCATCTGGTA-1,CrVg2wCD90R1
CrVg2wCD90R1_GTGCTTCGTAAGGGAA-1,CrVg2wCD90R1
CrVg2wCD90R1_GTGCTTCGTCGCTTTC-1,CrVg2wCD90R1
CrVg2wCD90R1_GTGCTTCGTGAGGCTA-1,CrVg2wCD90R1
CrVg2wCD90R1_GTGCTTCGTGATGTGG-1,CrVg2wCD90R1
CrVg2wCD90R1_GTGCTTCTCATGTCCC-1,CrVg2wCD90R1
CrVg2wCD90R1_GTGCTTCTCGCACTCT-1,CrVg2wCD90R1
CrVg2wCD90R1_GTGCTTCTCGTGGACC-1,CrVg2wCD90R1
CrVg2wCD90R1_GTGCTTCTCTGCTTGC-1,CrVg2wCD90R1
CrVg2wCD90R1_GTGGGTCAGACAGACC-1,CrVg2wCD90R1
CrVg2wCD90R1_GTGGGTCAGTATCTCG-1,CrVg2wCD90R1
CrVg2wCD90R1_GTGGGTCAGTGAACAT-1,CrVg2wCD90R1
CrVg2wCD90R1_GTGGGTCCAAATTGCC-1,CrVg2wCD90R1
CrVg2wCD90R1_GTGGGTCCAAGCCGCT-1,CrVg2wCD90R1
CrVg2wCD90R1_GTGGGTCGTAGGACAC-1,CrVg2wCD90R1
CrVg2wCD90R1_GTGGGTCGTCCTCCAT-1,CrVg2wCD90R1
CrVg2wCD90R1_GTGGGTCGTCTTGTCC-1,CrVg2wCD90R1
CrVg2wCD90R1_GTGGGTCGTTGGTAAA-1,CrVg2wCD90R1
CrVg2wCD90R1_GTGGGTCTCAAGATCC-1,CrVg2wCD90R1
CrVg2wCD90R1_GTGGGTCTCAGCATGT-1,CrVg2wCD90R1
CrVg2wCD90R1_GTGGGTCTCCGGGTGT-1,CrVg2wCD90R1
CrVg2wCD90R1_GTGGGTCTCTGTCAAG-1,CrVg2wCD90R1
CrVg2wCD90R1_GTGTGCGAGTCCGGTC-1,CrVg2wCD90R1
CrVg2wCD90R1_GTGTGCGAGTTGCAGG-1,CrVg2wCD90R1
CrVg2wCD90R1_GTGTGCGGTCTGCAAT-1,CrVg2wCD90R1
CrVg2wCD90R1_GTGTGCGTCGCCGTGA-1,CrVg2wCD90R1
CrVg2wCD90R1_GTGTGCGTCGTTTATC-1,CrVg2wCD90R1
CrVg2wCD90R1_GTGTTAGAGTAGCCGA-1,CrVg2wCD90R1
CrVg2wCD90R1_GTGTTAGCACCTGGTG-1,CrVg2wCD90R1
CrVg2wCD90R1_GTGTTAGCACGCATCG-1,CrVg2wCD90R1
CrVg2wCD90R1_GTGTTAGCACTTCGAA-1,CrVg2wCD90R1
CrVg2wCD90R1_GTGTTAGCATGCTAGT-1,CrVg2wCD90R1
CrVg2wCD90R1_GTGTTAGCATTGCGGC-1,CrVg2wCD90R1
CrVg2wCD90R1_GTGTTAGGTACATCCA-1,CrVg2wCD90R1
CrVg2wCD90R1_GTTAAGCAGAATGTTG-1,CrVg2wCD90R1
CrVg2wCD90R1_GTTAAGCAGCTAGTGG-1,CrVg2wCD90R1
CrVg2wCD90R1_GTTAAGCAGTCACGCC-1,CrVg2wCD90R1
CrVg2wCD90R1_GTTAAGCCATTTCACT-1,CrVg2wCD90R1
CrVg2wCD90R1_GTTAAGCGTACAGTGG-1,CrVg2wCD90R1
CrVg2wCD90R1_GTTAAGCGTAGAGGAA-1,CrVg2wCD90R1
CrVg2wCD90R1_GTTAAGCGTATTCGTG-1,CrVg2wCD90R1
CrVg2wCD90R1_GTTAAGCGTCACTTCC-1,CrVg2wCD90R1
CrVg2wCD90R1_GTTAAGCGTCCGTTAA-1,CrVg2wCD90R1
CrVg2wCD90R1_GTTAAGCGTCGACTGC-1,CrVg2wCD90R1
CrVg2wCD90R1_GTTAAGCGTCGGCTCA-1,CrVg2wCD90R1
CrVg2wCD90R1_GTTAAGCTCACGCGGT-1,CrVg2wCD90R1
CrVg2wCD90R1_GTTAAGCTCAGCAACT-1,CrVg2wCD90R1
CrVg2wCD90R1_GTTAAGCTCAGTTTGG-1,CrVg2wCD90R1
CrVg2wCD90R1_GTTAAGCTCCATGAGT-1,CrVg2wCD90R1
CrVg2wCD90R1_GTTAAGCTCTGGAGCC-1,CrVg2wCD90R1
CrVg2wCD90R1_GTTACAGAGACAATAC-1,CrVg2wCD90R1
CrVg2wCD90R1_GTTACAGAGAGTAAGG-1,CrVg2wCD90R1
CrVg2wCD90R1_GTTACAGAGAGTAATC-1,CrVg2wCD90R1
CrVg2wCD90R1_GTTACAGAGATGTTAG-1,CrVg2wCD90R1
CrVg2wCD90R1_GTTACAGAGCGATCCC-1,CrVg2wCD90R1
CrVg2wCD90R1_GTTACAGAGCTACCTA-1,CrVg2wCD90R1
CrVg2wCD90R1_GTTACAGAGTGTCCCG-1,CrVg2wCD90R1
CrVg2wCD90R1_GTTACAGCAACACCTA-1,CrVg2wCD90R1
CrVg2wCD90R1_GTTACAGGTATATCCG-1,CrVg2wCD90R1
CrVg2wCD90R1_GTTACAGGTTCACGGC-1,CrVg2wCD90R1
CrVg2wCD90R1_GTTACAGTCGTTACGA-1,CrVg2wCD90R1
CrVg2wCD90R1_GTTACAGTCTGTCAAG-1,CrVg2wCD90R1
CrVg2wCD90R1_GTTCATTAGACTAGGC-1,CrVg2wCD90R1
CrVg2wCD90R1_GTTCATTAGCGAGAAA-1,CrVg2wCD90R1
CrVg2wCD90R1_GTTCATTAGCGTGAGT-1,CrVg2wCD90R1
CrVg2wCD90R1_GTTCATTAGCTCTCGG-1,CrVg2wCD90R1
CrVg2wCD90R1_GTTCATTAGTCCGTAT-1,CrVg2wCD90R1
CrVg2wCD90R1_GTTCATTCAAGGGTCA-1,CrVg2wCD90R1
CrVg2wCD90R1_GTTCATTCAATTGCTG-1,CrVg2wCD90R1
CrVg2wCD90R1_GTTCATTCATATACGC-1,CrVg2wCD90R1
CrVg2wCD90R1_GTTCATTCATGTAGTC-1,CrVg2wCD90R1
CrVg2wCD90R1_GTTCATTTCCTGTACC-1,CrVg2wCD90R1
CrVg2wCD90R1_GTTCATTTCGCTTGTC-1,CrVg2wCD90R1
CrVg2wCD90R1_GTTCATTTCGGAAACG-1,CrVg2wCD90R1
CrVg2wCD90R1_GTTCATTTCGTTACAG-1,CrVg2wCD90R1
CrVg2wCD90R1_GTTCGGGAGAATAGGG-1,CrVg2wCD90R1
CrVg2wCD90R1_GTTCGGGAGCGATGAC-1,CrVg2wCD90R1
CrVg2wCD90R1_GTTCGGGCACGACGAA-1,CrVg2wCD90R1
CrVg2wCD90R1_GTTCGGGCACGTCTCT-1,CrVg2wCD90R1
CrVg2wCD90R1_GTTCGGGGTGCAACGA-1,CrVg2wCD90R1
CrVg2wCD90R1_GTTCGGGGTTCGCTAA-1,CrVg2wCD90R1
CrVg2wCD90R1_GTTCGGGGTTGGAGGT-1,CrVg2wCD90R1
CrVg2wCD90R1_GTTCGGGTCATGTCCC-1,CrVg2wCD90R1
CrVg2wCD90R1_GTTCGGGTCGCGTTTC-1,CrVg2wCD90R1
CrVg2wCD90R1_GTTCTCGAGAAGGTTT-1,CrVg2wCD90R1
CrVg2wCD90R1_GTTCTCGCAATGGAAT-1,CrVg2wCD90R1
CrVg2wCD90R1_GTTCTCGCATCTGGTA-1,CrVg2wCD90R1
CrVg2wCD90R1_GTTCTCGGTAGGGACT-1,CrVg2wCD90R1
CrVg2wCD90R1_GTTCTCGGTCGCTTTC-1,CrVg2wCD90R1
CrVg2wCD90R1_GTTCTCGGTCTCTTTA-1,CrVg2wCD90R1
CrVg2wCD90R1_GTTCTCGGTGGGTATG-1,CrVg2wCD90R1
CrVg2wCD90R1_GTTCTCGTCACTTACT-1,CrVg2wCD90R1
CrVg2wCD90R1_GTTCTCGTCCAGTAGT-1,CrVg2wCD90R1
CrVg2wCD90R1_GTTCTCGTCTACCTGC-1,CrVg2wCD90R1
CrVg2wCD90R1_GTTCTCGTCTCTGAGA-1,CrVg2wCD90R1
CrVg2wCD90R1_GTTTCTAAGAGACTTA-1,CrVg2wCD90R1
CrVg2wCD90R1_GTTTCTAAGGTGCTTT-1,CrVg2wCD90R1
CrVg2wCD90R1_GTTTCTACAAACCTAC-1,CrVg2wCD90R1
CrVg2wCD90R1_GTTTCTACAATAGCGG-1,CrVg2wCD90R1
CrVg2wCD90R1_GTTTCTACACCTTGTC-1,CrVg2wCD90R1
CrVg2wCD90R1_GTTTCTACACGAAAGC-1,CrVg2wCD90R1
CrVg2wCD90R1_GTTTCTAGTCAGCTAT-1,CrVg2wCD90R1
CrVg2wCD90R1_TAAACCGAGCAGCGTA-1,CrVg2wCD90R1
CrVg2wCD90R1_TAAACCGAGCTCCTCT-1,CrVg2wCD90R1
CrVg2wCD90R1_TAAACCGCACCATCCT-1,CrVg2wCD90R1
CrVg2wCD90R1_TAAACCGCATGTTCCC-1,CrVg2wCD90R1
CrVg2wCD90R1_TAAACCGGTAAGTGTA-1,CrVg2wCD90R1
CrVg2wCD90R1_TAAACCGGTCTTTCAT-1,CrVg2wCD90R1
CrVg2wCD90R1_TAAACCGGTGAGCGAT-1,CrVg2wCD90R1
CrVg2wCD90R1_TAAACCGGTTTGGCGC-1,CrVg2wCD90R1
CrVg2wCD90R1_TAAACCGTCCATTCTA-1,CrVg2wCD90R1
CrVg2wCD90R1_TAAACCGTCCGCATCT-1,CrVg2wCD90R1
CrVg2wCD90R1_TAAACCGTCTCGCATC-1,CrVg2wCD90R1
CrVg2wCD90R1_TAAACCGTCTGGAGCC-1,CrVg2wCD90R1
CrVg2wCD90R1_TAAACCGTCTTGCAAG-1,CrVg2wCD90R1
CrVg2wCD90R1_TAAGAGAAGAACTGTA-1,CrVg2wCD90R1
CrVg2wCD90R1_TAAGAGAAGACCACGA-1,CrVg2wCD90R1
CrVg2wCD90R1_TAAGAGAAGTGGGATC-1,CrVg2wCD90R1
CrVg2wCD90R1_TAAGAGACATGAGCGA-1,CrVg2wCD90R1
CrVg2wCD90R1_TAAGAGACATGATCCA-1,CrVg2wCD90R1
CrVg2wCD90R1_TAAGAGACATGGATGG-1,CrVg2wCD90R1
CrVg2wCD90R1_TAAGAGACATTGGGCC-1,CrVg2wCD90R1
CrVg2wCD90R1_TAAGAGAGTCGACTAT-1,CrVg2wCD90R1
CrVg2wCD90R1_TAAGAGAGTTGCTCCT-1,CrVg2wCD90R1
CrVg2wCD90R1_TAAGAGAGTTTGTTGG-1,CrVg2wCD90R1
CrVg2wCD90R1_TAAGAGATCGTCTGAA-1,CrVg2wCD90R1
CrVg2wCD90R1_TAAGCGTAGCCACTAT-1,CrVg2wCD90R1
CrVg2wCD90R1_TAAGCGTAGTACACCT-1,CrVg2wCD90R1
CrVg2wCD90R1_TAAGCGTAGTATTGGA-1,CrVg2wCD90R1
CrVg2wCD90R1_TAAGCGTCACGGACAA-1,CrVg2wCD90R1
CrVg2wCD90R1_TAAGCGTCATGCCACG-1,CrVg2wCD90R1
CrVg2wCD90R1_TAAGCGTGTAACGTTC-1,CrVg2wCD90R1
CrVg2wCD90R1_TAAGCGTGTAGCTCCG-1,CrVg2wCD90R1
CrVg2wCD90R1_TAAGCGTGTGCGGTAA-1,CrVg2wCD90R1
CrVg2wCD90R1_TAAGCGTGTTTAGCTG-1,CrVg2wCD90R1
CrVg2wCD90R1_TAAGCGTTCAAGAAGT-1,CrVg2wCD90R1
CrVg2wCD90R1_TAAGCGTTCGTAGATC-1,CrVg2wCD90R1
CrVg2wCD90R1_TAAGCGTTCGTGGACC-1,CrVg2wCD90R1
CrVg2wCD90R1_TAAGCGTTCGTTTGCC-1,CrVg2wCD90R1
CrVg2wCD90R1_TAAGCGTTCTAACGGT-1,CrVg2wCD90R1
CrVg2wCD90R1_TAAGTGCAGAAGGTTT-1,CrVg2wCD90R1
CrVg2wCD90R1_TAAGTGCAGACTAGAT-1,CrVg2wCD90R1
CrVg2wCD90R1_TAAGTGCAGATGGCGT-1,CrVg2wCD90R1
CrVg2wCD90R1_TAAGTGCAGTGTTTGC-1,CrVg2wCD90R1
CrVg2wCD90R1_TAAGTGCAGTTACGGG-1,CrVg2wCD90R1
CrVg2wCD90R1_TAAGTGCCAGTCGTGC-1,CrVg2wCD90R1
CrVg2wCD90R1_TAAGTGCCAGTTCATG-1,CrVg2wCD90R1
CrVg2wCD90R1_TAAGTGCCATCCAACA-1,CrVg2wCD90R1
CrVg2wCD90R1_TAAGTGCGTCCGTTAA-1,CrVg2wCD90R1
CrVg2wCD90R1_TAAGTGCGTCTCTCGT-1,CrVg2wCD90R1
CrVg2wCD90R1_TAAGTGCGTGCAGGTA-1,CrVg2wCD90R1
CrVg2wCD90R1_TAAGTGCGTGCTGTAT-1,CrVg2wCD90R1
CrVg2wCD90R1_TAAGTGCGTTCGTCTC-1,CrVg2wCD90R1
CrVg2wCD90R1_TAAGTGCTCTGTCTAT-1,CrVg2wCD90R1
CrVg2wCD90R1_TACACGAAGCTTTGGT-1,CrVg2wCD90R1
CrVg2wCD90R1_TACACGACAAAGTGCG-1,CrVg2wCD90R1
CrVg2wCD90R1_TACACGACAATCCAAC-1,CrVg2wCD90R1
CrVg2wCD90R1_TACACGACACATGGGA-1,CrVg2wCD90R1
CrVg2wCD90R1_TACACGACACCGAATT-1,CrVg2wCD90R1
CrVg2wCD90R1_TACACGACAGGCTCAC-1,CrVg2wCD90R1
CrVg2wCD90R1_TACACGACAGTCGTGC-1,CrVg2wCD90R1
CrVg2wCD90R1_TACACGACATTAACCG-1,CrVg2wCD90R1
CrVg2wCD90R1_TACACGAGTCATGCCG-1,CrVg2wCD90R1
CrVg2wCD90R1_TACACGAGTGCACTTA-1,CrVg2wCD90R1
CrVg2wCD90R1_TACACGATCAGTTAGC-1,CrVg2wCD90R1
CrVg2wCD90R1_TACACGATCCATGAAC-1,CrVg2wCD90R1
CrVg2wCD90R1_TACAGTGAGATGAGAG-1,CrVg2wCD90R1
CrVg2wCD90R1_TACAGTGAGCCACGCT-1,CrVg2wCD90R1
CrVg2wCD90R1_TACAGTGAGGCTAGAC-1,CrVg2wCD90R1
CrVg2wCD90R1_TACAGTGAGGGTCTCC-1,CrVg2wCD90R1
CrVg2wCD90R1_TACAGTGAGTGCCAGA-1,CrVg2wCD90R1
CrVg2wCD90R1_TACAGTGCAATGAATG-1,CrVg2wCD90R1
CrVg2wCD90R1_TACAGTGCAGCTGTAT-1,CrVg2wCD90R1
CrVg2wCD90R1_TACAGTGCAGGGCATA-1,CrVg2wCD90R1
CrVg2wCD90R1_TACAGTGGTAAGAGAG-1,CrVg2wCD90R1
CrVg2wCD90R1_TACAGTGGTGTGCGTC-1,CrVg2wCD90R1
CrVg2wCD90R1_TACAGTGGTTTCGCTC-1,CrVg2wCD90R1
CrVg2wCD90R1_TACAGTGTCACCAGGC-1,CrVg2wCD90R1
CrVg2wCD90R1_TACAGTGTCCGTAGGC-1,CrVg2wCD90R1
CrVg2wCD90R1_TACAGTGTCCTGCTTG-1,CrVg2wCD90R1
CrVg2wCD90R1_TACAGTGTCGTTGCCT-1,CrVg2wCD90R1
CrVg2wCD90R1_TACCTATAGACTAGAT-1,CrVg2wCD90R1
CrVg2wCD90R1_TACCTATAGCTCTCGG-1,CrVg2wCD90R1
CrVg2wCD90R1_TACCTATAGGGTTTCT-1,CrVg2wCD90R1
CrVg2wCD90R1_TACCTATCAAAGGCGT-1,CrVg2wCD90R1
CrVg2wCD90R1_TACCTATTCCTTTACA-1,CrVg2wCD90R1
CrVg2wCD90R1_TACCTATTCGGTTAAC-1,CrVg2wCD90R1
CrVg2wCD90R1_TACCTTAAGACTGTAA-1,CrVg2wCD90R1
CrVg2wCD90R1_TACCTTAAGATCTGCT-1,CrVg2wCD90R1
CrVg2wCD90R1_TACCTTAAGCGTTTAC-1,CrVg2wCD90R1
CrVg2wCD90R1_TACCTTAAGGTGCACA-1,CrVg2wCD90R1
CrVg2wCD90R1_TACCTTACAAGCCCAC-1,CrVg2wCD90R1
CrVg2wCD90R1_TACCTTACATTAACCG-1,CrVg2wCD90R1
CrVg2wCD90R1_TACCTTAGTACTTGAC-1,CrVg2wCD90R1
CrVg2wCD90R1_TACCTTAGTAGCACGA-1,CrVg2wCD90R1
CrVg2wCD90R1_TACCTTAGTCACCCAG-1,CrVg2wCD90R1
CrVg2wCD90R1_TACCTTAGTCATATCG-1,CrVg2wCD90R1
CrVg2wCD90R1_TACCTTAGTTAAGATG-1,CrVg2wCD90R1
CrVg2wCD90R1_TACCTTATCAATCACG-1,CrVg2wCD90R1
CrVg2wCD90R1_TACCTTATCATATCGG-1,CrVg2wCD90R1
CrVg2wCD90R1_TACCTTATCGCCAAAT-1,CrVg2wCD90R1
CrVg2wCD90R1_TACGGATAGAGGTTGC-1,CrVg2wCD90R1
CrVg2wCD90R1_TACGGATAGGCTAGGT-1,CrVg2wCD90R1
CrVg2wCD90R1_TACGGATCAAAGTCAA-1,CrVg2wCD90R1
CrVg2wCD90R1_TACGGATCAATCCAAC-1,CrVg2wCD90R1
CrVg2wCD90R1_TACGGATCACGGCCAT-1,CrVg2wCD90R1
CrVg2wCD90R1_TACGGATCACGTAAGG-1,CrVg2wCD90R1
CrVg2wCD90R1_TACGGATCAGATCCAT-1,CrVg2wCD90R1
CrVg2wCD90R1_TACGGATCAGGCAGTA-1,CrVg2wCD90R1
CrVg2wCD90R1_TACGGATGTACTTGAC-1,CrVg2wCD90R1
CrVg2wCD90R1_TACGGATGTAGATTAG-1,CrVg2wCD90R1
CrVg2wCD90R1_TACGGATGTAGTGAAT-1,CrVg2wCD90R1
CrVg2wCD90R1_TACGGATGTCAATGTC-1,CrVg2wCD90R1
CrVg2wCD90R1_TACGGATGTCCGAGTC-1,CrVg2wCD90R1
CrVg2wCD90R1_TACGGATGTCTAGGTT-1,CrVg2wCD90R1
CrVg2wCD90R1_TACGGATTCCAGAGGA-1,CrVg2wCD90R1
CrVg2wCD90R1_TACGGATTCCGCATAA-1,CrVg2wCD90R1
CrVg2wCD90R1_TACGGATTCGCGATCG-1,CrVg2wCD90R1
CrVg2wCD90R1_TACGGGCAGCAGCGTA-1,CrVg2wCD90R1
CrVg2wCD90R1_TACGGGCAGGCTAGGT-1,CrVg2wCD90R1
CrVg2wCD90R1_TACGGGCCACTTCGAA-1,CrVg2wCD90R1
CrVg2wCD90R1_TACGGGCCAGTACACT-1,CrVg2wCD90R1
CrVg2wCD90R1_TACGGGCCATGTAGTC-1,CrVg2wCD90R1
CrVg2wCD90R1_TACGGGCGTAAACGCG-1,CrVg2wCD90R1
CrVg2wCD90R1_TACGGGCGTACGACCC-1,CrVg2wCD90R1
CrVg2wCD90R1_TACGGGCGTATATCCG-1,CrVg2wCD90R1
CrVg2wCD90R1_TACGGGCGTCCCTACT-1,CrVg2wCD90R1
CrVg2wCD90R1_TACGGGCGTCGAGTTT-1,CrVg2wCD90R1
CrVg2wCD90R1_TACGGGCGTTAAGATG-1,CrVg2wCD90R1
CrVg2wCD90R1_TACGGGCGTTATTCTC-1,CrVg2wCD90R1
CrVg2wCD90R1_TACGGGCTCTTTAGGG-1,CrVg2wCD90R1
CrVg2wCD90R1_TACGGTAAGATCCGAG-1,CrVg2wCD90R1
CrVg2wCD90R1_TACGGTAAGCGAGAAA-1,CrVg2wCD90R1
CrVg2wCD90R1_TACGGTAAGGGCATGT-1,CrVg2wCD90R1
CrVg2wCD90R1_TACGGTAAGTACACCT-1,CrVg2wCD90R1
CrVg2wCD90R1_TACGGTAAGTCTTGCA-1,CrVg2wCD90R1
CrVg2wCD90R1_TACGGTACACAGATTC-1,CrVg2wCD90R1
CrVg2wCD90R1_TACGGTACAGACGTAG-1,CrVg2wCD90R1
CrVg2wCD90R1_TACGGTACAGATCTGT-1,CrVg2wCD90R1
CrVg2wCD90R1_TACGGTACAGCAGTTT-1,CrVg2wCD90R1
CrVg2wCD90R1_TACGGTACATGTTGAC-1,CrVg2wCD90R1
CrVg2wCD90R1_TACGGTAGTACAGTGG-1,CrVg2wCD90R1
CrVg2wCD90R1_TACGGTATCTCGCTTG-1,CrVg2wCD90R1
CrVg2wCD90R1_TACTCATCAGACGCCT-1,CrVg2wCD90R1
CrVg2wCD90R1_TACTCATCATTCGACA-1,CrVg2wCD90R1
CrVg2wCD90R1_TACTCATGTACCGGCT-1,CrVg2wCD90R1
CrVg2wCD90R1_TACTCATTCCATTCTA-1,CrVg2wCD90R1
CrVg2wCD90R1_TACTCATTCCTCCTAG-1,CrVg2wCD90R1
CrVg2wCD90R1_TACTCATTCGGATGTT-1,CrVg2wCD90R1
CrVg2wCD90R1_TACTCGCGTAGCGTCC-1,CrVg2wCD90R1
CrVg2wCD90R1_TACTCGCGTGAGCGAT-1,CrVg2wCD90R1
CrVg2wCD90R1_TACTCGCGTGTGAAAT-1,CrVg2wCD90R1
CrVg2wCD90R1_TACTCGCGTGTGAATA-1,CrVg2wCD90R1
CrVg2wCD90R1_TACTCGCGTTAAGATG-1,CrVg2wCD90R1
CrVg2wCD90R1_TACTCGCGTTCTGAAC-1,CrVg2wCD90R1
CrVg2wCD90R1_TACTCGCGTTGGGACA-1,CrVg2wCD90R1
CrVg2wCD90R1_TACTCGCGTTTAAGCC-1,CrVg2wCD90R1
CrVg2wCD90R1_TACTCGCTCCACTGGG-1,CrVg2wCD90R1
CrVg2wCD90R1_TACTTACAGAGACGAA-1,CrVg2wCD90R1
CrVg2wCD90R1_TACTTACAGTGAAGAG-1,CrVg2wCD90R1
CrVg2wCD90R1_TACTTACAGTGGTAGC-1,CrVg2wCD90R1
CrVg2wCD90R1_TACTTACAGTGGTCCC-1,CrVg2wCD90R1
CrVg2wCD90R1_TACTTACCAACTGCGC-1,CrVg2wCD90R1
CrVg2wCD90R1_TACTTACCACGGTAAG-1,CrVg2wCD90R1
CrVg2wCD90R1_TACTTACCATACTCTT-1,CrVg2wCD90R1
CrVg2wCD90R1_TACTTACCATCACGAT-1,CrVg2wCD90R1
CrVg2wCD90R1_TACTTACCATGCCTAA-1,CrVg2wCD90R1
CrVg2wCD90R1_TACTTACGTCTTCGTC-1,CrVg2wCD90R1
CrVg2wCD90R1_TACTTACGTGTAATGA-1,CrVg2wCD90R1
CrVg2wCD90R1_TACTTACGTTAGATGA-1,CrVg2wCD90R1
CrVg2wCD90R1_TACTTACGTTATTCTC-1,CrVg2wCD90R1
CrVg2wCD90R1_TACTTACTCACTGGGC-1,CrVg2wCD90R1
CrVg2wCD90R1_TACTTACTCCATGAGT-1,CrVg2wCD90R1
CrVg2wCD90R1_TACTTACTCCGGCACA-1,CrVg2wCD90R1
CrVg2wCD90R1_TACTTACTCTTCATGT-1,CrVg2wCD90R1
CrVg2wCD90R1_TACTTGTAGAGCCCAA-1,CrVg2wCD90R1
CrVg2wCD90R1_TACTTGTAGCGATATA-1,CrVg2wCD90R1
CrVg2wCD90R1_TACTTGTAGGACGAAA-1,CrVg2wCD90R1
CrVg2wCD90R1_TACTTGTAGTGTTTGC-1,CrVg2wCD90R1
CrVg2wCD90R1_TACTTGTCACAAGTAA-1,CrVg2wCD90R1
CrVg2wCD90R1_TACTTGTCATGAACCT-1,CrVg2wCD90R1
CrVg2wCD90R1_TACTTGTCATGGGAAC-1,CrVg2wCD90R1
CrVg2wCD90R1_TACTTGTGTAGTGAAT-1,CrVg2wCD90R1
CrVg2wCD90R1_TACTTGTGTGAAAGAG-1,CrVg2wCD90R1
CrVg2wCD90R1_TACTTGTGTTGGACCC-1,CrVg2wCD90R1
CrVg2wCD90R1_TACTTGTTCTCAAGTG-1,CrVg2wCD90R1
CrVg2wCD90R1_TACTTGTTCTCTGAGA-1,CrVg2wCD90R1
CrVg2wCD90R1_TAGACCAAGACTTGAA-1,CrVg2wCD90R1
CrVg2wCD90R1_TAGACCAAGCTAGTGG-1,CrVg2wCD90R1
CrVg2wCD90R1_TAGACCAAGGGTTCCC-1,CrVg2wCD90R1
CrVg2wCD90R1_TAGACCAAGGTAGCTG-1,CrVg2wCD90R1
CrVg2wCD90R1_TAGACCAAGGTGTTAA-1,CrVg2wCD90R1
CrVg2wCD90R1_TAGACCACATCCGGGT-1,CrVg2wCD90R1
CrVg2wCD90R1_TAGACCACATCGGAAG-1,CrVg2wCD90R1
CrVg2wCD90R1_TAGACCAGTTTGACTG-1,CrVg2wCD90R1
CrVg2wCD90R1_TAGACCATCAGGATCT-1,CrVg2wCD90R1
CrVg2wCD90R1_TAGACCATCAGGTAAA-1,CrVg2wCD90R1
CrVg2wCD90R1_TAGAGCTAGCCAACAG-1,CrVg2wCD90R1
CrVg2wCD90R1_TAGAGCTAGTGAAGAG-1,CrVg2wCD90R1
CrVg2wCD90R1_TAGAGCTCACGGTAAG-1,CrVg2wCD90R1
CrVg2wCD90R1_TAGAGCTGTTCCGTCT-1,CrVg2wCD90R1
CrVg2wCD90R1_TAGAGCTTCACGCGGT-1,CrVg2wCD90R1
CrVg2wCD90R1_TAGAGCTTCAGCAACT-1,CrVg2wCD90R1
CrVg2wCD90R1_TAGAGCTTCTACCAGA-1,CrVg2wCD90R1
CrVg2wCD90R1_TAGCCGGAGAAGGACA-1,CrVg2wCD90R1
CrVg2wCD90R1_TAGCCGGAGAATAGGG-1,CrVg2wCD90R1
CrVg2wCD90R1_TAGCCGGAGATGTTAG-1,CrVg2wCD90R1
CrVg2wCD90R1_TAGCCGGAGCCCAATT-1,CrVg2wCD90R1
CrVg2wCD90R1_TAGCCGGAGGGCTCTC-1,CrVg2wCD90R1
CrVg2wCD90R1_TAGCCGGCAGTAAGAT-1,CrVg2wCD90R1
CrVg2wCD90R1_TAGCCGGGTAGAGCTG-1,CrVg2wCD90R1
CrVg2wCD90R1_TAGCCGGGTCAGAGGT-1,CrVg2wCD90R1
CrVg2wCD90R1_TAGCCGGGTCCGTGAC-1,CrVg2wCD90R1
CrVg2wCD90R1_TAGCCGGTCAGAGCTT-1,CrVg2wCD90R1
CrVg2wCD90R1_TAGCCGGTCGTAGGAG-1,CrVg2wCD90R1
CrVg2wCD90R1_TAGGCATAGATCTGCT-1,CrVg2wCD90R1
CrVg2wCD90R1_TAGGCATAGCCTTGAT-1,CrVg2wCD90R1
CrVg2wCD90R1_TAGGCATAGCTGAAAT-1,CrVg2wCD90R1
CrVg2wCD90R1_TAGGCATAGGATCGCA-1,CrVg2wCD90R1
CrVg2wCD90R1_TAGGCATAGGCTAGCA-1,CrVg2wCD90R1
CrVg2wCD90R1_TAGGCATAGGCTCTTA-1,CrVg2wCD90R1
CrVg2wCD90R1_TAGGCATCAAACGTGG-1,CrVg2wCD90R1
CrVg2wCD90R1_TAGGCATCAAGCCTAT-1,CrVg2wCD90R1
CrVg2wCD90R1_TAGGCATCAAGGGTCA-1,CrVg2wCD90R1
CrVg2wCD90R1_TAGGCATCACACATGT-1,CrVg2wCD90R1
CrVg2wCD90R1_TAGGCATCATGAACCT-1,CrVg2wCD90R1
CrVg2wCD90R1_TAGGCATGTAGCGTGA-1,CrVg2wCD90R1
CrVg2wCD90R1_TAGGCATTCAATAAGG-1,CrVg2wCD90R1
CrVg2wCD90R1_TAGGCATTCAGGCCCA-1,CrVg2wCD90R1
CrVg2wCD90R1_TAGGCATTCCCTCTTT-1,CrVg2wCD90R1
CrVg2wCD90R1_TAGGCATTCGTCCGTT-1,CrVg2wCD90R1
CrVg2wCD90R1_TAGTGGTAGACTACAA-1,CrVg2wCD90R1
CrVg2wCD90R1_TAGTGGTAGATAGTCA-1,CrVg2wCD90R1
CrVg2wCD90R1_TAGTGGTAGCTGATAA-1,CrVg2wCD90R1
CrVg2wCD90R1_TAGTGGTCACATCCAA-1,CrVg2wCD90R1
CrVg2wCD90R1_TAGTGGTCAGACAAAT-1,CrVg2wCD90R1
CrVg2wCD90R1_TAGTGGTCAGCAGTTT-1,CrVg2wCD90R1
CrVg2wCD90R1_TAGTGGTCAGGTGGAT-1,CrVg2wCD90R1
CrVg2wCD90R1_TAGTGGTCAGTTTACG-1,CrVg2wCD90R1
CrVg2wCD90R1_TAGTGGTGTACTCGCG-1,CrVg2wCD90R1
CrVg2wCD90R1_TAGTGGTGTAGCGTAG-1,CrVg2wCD90R1
CrVg2wCD90R1_TAGTGGTGTTATCGGT-1,CrVg2wCD90R1
CrVg2wCD90R1_TAGTGGTTCAGCCTAA-1,CrVg2wCD90R1
CrVg2wCD90R1_TAGTGGTTCGTGGGAA-1,CrVg2wCD90R1
CrVg2wCD90R1_TAGTGGTTCTGCGTAA-1,CrVg2wCD90R1
CrVg2wCD90R1_TAGTTGGAGAGCTGGT-1,CrVg2wCD90R1
CrVg2wCD90R1_TAGTTGGCATCCAACA-1,CrVg2wCD90R1
CrVg2wCD90R1_TAGTTGGTCACATACG-1,CrVg2wCD90R1
CrVg2wCD90R1_TAGTTGGTCCCGACTT-1,CrVg2wCD90R1
CrVg2wCD90R1_TATCAGGAGCAACGGT-1,CrVg2wCD90R1
CrVg2wCD90R1_TATCAGGAGCATGGCA-1,CrVg2wCD90R1
CrVg2wCD90R1_TATCAGGAGCGTCTAT-1,CrVg2wCD90R1
CrVg2wCD90R1_TATCAGGAGTCCGTAT-1,CrVg2wCD90R1
CrVg2wCD90R1_TATCAGGCACATGACT-1,CrVg2wCD90R1
CrVg2wCD90R1_TATCAGGCACGCATCG-1,CrVg2wCD90R1
CrVg2wCD90R1_TATCAGGCATGCCACG-1,CrVg2wCD90R1
CrVg2wCD90R1_TATCAGGGTAGAAGGA-1,CrVg2wCD90R1
CrVg2wCD90R1_TATCAGGGTAGCGATG-1,CrVg2wCD90R1
CrVg2wCD90R1_TATCAGGGTCAGAATA-1,CrVg2wCD90R1
CrVg2wCD90R1_TATCAGGGTCGACTAT-1,CrVg2wCD90R1
CrVg2wCD90R1_TATCAGGGTGCAACTT-1,CrVg2wCD90R1
CrVg2wCD90R1_TATCAGGTCCCAGGTG-1,CrVg2wCD90R1
CrVg2wCD90R1_TATCAGGTCTGCGTAA-1,CrVg2wCD90R1
CrVg2wCD90R1_TATCTCAAGATGCCTT-1,CrVg2wCD90R1
CrVg2wCD90R1_TATCTCAAGTATCTCG-1,CrVg2wCD90R1
CrVg2wCD90R1_TATCTCAAGTGGTCCC-1,CrVg2wCD90R1
CrVg2wCD90R1_TATCTCACAGAGCCAA-1,CrVg2wCD90R1
CrVg2wCD90R1_TATCTCACATCGATGT-1,CrVg2wCD90R1
CrVg2wCD90R1_TATCTCACATTAACCG-1,CrVg2wCD90R1
CrVg2wCD90R1_TATCTCATCATTCACT-1,CrVg2wCD90R1
CrVg2wCD90R1_TATCTCATCTAACTGG-1,CrVg2wCD90R1
CrVg2wCD90R1_TATCTCATCTCTGCTG-1,CrVg2wCD90R1
CrVg2wCD90R1_TATGCCCAGAAAGTGG-1,CrVg2wCD90R1
CrVg2wCD90R1_TATGCCCAGAATAGGG-1,CrVg2wCD90R1
CrVg2wCD90R1_TATGCCCCACCAGGCT-1,CrVg2wCD90R1
CrVg2wCD90R1_TATGCCCCACCAGGTC-1,CrVg2wCD90R1
CrVg2wCD90R1_TATGCCCCATAGACTC-1,CrVg2wCD90R1
CrVg2wCD90R1_TATGCCCGTAAGGGAA-1,CrVg2wCD90R1
CrVg2wCD90R1_TATGCCCGTGACTCAT-1,CrVg2wCD90R1
CrVg2wCD90R1_TATGCCCTCAAACAAG-1,CrVg2wCD90R1
CrVg2wCD90R1_TATGCCCTCCCAACGG-1,CrVg2wCD90R1
CrVg2wCD90R1_TATGCCCTCCGTCATC-1,CrVg2wCD90R1
CrVg2wCD90R1_TATTACCAGGCGTACA-1,CrVg2wCD90R1
CrVg2wCD90R1_TATTACCAGTGTACCT-1,CrVg2wCD90R1
CrVg2wCD90R1_TATTACCCACAGATTC-1,CrVg2wCD90R1
CrVg2wCD90R1_TATTACCCACTGCCAG-1,CrVg2wCD90R1
CrVg2wCD90R1_TATTACCCAGAAGCAC-1,CrVg2wCD90R1
CrVg2wCD90R1_TATTACCGTAAGCACG-1,CrVg2wCD90R1
CrVg2wCD90R1_TATTACCGTAGAGTGC-1,CrVg2wCD90R1
CrVg2wCD90R1_TATTACCGTAGCTTGT-1,CrVg2wCD90R1
CrVg2wCD90R1_TATTACCGTATCGCAT-1,CrVg2wCD90R1
CrVg2wCD90R1_TATTACCGTCTGATCA-1,CrVg2wCD90R1
CrVg2wCD90R1_TATTACCTCACGCGGT-1,CrVg2wCD90R1
CrVg2wCD90R1_TATTACCTCCTCTAGC-1,CrVg2wCD90R1
CrVg2wCD90R1_TATTACCTCGGCGCAT-1,CrVg2wCD90R1
CrVg2wCD90R1_TATTACCTCTGAGGGA-1,CrVg2wCD90R1
CrVg2wCD90R1_TATTACCTCTGGGCCA-1,CrVg2wCD90R1
CrVg2wCD90R1_TCAACGAAGTAGGCCA-1,CrVg2wCD90R1
CrVg2wCD90R1_TCAACGACACACAGAG-1,CrVg2wCD90R1
CrVg2wCD90R1_TCAACGACACAGGTTT-1,CrVg2wCD90R1
CrVg2wCD90R1_TCAACGACATGCATGT-1,CrVg2wCD90R1
CrVg2wCD90R1_TCAACGACATGTAGTC-1,CrVg2wCD90R1
CrVg2wCD90R1_TCAACGACATTGTGCA-1,CrVg2wCD90R1
CrVg2wCD90R1_TCAACGAGTATAATGG-1,CrVg2wCD90R1
CrVg2wCD90R1_TCAACGAGTGCATCTA-1,CrVg2wCD90R1
CrVg2wCD90R1_TCAACGAGTTCCTCCA-1,CrVg2wCD90R1
CrVg2wCD90R1_TCAACGATCCCATTTA-1,CrVg2wCD90R1
CrVg2wCD90R1_TCAACGATCGTACGGC-1,CrVg2wCD90R1
CrVg2wCD90R1_TCAACGATCTCCAACC-1,CrVg2wCD90R1
CrVg2wCD90R1_TCAATCTAGAAGGCCT-1,CrVg2wCD90R1
CrVg2wCD90R1_TCAATCTAGACAGGCT-1,CrVg2wCD90R1
CrVg2wCD90R1_TCAATCTAGCTCCTTC-1,CrVg2wCD90R1
CrVg2wCD90R1_TCAATCTAGGCCCGTT-1,CrVg2wCD90R1
CrVg2wCD90R1_TCAATCTGTGTGCGTC-1,CrVg2wCD90R1
CrVg2wCD90R1_TCAATCTTCCGCGCAA-1,CrVg2wCD90R1
CrVg2wCD90R1_TCAATCTTCTCGTTTA-1,CrVg2wCD90R1
CrVg2wCD90R1_TCAATCTTCTGCTGTC-1,CrVg2wCD90R1
CrVg2wCD90R1_TCACAAGAGACACTAA-1,CrVg2wCD90R1
CrVg2wCD90R1_TCACAAGAGATGTTAG-1,CrVg2wCD90R1
CrVg2wCD90R1_TCACAAGAGGCGACAT-1,CrVg2wCD90R1
CrVg2wCD90R1_TCACAAGAGTCGTACT-1,CrVg2wCD90R1
CrVg2wCD90R1_TCACAAGCACAAGACG-1,CrVg2wCD90R1
CrVg2wCD90R1_TCACAAGCAGCGAACA-1,CrVg2wCD90R1
CrVg2wCD90R1_TCACAAGCAGCTGCTG-1,CrVg2wCD90R1
CrVg2wCD90R1_TCACAAGCAGCTTCGG-1,CrVg2wCD90R1
CrVg2wCD90R1_TCACAAGTCTGCGGCA-1,CrVg2wCD90R1
CrVg2wCD90R1_TCACGAAAGCACGCCT-1,CrVg2wCD90R1
CrVg2wCD90R1_TCACGAAAGCGAAGGG-1,CrVg2wCD90R1
CrVg2wCD90R1_TCACGAAAGGCAGGTT-1,CrVg2wCD90R1
CrVg2wCD90R1_TCACGAAAGGGATCTG-1,CrVg2wCD90R1
CrVg2wCD90R1_TCACGAACAACACCCG-1,CrVg2wCD90R1
CrVg2wCD90R1_TCACGAACACCATGTA-1,CrVg2wCD90R1
CrVg2wCD90R1_TCACGAACACTCAGGC-1,CrVg2wCD90R1
CrVg2wCD90R1_TCACGAACAGGGTATG-1,CrVg2wCD90R1
CrVg2wCD90R1_TCACGAAGTGGTGTAG-1,CrVg2wCD90R1
CrVg2wCD90R1_TCACGAAGTTTGACAC-1,CrVg2wCD90R1
CrVg2wCD90R1_TCACGAATCAACACTG-1,CrVg2wCD90R1
CrVg2wCD90R1_TCACGAATCACGATGT-1,CrVg2wCD90R1
CrVg2wCD90R1_TCACGAATCACTGGGC-1,CrVg2wCD90R1
CrVg2wCD90R1_TCACGAATCGGAAACG-1,CrVg2wCD90R1
CrVg2wCD90R1_TCACGAATCTCCCTGA-1,CrVg2wCD90R1
CrVg2wCD90R1_TCAGATGAGAGTAAGG-1,CrVg2wCD90R1
CrVg2wCD90R1_TCAGATGGTCGCATCG-1,CrVg2wCD90R1
CrVg2wCD90R1_TCAGATGGTCTAAACC-1,CrVg2wCD90R1
CrVg2wCD90R1_TCAGATGGTCTTCGTC-1,CrVg2wCD90R1
CrVg2wCD90R1_TCAGATGGTGTTGGGA-1,CrVg2wCD90R1
CrVg2wCD90R1_TCAGATGGTTACTGAC-1,CrVg2wCD90R1
CrVg2wCD90R1_TCAGATGGTTGGTAAA-1,CrVg2wCD90R1
CrVg2wCD90R1_TCAGATGTCAACACCA-1,CrVg2wCD90R1
CrVg2wCD90R1_TCAGATGTCAACACGT-1,CrVg2wCD90R1
CrVg2wCD90R1_TCAGATGTCACGAAGG-1,CrVg2wCD90R1
CrVg2wCD90R1_TCAGATGTCAGGTAAA-1,CrVg2wCD90R1
CrVg2wCD90R1_TCAGATGTCCAAGTAC-1,CrVg2wCD90R1
CrVg2wCD90R1_TCAGCAAAGAATTGTG-1,CrVg2wCD90R1
CrVg2wCD90R1_TCAGCAAAGAGGTACC-1,CrVg2wCD90R1
CrVg2wCD90R1_TCAGCAAAGATTACCC-1,CrVg2wCD90R1
CrVg2wCD90R1_TCAGCAAAGTGGGCTA-1,CrVg2wCD90R1
CrVg2wCD90R1_TCAGCAACAGCCAATT-1,CrVg2wCD90R1
CrVg2wCD90R1_TCAGCAAGTAAACGCG-1,CrVg2wCD90R1
CrVg2wCD90R1_TCAGCAAGTTATGCGT-1,CrVg2wCD90R1
CrVg2wCD90R1_TCAGCAATCACTATTC-1,CrVg2wCD90R1
CrVg2wCD90R1_TCAGCAATCGTAGATC-1,CrVg2wCD90R1
CrVg2wCD90R1_TCAGCAATCGTGGACC-1,CrVg2wCD90R1
CrVg2wCD90R1_TCAGCTCAGAGTAATC-1,CrVg2wCD90R1
CrVg2wCD90R1_TCAGCTCCAAATCCGT-1,CrVg2wCD90R1
CrVg2wCD90R1_TCAGCTCCACATGACT-1,CrVg2wCD90R1
CrVg2wCD90R1_TCAGCTCCACTCTGTC-1,CrVg2wCD90R1
CrVg2wCD90R1_TCAGCTCCAGGATCGA-1,CrVg2wCD90R1
CrVg2wCD90R1_TCAGCTCCAGGGTTAG-1,CrVg2wCD90R1
CrVg2wCD90R1_TCAGCTCCATGCCTTC-1,CrVg2wCD90R1
CrVg2wCD90R1_TCAGCTCGTCATGCCG-1,CrVg2wCD90R1
CrVg2wCD90R1_TCAGCTCGTTCGTCTC-1,CrVg2wCD90R1
CrVg2wCD90R1_TCAGCTCTCCAGTAGT-1,CrVg2wCD90R1
CrVg2wCD90R1_TCAGCTCTCGAATGGG-1,CrVg2wCD90R1
CrVg2wCD90R1_TCAGGATAGACCACGA-1,CrVg2wCD90R1
CrVg2wCD90R1_TCAGGATAGATCTGAA-1,CrVg2wCD90R1
CrVg2wCD90R1_TCAGGATAGGACAGCT-1,CrVg2wCD90R1
CrVg2wCD90R1_TCAGGATAGTTAAGTG-1,CrVg2wCD90R1
CrVg2wCD90R1_TCAGGATCAAGAGGCT-1,CrVg2wCD90R1
CrVg2wCD90R1_TCAGGATCATAAGACA-1,CrVg2wCD90R1
CrVg2wCD90R1_TCAGGATGTCATCCCT-1,CrVg2wCD90R1
CrVg2wCD90R1_TCAGGATGTCTAGTGT-1,CrVg2wCD90R1
CrVg2wCD90R1_TCAGGATGTGGTAACG-1,CrVg2wCD90R1
CrVg2wCD90R1_TCAGGATTCTACTTAC-1,CrVg2wCD90R1
CrVg2wCD90R1_TCAGGATTCTTAGCCC-1,CrVg2wCD90R1
CrVg2wCD90R1_TCAGGTAAGCTAAGAT-1,CrVg2wCD90R1
CrVg2wCD90R1_TCAGGTAGTAGGGTAC-1,CrVg2wCD90R1
CrVg2wCD90R1_TCAGGTAGTCACAAGG-1,CrVg2wCD90R1
CrVg2wCD90R1_TCAGGTAGTCGGATCC-1,CrVg2wCD90R1
CrVg2wCD90R1_TCAGGTAGTTGAACTC-1,CrVg2wCD90R1
CrVg2wCD90R1_TCAGGTATCACATACG-1,CrVg2wCD90R1
CrVg2wCD90R1_TCAGGTATCATGTGGT-1,CrVg2wCD90R1
CrVg2wCD90R1_TCAGGTATCCAGGGCT-1,CrVg2wCD90R1
CrVg2wCD90R1_TCAGGTATCGAGCCCA-1,CrVg2wCD90R1
CrVg2wCD90R1_TCAGGTATCTGCGGCA-1,CrVg2wCD90R1
CrVg2wCD90R1_TCATTACAGTCATGCT-1,CrVg2wCD90R1
CrVg2wCD90R1_TCATTACCACAGATTC-1,CrVg2wCD90R1
CrVg2wCD90R1_TCATTACCACTGCCAG-1,CrVg2wCD90R1
CrVg2wCD90R1_TCATTACCATCTATGG-1,CrVg2wCD90R1
CrVg2wCD90R1_TCATTACCATGCAACT-1,CrVg2wCD90R1
CrVg2wCD90R1_TCATTACCATGCCTTC-1,CrVg2wCD90R1
CrVg2wCD90R1_TCATTACGTATGAATG-1,CrVg2wCD90R1
CrVg2wCD90R1_TCATTACGTTGATTCG-1,CrVg2wCD90R1
CrVg2wCD90R1_TCATTACTCACCGGGT-1,CrVg2wCD90R1
CrVg2wCD90R1_TCATTACTCCGCATCT-1,CrVg2wCD90R1
CrVg2wCD90R1_TCATTACTCGCCGTGA-1,CrVg2wCD90R1
CrVg2wCD90R1_TCATTTGAGCGTCTAT-1,CrVg2wCD90R1
CrVg2wCD90R1_TCATTTGCAATCTGCA-1,CrVg2wCD90R1
CrVg2wCD90R1_TCATTTGGTCGGCATC-1,CrVg2wCD90R1
CrVg2wCD90R1_TCATTTGGTTCGTGAT-1,CrVg2wCD90R1
CrVg2wCD90R1_TCATTTGTCCGTACAA-1,CrVg2wCD90R1
CrVg2wCD90R1_TCCACACAGAGGGCTT-1,CrVg2wCD90R1
CrVg2wCD90R1_TCCACACAGAGTAAGG-1,CrVg2wCD90R1
CrVg2wCD90R1_TCCACACCAAGTACCT-1,CrVg2wCD90R1
CrVg2wCD90R1_TCCACACCACATGGGA-1,CrVg2wCD90R1
CrVg2wCD90R1_TCCACACCAGGGCATA-1,CrVg2wCD90R1
CrVg2wCD90R1_TCCACACGTCGGATCC-1,CrVg2wCD90R1
CrVg2wCD90R1_TCCACACGTTCCAACA-1,CrVg2wCD90R1
CrVg2wCD90R1_TCCACACTCAAAGTAG-1,CrVg2wCD90R1
CrVg2wCD90R1_TCCACACTCCTTGGTC-1,CrVg2wCD90R1
CrVg2wCD90R1_TCCACACTCGGCGGTT-1,CrVg2wCD90R1
CrVg2wCD90R1_TCCACACTCTATGTGG-1,CrVg2wCD90R1
CrVg2wCD90R1_TCCCGATAGAAGGTTT-1,CrVg2wCD90R1
CrVg2wCD90R1_TCCCGATAGCAGGTCA-1,CrVg2wCD90R1
CrVg2wCD90R1_TCCCGATAGGGCACTA-1,CrVg2wCD90R1
CrVg2wCD90R1_TCCCGATAGTCAAGGC-1,CrVg2wCD90R1
CrVg2wCD90R1_TCCCGATAGTCTCAAC-1,CrVg2wCD90R1
CrVg2wCD90R1_TCCCGATCAAGCCGTC-1,CrVg2wCD90R1
CrVg2wCD90R1_TCCCGATCAAGTACCT-1,CrVg2wCD90R1
CrVg2wCD90R1_TCCCGATCATCTCCCA-1,CrVg2wCD90R1
CrVg2wCD90R1_TCCCGATGTATAGGGC-1,CrVg2wCD90R1
CrVg2wCD90R1_TCCCGATGTCGAACAG-1,CrVg2wCD90R1
CrVg2wCD90R1_TCCCGATGTGCGAAAC-1,CrVg2wCD90R1
CrVg2wCD90R1_TCCCGATGTGGCCCTA-1,CrVg2wCD90R1
CrVg2wCD90R1_TCCCGATTCCGTTGTC-1,CrVg2wCD90R1
CrVg2wCD90R1_TCGAGGCAGGGTCGAT-1,CrVg2wCD90R1
CrVg2wCD90R1_TCGAGGCAGTGGTCCC-1,CrVg2wCD90R1
CrVg2wCD90R1_TCGAGGCCAAACCCAT-1,CrVg2wCD90R1
CrVg2wCD90R1_TCGAGGCCAGCATACT-1,CrVg2wCD90R1
CrVg2wCD90R1_TCGAGGCGTCCATCCT-1,CrVg2wCD90R1
CrVg2wCD90R1_TCGAGGCGTGGACGAT-1,CrVg2wCD90R1
CrVg2wCD90R1_TCGAGGCGTTAAGTAG-1,CrVg2wCD90R1
CrVg2wCD90R1_TCGAGGCGTTCCATGA-1,CrVg2wCD90R1
CrVg2wCD90R1_TCGAGGCGTTTCGCTC-1,CrVg2wCD90R1
CrVg2wCD90R1_TCGAGGCTCAATCTCT-1,CrVg2wCD90R1
CrVg2wCD90R1_TCGAGGCTCACTGGGC-1,CrVg2wCD90R1
CrVg2wCD90R1_TCGAGGCTCCCTGACT-1,CrVg2wCD90R1
CrVg2wCD90R1_TCGAGGCTCGACAGCC-1,CrVg2wCD90R1
CrVg2wCD90R1_TCGAGGCTCGATCCCT-1,CrVg2wCD90R1
CrVg2wCD90R1_TCGAGGCTCTCTAAGG-1,CrVg2wCD90R1
CrVg2wCD90R1_TCGAGGCTCTTCAACT-1,CrVg2wCD90R1
CrVg2wCD90R1_TCGCGAGAGAGAACAG-1,CrVg2wCD90R1
CrVg2wCD90R1_TCGCGAGAGCCCGAAA-1,CrVg2wCD90R1
CrVg2wCD90R1_TCGCGAGAGGGTATCG-1,CrVg2wCD90R1
CrVg2wCD90R1_TCGCGAGCAAGCCTAT-1,CrVg2wCD90R1
CrVg2wCD90R1_TCGCGAGCAGTAAGAT-1,CrVg2wCD90R1
CrVg2wCD90R1_TCGCGAGCAGTGAGTG-1,CrVg2wCD90R1
CrVg2wCD90R1_TCGCGAGGTAGCGCAA-1,CrVg2wCD90R1
CrVg2wCD90R1_TCGCGAGGTCTGGTCG-1,CrVg2wCD90R1
CrVg2wCD90R1_TCGCGAGGTTCTGGTA-1,CrVg2wCD90R1
CrVg2wCD90R1_TCGCGAGGTTTAGCTG-1,CrVg2wCD90R1
CrVg2wCD90R1_TCGCGAGTCTGGCGTG-1,CrVg2wCD90R1
CrVg2wCD90R1_TCGCGTTAGAACTGTA-1,CrVg2wCD90R1
CrVg2wCD90R1_TCGCGTTAGAGAACAG-1,CrVg2wCD90R1
CrVg2wCD90R1_TCGCGTTAGAGGACGG-1,CrVg2wCD90R1
CrVg2wCD90R1_TCGCGTTAGAGTACAT-1,CrVg2wCD90R1
CrVg2wCD90R1_TCGCGTTAGGAGCGTT-1,CrVg2wCD90R1
CrVg2wCD90R1_TCGCGTTAGTGACATA-1,CrVg2wCD90R1
CrVg2wCD90R1_TCGCGTTCACGGCCAT-1,CrVg2wCD90R1
CrVg2wCD90R1_TCGCGTTCAGAAGCAC-1,CrVg2wCD90R1
CrVg2wCD90R1_TCGCGTTCAGGTCTCG-1,CrVg2wCD90R1
CrVg2wCD90R1_TCGCGTTGTAAATACG-1,CrVg2wCD90R1
CrVg2wCD90R1_TCGCGTTGTCCCTTGT-1,CrVg2wCD90R1
CrVg2wCD90R1_TCGCGTTTCACCACCT-1,CrVg2wCD90R1
CrVg2wCD90R1_TCGCGTTTCCGTCAAA-1,CrVg2wCD90R1
CrVg2wCD90R1_TCGCGTTTCGCTTAGA-1,CrVg2wCD90R1
CrVg2wCD90R1_TCGGGACCAGAGCCAA-1,CrVg2wCD90R1
CrVg2wCD90R1_TCGGGACCAGCGTAAG-1,CrVg2wCD90R1
CrVg2wCD90R1_TCGGGACCAGGCGATA-1,CrVg2wCD90R1
CrVg2wCD90R1_TCGGGACGTCAGGACA-1,CrVg2wCD90R1
CrVg2wCD90R1_TCGGGACGTCTAACGT-1,CrVg2wCD90R1
CrVg2wCD90R1_TCGGGACGTTCTGAAC-1,CrVg2wCD90R1
CrVg2wCD90R1_TCGGGACGTTGGGACA-1,CrVg2wCD90R1
CrVg2wCD90R1_TCGGGACTCCGTACAA-1,CrVg2wCD90R1
CrVg2wCD90R1_TCGGGACTCCTATGTT-1,CrVg2wCD90R1
CrVg2wCD90R1_TCGGGACTCGTACCGG-1,CrVg2wCD90R1
CrVg2wCD90R1_TCGGTAAAGACAAAGG-1,CrVg2wCD90R1
CrVg2wCD90R1_TCGGTAAAGAGGTACC-1,CrVg2wCD90R1
CrVg2wCD90R1_TCGGTAAAGGAGTTTA-1,CrVg2wCD90R1
CrVg2wCD90R1_TCGGTAACAAGGGTCA-1,CrVg2wCD90R1
CrVg2wCD90R1_TCGGTAACAGATTGCT-1,CrVg2wCD90R1
CrVg2wCD90R1_TCGGTAACATCCTTGC-1,CrVg2wCD90R1
CrVg2wCD90R1_TCGGTAACATGTTCCC-1,CrVg2wCD90R1
CrVg2wCD90R1_TCGGTAAGTCCTCTTG-1,CrVg2wCD90R1
CrVg2wCD90R1_TCGGTAAGTCGGCTCA-1,CrVg2wCD90R1
CrVg2wCD90R1_TCGGTAATCGAATGGG-1,CrVg2wCD90R1
CrVg2wCD90R1_TCGGTAATCGCTAGCG-1,CrVg2wCD90R1
CrVg2wCD90R1_TCGTACCAGCCAGTTT-1,CrVg2wCD90R1
CrVg2wCD90R1_TCGTACCAGCGGCTTC-1,CrVg2wCD90R1
CrVg2wCD90R1_TCGTACCAGGGTATCG-1,CrVg2wCD90R1
CrVg2wCD90R1_TCGTACCAGGTACTCT-1,CrVg2wCD90R1
CrVg2wCD90R1_TCGTACCAGGTCATCT-1,CrVg2wCD90R1
CrVg2wCD90R1_TCGTACCAGGTGGGTT-1,CrVg2wCD90R1
CrVg2wCD90R1_TCGTACCCAGACGCCT-1,CrVg2wCD90R1
CrVg2wCD90R1_TCGTACCCAGCCTTGG-1,CrVg2wCD90R1
CrVg2wCD90R1_TCGTACCCATTCGACA-1,CrVg2wCD90R1
CrVg2wCD90R1_TCGTACCGTAAGTAGT-1,CrVg2wCD90R1
CrVg2wCD90R1_TCGTACCGTAAGTGTA-1,CrVg2wCD90R1
CrVg2wCD90R1_TCGTACCGTGCTCTTC-1,CrVg2wCD90R1
CrVg2wCD90R1_TCGTACCGTTACGGAG-1,CrVg2wCD90R1
CrVg2wCD90R1_TCGTACCTCAACACGT-1,CrVg2wCD90R1
CrVg2wCD90R1_TCGTACCTCAAGGCTT-1,CrVg2wCD90R1
CrVg2wCD90R1_TCGTACCTCCAGAAGG-1,CrVg2wCD90R1
CrVg2wCD90R1_TCGTACCTCCCGACTT-1,CrVg2wCD90R1
CrVg2wCD90R1_TCGTACCTCCGTCAAA-1,CrVg2wCD90R1
CrVg2wCD90R1_TCGTACCTCTAGCACA-1,CrVg2wCD90R1
CrVg2wCD90R1_TCGTAGAAGACATAAC-1,CrVg2wCD90R1
CrVg2wCD90R1_TCGTAGAAGACCTAGG-1,CrVg2wCD90R1
CrVg2wCD90R1_TCGTAGAAGATGCCAG-1,CrVg2wCD90R1
CrVg2wCD90R1_TCGTAGAAGCACCGCT-1,CrVg2wCD90R1
CrVg2wCD90R1_TCGTAGAAGCCAGAAC-1,CrVg2wCD90R1
CrVg2wCD90R1_TCGTAGAAGCTACCTA-1,CrVg2wCD90R1
CrVg2wCD90R1_TCGTAGAAGTCAATAG-1,CrVg2wCD90R1
CrVg2wCD90R1_TCGTAGAAGTGAACGC-1,CrVg2wCD90R1
CrVg2wCD90R1_TCGTAGAAGTTAGGTA-1,CrVg2wCD90R1
CrVg2wCD90R1_TCGTAGACACATTTCT-1,CrVg2wCD90R1
CrVg2wCD90R1_TCGTAGACACTAGTAC-1,CrVg2wCD90R1
CrVg2wCD90R1_TCGTAGACAGCTCCGA-1,CrVg2wCD90R1
CrVg2wCD90R1_TCGTAGACATGACATC-1,CrVg2wCD90R1
CrVg2wCD90R1_TCGTAGAGTAGAGCTG-1,CrVg2wCD90R1
CrVg2wCD90R1_TCGTAGAGTCGGCACT-1,CrVg2wCD90R1
CrVg2wCD90R1_TCGTAGAGTGCACCAC-1,CrVg2wCD90R1
CrVg2wCD90R1_TCGTAGATCCTCAACC-1,CrVg2wCD90R1
CrVg2wCD90R1_TCGTAGATCGTAGGTT-1,CrVg2wCD90R1
CrVg2wCD90R1_TCTATTGAGCTTCGCG-1,CrVg2wCD90R1
CrVg2wCD90R1_TCTATTGAGTGGGTTG-1,CrVg2wCD90R1
CrVg2wCD90R1_TCTATTGAGTTGTAGA-1,CrVg2wCD90R1
CrVg2wCD90R1_TCTATTGCAGCTGTAT-1,CrVg2wCD90R1
CrVg2wCD90R1_TCTATTGGTACCAGTT-1,CrVg2wCD90R1
CrVg2wCD90R1_TCTATTGGTTAAGTAG-1,CrVg2wCD90R1
CrVg2wCD90R1_TCTATTGTCACTCTTA-1,CrVg2wCD90R1
CrVg2wCD90R1_TCTATTGTCCAGAAGG-1,CrVg2wCD90R1
CrVg2wCD90R1_TCTATTGTCCAGAGGA-1,CrVg2wCD90R1
CrVg2wCD90R1_TCTATTGTCGTAGGTT-1,CrVg2wCD90R1
CrVg2wCD90R1_TCTATTGTCTACCAGA-1,CrVg2wCD90R1
CrVg2wCD90R1_TCTATTGTCTGATTCT-1,CrVg2wCD90R1
CrVg2wCD90R1_TCTATTGTCTTGCAAG-1,CrVg2wCD90R1
CrVg2wCD90R1_TCTCATAAGAGTACAT-1,CrVg2wCD90R1
CrVg2wCD90R1_TCTCATAAGATCTGAA-1,CrVg2wCD90R1
CrVg2wCD90R1_TCTCATAAGATGTAAC-1,CrVg2wCD90R1
CrVg2wCD90R1_TCTCATAAGGCTAGCA-1,CrVg2wCD90R1
CrVg2wCD90R1_TCTCATAAGGCTAGGT-1,CrVg2wCD90R1
CrVg2wCD90R1_TCTCATACAGACACTT-1,CrVg2wCD90R1
CrVg2wCD90R1_TCTCATACATAACCTG-1,CrVg2wCD90R1
CrVg2wCD90R1_TCTCATACATCAGTCA-1,CrVg2wCD90R1
CrVg2wCD90R1_TCTCATAGTCTAGTCA-1,CrVg2wCD90R1
CrVg2wCD90R1_TCTCATAGTGCTGTAT-1,CrVg2wCD90R1
CrVg2wCD90R1_TCTCATAGTGGAAAGA-1,CrVg2wCD90R1
CrVg2wCD90R1_TCTCATAGTTTGCATG-1,CrVg2wCD90R1
CrVg2wCD90R1_TCTCATATCAAGAAGT-1,CrVg2wCD90R1
CrVg2wCD90R1_TCTCATATCCTCAATT-1,CrVg2wCD90R1
CrVg2wCD90R1_TCTCATATCTCTAGGA-1,CrVg2wCD90R1
CrVg2wCD90R1_TCTCTAAAGAAGGGTA-1,CrVg2wCD90R1
CrVg2wCD90R1_TCTCTAAAGTCCTCCT-1,CrVg2wCD90R1
CrVg2wCD90R1_TCTCTAACACCCTATC-1,CrVg2wCD90R1
CrVg2wCD90R1_TCTCTAACAGATGGGT-1,CrVg2wCD90R1
CrVg2wCD90R1_TCTCTAACATTTGCCC-1,CrVg2wCD90R1
CrVg2wCD90R1_TCTCTAAGTATAGGGC-1,CrVg2wCD90R1
CrVg2wCD90R1_TCTCTAAGTTCCGGCA-1,CrVg2wCD90R1
CrVg2wCD90R1_TCTCTAATCGCCAAAT-1,CrVg2wCD90R1
CrVg2wCD90R1_TCTGAGAAGAAGGACA-1,CrVg2wCD90R1
CrVg2wCD90R1_TCTGAGAAGACAAGCC-1,CrVg2wCD90R1
CrVg2wCD90R1_TCTGAGAAGCTGATAA-1,CrVg2wCD90R1
CrVg2wCD90R1_TCTGAGAAGGACGAAA-1,CrVg2wCD90R1
CrVg2wCD90R1_TCTGAGAAGGCTAGGT-1,CrVg2wCD90R1
CrVg2wCD90R1_TCTGAGAAGGGCACTA-1,CrVg2wCD90R1
CrVg2wCD90R1_TCTGAGAAGTCCGGTC-1,CrVg2wCD90R1
CrVg2wCD90R1_TCTGAGACACACTGCG-1,CrVg2wCD90R1
CrVg2wCD90R1_TCTGAGACACAGACTT-1,CrVg2wCD90R1
CrVg2wCD90R1_TCTGAGACAGATTGCT-1,CrVg2wCD90R1
CrVg2wCD90R1_TCTGAGACATGCAATC-1,CrVg2wCD90R1
CrVg2wCD90R1_TCTGAGAGTAGGACAC-1,CrVg2wCD90R1
CrVg2wCD90R1_TCTGAGAGTTGAGTTC-1,CrVg2wCD90R1
CrVg2wCD90R1_TCTGAGAGTTTGCATG-1,CrVg2wCD90R1
CrVg2wCD90R1_TCTGAGATCCCTAACC-1,CrVg2wCD90R1
CrVg2wCD90R1_TCTGGAAAGACTAGAT-1,CrVg2wCD90R1
CrVg2wCD90R1_TCTGGAAAGTCCTCCT-1,CrVg2wCD90R1
CrVg2wCD90R1_TCTGGAACAAGGGTCA-1,CrVg2wCD90R1
CrVg2wCD90R1_TCTGGAACACCGTTGG-1,CrVg2wCD90R1
CrVg2wCD90R1_TCTGGAACATGCCTAA-1,CrVg2wCD90R1
CrVg2wCD90R1_TCTGGAAGTAATCACC-1,CrVg2wCD90R1
CrVg2wCD90R1_TCTGGAAGTCAAGCGA-1,CrVg2wCD90R1
CrVg2wCD90R1_TCTGGAATCAAAGACA-1,CrVg2wCD90R1
CrVg2wCD90R1_TCTGGAATCAGTTAGC-1,CrVg2wCD90R1
CrVg2wCD90R1_TCTGGAATCATTCACT-1,CrVg2wCD90R1
CrVg2wCD90R1_TCTGGAATCCAGTAGT-1,CrVg2wCD90R1
CrVg2wCD90R1_TCTTCGGAGAATCTCC-1,CrVg2wCD90R1
CrVg2wCD90R1_TCTTCGGAGAGCCTAG-1,CrVg2wCD90R1
CrVg2wCD90R1_TCTTCGGAGGATCGCA-1,CrVg2wCD90R1
CrVg2wCD90R1_TCTTCGGCACAGACAG-1,CrVg2wCD90R1
CrVg2wCD90R1_TCTTCGGCACGCCAGT-1,CrVg2wCD90R1
CrVg2wCD90R1_TCTTCGGCAGATTGCT-1,CrVg2wCD90R1
CrVg2wCD90R1_TCTTCGGCATGAAGTA-1,CrVg2wCD90R1
CrVg2wCD90R1_TCTTCGGGTATTAGCC-1,CrVg2wCD90R1
CrVg2wCD90R1_TCTTCGGTCAAGGTAA-1,CrVg2wCD90R1
CrVg2wCD90R1_TCTTCGGTCATAAAGG-1,CrVg2wCD90R1
CrVg2wCD90R1_TCTTCGGTCCTTGACC-1,CrVg2wCD90R1
CrVg2wCD90R1_TCTTCGGTCGGCGGTT-1,CrVg2wCD90R1
CrVg2wCD90R1_TCTTCGGTCTACTATC-1,CrVg2wCD90R1
CrVg2wCD90R1_TCTTCGGTCTGGTTCC-1,CrVg2wCD90R1
CrVg2wCD90R1_TCTTCGGTCTTGTATC-1,CrVg2wCD90R1
CrVg2wCD90R1_TCTTTCCAGCAGCGTA-1,CrVg2wCD90R1
CrVg2wCD90R1_TCTTTCCAGCGTAGTG-1,CrVg2wCD90R1
CrVg2wCD90R1_TCTTTCCCAACTTGAC-1,CrVg2wCD90R1
CrVg2wCD90R1_TCTTTCCCACGCTTTC-1,CrVg2wCD90R1
CrVg2wCD90R1_TCTTTCCCATGCCTTC-1,CrVg2wCD90R1
CrVg2wCD90R1_TCTTTCCCATGCTAGT-1,CrVg2wCD90R1
CrVg2wCD90R1_TCTTTCCGTCTAGAGG-1,CrVg2wCD90R1
CrVg2wCD90R1_TCTTTCCGTGAAATCA-1,CrVg2wCD90R1
CrVg2wCD90R1_TCTTTCCGTGAGGCTA-1,CrVg2wCD90R1
CrVg2wCD90R1_TCTTTCCTCATCGGAT-1,CrVg2wCD90R1
CrVg2wCD90R1_TCTTTCCTCCTACAGA-1,CrVg2wCD90R1
CrVg2wCD90R1_TCTTTCCTCTGATACG-1,CrVg2wCD90R1
CrVg2wCD90R1_TGAAAGAAGAGCTATA-1,CrVg2wCD90R1
CrVg2wCD90R1_TGAAAGACAATCTACG-1,CrVg2wCD90R1
CrVg2wCD90R1_TGAAAGACACGGTAAG-1,CrVg2wCD90R1
CrVg2wCD90R1_TGAAAGACACTGTCGG-1,CrVg2wCD90R1
CrVg2wCD90R1_TGAAAGACAGTTTACG-1,CrVg2wCD90R1
CrVg2wCD90R1_TGAAAGACATCGGACC-1,CrVg2wCD90R1
CrVg2wCD90R1_TGAAAGAGTTATCACG-1,CrVg2wCD90R1
CrVg2wCD90R1_TGAAAGATCATCGGAT-1,CrVg2wCD90R1
CrVg2wCD90R1_TGAAAGATCTCCCTGA-1,CrVg2wCD90R1
CrVg2wCD90R1_TGACAACAGCGTTCCG-1,CrVg2wCD90R1
CrVg2wCD90R1_TGACAACCACCAACCG-1,CrVg2wCD90R1
CrVg2wCD90R1_TGACAACCAGGGTACA-1,CrVg2wCD90R1
CrVg2wCD90R1_TGACAACCAGTTCCCT-1,CrVg2wCD90R1
CrVg2wCD90R1_TGACAACGTAACGTTC-1,CrVg2wCD90R1
CrVg2wCD90R1_TGACAACGTATGGTTC-1,CrVg2wCD90R1
CrVg2wCD90R1_TGACAACGTCTTCTCG-1,CrVg2wCD90R1
CrVg2wCD90R1_TGACAACGTGTTAAGA-1,CrVg2wCD90R1
CrVg2wCD90R1_TGACAACTCAAGCCTA-1,CrVg2wCD90R1
CrVg2wCD90R1_TGACAACTCGCATGAT-1,CrVg2wCD90R1
CrVg2wCD90R1_TGACAACTCTCTTATG-1,CrVg2wCD90R1
CrVg2wCD90R1_TGACGGCAGATATACG-1,CrVg2wCD90R1
CrVg2wCD90R1_TGACGGCAGGTTCCTA-1,CrVg2wCD90R1
CrVg2wCD90R1_TGACGGCAGTTAGGTA-1,CrVg2wCD90R1
CrVg2wCD90R1_TGACGGCAGTTCGATC-1,CrVg2wCD90R1
CrVg2wCD90R1_TGACGGCCAAGGGTCA-1,CrVg2wCD90R1
CrVg2wCD90R1_TGACGGCCAAGGTTTC-1,CrVg2wCD90R1
CrVg2wCD90R1_TGACGGCCACCAGTTA-1,CrVg2wCD90R1
CrVg2wCD90R1_TGACGGCCACCGATAT-1,CrVg2wCD90R1
CrVg2wCD90R1_TGACGGCCACTCTGTC-1,CrVg2wCD90R1
CrVg2wCD90R1_TGACGGCCAGCTTCGG-1,CrVg2wCD90R1
CrVg2wCD90R1_TGACGGCCAGGTGGAT-1,CrVg2wCD90R1
CrVg2wCD90R1_TGACGGCTCCCAGGTG-1,CrVg2wCD90R1
CrVg2wCD90R1_TGACGGCTCCTTTCGG-1,CrVg2wCD90R1
CrVg2wCD90R1_TGACGGCTCGTACCGG-1,CrVg2wCD90R1
CrVg2wCD90R1_TGACTAGAGGAGTTTA-1,CrVg2wCD90R1
CrVg2wCD90R1_TGACTAGAGGTGATAT-1,CrVg2wCD90R1
CrVg2wCD90R1_TGACTAGCAGTTCCCT-1,CrVg2wCD90R1
CrVg2wCD90R1_TGACTAGGTCCCGACA-1,CrVg2wCD90R1
CrVg2wCD90R1_TGACTAGGTGAAGGCT-1,CrVg2wCD90R1
CrVg2wCD90R1_TGACTAGGTGACGCCT-1,CrVg2wCD90R1
CrVg2wCD90R1_TGACTAGGTGAGGGTT-1,CrVg2wCD90R1
CrVg2wCD90R1_TGACTAGGTGCGGTAA-1,CrVg2wCD90R1
CrVg2wCD90R1_TGACTAGTCACCCTCA-1,CrVg2wCD90R1
CrVg2wCD90R1_TGACTTTAGCTGGAAC-1,CrVg2wCD90R1
CrVg2wCD90R1_TGACTTTAGTACTTGC-1,CrVg2wCD90R1
CrVg2wCD90R1_TGACTTTCAAGCGATG-1,CrVg2wCD90R1
CrVg2wCD90R1_TGACTTTCACCGTTGG-1,CrVg2wCD90R1
CrVg2wCD90R1_TGACTTTCATGAGCGA-1,CrVg2wCD90R1
CrVg2wCD90R1_TGACTTTGTCAAAGCG-1,CrVg2wCD90R1
CrVg2wCD90R1_TGACTTTGTCTAGGTT-1,CrVg2wCD90R1
CrVg2wCD90R1_TGACTTTGTTATCCGA-1,CrVg2wCD90R1
CrVg2wCD90R1_TGACTTTTCACATAGC-1,CrVg2wCD90R1
CrVg2wCD90R1_TGACTTTTCCGCATAA-1,CrVg2wCD90R1
CrVg2wCD90R1_TGACTTTTCGTCGTTC-1,CrVg2wCD90R1
CrVg2wCD90R1_TGACTTTTCTAACTGG-1,CrVg2wCD90R1
CrVg2wCD90R1_TGACTTTTCTGTCTCG-1,CrVg2wCD90R1
CrVg2wCD90R1_TGACTTTTCTTCGAGA-1,CrVg2wCD90R1
CrVg2wCD90R1_TGAGAGGAGACGCAAC-1,CrVg2wCD90R1
CrVg2wCD90R1_TGAGAGGAGCGCTTAT-1,CrVg2wCD90R1
CrVg2wCD90R1_TGAGAGGAGCTAAACA-1,CrVg2wCD90R1
CrVg2wCD90R1_TGAGAGGAGGAGTACC-1,CrVg2wCD90R1
CrVg2wCD90R1_TGAGAGGAGTTTGCGT-1,CrVg2wCD90R1
CrVg2wCD90R1_TGAGAGGGTAAAGTCA-1,CrVg2wCD90R1
CrVg2wCD90R1_TGAGAGGGTACGCACC-1,CrVg2wCD90R1
CrVg2wCD90R1_TGAGAGGGTCCGTTAA-1,CrVg2wCD90R1
CrVg2wCD90R1_TGAGAGGGTGCGATAG-1,CrVg2wCD90R1
CrVg2wCD90R1_TGAGAGGTCAGGATCT-1,CrVg2wCD90R1
CrVg2wCD90R1_TGAGCATAGGGCTTCC-1,CrVg2wCD90R1
CrVg2wCD90R1_TGAGCATCACATCTTT-1,CrVg2wCD90R1
CrVg2wCD90R1_TGAGCATCAGATCCAT-1,CrVg2wCD90R1
CrVg2wCD90R1_TGAGCATCATTTCACT-1,CrVg2wCD90R1
CrVg2wCD90R1_TGAGCATGTACTCGCG-1,CrVg2wCD90R1
CrVg2wCD90R1_TGAGCATTCCCATTTA-1,CrVg2wCD90R1
CrVg2wCD90R1_TGAGCATTCCGGCACA-1,CrVg2wCD90R1
CrVg2wCD90R1_TGAGCCGAGACGACGT-1,CrVg2wCD90R1
CrVg2wCD90R1_TGAGCCGAGATGGGTC-1,CrVg2wCD90R1
CrVg2wCD90R1_TGAGCCGCAAATTGCC-1,CrVg2wCD90R1
CrVg2wCD90R1_TGAGCCGCACATCTTT-1,CrVg2wCD90R1
CrVg2wCD90R1_TGAGCCGCAGTGGGAT-1,CrVg2wCD90R1
CrVg2wCD90R1_TGAGCCGGTAGCCTAT-1,CrVg2wCD90R1
CrVg2wCD90R1_TGAGCCGGTAGTACCT-1,CrVg2wCD90R1
CrVg2wCD90R1_TGAGCCGGTATATCCG-1,CrVg2wCD90R1
CrVg2wCD90R1_TGAGCCGGTCTAGCCG-1,CrVg2wCD90R1
CrVg2wCD90R1_TGAGCCGTCTAACTCT-1,CrVg2wCD90R1
CrVg2wCD90R1_TGAGGGAAGAAGGTGA-1,CrVg2wCD90R1
CrVg2wCD90R1_TGAGGGAAGAGACTAT-1,CrVg2wCD90R1
CrVg2wCD90R1_TGAGGGAAGTGACATA-1,CrVg2wCD90R1
CrVg2wCD90R1_TGAGGGACAAACGCGA-1,CrVg2wCD90R1
CrVg2wCD90R1_TGAGGGACAGACGCTC-1,CrVg2wCD90R1
CrVg2wCD90R1_TGAGGGAGTTCAGGCC-1,CrVg2wCD90R1
CrVg2wCD90R1_TGAGGGATCGACCAGC-1,CrVg2wCD90R1
CrVg2wCD90R1_TGAGGGATCGGAAACG-1,CrVg2wCD90R1
CrVg2wCD90R1_TGAGGGATCGGCGCAT-1,CrVg2wCD90R1
CrVg2wCD90R1_TGAGGGATCTATCCTA-1,CrVg2wCD90R1
CrVg2wCD90R1_TGAGGGATCTGCGTAA-1,CrVg2wCD90R1
CrVg2wCD90R1_TGATTTCAGACGCAAC-1,CrVg2wCD90R1
CrVg2wCD90R1_TGATTTCAGAGACTTA-1,CrVg2wCD90R1
CrVg2wCD90R1_TGATTTCCACGGATAG-1,CrVg2wCD90R1
CrVg2wCD90R1_TGATTTCGTTCTGTTT-1,CrVg2wCD90R1
CrVg2wCD90R1_TGATTTCGTTGGTGGA-1,CrVg2wCD90R1
CrVg2wCD90R1_TGATTTCTCCTAGTGA-1,CrVg2wCD90R1
CrVg2wCD90R1_TGATTTCTCTGCTGTC-1,CrVg2wCD90R1
CrVg2wCD90R1_TGCACCTAGAGGGCTT-1,CrVg2wCD90R1
CrVg2wCD90R1_TGCACCTAGCCGGTAA-1,CrVg2wCD90R1
CrVg2wCD90R1_TGCACCTCAAGTAATG-1,CrVg2wCD90R1
CrVg2wCD90R1_TGCACCTGTACTTGAC-1,CrVg2wCD90R1
CrVg2wCD90R1_TGCACCTGTCAAAGAT-1,CrVg2wCD90R1
CrVg2wCD90R1_TGCACCTGTCTAACGT-1,CrVg2wCD90R1
CrVg2wCD90R1_TGCACCTGTCTGCCAG-1,CrVg2wCD90R1
CrVg2wCD90R1_TGCACCTTCATCTGTT-1,CrVg2wCD90R1
CrVg2wCD90R1_TGCACCTTCATGTCTT-1,CrVg2wCD90R1
CrVg2wCD90R1_TGCACCTTCCACGTGG-1,CrVg2wCD90R1
CrVg2wCD90R1_TGCACCTTCTAGCACA-1,CrVg2wCD90R1
CrVg2wCD90R1_TGCACCTTCTTGTATC-1,CrVg2wCD90R1
CrVg2wCD90R1_TGCCAAAAGAACTCGG-1,CrVg2wCD90R1
CrVg2wCD90R1_TGCCAAAAGATCTGAA-1,CrVg2wCD90R1
CrVg2wCD90R1_TGCCAAAAGCCTTGAT-1,CrVg2wCD90R1
CrVg2wCD90R1_TGCCAAAAGGATCGCA-1,CrVg2wCD90R1
CrVg2wCD90R1_TGCCAAACAAAGCAAT-1,CrVg2wCD90R1
CrVg2wCD90R1_TGCCAAAGTACAGCAG-1,CrVg2wCD90R1
CrVg2wCD90R1_TGCCAAAGTGGTGTAG-1,CrVg2wCD90R1
CrVg2wCD90R1_TGCCAAATCAACACGT-1,CrVg2wCD90R1
CrVg2wCD90R1_TGCCAAATCTTCCTTC-1,CrVg2wCD90R1
CrVg2wCD90R1_TGCCCATAGCGTTCCG-1,CrVg2wCD90R1
CrVg2wCD90R1_TGCCCATAGGGCTTCC-1,CrVg2wCD90R1
CrVg2wCD90R1_TGCCCATCACACATGT-1,CrVg2wCD90R1
CrVg2wCD90R1_TGCCCATCAGCTTCGG-1,CrVg2wCD90R1
CrVg2wCD90R1_TGCCCATTCATCTGTT-1,CrVg2wCD90R1
CrVg2wCD90R1_TGCCCATTCCACGTTC-1,CrVg2wCD90R1
CrVg2wCD90R1_TGCCCATTCTGGCGTG-1,CrVg2wCD90R1
CrVg2wCD90R1_TGCCCTAAGATGCCTT-1,CrVg2wCD90R1
CrVg2wCD90R1_TGCCCTAAGTCCATAC-1,CrVg2wCD90R1
CrVg2wCD90R1_TGCCCTAAGTGCCATT-1,CrVg2wCD90R1
CrVg2wCD90R1_TGCCCTAAGTTCGCGC-1,CrVg2wCD90R1
CrVg2wCD90R1_TGCCCTACAAGACACG-1,CrVg2wCD90R1
CrVg2wCD90R1_TGCCCTACACAGATTC-1,CrVg2wCD90R1
CrVg2wCD90R1_TGCCCTACAGTAAGAT-1,CrVg2wCD90R1
CrVg2wCD90R1_TGCCCTAGTGTTAAGA-1,CrVg2wCD90R1
CrVg2wCD90R1_TGCCCTAGTTAAGATG-1,CrVg2wCD90R1
CrVg2wCD90R1_TGCCCTATCCATGCTC-1,CrVg2wCD90R1
CrVg2wCD90R1_TGCCCTATCCCATTAT-1,CrVg2wCD90R1
CrVg2wCD90R1_TGCCCTATCCCATTTA-1,CrVg2wCD90R1
CrVg2wCD90R1_TGCCCTATCTGTCTAT-1,CrVg2wCD90R1
CrVg2wCD90R1_TGCGCAGAGACACTAA-1,CrVg2wCD90R1
CrVg2wCD90R1_TGCGCAGAGCTCCCAG-1,CrVg2wCD90R1
CrVg2wCD90R1_TGCGCAGAGTACGTTC-1,CrVg2wCD90R1
CrVg2wCD90R1_TGCGCAGGTATTACCG-1,CrVg2wCD90R1
CrVg2wCD90R1_TGCGCAGGTCAGATAA-1,CrVg2wCD90R1
CrVg2wCD90R1_TGCGCAGGTGTTCTTT-1,CrVg2wCD90R1
CrVg2wCD90R1_TGCGGGTAGGGCACTA-1,CrVg2wCD90R1
CrVg2wCD90R1_TGCGGGTAGGGCTTCC-1,CrVg2wCD90R1
CrVg2wCD90R1_TGCGGGTAGGTAAACT-1,CrVg2wCD90R1
CrVg2wCD90R1_TGCGGGTAGGTGATAT-1,CrVg2wCD90R1
CrVg2wCD90R1_TGCGGGTCAATAGCGG-1,CrVg2wCD90R1
CrVg2wCD90R1_TGCGGGTCACGTCAGC-1,CrVg2wCD90R1
CrVg2wCD90R1_TGCGGGTCACGTGAGA-1,CrVg2wCD90R1
CrVg2wCD90R1_TGCGGGTGTACCGTTA-1,CrVg2wCD90R1
CrVg2wCD90R1_TGCGGGTGTCTGGTCG-1,CrVg2wCD90R1
CrVg2wCD90R1_TGCGGGTTCGCAAACT-1,CrVg2wCD90R1
CrVg2wCD90R1_TGCGGGTTCTCCCTGA-1,CrVg2wCD90R1
CrVg2wCD90R1_TGCGGGTTCTGAGGGA-1,CrVg2wCD90R1
CrVg2wCD90R1_TGCGTGGAGACTCGGA-1,CrVg2wCD90R1
CrVg2wCD90R1_TGCGTGGCAGCTGGCT-1,CrVg2wCD90R1
CrVg2wCD90R1_TGCGTGGCAGGAACGT-1,CrVg2wCD90R1
CrVg2wCD90R1_TGCGTGGCATCACCCT-1,CrVg2wCD90R1
CrVg2wCD90R1_TGCGTGGGTACTCTCC-1,CrVg2wCD90R1
CrVg2wCD90R1_TGCGTGGGTCGAACAG-1,CrVg2wCD90R1
CrVg2wCD90R1_TGCGTGGTCGTAGGTT-1,CrVg2wCD90R1
CrVg2wCD90R1_TGCGTGGTCGTCACGG-1,CrVg2wCD90R1
CrVg2wCD90R1_TGCTACCAGACATAAC-1,CrVg2wCD90R1
CrVg2wCD90R1_TGCTACCAGAGTACCG-1,CrVg2wCD90R1
CrVg2wCD90R1_TGCTACCGTAAAGGAG-1,CrVg2wCD90R1
CrVg2wCD90R1_TGCTACCGTACTTGAC-1,CrVg2wCD90R1
CrVg2wCD90R1_TGCTACCGTCACTGGC-1,CrVg2wCD90R1
CrVg2wCD90R1_TGCTACCGTTACTGAC-1,CrVg2wCD90R1
CrVg2wCD90R1_TGCTACCGTTTGTGTG-1,CrVg2wCD90R1
CrVg2wCD90R1_TGCTACCTCGCGATCG-1,CrVg2wCD90R1
CrVg2wCD90R1_TGCTGCTAGAGCTATA-1,CrVg2wCD90R1
CrVg2wCD90R1_TGCTGCTAGCATCATC-1,CrVg2wCD90R1
CrVg2wCD90R1_TGCTGCTAGGCTATCT-1,CrVg2wCD90R1
CrVg2wCD90R1_TGCTGCTCACACTGCG-1,CrVg2wCD90R1
CrVg2wCD90R1_TGCTGCTCACGAGAGT-1,CrVg2wCD90R1
CrVg2wCD90R1_TGCTGCTCACGTGAGA-1,CrVg2wCD90R1
CrVg2wCD90R1_TGCTGCTCAGATGGCA-1,CrVg2wCD90R1
CrVg2wCD90R1_TGCTGCTCATGAAGTA-1,CrVg2wCD90R1
CrVg2wCD90R1_TGCTGCTCATGGTAGG-1,CrVg2wCD90R1
CrVg2wCD90R1_TGCTGCTGTACCAGTT-1,CrVg2wCD90R1
CrVg2wCD90R1_TGCTGCTGTCGAAAGC-1,CrVg2wCD90R1
CrVg2wCD90R1_TGCTGCTTCCAGTATG-1,CrVg2wCD90R1
CrVg2wCD90R1_TGCTGCTTCGGGAGTA-1,CrVg2wCD90R1
CrVg2wCD90R1_TGGACGCAGACGCAAC-1,CrVg2wCD90R1
CrVg2wCD90R1_TGGACGCAGACTAGGC-1,CrVg2wCD90R1
CrVg2wCD90R1_TGGACGCAGCCAGGAT-1,CrVg2wCD90R1
CrVg2wCD90R1_TGGACGCAGCCCAGCT-1,CrVg2wCD90R1
CrVg2wCD90R1_TGGACGCAGCGTAGTG-1,CrVg2wCD90R1
CrVg2wCD90R1_TGGACGCCACCGAAAG-1,CrVg2wCD90R1
CrVg2wCD90R1_TGGACGCCACTAGTAC-1,CrVg2wCD90R1
CrVg2wCD90R1_TGGACGCCAGACTCGC-1,CrVg2wCD90R1
CrVg2wCD90R1_TGGACGCCAGGTGGAT-1,CrVg2wCD90R1
CrVg2wCD90R1_TGGACGCGTACCGTAT-1,CrVg2wCD90R1
CrVg2wCD90R1_TGGACGCGTAGAAAGG-1,CrVg2wCD90R1
CrVg2wCD90R1_TGGACGCGTATCTGCA-1,CrVg2wCD90R1
CrVg2wCD90R1_TGGACGCGTCAGGACA-1,CrVg2wCD90R1
CrVg2wCD90R1_TGGACGCGTCTTCAAG-1,CrVg2wCD90R1
CrVg2wCD90R1_TGGACGCGTGTGGCTC-1,CrVg2wCD90R1
CrVg2wCD90R1_TGGACGCTCGGCGCTA-1,CrVg2wCD90R1
CrVg2wCD90R1_TGGACGCTCGGCGGTT-1,CrVg2wCD90R1
CrVg2wCD90R1_TGGCCAGAGCGTTGCC-1,CrVg2wCD90R1
CrVg2wCD90R1_TGGCCAGCAGGGTTAG-1,CrVg2wCD90R1
CrVg2wCD90R1_TGGCCAGGTGCCTGCA-1,CrVg2wCD90R1
CrVg2wCD90R1_TGGCCAGGTGTATGGG-1,CrVg2wCD90R1
CrVg2wCD90R1_TGGCCAGGTTAAAGTG-1,CrVg2wCD90R1
CrVg2wCD90R1_TGGCCAGTCATTCACT-1,CrVg2wCD90R1
CrVg2wCD90R1_TGGCCAGTCCACGCAG-1,CrVg2wCD90R1
CrVg2wCD90R1_TGGCCAGTCTCAAACG-1,CrVg2wCD90R1
CrVg2wCD90R1_TGGCGCAAGACTGGGT-1,CrVg2wCD90R1
CrVg2wCD90R1_TGGCGCACACAGGAGT-1,CrVg2wCD90R1
CrVg2wCD90R1_TGGCGCACACTCGACG-1,CrVg2wCD90R1
CrVg2wCD90R1_TGGCGCACATATGAGA-1,CrVg2wCD90R1
CrVg2wCD90R1_TGGCGCACATGTAAGA-1,CrVg2wCD90R1
CrVg2wCD90R1_TGGCGCAGTTAGGGTG-1,CrVg2wCD90R1
CrVg2wCD90R1_TGGCGCAGTTGATTGC-1,CrVg2wCD90R1
CrVg2wCD90R1_TGGCGCATCATCGCTC-1,CrVg2wCD90R1
CrVg2wCD90R1_TGGCGCATCATTTGGG-1,CrVg2wCD90R1
CrVg2wCD90R1_TGGCGCATCCTAGAAC-1,CrVg2wCD90R1
CrVg2wCD90R1_TGGCGCATCCTCAATT-1,CrVg2wCD90R1
CrVg2wCD90R1_TGGCTGGAGACTAAGT-1,CrVg2wCD90R1
CrVg2wCD90R1_TGGCTGGAGTGACTCT-1,CrVg2wCD90R1
CrVg2wCD90R1_TGGCTGGAGTGGACGT-1,CrVg2wCD90R1
CrVg2wCD90R1_TGGCTGGAGTTGTAGA-1,CrVg2wCD90R1
CrVg2wCD90R1_TGGCTGGCAAGCGCTC-1,CrVg2wCD90R1
CrVg2wCD90R1_TGGCTGGCAATGACCT-1,CrVg2wCD90R1
CrVg2wCD90R1_TGGCTGGCATCACGAT-1,CrVg2wCD90R1
CrVg2wCD90R1_TGGCTGGGTCTACCTC-1,CrVg2wCD90R1
CrVg2wCD90R1_TGGCTGGGTCTCTCTG-1,CrVg2wCD90R1
CrVg2wCD90R1_TGGCTGGGTCTGATCA-1,CrVg2wCD90R1
CrVg2wCD90R1_TGGCTGGGTGCACCAC-1,CrVg2wCD90R1
CrVg2wCD90R1_TGGCTGGGTGGTAACG-1,CrVg2wCD90R1
CrVg2wCD90R1_TGGCTGGGTGTTTGGT-1,CrVg2wCD90R1
CrVg2wCD90R1_TGGCTGGTCAACACTG-1,CrVg2wCD90R1
CrVg2wCD90R1_TGGCTGGTCCCTTGCA-1,CrVg2wCD90R1
CrVg2wCD90R1_TGGCTGGTCTCAAGTG-1,CrVg2wCD90R1
CrVg2wCD90R1_TGGGAAGAGAGGTTAT-1,CrVg2wCD90R1
CrVg2wCD90R1_TGGGAAGAGATACACA-1,CrVg2wCD90R1
CrVg2wCD90R1_TGGGAAGAGATCCCAT-1,CrVg2wCD90R1
CrVg2wCD90R1_TGGGAAGAGCGGCTTC-1,CrVg2wCD90R1
CrVg2wCD90R1_TGGGAAGAGTAGGCCA-1,CrVg2wCD90R1
CrVg2wCD90R1_TGGGAAGCATGCCTAA-1,CrVg2wCD90R1
CrVg2wCD90R1_TGGGAAGGTAAGTAGT-1,CrVg2wCD90R1
CrVg2wCD90R1_TGGGAAGGTCACAAGG-1,CrVg2wCD90R1
CrVg2wCD90R1_TGGGAAGGTGCACGAA-1,CrVg2wCD90R1
CrVg2wCD90R1_TGGGAAGGTTGCTCCT-1,CrVg2wCD90R1
CrVg2wCD90R1_TGGGAAGTCACCTCGT-1,CrVg2wCD90R1
CrVg2wCD90R1_TGGGAAGTCATTCACT-1,CrVg2wCD90R1
CrVg2wCD90R1_TGGGAAGTCCCAGGTG-1,CrVg2wCD90R1
CrVg2wCD90R1_TGGGCGTAGAAGGTGA-1,CrVg2wCD90R1
CrVg2wCD90R1_TGGGCGTAGATCGATA-1,CrVg2wCD90R1
CrVg2wCD90R1_TGGGCGTAGCTCCTTC-1,CrVg2wCD90R1
CrVg2wCD90R1_TGGGCGTAGGCTCAGA-1,CrVg2wCD90R1
CrVg2wCD90R1_TGGGCGTCAAGTCTAC-1,CrVg2wCD90R1
CrVg2wCD90R1_TGGGCGTGTCAAGCGA-1,CrVg2wCD90R1
CrVg2wCD90R1_TGGGCGTGTCGCGAAA-1,CrVg2wCD90R1
CrVg2wCD90R1_TGGGCGTGTGTCAATC-1,CrVg2wCD90R1
CrVg2wCD90R1_TGGGCGTGTGTGAAAT-1,CrVg2wCD90R1
CrVg2wCD90R1_TGGGCGTTCAACGGCC-1,CrVg2wCD90R1
CrVg2wCD90R1_TGGGCGTTCACATAGC-1,CrVg2wCD90R1
CrVg2wCD90R1_TGGGCGTTCCTGCAGG-1,CrVg2wCD90R1
CrVg2wCD90R1_TGGTTAGAGAGTCGGT-1,CrVg2wCD90R1
CrVg2wCD90R1_TGGTTAGCACCTTGTC-1,CrVg2wCD90R1
CrVg2wCD90R1_TGGTTAGCACGAAGCA-1,CrVg2wCD90R1
CrVg2wCD90R1_TGGTTAGGTAATCACC-1,CrVg2wCD90R1
CrVg2wCD90R1_TGGTTAGGTCCTCCAT-1,CrVg2wCD90R1
CrVg2wCD90R1_TGGTTAGGTCTCGTTC-1,CrVg2wCD90R1
CrVg2wCD90R1_TGGTTAGTCACTATTC-1,CrVg2wCD90R1
CrVg2wCD90R1_TGGTTAGTCGGATGTT-1,CrVg2wCD90R1
CrVg2wCD90R1_TGGTTAGTCTCACATT-1,CrVg2wCD90R1
CrVg2wCD90R1_TGGTTCCAGGCCCTCA-1,CrVg2wCD90R1
CrVg2wCD90R1_TGGTTCCAGTCAAGGC-1,CrVg2wCD90R1
CrVg2wCD90R1_TGGTTCCCAACTGGCC-1,CrVg2wCD90R1
CrVg2wCD90R1_TGGTTCCCACTACAGT-1,CrVg2wCD90R1
CrVg2wCD90R1_TGGTTCCCAGCTGCAC-1,CrVg2wCD90R1
CrVg2wCD90R1_TGGTTCCGTATCTGCA-1,CrVg2wCD90R1
CrVg2wCD90R1_TGGTTCCGTTGAACTC-1,CrVg2wCD90R1
CrVg2wCD90R1_TGGTTCCTCACATACG-1,CrVg2wCD90R1
CrVg2wCD90R1_TGGTTCCTCAGGTAAA-1,CrVg2wCD90R1
CrVg2wCD90R1_TGTATTCAGGTAGCTG-1,CrVg2wCD90R1
CrVg2wCD90R1_TGTATTCCACCTATCC-1,CrVg2wCD90R1
CrVg2wCD90R1_TGTATTCCATGCCTTC-1,CrVg2wCD90R1
CrVg2wCD90R1_TGTATTCGTGCTGTAT-1,CrVg2wCD90R1
CrVg2wCD90R1_TGTATTCTCAGGATCT-1,CrVg2wCD90R1
CrVg2wCD90R1_TGTATTCTCCAGAGGA-1,CrVg2wCD90R1
CrVg2wCD90R1_TGTATTCTCCGTTGCT-1,CrVg2wCD90R1
CrVg2wCD90R1_TGTATTCTCTGGTGTA-1,CrVg2wCD90R1
CrVg2wCD90R1_TGTATTCTCTTTAGTC-1,CrVg2wCD90R1
CrVg2wCD90R1_TGTCCCACAAGCCCAC-1,CrVg2wCD90R1
CrVg2wCD90R1_TGTCCCAGTATAGGGC-1,CrVg2wCD90R1
CrVg2wCD90R1_TGTCCCAGTATAGGTA-1,CrVg2wCD90R1
CrVg2wCD90R1_TGTCCCAGTCCAGTGC-1,CrVg2wCD90R1
CrVg2wCD90R1_TGTCCCAGTCGTCTTC-1,CrVg2wCD90R1
CrVg2wCD90R1_TGTCCCATCAGTTAGC-1,CrVg2wCD90R1
CrVg2wCD90R1_TGTCCCATCGTCCGTT-1,CrVg2wCD90R1
CrVg2wCD90R1_TGTGGTAAGGCATGGT-1,CrVg2wCD90R1
CrVg2wCD90R1_TGTGGTAAGGCTACGA-1,CrVg2wCD90R1
CrVg2wCD90R1_TGTGGTAAGGCTATCT-1,CrVg2wCD90R1
CrVg2wCD90R1_TGTGGTAAGGGAGTAA-1,CrVg2wCD90R1
CrVg2wCD90R1_TGTGGTAAGGGCACTA-1,CrVg2wCD90R1
CrVg2wCD90R1_TGTGGTAAGTACATGA-1,CrVg2wCD90R1
CrVg2wCD90R1_TGTGGTAGTCCCGACA-1,CrVg2wCD90R1
CrVg2wCD90R1_TGTGGTAGTCTGCGGT-1,CrVg2wCD90R1
CrVg2wCD90R1_TGTGGTAGTGCGCTTG-1,CrVg2wCD90R1
CrVg2wCD90R1_TGTGGTAGTTATGTGC-1,CrVg2wCD90R1
CrVg2wCD90R1_TGTGGTAGTTGCCTCT-1,CrVg2wCD90R1
CrVg2wCD90R1_TGTGGTATCCACTCCA-1,CrVg2wCD90R1
CrVg2wCD90R1_TGTGGTATCGTTGCCT-1,CrVg2wCD90R1
CrVg2wCD90R1_TGTGTTTAGATAGCAT-1,CrVg2wCD90R1
CrVg2wCD90R1_TGTGTTTAGCGAGAAA-1,CrVg2wCD90R1
CrVg2wCD90R1_TGTGTTTAGGCTATCT-1,CrVg2wCD90R1
CrVg2wCD90R1_TGTGTTTCAACACCCG-1,CrVg2wCD90R1
CrVg2wCD90R1_TGTGTTTCAATAACGA-1,CrVg2wCD90R1
CrVg2wCD90R1_TGTGTTTCACGTTGGC-1,CrVg2wCD90R1
CrVg2wCD90R1_TGTGTTTCAGATGGGT-1,CrVg2wCD90R1
CrVg2wCD90R1_TGTGTTTCAGCTCGAC-1,CrVg2wCD90R1
CrVg2wCD90R1_TGTGTTTGTATATGAG-1,CrVg2wCD90R1
CrVg2wCD90R1_TGTGTTTGTCGCGGTT-1,CrVg2wCD90R1
CrVg2wCD90R1_TGTGTTTGTTAGGGTG-1,CrVg2wCD90R1
CrVg2wCD90R1_TGTGTTTTCACTCCTG-1,CrVg2wCD90R1
CrVg2wCD90R1_TGTGTTTTCGCGGATC-1,CrVg2wCD90R1
CrVg2wCD90R1_TGTGTTTTCGGCGCTA-1,CrVg2wCD90R1
CrVg2wCD90R1_TGTGTTTTCTGAAAGA-1,CrVg2wCD90R1
CrVg2wCD90R1_TGTGTTTTCTGGTTCC-1,CrVg2wCD90R1
CrVg2wCD90R1_TGTTCCGAGAAAGTGG-1,CrVg2wCD90R1
CrVg2wCD90R1_TGTTCCGAGAACAACT-1,CrVg2wCD90R1
CrVg2wCD90R1_TGTTCCGAGACCGGAT-1,CrVg2wCD90R1
CrVg2wCD90R1_TGTTCCGAGATGCCAG-1,CrVg2wCD90R1
CrVg2wCD90R1_TGTTCCGCAAAGGAAG-1,CrVg2wCD90R1
CrVg2wCD90R1_TGTTCCGGTACTTGAC-1,CrVg2wCD90R1
CrVg2wCD90R1_TGTTCCGGTCACTTCC-1,CrVg2wCD90R1
CrVg2wCD90R1_TGTTCCGGTCCAGTTA-1,CrVg2wCD90R1
CrVg2wCD90R1_TGTTCCGGTCGCATAT-1,CrVg2wCD90R1
CrVg2wCD90R1_TGTTCCGGTGCGGTAA-1,CrVg2wCD90R1
CrVg2wCD90R1_TGTTCCGTCGACCAGC-1,CrVg2wCD90R1
CrVg2wCD90R1_TGTTCCGTCGGTTAAC-1,CrVg2wCD90R1
CrVg2wCD90R1_TGTTCCGTCTCCTATA-1,CrVg2wCD90R1
CrVg2wCD90R1_TTAACTCAGAGCTTCT-1,CrVg2wCD90R1
CrVg2wCD90R1_TTAACTCAGGAGTACC-1,CrVg2wCD90R1
CrVg2wCD90R1_TTAACTCCAAACGTGG-1,CrVg2wCD90R1
CrVg2wCD90R1_TTAACTCCAAAGGTGC-1,CrVg2wCD90R1
CrVg2wCD90R1_TTAACTCCAACACCTA-1,CrVg2wCD90R1
CrVg2wCD90R1_TTAACTCCAGCCTGTG-1,CrVg2wCD90R1
CrVg2wCD90R1_TTAACTCCATGTCCTC-1,CrVg2wCD90R1
CrVg2wCD90R1_TTAACTCGTAGTACCT-1,CrVg2wCD90R1
CrVg2wCD90R1_TTAACTCGTCTGATTG-1,CrVg2wCD90R1
CrVg2wCD90R1_TTAACTCGTGTTGGGA-1,CrVg2wCD90R1
CrVg2wCD90R1_TTAACTCTCTTGACGA-1,CrVg2wCD90R1
CrVg2wCD90R1_TTAACTCTCTTTAGTC-1,CrVg2wCD90R1
CrVg2wCD90R1_TTAGGACAGGGCACTA-1,CrVg2wCD90R1
CrVg2wCD90R1_TTAGGACAGTCCTCCT-1,CrVg2wCD90R1
CrVg2wCD90R1_TTAGGACAGTGACATA-1,CrVg2wCD90R1
CrVg2wCD90R1_TTAGGACCACACAGAG-1,CrVg2wCD90R1
CrVg2wCD90R1_TTAGGACCAGGACGTA-1,CrVg2wCD90R1
CrVg2wCD90R1_TTAGGACCATTATCTC-1,CrVg2wCD90R1
CrVg2wCD90R1_TTAGGACCATTTCACT-1,CrVg2wCD90R1
CrVg2wCD90R1_TTAGGACGTAAACGCG-1,CrVg2wCD90R1
CrVg2wCD90R1_TTAGGACGTCCGAAGA-1,CrVg2wCD90R1
CrVg2wCD90R1_TTAGGACTCAACACGT-1,CrVg2wCD90R1
CrVg2wCD90R1_TTAGGACTCCATGAGT-1,CrVg2wCD90R1
CrVg2wCD90R1_TTAGGACTCCCGACTT-1,CrVg2wCD90R1
CrVg2wCD90R1_TTAGGACTCCTGTACC-1,CrVg2wCD90R1
CrVg2wCD90R1_TTAGGCAAGAGGTTGC-1,CrVg2wCD90R1
CrVg2wCD90R1_TTAGGCAAGTCACGCC-1,CrVg2wCD90R1
CrVg2wCD90R1_TTAGGCAAGTGCCATT-1,CrVg2wCD90R1
CrVg2wCD90R1_TTAGGCACAGTCAGCC-1,CrVg2wCD90R1
CrVg2wCD90R1_TTAGGCACATATACGC-1,CrVg2wCD90R1
CrVg2wCD90R1_TTAGGCAGTCTAGCGC-1,CrVg2wCD90R1
CrVg2wCD90R1_TTAGGCAGTGACGGTA-1,CrVg2wCD90R1
CrVg2wCD90R1_TTAGGCAGTTATCCGA-1,CrVg2wCD90R1
CrVg2wCD90R1_TTAGGCAGTTTGTGTG-1,CrVg2wCD90R1
CrVg2wCD90R1_TTAGGCATCAACGAAA-1,CrVg2wCD90R1
CrVg2wCD90R1_TTAGGCATCCGTCATC-1,CrVg2wCD90R1
CrVg2wCD90R1_TTAGGCATCGCATGAT-1,CrVg2wCD90R1
CrVg2wCD90R1_TTAGTTCAGCGTCAAG-1,CrVg2wCD90R1
CrVg2wCD90R1_TTAGTTCAGGACACCA-1,CrVg2wCD90R1
CrVg2wCD90R1_TTAGTTCAGTATTGGA-1,CrVg2wCD90R1
CrVg2wCD90R1_TTAGTTCCACCTGGTG-1,CrVg2wCD90R1
CrVg2wCD90R1_TTAGTTCCACTCGACG-1,CrVg2wCD90R1
CrVg2wCD90R1_TTAGTTCGTAACGACG-1,CrVg2wCD90R1
CrVg2wCD90R1_TTAGTTCGTTGGTTTG-1,CrVg2wCD90R1
CrVg2wCD90R1_TTAGTTCGTTGTGGAG-1,CrVg2wCD90R1
CrVg2wCD90R1_TTAGTTCTCATAAAGG-1,CrVg2wCD90R1
CrVg2wCD90R1_TTAGTTCTCTATCGCC-1,CrVg2wCD90R1
CrVg2wCD90R1_TTATGCTAGAAACCGC-1,CrVg2wCD90R1
CrVg2wCD90R1_TTATGCTAGCTTCGCG-1,CrVg2wCD90R1
CrVg2wCD90R1_TTATGCTAGGACACCA-1,CrVg2wCD90R1
CrVg2wCD90R1_TTATGCTAGTCGCCGT-1,CrVg2wCD90R1
CrVg2wCD90R1_TTATGCTCAACTGCGC-1,CrVg2wCD90R1
CrVg2wCD90R1_TTATGCTCACATGTGT-1,CrVg2wCD90R1
CrVg2wCD90R1_TTATGCTGTCTGCCAG-1,CrVg2wCD90R1
CrVg2wCD90R1_TTATGCTGTGGACGAT-1,CrVg2wCD90R1
CrVg2wCD90R1_TTATGCTGTTCCAACA-1,CrVg2wCD90R1
CrVg2wCD90R1_TTATGCTTCCTCGCAT-1,CrVg2wCD90R1
CrVg2wCD90R1_TTATGCTTCGTCGTTC-1,CrVg2wCD90R1
CrVg2wCD90R1_TTATGCTTCTCAAACG-1,CrVg2wCD90R1
CrVg2wCD90R1_TTCCCAGAGTACGACG-1,CrVg2wCD90R1
CrVg2wCD90R1_TTCCCAGAGTAGGCCA-1,CrVg2wCD90R1
CrVg2wCD90R1_TTCCCAGCACACCGAC-1,CrVg2wCD90R1
CrVg2wCD90R1_TTCCCAGCAGTGGGAT-1,CrVg2wCD90R1
CrVg2wCD90R1_TTCCCAGGTAAATGAC-1,CrVg2wCD90R1
CrVg2wCD90R1_TTCCCAGGTAAGTAGT-1,CrVg2wCD90R1
CrVg2wCD90R1_TTCCCAGGTCTCGTTC-1,CrVg2wCD90R1
CrVg2wCD90R1_TTCCCAGGTTATTCTC-1,CrVg2wCD90R1
CrVg2wCD90R1_TTCCCAGTCGTCTGCT-1,CrVg2wCD90R1
CrVg2wCD90R1_TTCCCAGTCTGATTCT-1,CrVg2wCD90R1
CrVg2wCD90R1_TTCGAAGAGATGTCGG-1,CrVg2wCD90R1
CrVg2wCD90R1_TTCGAAGAGCTACCGC-1,CrVg2wCD90R1
CrVg2wCD90R1_TTCGAAGCAACGCACC-1,CrVg2wCD90R1
CrVg2wCD90R1_TTCGAAGCACGGCCAT-1,CrVg2wCD90R1
CrVg2wCD90R1_TTCGAAGCAGCTGGCT-1,CrVg2wCD90R1
CrVg2wCD90R1_TTCGAAGCAGTATCTG-1,CrVg2wCD90R1
CrVg2wCD90R1_TTCGAAGCATAGAAAC-1,CrVg2wCD90R1
CrVg2wCD90R1_TTCGAAGGTCGGCTCA-1,CrVg2wCD90R1
CrVg2wCD90R1_TTCGAAGGTTGTACAC-1,CrVg2wCD90R1
CrVg2wCD90R1_TTCGAAGGTTTGTTGG-1,CrVg2wCD90R1
CrVg2wCD90R1_TTCGAAGTCAAGAAGT-1,CrVg2wCD90R1
CrVg2wCD90R1_TTCGAAGTCAAGGCTT-1,CrVg2wCD90R1
CrVg2wCD90R1_TTCGAAGTCGAATGGG-1,CrVg2wCD90R1
CrVg2wCD90R1_TTCGAAGTCGGTCTAA-1,CrVg2wCD90R1
CrVg2wCD90R1_TTCGAAGTCTGTTTGT-1,CrVg2wCD90R1
CrVg2wCD90R1_TTCGGTCAGCCAGAAC-1,CrVg2wCD90R1
CrVg2wCD90R1_TTCGGTCCAGGGTATG-1,CrVg2wCD90R1
CrVg2wCD90R1_TTCGGTCCATGACGGA-1,CrVg2wCD90R1
CrVg2wCD90R1_TTCGGTCCATGATCCA-1,CrVg2wCD90R1
CrVg2wCD90R1_TTCGGTCGTGCAACTT-1,CrVg2wCD90R1
CrVg2wCD90R1_TTCGGTCGTGTTCGAT-1,CrVg2wCD90R1
CrVg2wCD90R1_TTCGGTCGTTATCACG-1,CrVg2wCD90R1
CrVg2wCD90R1_TTCGGTCGTTCAGTAC-1,CrVg2wCD90R1
CrVg2wCD90R1_TTCTACAAGACAGAGA-1,CrVg2wCD90R1
CrVg2wCD90R1_TTCTACAAGCTGCGAA-1,CrVg2wCD90R1
CrVg2wCD90R1_TTCTACAAGTAACCCT-1,CrVg2wCD90R1
CrVg2wCD90R1_TTCTACACACTTGGAT-1,CrVg2wCD90R1
CrVg2wCD90R1_TTCTACACAGATTGCT-1,CrVg2wCD90R1
CrVg2wCD90R1_TTCTACACAGCTGCAC-1,CrVg2wCD90R1
CrVg2wCD90R1_TTCTACAGTCTAGCGC-1,CrVg2wCD90R1
CrVg2wCD90R1_TTCTACAGTTACTGAC-1,CrVg2wCD90R1
CrVg2wCD90R1_TTCTACATCAGCTCTC-1,CrVg2wCD90R1
CrVg2wCD90R1_TTCTCAAAGAGTCGGT-1,CrVg2wCD90R1
CrVg2wCD90R1_TTCTCAAAGTGGCACA-1,CrVg2wCD90R1
CrVg2wCD90R1_TTCTCAACACCAGCAC-1,CrVg2wCD90R1
CrVg2wCD90R1_TTCTCAACAGGTGCCT-1,CrVg2wCD90R1
CrVg2wCD90R1_TTCTCAACATCGATTG-1,CrVg2wCD90R1
CrVg2wCD90R1_TTCTCAACATGCGCAC-1,CrVg2wCD90R1
CrVg2wCD90R1_TTCTCAAGTATATGGA-1,CrVg2wCD90R1
CrVg2wCD90R1_TTCTCAATCACTATTC-1,CrVg2wCD90R1
CrVg2wCD90R1_TTCTCAATCATATCGG-1,CrVg2wCD90R1
CrVg2wCD90R1_TTCTCAATCATCTGCC-1,CrVg2wCD90R1
CrVg2wCD90R1_TTCTCAATCCGATATG-1,CrVg2wCD90R1
CrVg2wCD90R1_TTCTCAATCCTAAGTG-1,CrVg2wCD90R1
CrVg2wCD90R1_TTCTCAATCTCGTTTA-1,CrVg2wCD90R1
CrVg2wCD90R1_TTCTCCTAGCCACGTC-1,CrVg2wCD90R1
CrVg2wCD90R1_TTCTCCTAGCGCCTTG-1,CrVg2wCD90R1
CrVg2wCD90R1_TTCTCCTAGCTGAAAT-1,CrVg2wCD90R1
CrVg2wCD90R1_TTCTCCTAGTACGACG-1,CrVg2wCD90R1
CrVg2wCD90R1_TTCTCCTCAACGATCT-1,CrVg2wCD90R1
CrVg2wCD90R1_TTCTCCTCAGCATACT-1,CrVg2wCD90R1
CrVg2wCD90R1_TTCTCCTCAGGGCATA-1,CrVg2wCD90R1
CrVg2wCD90R1_TTCTCCTCATGTTGAC-1,CrVg2wCD90R1
CrVg2wCD90R1_TTCTCCTGTAAATGAC-1,CrVg2wCD90R1
CrVg2wCD90R1_TTCTCCTGTACTTGAC-1,CrVg2wCD90R1
CrVg2wCD90R1_TTCTCCTGTCATCCCT-1,CrVg2wCD90R1
CrVg2wCD90R1_TTCTTAGAGGCAGGTT-1,CrVg2wCD90R1
CrVg2wCD90R1_TTCTTAGAGTCAAGGC-1,CrVg2wCD90R1
CrVg2wCD90R1_TTCTTAGAGTGCAAGC-1,CrVg2wCD90R1
CrVg2wCD90R1_TTCTTAGCAGGATTGG-1,CrVg2wCD90R1
CrVg2wCD90R1_TTCTTAGGTCAAAGAT-1,CrVg2wCD90R1
CrVg2wCD90R1_TTCTTAGGTCATATCG-1,CrVg2wCD90R1
CrVg2wCD90R1_TTCTTAGTCATCATTC-1,CrVg2wCD90R1
CrVg2wCD90R1_TTCTTAGTCTTCGGTC-1,CrVg2wCD90R1
CrVg2wCD90R1_TTGAACGAGAGTAAGG-1,CrVg2wCD90R1
CrVg2wCD90R1_TTGAACGAGGGCTTGA-1,CrVg2wCD90R1
CrVg2wCD90R1_TTGAACGCAAGTCTAC-1,CrVg2wCD90R1
CrVg2wCD90R1_TTGAACGCACAACTGT-1,CrVg2wCD90R1
CrVg2wCD90R1_TTGAACGCAGTCAGCC-1,CrVg2wCD90R1
CrVg2wCD90R1_TTGAACGCAGTCCTTC-1,CrVg2wCD90R1
CrVg2wCD90R1_TTGAACGGTATAGTAG-1,CrVg2wCD90R1
CrVg2wCD90R1_TTGAACGGTTACCAGT-1,CrVg2wCD90R1
CrVg2wCD90R1_TTGAACGTCATACGGT-1,CrVg2wCD90R1
CrVg2wCD90R1_TTGAACGTCTATCCTA-1,CrVg2wCD90R1
CrVg2wCD90R1_TTGAACGTCTGCTGCT-1,CrVg2wCD90R1
CrVg2wCD90R1_TTGACTTAGACCTTTG-1,CrVg2wCD90R1
CrVg2wCD90R1_TTGACTTCAAACCCAT-1,CrVg2wCD90R1
CrVg2wCD90R1_TTGACTTCACATGACT-1,CrVg2wCD90R1
CrVg2wCD90R1_TTGACTTCAGGTGCCT-1,CrVg2wCD90R1
CrVg2wCD90R1_TTGACTTCAGTCCTTC-1,CrVg2wCD90R1
CrVg2wCD90R1_TTGACTTCATAGGATA-1,CrVg2wCD90R1
CrVg2wCD90R1_TTGACTTGTGCCTGTG-1,CrVg2wCD90R1
CrVg2wCD90R1_TTGACTTTCACGGTTA-1,CrVg2wCD90R1
CrVg2wCD90R1_TTGACTTTCAGGTTCA-1,CrVg2wCD90R1
CrVg2wCD90R1_TTGACTTTCCAGGGCT-1,CrVg2wCD90R1
CrVg2wCD90R1_TTGCCGTAGACACTAA-1,CrVg2wCD90R1
CrVg2wCD90R1_TTGCCGTAGCAGCGTA-1,CrVg2wCD90R1
CrVg2wCD90R1_TTGCCGTAGCAGGTCA-1,CrVg2wCD90R1
CrVg2wCD90R1_TTGCCGTAGCGCTCCA-1,CrVg2wCD90R1
CrVg2wCD90R1_TTGCCGTAGTGGGCTA-1,CrVg2wCD90R1
CrVg2wCD90R1_TTGCCGTCAAACGTGG-1,CrVg2wCD90R1
CrVg2wCD90R1_TTGCCGTCACAAGACG-1,CrVg2wCD90R1
CrVg2wCD90R1_TTGCCGTCAGCCTTTC-1,CrVg2wCD90R1
CrVg2wCD90R1_TTGCCGTCAGCGAACA-1,CrVg2wCD90R1
CrVg2wCD90R1_TTGCCGTGTTATGCGT-1,CrVg2wCD90R1
CrVg2wCD90R1_TTGCCGTTCGTCTGAA-1,CrVg2wCD90R1
CrVg2wCD90R1_TTGCGTCAGCACACAG-1,CrVg2wCD90R1
CrVg2wCD90R1_TTGCGTCAGTATCGAA-1,CrVg2wCD90R1
CrVg2wCD90R1_TTGCGTCCAACACCTA-1,CrVg2wCD90R1
CrVg2wCD90R1_TTGCGTCCAAGCTGGA-1,CrVg2wCD90R1
CrVg2wCD90R1_TTGCGTCCATTCTTAC-1,CrVg2wCD90R1
CrVg2wCD90R1_TTGCGTCGTAAGGGAA-1,CrVg2wCD90R1
CrVg2wCD90R1_TTGCGTCGTACAGCAG-1,CrVg2wCD90R1
CrVg2wCD90R1_TTGCGTCTCATTGCGA-1,CrVg2wCD90R1
CrVg2wCD90R1_TTGCGTCTCCTCTAGC-1,CrVg2wCD90R1
CrVg2wCD90R1_TTGGAACAGACGACGT-1,CrVg2wCD90R1
CrVg2wCD90R1_TTGGAACAGCCCGAAA-1,CrVg2wCD90R1
CrVg2wCD90R1_TTGGAACAGCGAAGGG-1,CrVg2wCD90R1
CrVg2wCD90R1_TTGGAACAGGTTACCT-1,CrVg2wCD90R1
CrVg2wCD90R1_TTGGAACCACGAAAGC-1,CrVg2wCD90R1
CrVg2wCD90R1_TTGGAACCATACGCCG-1,CrVg2wCD90R1
CrVg2wCD90R1_TTGGAACCATCACCCT-1,CrVg2wCD90R1
CrVg2wCD90R1_TTGGAACCATTAACCG-1,CrVg2wCD90R1
CrVg2wCD90R1_TTGGAACGTACCGTAT-1,CrVg2wCD90R1
CrVg2wCD90R1_TTGGAACGTCGGCTCA-1,CrVg2wCD90R1
CrVg2wCD90R1_TTGGAACGTCTTCTCG-1,CrVg2wCD90R1
CrVg2wCD90R1_TTGGAACGTGTGCCTG-1,CrVg2wCD90R1
CrVg2wCD90R1_TTGGAACTCATGTCCC-1,CrVg2wCD90R1
CrVg2wCD90R1_TTGGAACTCCTGCTTG-1,CrVg2wCD90R1
CrVg2wCD90R1_TTGGCAAAGAAAGTGG-1,CrVg2wCD90R1
CrVg2wCD90R1_TTGGCAAAGAAGATTC-1,CrVg2wCD90R1
CrVg2wCD90R1_TTGGCAACACATTTCT-1,CrVg2wCD90R1
CrVg2wCD90R1_TTGGCAACATGCCCGA-1,CrVg2wCD90R1
CrVg2wCD90R1_TTGGCAACATGGTCAT-1,CrVg2wCD90R1
CrVg2wCD90R1_TTGGCAAGTATAGGGC-1,CrVg2wCD90R1
CrVg2wCD90R1_TTGGCAAGTCCATGAT-1,CrVg2wCD90R1
CrVg2wCD90R1_TTGGCAAGTCTAGTCA-1,CrVg2wCD90R1
CrVg2wCD90R1_TTGGCAAGTTGCTCCT-1,CrVg2wCD90R1
CrVg2wCD90R1_TTGGCAAGTTGGTTTG-1,CrVg2wCD90R1
CrVg2wCD90R1_TTGGCAATCACATACG-1,CrVg2wCD90R1
CrVg2wCD90R1_TTGTAGGAGTACCGGA-1,CrVg2wCD90R1
CrVg2wCD90R1_TTGTAGGCAAGCCATT-1,CrVg2wCD90R1
CrVg2wCD90R1_TTGTAGGCACAGCGTC-1,CrVg2wCD90R1
CrVg2wCD90R1_TTGTAGGCAGACGTAG-1,CrVg2wCD90R1
CrVg2wCD90R1_TTGTAGGCATCAGTAC-1,CrVg2wCD90R1
CrVg2wCD90R1_TTGTAGGGTCAGTGGA-1,CrVg2wCD90R1
CrVg2wCD90R1_TTGTAGGGTCGGCTCA-1,CrVg2wCD90R1
CrVg2wCD90R1_TTGTAGGGTTAGTGGG-1,CrVg2wCD90R1
CrVg2wCD90R1_TTGTAGGGTTTAAGCC-1,CrVg2wCD90R1
CrVg2wCD90R1_TTGTAGGTCACAATGC-1,CrVg2wCD90R1
CrVg2wCD90R1_TTTACTGAGAGGTACC-1,CrVg2wCD90R1
CrVg2wCD90R1_TTTACTGAGATCCCGC-1,CrVg2wCD90R1
CrVg2wCD90R1_TTTACTGAGGATTCGG-1,CrVg2wCD90R1
CrVg2wCD90R1_TTTACTGCACATGGGA-1,CrVg2wCD90R1
CrVg2wCD90R1_TTTACTGGTAGGGTAC-1,CrVg2wCD90R1
CrVg2wCD90R1_TTTACTGGTCCCGACA-1,CrVg2wCD90R1
CrVg2wCD90R1_TTTACTGTCAGATAAG-1,CrVg2wCD90R1
CrVg2wCD90R1_TTTACTGTCCACGCAG-1,CrVg2wCD90R1
CrVg2wCD90R1_TTTACTGTCTAACCGA-1,CrVg2wCD90R1
CrVg2wCD90R1_TTTATGCAGAAGAAGC-1,CrVg2wCD90R1
CrVg2wCD90R1_TTTATGCAGGCATTGG-1,CrVg2wCD90R1
CrVg2wCD90R1_TTTATGCAGGCCCTCA-1,CrVg2wCD90R1
CrVg2wCD90R1_TTTATGCCAGATCTGT-1,CrVg2wCD90R1
CrVg2wCD90R1_TTTATGCCATCAGTAC-1,CrVg2wCD90R1
CrVg2wCD90R1_TTTATGCGTCGTCTTC-1,CrVg2wCD90R1
CrVg2wCD90R1_TTTATGCGTCTAGCGC-1,CrVg2wCD90R1
CrVg2wCD90R1_TTTATGCGTCTTCGTC-1,CrVg2wCD90R1
CrVg2wCD90R1_TTTATGCTCTACTATC-1,CrVg2wCD90R1
CrVg2wCD90R1_TTTATGCTCTGCAAGT-1,CrVg2wCD90R1
CrVg2wCD90R1_TTTCCTCAGCGTTTAC-1,CrVg2wCD90R1
CrVg2wCD90R1_TTTCCTCAGCTACCTA-1,CrVg2wCD90R1
CrVg2wCD90R1_TTTCCTCAGTGCCAGA-1,CrVg2wCD90R1
CrVg2wCD90R1_TTTCCTCCAAGTAATG-1,CrVg2wCD90R1
CrVg2wCD90R1_TTTCCTCCACGAAATA-1,CrVg2wCD90R1
CrVg2wCD90R1_TTTCCTCCACTCAGGC-1,CrVg2wCD90R1
CrVg2wCD90R1_TTTCCTCGTGAGTATA-1,CrVg2wCD90R1
CrVg2wCD90R1_TTTCCTCGTGCGCTTG-1,CrVg2wCD90R1
CrVg2wCD90R1_TTTCCTCGTTGCGCAC-1,CrVg2wCD90R1
CrVg2wCD90R1_TTTCCTCTCACTCCTG-1,CrVg2wCD90R1
CrVg2wCD90R1_TTTCCTCTCCTCGCAT-1,CrVg2wCD90R1
CrVg2wCD90R1_TTTCCTCTCGGACAAG-1,CrVg2wCD90R1
CrVg2wCD90R1_TTTCCTCTCGTCACGG-1,CrVg2wCD90R1
CrVg2wCD90R1_TTTCCTCTCTCCAACC-1,CrVg2wCD90R1
CrVg2wCD90R1_TTTGCGCCAGGTCTCG-1,CrVg2wCD90R1
CrVg2wCD90R1_TTTGCGCCATGCAACT-1,CrVg2wCD90R1
CrVg2wCD90R1_TTTGCGCCATGGAATA-1,CrVg2wCD90R1
CrVg2wCD90R1_TTTGCGCGTCATCCCT-1,CrVg2wCD90R1
CrVg2wCD90R1_TTTGCGCGTCCATCCT-1,CrVg2wCD90R1
CrVg2wCD90R1_TTTGCGCTCCATTCTA-1,CrVg2wCD90R1
CrVg2wCD90R1_TTTGCGCTCTGTCTAT-1,CrVg2wCD90R1
CrVg2wCD90R1_TTTGCGCTCTTCTGGC-1,CrVg2wCD90R1
CrVg2wCD90R1_TTTGGTTAGAAGGGTA-1,CrVg2wCD90R1
CrVg2wCD90R1_TTTGGTTAGATATGCA-1,CrVg2wCD90R1
CrVg2wCD90R1_TTTGGTTAGCAGGTCA-1,CrVg2wCD90R1
CrVg2wCD90R1_TTTGGTTAGCGAAGGG-1,CrVg2wCD90R1
CrVg2wCD90R1_TTTGGTTCAATTGCTG-1,CrVg2wCD90R1
CrVg2wCD90R1_TTTGGTTCACTTGGAT-1,CrVg2wCD90R1
CrVg2wCD90R1_TTTGGTTGTCCCTACT-1,CrVg2wCD90R1
CrVg2wCD90R1_TTTGGTTGTGGTCTCG-1,CrVg2wCD90R1
CrVg2wCD90R1_TTTGGTTGTGTTGGGA-1,CrVg2wCD90R1
CrVg2wCD90R1_TTTGGTTGTGTTTGTG-1,CrVg2wCD90R1
CrVg2wCD90R1_TTTGGTTGTTCTGTTT-1,CrVg2wCD90R1
CrVg2wCD90R1_TTTGGTTGTTGCTCCT-1,CrVg2wCD90R1
CrVg2wCD90R1_TTTGGTTTCAACTCTT-1,CrVg2wCD90R1
CrVg2wCD90R1_TTTGGTTTCCACGCAG-1,CrVg2wCD90R1
CrVg2wCD90R1_TTTGGTTTCCCAACGG-1,CrVg2wCD90R1
CrVg2wCD90R1_TTTGGTTTCCTTGACC-1,CrVg2wCD90R1
CrVg2wCD90R1_TTTGGTTTCGGATGGA-1,CrVg2wCD90R1
CrVg2wCD90R1_TTTGGTTTCGTTGACA-1,CrVg2wCD90R1
CrVg2wCD90R1_TTTGGTTTCTGTACGA-1,CrVg2wCD90R1
CrVg2wCD90R1_TTTGTCAAGCGACGTA-1,CrVg2wCD90R1
CrVg2wCD90R1_TTTGTCAAGCGTAATA-1,CrVg2wCD90R1
CrVg2wCD90R1_TTTGTCAAGTGTCTCA-1,CrVg2wCD90R1
CrVg2wCD90R1_TTTGTCAGTATAAACG-1,CrVg2wCD90R1
CrVg2wCD90R1_TTTGTCAGTTCACCTC-1,CrVg2wCD90R1
CrVg2wCD90R1_TTTGTCAGTTCAGCGC-1,CrVg2wCD90R1
CrVg2wCD90R1_TTTGTCAGTTCCCGAG-1,CrVg2wCD90R1
CrVg2wCD90R1_TTTGTCATCCAAGTAC-1,CrVg2wCD90R1
CrVg2wCD90R1_TTTGTCATCCTGCTTG-1,CrVg2wCD90R1
CrVg2wCD90R1_TTTGTCATCGCCAAAT-1,CrVg2wCD90R1
CrVg2wCD90R1_TTTGTCATCTTGTCAT-1,CrVg2wCD90R1
CrVg2wCD90R2_AAACCTGAGCAATCTC-1,CrVg2wCD90R2
CrVg2wCD90R2_AAACCTGAGCACCGCT-1,CrVg2wCD90R2
CrVg2wCD90R2_AAACCTGGTACAGCAG-1,CrVg2wCD90R2
CrVg2wCD90R2_AAACCTGGTCGCATCG-1,CrVg2wCD90R2
CrVg2wCD90R2_AAACCTGTCAGGCCCA-1,CrVg2wCD90R2
CrVg2wCD90R2_AAACCTGTCCAAGCCG-1,CrVg2wCD90R2
CrVg2wCD90R2_AAACCTGTCTCGCTTG-1,CrVg2wCD90R2
CrVg2wCD90R2_AAACGGGAGGCAATTA-1,CrVg2wCD90R2
CrVg2wCD90R2_AAACGGGCACCGAAAG-1,CrVg2wCD90R2
CrVg2wCD90R2_AAACGGGCAGACGCAA-1,CrVg2wCD90R2
CrVg2wCD90R2_AAACGGGCAGGCGATA-1,CrVg2wCD90R2
CrVg2wCD90R2_AAACGGGGTGTTTGGT-1,CrVg2wCD90R2
CrVg2wCD90R2_AAACGGGTCTCTGTCG-1,CrVg2wCD90R2
CrVg2wCD90R2_AAACGGGTCTTGTATC-1,CrVg2wCD90R2
CrVg2wCD90R2_AAAGATGAGATCGGGT-1,CrVg2wCD90R2
CrVg2wCD90R2_AAAGATGAGGGATGGG-1,CrVg2wCD90R2
CrVg2wCD90R2_AAAGATGCAGATGGGT-1,CrVg2wCD90R2
CrVg2wCD90R2_AAAGATGCAGGACGTA-1,CrVg2wCD90R2
CrVg2wCD90R2_AAAGATGCAGGGTACA-1,CrVg2wCD90R2
CrVg2wCD90R2_AAAGATGCATTCCTGC-1,CrVg2wCD90R2
CrVg2wCD90R2_AAAGATGGTGGAAAGA-1,CrVg2wCD90R2
CrVg2wCD90R2_AAAGATGTCCTAGAAC-1,CrVg2wCD90R2
CrVg2wCD90R2_AAAGATGTCGCTTAGA-1,CrVg2wCD90R2
CrVg2wCD90R2_AAAGCAAAGACCGGAT-1,CrVg2wCD90R2
CrVg2wCD90R2_AAAGCAACAATAACGA-1,CrVg2wCD90R2
CrVg2wCD90R2_AAAGCAAGTACCGTAT-1,CrVg2wCD90R2
CrVg2wCD90R2_AAAGCAAGTATGAAAC-1,CrVg2wCD90R2
CrVg2wCD90R2_AAAGCAATCACAGGCC-1,CrVg2wCD90R2
CrVg2wCD90R2_AAAGCAATCACGACTA-1,CrVg2wCD90R2
CrVg2wCD90R2_AAAGTAGAGCGGATCA-1,CrVg2wCD90R2
CrVg2wCD90R2_AAAGTAGCAAGCGCTC-1,CrVg2wCD90R2
CrVg2wCD90R2_AAAGTAGCACATAACC-1,CrVg2wCD90R2
CrVg2wCD90R2_AAAGTAGCAGACAGGT-1,CrVg2wCD90R2
CrVg2wCD90R2_AAAGTAGGTGCACGAA-1,CrVg2wCD90R2
CrVg2wCD90R2_AAAGTAGTCAATCTCT-1,CrVg2wCD90R2
CrVg2wCD90R2_AAAGTAGTCCATGAAC-1,CrVg2wCD90R2
CrVg2wCD90R2_AAAGTAGTCGACAGCC-1,CrVg2wCD90R2
CrVg2wCD90R2_AAAGTAGTCGTTGACA-1,CrVg2wCD90R2
CrVg2wCD90R2_AAAGTAGTCTGCGACG-1,CrVg2wCD90R2
CrVg2wCD90R2_AAATGCCAGAAACCGC-1,CrVg2wCD90R2
CrVg2wCD90R2_AAATGCCCACACCGAC-1,CrVg2wCD90R2
CrVg2wCD90R2_AAATGCCGTACAGTTC-1,CrVg2wCD90R2
CrVg2wCD90R2_AAATGCCGTGTTGAGG-1,CrVg2wCD90R2
CrVg2wCD90R2_AACACGTAGCAGCGTA-1,CrVg2wCD90R2
CrVg2wCD90R2_AACACGTAGTCATGCT-1,CrVg2wCD90R2
CrVg2wCD90R2_AACACGTCAATCCAAC-1,CrVg2wCD90R2
CrVg2wCD90R2_AACACGTCATAACCTG-1,CrVg2wCD90R2
CrVg2wCD90R2_AACACGTCATACTCTT-1,CrVg2wCD90R2
CrVg2wCD90R2_AACACGTCATAGGATA-1,CrVg2wCD90R2
CrVg2wCD90R2_AACACGTCATGTCCTC-1,CrVg2wCD90R2
CrVg2wCD90R2_AACACGTGTGTCAATC-1,CrVg2wCD90R2
CrVg2wCD90R2_AACACGTGTTCTGGTA-1,CrVg2wCD90R2
CrVg2wCD90R2_AACACGTGTTGCCTCT-1,CrVg2wCD90R2
CrVg2wCD90R2_AACACGTTCGATCCCT-1,CrVg2wCD90R2
CrVg2wCD90R2_AACACGTTCTTGCATT-1,CrVg2wCD90R2
CrVg2wCD90R2_AACCATGAGGCGATAC-1,CrVg2wCD90R2
CrVg2wCD90R2_AACCATGCAAGTTCTG-1,CrVg2wCD90R2
CrVg2wCD90R2_AACCATGCATTCGACA-1,CrVg2wCD90R2
CrVg2wCD90R2_AACCATGGTAAATACG-1,CrVg2wCD90R2
CrVg2wCD90R2_AACCATGGTAGGGACT-1,CrVg2wCD90R2
CrVg2wCD90R2_AACCATGGTCAACATC-1,CrVg2wCD90R2
CrVg2wCD90R2_AACCATGGTGTTTGTG-1,CrVg2wCD90R2
CrVg2wCD90R2_AACCATGTCAAACCGT-1,CrVg2wCD90R2
CrVg2wCD90R2_AACCATGTCACGATGT-1,CrVg2wCD90R2
CrVg2wCD90R2_AACCATGTCCGAACGC-1,CrVg2wCD90R2
CrVg2wCD90R2_AACCATGTCGCATGGC-1,CrVg2wCD90R2
CrVg2wCD90R2_AACCATGTCTCGCTTG-1,CrVg2wCD90R2
CrVg2wCD90R2_AACCGCGAGACTGGGT-1,CrVg2wCD90R2
CrVg2wCD90R2_AACCGCGAGGCCCTCA-1,CrVg2wCD90R2
CrVg2wCD90R2_AACCGCGAGTAGGTGC-1,CrVg2wCD90R2
CrVg2wCD90R2_AACCGCGCACTCGACG-1,CrVg2wCD90R2
CrVg2wCD90R2_AACCGCGCAGACGCAA-1,CrVg2wCD90R2
CrVg2wCD90R2_AACCGCGCAGCTGTAT-1,CrVg2wCD90R2
CrVg2wCD90R2_AACCGCGCATCGGACC-1,CrVg2wCD90R2
CrVg2wCD90R2_AACCGCGGTAAACCTC-1,CrVg2wCD90R2
CrVg2wCD90R2_AACGTTGAGCGTTCCG-1,CrVg2wCD90R2
CrVg2wCD90R2_AACGTTGCAAGCCGCT-1,CrVg2wCD90R2
CrVg2wCD90R2_AACGTTGCACATCCAA-1,CrVg2wCD90R2
CrVg2wCD90R2_AACGTTGCACTCGACG-1,CrVg2wCD90R2
CrVg2wCD90R2_AACGTTGGTTCCAACA-1,CrVg2wCD90R2
CrVg2wCD90R2_AACGTTGTCATCACCC-1,CrVg2wCD90R2
CrVg2wCD90R2_AACGTTGTCTGATTCT-1,CrVg2wCD90R2
CrVg2wCD90R2_AACGTTGTCTTGGGTA-1,CrVg2wCD90R2
CrVg2wCD90R2_AACTCAGAGTTAGCGG-1,CrVg2wCD90R2
CrVg2wCD90R2_AACTCAGCAAATACAG-1,CrVg2wCD90R2
CrVg2wCD90R2_AACTCAGCACAACTGT-1,CrVg2wCD90R2
CrVg2wCD90R2_AACTCAGCAGCCTGTG-1,CrVg2wCD90R2
CrVg2wCD90R2_AACTCAGCAGCTGTAT-1,CrVg2wCD90R2
CrVg2wCD90R2_AACTCAGCATCCCACT-1,CrVg2wCD90R2
CrVg2wCD90R2_AACTCAGCATGGTAGG-1,CrVg2wCD90R2
CrVg2wCD90R2_AACTCAGGTGCGAAAC-1,CrVg2wCD90R2
CrVg2wCD90R2_AACTCAGTCAACGGCC-1,CrVg2wCD90R2
CrVg2wCD90R2_AACTCAGTCCCAAGAT-1,CrVg2wCD90R2
CrVg2wCD90R2_AACTCAGTCTTCAACT-1,CrVg2wCD90R2
CrVg2wCD90R2_AACTCCCAGATAGCAT-1,CrVg2wCD90R2
CrVg2wCD90R2_AACTCCCAGCTTCGCG-1,CrVg2wCD90R2
CrVg2wCD90R2_AACTCCCAGGTGGGTT-1,CrVg2wCD90R2
CrVg2wCD90R2_AACTCCCGTAGTGAAT-1,CrVg2wCD90R2
CrVg2wCD90R2_AACTCCCGTTGTTTGG-1,CrVg2wCD90R2
CrVg2wCD90R2_AACTCCCTCAGTGTTG-1,CrVg2wCD90R2
CrVg2wCD90R2_AACTCCCTCCGTAGTA-1,CrVg2wCD90R2
CrVg2wCD90R2_AACTCTTAGGCTCATT-1,CrVg2wCD90R2
CrVg2wCD90R2_AACTCTTAGTAAGTAC-1,CrVg2wCD90R2
CrVg2wCD90R2_AACTCTTCAATACGCT-1,CrVg2wCD90R2
CrVg2wCD90R2_AACTCTTCAGCCAATT-1,CrVg2wCD90R2
CrVg2wCD90R2_AACTCTTGTGAGGCTA-1,CrVg2wCD90R2
CrVg2wCD90R2_AACTCTTTCCAGTATG-1,CrVg2wCD90R2
CrVg2wCD90R2_AACTGGTAGACTGTAA-1,CrVg2wCD90R2
CrVg2wCD90R2_AACTGGTAGCTTATCG-1,CrVg2wCD90R2
CrVg2wCD90R2_AACTGGTAGTTGCAGG-1,CrVg2wCD90R2
CrVg2wCD90R2_AACTGGTCACTCAGGC-1,CrVg2wCD90R2
CrVg2wCD90R2_AACTGGTGTAGCACGA-1,CrVg2wCD90R2
CrVg2wCD90R2_AACTGGTGTGGCGAAT-1,CrVg2wCD90R2
CrVg2wCD90R2_AACTGGTTCACCAGGC-1,CrVg2wCD90R2
CrVg2wCD90R2_AACTGGTTCACCTCGT-1,CrVg2wCD90R2
CrVg2wCD90R2_AACTTTCAGAACTCGG-1,CrVg2wCD90R2
CrVg2wCD90R2_AACTTTCAGCTGTTCA-1,CrVg2wCD90R2
CrVg2wCD90R2_AACTTTCAGGGATGGG-1,CrVg2wCD90R2
CrVg2wCD90R2_AACTTTCAGTCGTACT-1,CrVg2wCD90R2
CrVg2wCD90R2_AACTTTCCAGTAAGCG-1,CrVg2wCD90R2
CrVg2wCD90R2_AACTTTCCATCGGTTA-1,CrVg2wCD90R2
CrVg2wCD90R2_AACTTTCGTGCAGACA-1,CrVg2wCD90R2
CrVg2wCD90R2_AACTTTCTCAGAGGTG-1,CrVg2wCD90R2
CrVg2wCD90R2_AAGACCTAGTACGATA-1,CrVg2wCD90R2
CrVg2wCD90R2_AAGACCTAGTGCGATG-1,CrVg2wCD90R2
CrVg2wCD90R2_AAGACCTGTATGAAAC-1,CrVg2wCD90R2
CrVg2wCD90R2_AAGACCTGTCTACCTC-1,CrVg2wCD90R2
CrVg2wCD90R2_AAGACCTGTGTGTGCC-1,CrVg2wCD90R2
CrVg2wCD90R2_AAGACCTGTTACGACT-1,CrVg2wCD90R2
CrVg2wCD90R2_AAGACCTTCACTGGGC-1,CrVg2wCD90R2
CrVg2wCD90R2_AAGCCGCAGAAGAAGC-1,CrVg2wCD90R2
CrVg2wCD90R2_AAGCCGCAGACACGAC-1,CrVg2wCD90R2
CrVg2wCD90R2_AAGCCGCCACATTTCT-1,CrVg2wCD90R2
CrVg2wCD90R2_AAGCCGCCATGGAATA-1,CrVg2wCD90R2
CrVg2wCD90R2_AAGCCGCGTCATCGGC-1,CrVg2wCD90R2
CrVg2wCD90R2_AAGCCGCTCCAGGGCT-1,CrVg2wCD90R2
CrVg2wCD90R2_AAGCCGCTCTAGAGTC-1,CrVg2wCD90R2
CrVg2wCD90R2_AAGCCGCTCTCGCTTG-1,CrVg2wCD90R2
CrVg2wCD90R2_AAGCCGCTCTTTACAC-1,CrVg2wCD90R2
CrVg2wCD90R2_AAGGAGCAGCCAACAG-1,CrVg2wCD90R2
CrVg2wCD90R2_AAGGAGCAGGGATCTG-1,CrVg2wCD90R2
CrVg2wCD90R2_AAGGAGCAGGTCGGAT-1,CrVg2wCD90R2
CrVg2wCD90R2_AAGGAGCCACCGATAT-1,CrVg2wCD90R2
CrVg2wCD90R2_AAGGAGCTCCGCAGTG-1,CrVg2wCD90R2
CrVg2wCD90R2_AAGGAGCTCGGAGGTA-1,CrVg2wCD90R2
CrVg2wCD90R2_AAGGCAGAGAGCCTAG-1,CrVg2wCD90R2
CrVg2wCD90R2_AAGGCAGAGCTGTTCA-1,CrVg2wCD90R2
CrVg2wCD90R2_AAGGCAGAGTAGCCGA-1,CrVg2wCD90R2
CrVg2wCD90R2_AAGGCAGCATTCGACA-1,CrVg2wCD90R2
CrVg2wCD90R2_AAGGCAGGTGCTCTTC-1,CrVg2wCD90R2
CrVg2wCD90R2_AAGGCAGTCAGAGCTT-1,CrVg2wCD90R2
CrVg2wCD90R2_AAGGCAGTCAGCTCGG-1,CrVg2wCD90R2
CrVg2wCD90R2_AAGGCAGTCCAGATCA-1,CrVg2wCD90R2
CrVg2wCD90R2_AAGGTTCAGAGGTACC-1,CrVg2wCD90R2
CrVg2wCD90R2_AAGGTTCCACGGCTAC-1,CrVg2wCD90R2
CrVg2wCD90R2_AAGGTTCCATTGGGCC-1,CrVg2wCD90R2
CrVg2wCD90R2_AAGGTTCGTGCTGTAT-1,CrVg2wCD90R2
CrVg2wCD90R2_AAGGTTCTCATAACCG-1,CrVg2wCD90R2
CrVg2wCD90R2_AAGGTTCTCATCGGAT-1,CrVg2wCD90R2
CrVg2wCD90R2_AAGGTTCTCCACTCCA-1,CrVg2wCD90R2
CrVg2wCD90R2_AAGGTTCTCTTGTTTG-1,CrVg2wCD90R2
CrVg2wCD90R2_AAGTCTGCAATTGCTG-1,CrVg2wCD90R2
CrVg2wCD90R2_AAGTCTGGTACAAGTA-1,CrVg2wCD90R2
CrVg2wCD90R2_AAGTCTGGTGCCTGCA-1,CrVg2wCD90R2
CrVg2wCD90R2_AAGTCTGGTTATCGGT-1,CrVg2wCD90R2
CrVg2wCD90R2_AAGTCTGGTTTGTTTC-1,CrVg2wCD90R2
CrVg2wCD90R2_AATCCAGAGCTGAAAT-1,CrVg2wCD90R2
CrVg2wCD90R2_AATCCAGAGGAGTACC-1,CrVg2wCD90R2
CrVg2wCD90R2_AATCCAGCAAGTAGTA-1,CrVg2wCD90R2
CrVg2wCD90R2_AATCCAGCACCTTGTC-1,CrVg2wCD90R2
CrVg2wCD90R2_AATCCAGCAGATCTGT-1,CrVg2wCD90R2
CrVg2wCD90R2_AATCCAGCAGCGAACA-1,CrVg2wCD90R2
CrVg2wCD90R2_AATCCAGGTACGCACC-1,CrVg2wCD90R2
CrVg2wCD90R2_AATCCAGGTACTCGCG-1,CrVg2wCD90R2
CrVg2wCD90R2_AATCCAGGTGCTTCTC-1,CrVg2wCD90R2
CrVg2wCD90R2_AATCCAGTCTGCAGTA-1,CrVg2wCD90R2
CrVg2wCD90R2_AATCGGTGTATGGTTC-1,CrVg2wCD90R2
CrVg2wCD90R2_AATCGGTGTGGCAAAC-1,CrVg2wCD90R2
CrVg2wCD90R2_AATCGGTTCACGGTTA-1,CrVg2wCD90R2
CrVg2wCD90R2_AATCGGTTCTATCGCC-1,CrVg2wCD90R2
CrVg2wCD90R2_ACACCAACAAGTCTAC-1,CrVg2wCD90R2
CrVg2wCD90R2_ACACCAACATCGATTG-1,CrVg2wCD90R2
CrVg2wCD90R2_ACACCAAGTCTTGCGG-1,CrVg2wCD90R2
CrVg2wCD90R2_ACACCAAGTTACCGAT-1,CrVg2wCD90R2
CrVg2wCD90R2_ACACCAAGTTATCCGA-1,CrVg2wCD90R2
CrVg2wCD90R2_ACACCAATCTCCCTGA-1,CrVg2wCD90R2
CrVg2wCD90R2_ACACCCTAGCCACTAT-1,CrVg2wCD90R2
CrVg2wCD90R2_ACACCCTAGGCGTACA-1,CrVg2wCD90R2
CrVg2wCD90R2_ACACCCTAGTCAATAG-1,CrVg2wCD90R2
CrVg2wCD90R2_ACACCCTAGTGGTCCC-1,CrVg2wCD90R2
CrVg2wCD90R2_ACACCCTAGTTGAGTA-1,CrVg2wCD90R2
CrVg2wCD90R2_ACACCCTCAAAGCAAT-1,CrVg2wCD90R2
CrVg2wCD90R2_ACACCCTCACCAGTTA-1,CrVg2wCD90R2
CrVg2wCD90R2_ACACCCTCACCGTTGG-1,CrVg2wCD90R2
CrVg2wCD90R2_ACACCCTGTCAAGCGA-1,CrVg2wCD90R2
CrVg2wCD90R2_ACACCCTTCATCATTC-1,CrVg2wCD90R2
CrVg2wCD90R2_ACACCCTTCGGTCCGA-1,CrVg2wCD90R2
CrVg2wCD90R2_ACACCGGAGATGGGTC-1,CrVg2wCD90R2
CrVg2wCD90R2_ACACCGGAGCGTTCCG-1,CrVg2wCD90R2
CrVg2wCD90R2_ACACCGGAGGCTAGAC-1,CrVg2wCD90R2
CrVg2wCD90R2_ACACCGGCAAACGCGA-1,CrVg2wCD90R2
CrVg2wCD90R2_ACACCGGCACCAGGTC-1,CrVg2wCD90R2
CrVg2wCD90R2_ACACCGGCAGCTTAAC-1,CrVg2wCD90R2
CrVg2wCD90R2_ACACCGGCATAAGACA-1,CrVg2wCD90R2
CrVg2wCD90R2_ACACCGGGTGTCCTCT-1,CrVg2wCD90R2
CrVg2wCD90R2_ACACCGGTCAAACAAG-1,CrVg2wCD90R2
CrVg2wCD90R2_ACACCGGTCAAACCGT-1,CrVg2wCD90R2
CrVg2wCD90R2_ACACCGGTCAGTGTTG-1,CrVg2wCD90R2
CrVg2wCD90R2_ACACTGACACCTTGTC-1,CrVg2wCD90R2
CrVg2wCD90R2_ACACTGACAGCCTTTC-1,CrVg2wCD90R2
CrVg2wCD90R2_ACACTGACATGGTAGG-1,CrVg2wCD90R2
CrVg2wCD90R2_ACACTGACATGTTGAC-1,CrVg2wCD90R2
CrVg2wCD90R2_ACACTGAGTGATGTCT-1,CrVg2wCD90R2
CrVg2wCD90R2_ACACTGATCAACGGCC-1,CrVg2wCD90R2
CrVg2wCD90R2_ACACTGATCGGCCGAT-1,CrVg2wCD90R2
CrVg2wCD90R2_ACAGCCGAGAAGCCCA-1,CrVg2wCD90R2
CrVg2wCD90R2_ACAGCCGCACACCGAC-1,CrVg2wCD90R2
CrVg2wCD90R2_ACAGCCGCACTGTGTA-1,CrVg2wCD90R2
CrVg2wCD90R2_ACAGCCGCAGAGCCAA-1,CrVg2wCD90R2
CrVg2wCD90R2_ACAGCCGCATTCCTGC-1,CrVg2wCD90R2
CrVg2wCD90R2_ACAGCCGGTTCGTGAT-1,CrVg2wCD90R2
CrVg2wCD90R2_ACAGCCGTCGGATGGA-1,CrVg2wCD90R2
CrVg2wCD90R2_ACAGCCGTCTTCGGTC-1,CrVg2wCD90R2
CrVg2wCD90R2_ACAGCTAAGATATGCA-1,CrVg2wCD90R2
CrVg2wCD90R2_ACAGCTAAGTGACATA-1,CrVg2wCD90R2
CrVg2wCD90R2_ACAGCTACAGATGAGC-1,CrVg2wCD90R2
CrVg2wCD90R2_ACAGCTACATGATCCA-1,CrVg2wCD90R2
CrVg2wCD90R2_ACAGCTACATGCATGT-1,CrVg2wCD90R2
CrVg2wCD90R2_ACAGCTACATTGGCGC-1,CrVg2wCD90R2
CrVg2wCD90R2_ACAGCTAGTGGTCTCG-1,CrVg2wCD90R2
CrVg2wCD90R2_ACAGCTAGTTGACGTT-1,CrVg2wCD90R2
CrVg2wCD90R2_ACAGCTATCATGGTCA-1,CrVg2wCD90R2
CrVg2wCD90R2_ACAGCTATCTCCCTGA-1,CrVg2wCD90R2
CrVg2wCD90R2_ACAGCTATCTTACCGC-1,CrVg2wCD90R2
CrVg2wCD90R2_ACATACGCAATGGACG-1,CrVg2wCD90R2
CrVg2wCD90R2_ACATACGCAATTCCTT-1,CrVg2wCD90R2
CrVg2wCD90R2_ACATACGCACATTTCT-1,CrVg2wCD90R2
CrVg2wCD90R2_ACATACGCACTGTCGG-1,CrVg2wCD90R2
CrVg2wCD90R2_ACATCAGAGGCATGGT-1,CrVg2wCD90R2
CrVg2wCD90R2_ACATCAGCATACTCTT-1,CrVg2wCD90R2
CrVg2wCD90R2_ACATCAGGTTCCCTTG-1,CrVg2wCD90R2
CrVg2wCD90R2_ACATCAGTCGGCGCAT-1,CrVg2wCD90R2
CrVg2wCD90R2_ACATCAGTCTCCCTGA-1,CrVg2wCD90R2
CrVg2wCD90R2_ACATGGTAGCCTATGT-1,CrVg2wCD90R2
CrVg2wCD90R2_ACATGGTAGGTCATCT-1,CrVg2wCD90R2
CrVg2wCD90R2_ACATGGTAGTCGTTTG-1,CrVg2wCD90R2
CrVg2wCD90R2_ACATGGTCAACTGCGC-1,CrVg2wCD90R2
CrVg2wCD90R2_ACATGGTCAATCGGTT-1,CrVg2wCD90R2
CrVg2wCD90R2_ACATGGTCAGGGTACA-1,CrVg2wCD90R2
CrVg2wCD90R2_ACATGGTGTCATTAGC-1,CrVg2wCD90R2
CrVg2wCD90R2_ACATGGTTCCCAAGTA-1,CrVg2wCD90R2
CrVg2wCD90R2_ACCAGTAAGGAGTCTG-1,CrVg2wCD90R2
CrVg2wCD90R2_ACCAGTAAGGATGCGT-1,CrVg2wCD90R2
CrVg2wCD90R2_ACCAGTAAGTAGTGCG-1,CrVg2wCD90R2
CrVg2wCD90R2_ACCAGTACAGCCTTGG-1,CrVg2wCD90R2
CrVg2wCD90R2_ACCAGTATCTTGTCAT-1,CrVg2wCD90R2
CrVg2wCD90R2_ACCCACTCACAACGTT-1,CrVg2wCD90R2
CrVg2wCD90R2_ACCCACTCACCAGGTC-1,CrVg2wCD90R2
CrVg2wCD90R2_ACCCACTCATGGGAAC-1,CrVg2wCD90R2
CrVg2wCD90R2_ACCCACTGTCAGCTAT-1,CrVg2wCD90R2
CrVg2wCD90R2_ACCCACTTCAAACCGT-1,CrVg2wCD90R2
CrVg2wCD90R2_ACCCACTTCTGAAAGA-1,CrVg2wCD90R2
CrVg2wCD90R2_ACCGTAAGTAGGCTGA-1,CrVg2wCD90R2
CrVg2wCD90R2_ACCGTAATCACCTTAT-1,CrVg2wCD90R2
CrVg2wCD90R2_ACCGTAATCATGTAGC-1,CrVg2wCD90R2
CrVg2wCD90R2_ACCGTAATCCAAGTAC-1,CrVg2wCD90R2
CrVg2wCD90R2_ACCGTAATCGCCTGAG-1,CrVg2wCD90R2
CrVg2wCD90R2_ACCTTTAAGACAAAGG-1,CrVg2wCD90R2
CrVg2wCD90R2_ACCTTTAAGACAGGCT-1,CrVg2wCD90R2
CrVg2wCD90R2_ACCTTTAAGCAGGTCA-1,CrVg2wCD90R2
CrVg2wCD90R2_ACCTTTAAGTTCGCGC-1,CrVg2wCD90R2
CrVg2wCD90R2_ACCTTTACATAGACTC-1,CrVg2wCD90R2
CrVg2wCD90R2_ACCTTTAGTCCAGTAT-1,CrVg2wCD90R2
CrVg2wCD90R2_ACCTTTATCCAGAAGG-1,CrVg2wCD90R2
CrVg2wCD90R2_ACCTTTATCGTTACAG-1,CrVg2wCD90R2
CrVg2wCD90R2_ACCTTTATCGTTGCCT-1,CrVg2wCD90R2
CrVg2wCD90R2_ACGAGCCAGACTGTAA-1,CrVg2wCD90R2
CrVg2wCD90R2_ACGAGCCCAAACGCGA-1,CrVg2wCD90R2
CrVg2wCD90R2_ACGAGCCGTCCAAGTT-1,CrVg2wCD90R2
CrVg2wCD90R2_ACGAGGACAGAGTGTG-1,CrVg2wCD90R2
CrVg2wCD90R2_ACGAGGAGTCATATGC-1,CrVg2wCD90R2
CrVg2wCD90R2_ACGAGGATCAAACCAC-1,CrVg2wCD90R2
CrVg2wCD90R2_ACGAGGATCACGACTA-1,CrVg2wCD90R2
CrVg2wCD90R2_ACGAGGATCGAGCCCA-1,CrVg2wCD90R2
CrVg2wCD90R2_ACGATACAGCACAGGT-1,CrVg2wCD90R2
CrVg2wCD90R2_ACGATACAGTAGGCCA-1,CrVg2wCD90R2
CrVg2wCD90R2_ACGATACCAATGAATG-1,CrVg2wCD90R2
CrVg2wCD90R2_ACGATACCAGGATCGA-1,CrVg2wCD90R2
CrVg2wCD90R2_ACGATACGTCAAGCGA-1,CrVg2wCD90R2
CrVg2wCD90R2_ACGATACGTCCAGTAT-1,CrVg2wCD90R2
CrVg2wCD90R2_ACGATACTCTCTGAGA-1,CrVg2wCD90R2
CrVg2wCD90R2_ACGATGTAGGACGAAA-1,CrVg2wCD90R2
CrVg2wCD90R2_ACGATGTAGGCCCTTG-1,CrVg2wCD90R2
CrVg2wCD90R2_ACGATGTCACCGCTAG-1,CrVg2wCD90R2
CrVg2wCD90R2_ACGATGTCACTGTCGG-1,CrVg2wCD90R2
CrVg2wCD90R2_ACGATGTCAGACGCTC-1,CrVg2wCD90R2
CrVg2wCD90R2_ACGATGTGTCAAAGCG-1,CrVg2wCD90R2
CrVg2wCD90R2_ACGATGTGTCAATGTC-1,CrVg2wCD90R2
CrVg2wCD90R2_ACGATGTTCAAACAAG-1,CrVg2wCD90R2
CrVg2wCD90R2_ACGATGTTCCTGTAGA-1,CrVg2wCD90R2
CrVg2wCD90R2_ACGATGTTCGTTACAG-1,CrVg2wCD90R2
CrVg2wCD90R2_ACGCAGCAGTGTCTCA-1,CrVg2wCD90R2
CrVg2wCD90R2_ACGCAGCGTTACGACT-1,CrVg2wCD90R2
CrVg2wCD90R2_ACGCAGCGTTGGTGGA-1,CrVg2wCD90R2
CrVg2wCD90R2_ACGCAGCTCGCTTAGA-1,CrVg2wCD90R2
CrVg2wCD90R2_ACGCCAGAGTACACCT-1,CrVg2wCD90R2
CrVg2wCD90R2_ACGCCAGAGTAGCCGA-1,CrVg2wCD90R2
CrVg2wCD90R2_ACGCCAGTCAACACCA-1,CrVg2wCD90R2
CrVg2wCD90R2_ACGCCGAAGCCACCTG-1,CrVg2wCD90R2
CrVg2wCD90R2_ACGCCGAAGGATTCGG-1,CrVg2wCD90R2
CrVg2wCD90R2_ACGCCGACACGCTTTC-1,CrVg2wCD90R2
CrVg2wCD90R2_ACGCCGAGTACAAGTA-1,CrVg2wCD90R2
CrVg2wCD90R2_ACGCCGAGTACTCAAC-1,CrVg2wCD90R2
CrVg2wCD90R2_ACGCCGATCAGTCCCT-1,CrVg2wCD90R2
CrVg2wCD90R2_ACGGAGAAGCGTTCCG-1,CrVg2wCD90R2
CrVg2wCD90R2_ACGGAGACAATGCCAT-1,CrVg2wCD90R2
CrVg2wCD90R2_ACGGAGAGTCTAAAGA-1,CrVg2wCD90R2
CrVg2wCD90R2_ACGGAGAGTGCAGTAG-1,CrVg2wCD90R2
CrVg2wCD90R2_ACGGAGATCAACTCTT-1,CrVg2wCD90R2
CrVg2wCD90R2_ACGGCCAAGCCTTGAT-1,CrVg2wCD90R2
CrVg2wCD90R2_ACGGCCAAGCTTTGGT-1,CrVg2wCD90R2
CrVg2wCD90R2_ACGGCCAAGGGTTCCC-1,CrVg2wCD90R2
CrVg2wCD90R2_ACGGCCACAATGTAAG-1,CrVg2wCD90R2
CrVg2wCD90R2_ACGGCCACAATTCCTT-1,CrVg2wCD90R2
CrVg2wCD90R2_ACGGCCACACCAGCAC-1,CrVg2wCD90R2
CrVg2wCD90R2_ACGGCCACAGTTCATG-1,CrVg2wCD90R2
CrVg2wCD90R2_ACGGCCAGTCTCTCGT-1,CrVg2wCD90R2
CrVg2wCD90R2_ACGGCCATCTGATTCT-1,CrVg2wCD90R2
CrVg2wCD90R2_ACGGCCATCTGTTTGT-1,CrVg2wCD90R2
CrVg2wCD90R2_ACGGGCTAGCAGGTCA-1,CrVg2wCD90R2
CrVg2wCD90R2_ACGGGCTAGGGAAACA-1,CrVg2wCD90R2
CrVg2wCD90R2_ACGGGCTAGGTGTTAA-1,CrVg2wCD90R2
CrVg2wCD90R2_ACGGGCTCAGCCACCA-1,CrVg2wCD90R2
CrVg2wCD90R2_ACGGGCTCATGCCACG-1,CrVg2wCD90R2
CrVg2wCD90R2_ACGGGCTGTGGCCCTA-1,CrVg2wCD90R2
CrVg2wCD90R2_ACGGGCTGTTCCATGA-1,CrVg2wCD90R2
CrVg2wCD90R2_ACGGGCTTCACCTTAT-1,CrVg2wCD90R2
CrVg2wCD90R2_ACGGGCTTCGAGGTAG-1,CrVg2wCD90R2
CrVg2wCD90R2_ACGGGTCAGCGTGTCC-1,CrVg2wCD90R2
CrVg2wCD90R2_ACGGGTCCACAGGCCT-1,CrVg2wCD90R2
CrVg2wCD90R2_ACGGGTCCAGGTTTCA-1,CrVg2wCD90R2
CrVg2wCD90R2_ACGGGTCCAGTTAACC-1,CrVg2wCD90R2
CrVg2wCD90R2_ACGGGTCCATGTCTCC-1,CrVg2wCD90R2
CrVg2wCD90R2_ACGGGTCGTAGCACGA-1,CrVg2wCD90R2
CrVg2wCD90R2_ACGGGTCTCAGTGTTG-1,CrVg2wCD90R2
CrVg2wCD90R2_ACGGGTCTCTCGTTTA-1,CrVg2wCD90R2
CrVg2wCD90R2_ACGTCAACAATTCCTT-1,CrVg2wCD90R2
CrVg2wCD90R2_ACGTCAACAGCCTTTC-1,CrVg2wCD90R2
CrVg2wCD90R2_ACGTCAAGTCACTTCC-1,CrVg2wCD90R2
CrVg2wCD90R2_ACTATCTAGTCAAGCG-1,CrVg2wCD90R2
CrVg2wCD90R2_ACTATCTAGTCTTGCA-1,CrVg2wCD90R2
CrVg2wCD90R2_ACTATCTAGTGGTCCC-1,CrVg2wCD90R2
CrVg2wCD90R2_ACTATCTCAAAGAATC-1,CrVg2wCD90R2
CrVg2wCD90R2_ACTATCTCATGAAGTA-1,CrVg2wCD90R2
CrVg2wCD90R2_ACTATCTGTTCCAACA-1,CrVg2wCD90R2
CrVg2wCD90R2_ACTATCTGTTCTCATT-1,CrVg2wCD90R2
CrVg2wCD90R2_ACTATCTGTTGTACAC-1,CrVg2wCD90R2
CrVg2wCD90R2_ACTATCTTCAACGGCC-1,CrVg2wCD90R2
CrVg2wCD90R2_ACTATCTTCTTGTCAT-1,CrVg2wCD90R2
CrVg2wCD90R2_ACTGAACAGACCCACC-1,CrVg2wCD90R2
CrVg2wCD90R2_ACTGAACAGATATGGT-1,CrVg2wCD90R2
CrVg2wCD90R2_ACTGAACAGCATCATC-1,CrVg2wCD90R2
CrVg2wCD90R2_ACTGAACAGGTCGGAT-1,CrVg2wCD90R2
CrVg2wCD90R2_ACTGAACGTAAGGATT-1,CrVg2wCD90R2
CrVg2wCD90R2_ACTGAACGTCACTGGC-1,CrVg2wCD90R2
CrVg2wCD90R2_ACTGAACGTCTAGCGC-1,CrVg2wCD90R2
CrVg2wCD90R2_ACTGAACTCAAACCAC-1,CrVg2wCD90R2
CrVg2wCD90R2_ACTGAACTCCCTAATT-1,CrVg2wCD90R2
CrVg2wCD90R2_ACTGAACTCGCGCCAA-1,CrVg2wCD90R2
CrVg2wCD90R2_ACTGAGTCACTCAGGC-1,CrVg2wCD90R2
CrVg2wCD90R2_ACTGAGTCATTAGCCA-1,CrVg2wCD90R2
CrVg2wCD90R2_ACTGAGTTCAAAGACA-1,CrVg2wCD90R2
CrVg2wCD90R2_ACTGAGTTCACTTCAT-1,CrVg2wCD90R2
CrVg2wCD90R2_ACTGAGTTCAGAGACG-1,CrVg2wCD90R2
CrVg2wCD90R2_ACTGAGTTCCGTAGTA-1,CrVg2wCD90R2
CrVg2wCD90R2_ACTGAGTTCCGTCATC-1,CrVg2wCD90R2
CrVg2wCD90R2_ACTGAGTTCTAACGGT-1,CrVg2wCD90R2
CrVg2wCD90R2_ACTGAGTTCTTGTACT-1,CrVg2wCD90R2
CrVg2wCD90R2_ACTGATGAGAGGTACC-1,CrVg2wCD90R2
CrVg2wCD90R2_ACTGATGCACGACTCG-1,CrVg2wCD90R2
CrVg2wCD90R2_ACTGATGCAGTCAGCC-1,CrVg2wCD90R2
CrVg2wCD90R2_ACTGATGTCTGGTTCC-1,CrVg2wCD90R2
CrVg2wCD90R2_ACTGCTCCACCCAGTG-1,CrVg2wCD90R2
CrVg2wCD90R2_ACTGCTCCACTTAAGC-1,CrVg2wCD90R2
CrVg2wCD90R2_ACTGCTCCAGATTGCT-1,CrVg2wCD90R2
CrVg2wCD90R2_ACTGCTCGTTACGTCA-1,CrVg2wCD90R2
CrVg2wCD90R2_ACTGCTCGTTCGTCTC-1,CrVg2wCD90R2
CrVg2wCD90R2_ACTGCTCTCATCGCTC-1,CrVg2wCD90R2
CrVg2wCD90R2_ACTGTCCAGAGTCGGT-1,CrVg2wCD90R2
CrVg2wCD90R2_ACTGTCCAGTCGAGTG-1,CrVg2wCD90R2
CrVg2wCD90R2_ACTGTCCCAAAGCGGT-1,CrVg2wCD90R2
CrVg2wCD90R2_ACTGTCCCAAGACGTG-1,CrVg2wCD90R2
CrVg2wCD90R2_ACTGTCCCACACATGT-1,CrVg2wCD90R2
CrVg2wCD90R2_ACTGTCCCACTGCCAG-1,CrVg2wCD90R2
CrVg2wCD90R2_ACTGTCCGTGCTGTAT-1,CrVg2wCD90R2
CrVg2wCD90R2_ACTGTCCGTTAAGATG-1,CrVg2wCD90R2
CrVg2wCD90R2_ACTGTCCTCGAATGGG-1,CrVg2wCD90R2
CrVg2wCD90R2_ACTGTCCTCGTTACAG-1,CrVg2wCD90R2
CrVg2wCD90R2_ACTTACTCATACGCCG-1,CrVg2wCD90R2
CrVg2wCD90R2_ACTTACTCATTGGCGC-1,CrVg2wCD90R2
CrVg2wCD90R2_ACTTACTGTCCAGTAT-1,CrVg2wCD90R2
CrVg2wCD90R2_ACTTACTGTTGGTGGA-1,CrVg2wCD90R2
CrVg2wCD90R2_ACTTGTTAGTGGTAAT-1,CrVg2wCD90R2
CrVg2wCD90R2_ACTTGTTAGTGTTTGC-1,CrVg2wCD90R2
CrVg2wCD90R2_ACTTGTTCATGAAGTA-1,CrVg2wCD90R2
CrVg2wCD90R2_ACTTGTTGTAGGCATG-1,CrVg2wCD90R2
CrVg2wCD90R2_ACTTGTTGTCAACATC-1,CrVg2wCD90R2
CrVg2wCD90R2_ACTTGTTGTCTAGTGT-1,CrVg2wCD90R2
CrVg2wCD90R2_ACTTGTTTCGTACGGC-1,CrVg2wCD90R2
CrVg2wCD90R2_ACTTGTTTCGTCGTTC-1,CrVg2wCD90R2
CrVg2wCD90R2_ACTTTCAAGCCAACAG-1,CrVg2wCD90R2
CrVg2wCD90R2_ACTTTCAAGCGATGAC-1,CrVg2wCD90R2
CrVg2wCD90R2_ACTTTCAAGTACGCGA-1,CrVg2wCD90R2
CrVg2wCD90R2_ACTTTCACAGCCTTTC-1,CrVg2wCD90R2
CrVg2wCD90R2_ACTTTCACAGTGGAGT-1,CrVg2wCD90R2
CrVg2wCD90R2_ACTTTCACATGTCTCC-1,CrVg2wCD90R2
CrVg2wCD90R2_ACTTTCATCAGTTTGG-1,CrVg2wCD90R2
CrVg2wCD90R2_AGAATAGCAACGCACC-1,CrVg2wCD90R2
CrVg2wCD90R2_AGAATAGGTCAGTGGA-1,CrVg2wCD90R2
CrVg2wCD90R2_AGAATAGGTCCGAAGA-1,CrVg2wCD90R2
CrVg2wCD90R2_AGAATAGGTGCAGGTA-1,CrVg2wCD90R2
CrVg2wCD90R2_AGAATAGGTTCCGTCT-1,CrVg2wCD90R2
CrVg2wCD90R2_AGAATAGTCCGCGTTT-1,CrVg2wCD90R2
CrVg2wCD90R2_AGAATAGTCTCTAAGG-1,CrVg2wCD90R2
CrVg2wCD90R2_AGACGTTAGATGCCTT-1,CrVg2wCD90R2
CrVg2wCD90R2_AGACGTTAGGACATTA-1,CrVg2wCD90R2
CrVg2wCD90R2_AGACGTTAGGAGTAGA-1,CrVg2wCD90R2
CrVg2wCD90R2_AGACGTTCACCGGAAA-1,CrVg2wCD90R2
CrVg2wCD90R2_AGACGTTCACCTATCC-1,CrVg2wCD90R2
CrVg2wCD90R2_AGACGTTCATCGGTTA-1,CrVg2wCD90R2
CrVg2wCD90R2_AGACGTTCATCTGGTA-1,CrVg2wCD90R2
CrVg2wCD90R2_AGACGTTCATTAACCG-1,CrVg2wCD90R2
CrVg2wCD90R2_AGACGTTGTACCCAAT-1,CrVg2wCD90R2
CrVg2wCD90R2_AGACGTTTCTGAGTGT-1,CrVg2wCD90R2
CrVg2wCD90R2_AGAGCGAAGGAATCGC-1,CrVg2wCD90R2
CrVg2wCD90R2_AGAGCGAAGTGGTAAT-1,CrVg2wCD90R2
CrVg2wCD90R2_AGAGCGACACCAGGTC-1,CrVg2wCD90R2
CrVg2wCD90R2_AGAGCGAGTCTTTCAT-1,CrVg2wCD90R2
CrVg2wCD90R2_AGAGCGAGTTCAGCGC-1,CrVg2wCD90R2
CrVg2wCD90R2_AGAGCGATCCTACAGA-1,CrVg2wCD90R2
CrVg2wCD90R2_AGAGCTTAGCACCGCT-1,CrVg2wCD90R2
CrVg2wCD90R2_AGAGCTTAGCGGCTTC-1,CrVg2wCD90R2
CrVg2wCD90R2_AGAGCTTAGTCGCCGT-1,CrVg2wCD90R2
CrVg2wCD90R2_AGAGCTTGTACTTAGC-1,CrVg2wCD90R2
CrVg2wCD90R2_AGAGCTTGTGCATCTA-1,CrVg2wCD90R2
CrVg2wCD90R2_AGAGCTTGTTAAGAAC-1,CrVg2wCD90R2
CrVg2wCD90R2_AGAGCTTGTTGGACCC-1,CrVg2wCD90R2
CrVg2wCD90R2_AGAGCTTTCAAAGACA-1,CrVg2wCD90R2
CrVg2wCD90R2_AGAGTGGTCCTCTAGC-1,CrVg2wCD90R2
CrVg2wCD90R2_AGAGTGGTCTCCAACC-1,CrVg2wCD90R2
CrVg2wCD90R2_AGATCTGAGCCCAACC-1,CrVg2wCD90R2
CrVg2wCD90R2_AGATCTGAGGGCTCTC-1,CrVg2wCD90R2
CrVg2wCD90R2_AGATCTGCAACCGCCA-1,CrVg2wCD90R2
CrVg2wCD90R2_AGATCTGCACAACTGT-1,CrVg2wCD90R2
CrVg2wCD90R2_AGATCTGCACCATGTA-1,CrVg2wCD90R2
CrVg2wCD90R2_AGATCTGGTTGATTCG-1,CrVg2wCD90R2
CrVg2wCD90R2_AGATTGCAGAAGGACA-1,CrVg2wCD90R2
CrVg2wCD90R2_AGATTGCAGAGACTAT-1,CrVg2wCD90R2
CrVg2wCD90R2_AGATTGCAGGCAGTCA-1,CrVg2wCD90R2
CrVg2wCD90R2_AGATTGCAGGGTTCCC-1,CrVg2wCD90R2
CrVg2wCD90R2_AGATTGCCACAACGCC-1,CrVg2wCD90R2
CrVg2wCD90R2_AGATTGCGTAGAGTGC-1,CrVg2wCD90R2
CrVg2wCD90R2_AGATTGCGTTTGTTGG-1,CrVg2wCD90R2
CrVg2wCD90R2_AGATTGCTCCGAATGT-1,CrVg2wCD90R2
CrVg2wCD90R2_AGATTGCTCGCTTAGA-1,CrVg2wCD90R2
CrVg2wCD90R2_AGCAGCCAGATCCCAT-1,CrVg2wCD90R2
CrVg2wCD90R2_AGCAGCCAGTGGTAAT-1,CrVg2wCD90R2
CrVg2wCD90R2_AGCAGCCAGTTATCGC-1,CrVg2wCD90R2
CrVg2wCD90R2_AGCAGCCCACGGTAAG-1,CrVg2wCD90R2
CrVg2wCD90R2_AGCAGCCGTAAATGAC-1,CrVg2wCD90R2
CrVg2wCD90R2_AGCAGCCGTTAGATGA-1,CrVg2wCD90R2
CrVg2wCD90R2_AGCAGCCTCGCTAGCG-1,CrVg2wCD90R2
CrVg2wCD90R2_AGCAGCCTCTGCTGCT-1,CrVg2wCD90R2
CrVg2wCD90R2_AGCAGCCTCTTGGGTA-1,CrVg2wCD90R2
CrVg2wCD90R2_AGCATACAGAGGGATA-1,CrVg2wCD90R2
CrVg2wCD90R2_AGCATACAGCCAGTAG-1,CrVg2wCD90R2
CrVg2wCD90R2_AGCATACAGTGCTGCC-1,CrVg2wCD90R2
CrVg2wCD90R2_AGCATACCACACAGAG-1,CrVg2wCD90R2
CrVg2wCD90R2_AGCATACCACCATCCT-1,CrVg2wCD90R2
CrVg2wCD90R2_AGCATACCAGGGTACA-1,CrVg2wCD90R2
CrVg2wCD90R2_AGCATACCATGAACCT-1,CrVg2wCD90R2
CrVg2wCD90R2_AGCATACCATGGGAAC-1,CrVg2wCD90R2
CrVg2wCD90R2_AGCATACGTAGCTCCG-1,CrVg2wCD90R2
CrVg2wCD90R2_AGCATACGTGTGAATA-1,CrVg2wCD90R2
CrVg2wCD90R2_AGCATACTCCGCATCT-1,CrVg2wCD90R2
CrVg2wCD90R2_AGCATACTCGTCGTTC-1,CrVg2wCD90R2
CrVg2wCD90R2_AGCATACTCTCCAGGG-1,CrVg2wCD90R2
CrVg2wCD90R2_AGCCTAAAGAGATGAG-1,CrVg2wCD90R2
CrVg2wCD90R2_AGCCTAAAGATCCCAT-1,CrVg2wCD90R2
CrVg2wCD90R2_AGCCTAAAGGAGTTTA-1,CrVg2wCD90R2
CrVg2wCD90R2_AGCCTAAAGTGGGTTG-1,CrVg2wCD90R2
CrVg2wCD90R2_AGCCTAACAATCCGAT-1,CrVg2wCD90R2
CrVg2wCD90R2_AGCCTAACAGACAGGT-1,CrVg2wCD90R2
CrVg2wCD90R2_AGCCTAAGTTTCGCTC-1,CrVg2wCD90R2
CrVg2wCD90R2_AGCCTAATCAGGCGAA-1,CrVg2wCD90R2
CrVg2wCD90R2_AGCCTAATCGCTTGTC-1,CrVg2wCD90R2
CrVg2wCD90R2_AGCGGTCAGAGACGAA-1,CrVg2wCD90R2
CrVg2wCD90R2_AGCGGTCGTTAAGACA-1,CrVg2wCD90R2
CrVg2wCD90R2_AGCGGTCGTTGCGCAC-1,CrVg2wCD90R2
CrVg2wCD90R2_AGCGGTCTCAAACGGG-1,CrVg2wCD90R2
CrVg2wCD90R2_AGCGGTCTCTGCAGTA-1,CrVg2wCD90R2
CrVg2wCD90R2_AGCGTATAGTAGATGT-1,CrVg2wCD90R2
CrVg2wCD90R2_AGCGTATCACCCTATC-1,CrVg2wCD90R2
CrVg2wCD90R2_AGCGTATCAGCTTAAC-1,CrVg2wCD90R2
CrVg2wCD90R2_AGCGTATGTACGAAAT-1,CrVg2wCD90R2
CrVg2wCD90R2_AGCGTATGTAGAAAGG-1,CrVg2wCD90R2
CrVg2wCD90R2_AGCGTATGTGCGATAG-1,CrVg2wCD90R2
CrVg2wCD90R2_AGCGTATTCACCTCGT-1,CrVg2wCD90R2
CrVg2wCD90R2_AGCGTATTCAGCAACT-1,CrVg2wCD90R2
CrVg2wCD90R2_AGCGTCGAGCTAAACA-1,CrVg2wCD90R2
CrVg2wCD90R2_AGCGTCGAGGACTGGT-1,CrVg2wCD90R2
CrVg2wCD90R2_AGCGTCGCAGGTGCCT-1,CrVg2wCD90R2
CrVg2wCD90R2_AGCGTCGCATGGTCTA-1,CrVg2wCD90R2
CrVg2wCD90R2_AGCGTCGGTACCGTAT-1,CrVg2wCD90R2
CrVg2wCD90R2_AGCGTCGGTAGGCTGA-1,CrVg2wCD90R2
CrVg2wCD90R2_AGCGTCGTCAGGTTCA-1,CrVg2wCD90R2
CrVg2wCD90R2_AGCGTCGTCTACCAGA-1,CrVg2wCD90R2
CrVg2wCD90R2_AGCTCCTAGCGCCTCA-1,CrVg2wCD90R2
CrVg2wCD90R2_AGCTCCTAGCTCCTCT-1,CrVg2wCD90R2
CrVg2wCD90R2_AGCTCCTAGTATTGGA-1,CrVg2wCD90R2
CrVg2wCD90R2_AGCTCCTCAGCCTTTC-1,CrVg2wCD90R2
CrVg2wCD90R2_AGCTCCTGTCAACTGT-1,CrVg2wCD90R2
CrVg2wCD90R2_AGCTCCTGTCGCGAAA-1,CrVg2wCD90R2
CrVg2wCD90R2_AGCTCCTGTGGCGAAT-1,CrVg2wCD90R2
CrVg2wCD90R2_AGCTCTCAGATGTCGG-1,CrVg2wCD90R2
CrVg2wCD90R2_AGCTCTCAGTCATGCT-1,CrVg2wCD90R2
CrVg2wCD90R2_AGCTCTCCAACTGCGC-1,CrVg2wCD90R2
CrVg2wCD90R2_AGCTCTCCAGACGTAG-1,CrVg2wCD90R2
CrVg2wCD90R2_AGCTCTCGTACCATCA-1,CrVg2wCD90R2
CrVg2wCD90R2_AGCTCTCGTAGCGCTC-1,CrVg2wCD90R2
CrVg2wCD90R2_AGCTCTCTCAGATAAG-1,CrVg2wCD90R2
CrVg2wCD90R2_AGCTCTCTCGTTGCCT-1,CrVg2wCD90R2
CrVg2wCD90R2_AGCTTGAAGTCTCCTC-1,CrVg2wCD90R2
CrVg2wCD90R2_AGCTTGACACCAGGTC-1,CrVg2wCD90R2
CrVg2wCD90R2_AGCTTGACACTGTGTA-1,CrVg2wCD90R2
CrVg2wCD90R2_AGCTTGACAGTCACTA-1,CrVg2wCD90R2
CrVg2wCD90R2_AGCTTGACATGTTCCC-1,CrVg2wCD90R2
CrVg2wCD90R2_AGCTTGAGTGAGTGAC-1,CrVg2wCD90R2
CrVg2wCD90R2_AGCTTGATCAGGCGAA-1,CrVg2wCD90R2
CrVg2wCD90R2_AGCTTGATCCTTTCTC-1,CrVg2wCD90R2
CrVg2wCD90R2_AGCTTGATCGCTGATA-1,CrVg2wCD90R2
CrVg2wCD90R2_AGGCCACAGTTGAGAT-1,CrVg2wCD90R2
CrVg2wCD90R2_AGGCCACGTACGAAAT-1,CrVg2wCD90R2
CrVg2wCD90R2_AGGCCACGTAGAGCTG-1,CrVg2wCD90R2
CrVg2wCD90R2_AGGCCACGTTGGAGGT-1,CrVg2wCD90R2
CrVg2wCD90R2_AGGCCACTCGTGGTCG-1,CrVg2wCD90R2
CrVg2wCD90R2_AGGCCACTCGTTGACA-1,CrVg2wCD90R2
CrVg2wCD90R2_AGGCCGTAGTGAAGTT-1,CrVg2wCD90R2
CrVg2wCD90R2_AGGCCGTAGTGGGATC-1,CrVg2wCD90R2
CrVg2wCD90R2_AGGCCGTAGTTGTCGT-1,CrVg2wCD90R2
CrVg2wCD90R2_AGGCCGTCACGAAAGC-1,CrVg2wCD90R2
CrVg2wCD90R2_AGGCCGTCAGGGCATA-1,CrVg2wCD90R2
CrVg2wCD90R2_AGGCCGTGTCGGCATC-1,CrVg2wCD90R2
CrVg2wCD90R2_AGGCCGTGTGTAAGTA-1,CrVg2wCD90R2
CrVg2wCD90R2_AGGCCGTTCCTGTACC-1,CrVg2wCD90R2
CrVg2wCD90R2_AGGGAGTAGCCCAATT-1,CrVg2wCD90R2
CrVg2wCD90R2_AGGGAGTAGTCAAGCG-1,CrVg2wCD90R2
CrVg2wCD90R2_AGGGAGTGTAAGTGTA-1,CrVg2wCD90R2
CrVg2wCD90R2_AGGGAGTGTCGCATAT-1,CrVg2wCD90R2
CrVg2wCD90R2_AGGGAGTGTGCCTGGT-1,CrVg2wCD90R2
CrVg2wCD90R2_AGGGATGAGAGTACCG-1,CrVg2wCD90R2
CrVg2wCD90R2_AGGGATGCAATGTAAG-1,CrVg2wCD90R2
CrVg2wCD90R2_AGGGATGCACCGCTAG-1,CrVg2wCD90R2
CrVg2wCD90R2_AGGGATGGTAGCTCCG-1,CrVg2wCD90R2
CrVg2wCD90R2_AGGGATGGTTATGCGT-1,CrVg2wCD90R2
CrVg2wCD90R2_AGGGATGTCGTAGATC-1,CrVg2wCD90R2
CrVg2wCD90R2_AGGGATGTCTTGGGTA-1,CrVg2wCD90R2
CrVg2wCD90R2_AGGGTGAAGATCACGG-1,CrVg2wCD90R2
CrVg2wCD90R2_AGGGTGAAGCCGCCTA-1,CrVg2wCD90R2
CrVg2wCD90R2_AGGGTGACACGAAAGC-1,CrVg2wCD90R2
CrVg2wCD90R2_AGGGTGACAGTTAACC-1,CrVg2wCD90R2
CrVg2wCD90R2_AGGGTGACATGCCCGA-1,CrVg2wCD90R2
CrVg2wCD90R2_AGGGTGAGTGAGTATA-1,CrVg2wCD90R2
CrVg2wCD90R2_AGGGTGAGTTTAGCTG-1,CrVg2wCD90R2
CrVg2wCD90R2_AGGGTGATCCCGGATG-1,CrVg2wCD90R2
CrVg2wCD90R2_AGGGTGATCGACGGAA-1,CrVg2wCD90R2
CrVg2wCD90R2_AGGGTGATCGGAGCAA-1,CrVg2wCD90R2
CrVg2wCD90R2_AGGGTGATCGGTCCGA-1,CrVg2wCD90R2
CrVg2wCD90R2_AGGGTGATCTTGCAAG-1,CrVg2wCD90R2
CrVg2wCD90R2_AGGTCATAGCAACGGT-1,CrVg2wCD90R2
CrVg2wCD90R2_AGGTCATAGTAGATGT-1,CrVg2wCD90R2
CrVg2wCD90R2_AGGTCATCAGTCTTCC-1,CrVg2wCD90R2
CrVg2wCD90R2_AGGTCATGTAGAAAGG-1,CrVg2wCD90R2
CrVg2wCD90R2_AGGTCATTCGACCAGC-1,CrVg2wCD90R2
CrVg2wCD90R2_AGGTCCGAGAATGTGT-1,CrVg2wCD90R2
CrVg2wCD90R2_AGGTCCGAGAGAACAG-1,CrVg2wCD90R2
CrVg2wCD90R2_AGGTCCGAGAGTACCG-1,CrVg2wCD90R2
CrVg2wCD90R2_AGGTCCGAGTAATCCC-1,CrVg2wCD90R2
CrVg2wCD90R2_AGGTCCGCATCGATTG-1,CrVg2wCD90R2
CrVg2wCD90R2_AGGTCCGTCAAGATCC-1,CrVg2wCD90R2
CrVg2wCD90R2_AGGTCCGTCCTTTCTC-1,CrVg2wCD90R2
CrVg2wCD90R2_AGTAGTCAGAACTCGG-1,CrVg2wCD90R2
CrVg2wCD90R2_AGTAGTCAGCGCTTAT-1,CrVg2wCD90R2
CrVg2wCD90R2_AGTAGTCCAAAGTGCG-1,CrVg2wCD90R2
CrVg2wCD90R2_AGTAGTCCAGATGGGT-1,CrVg2wCD90R2
CrVg2wCD90R2_AGTAGTCCATACCATG-1,CrVg2wCD90R2
CrVg2wCD90R2_AGTAGTCCATTCCTCG-1,CrVg2wCD90R2
CrVg2wCD90R2_AGTAGTCCATTCTCAT-1,CrVg2wCD90R2
CrVg2wCD90R2_AGTAGTCGTACCATCA-1,CrVg2wCD90R2
CrVg2wCD90R2_AGTAGTCGTCTCTTTA-1,CrVg2wCD90R2
CrVg2wCD90R2_AGTAGTCTCCTTGACC-1,CrVg2wCD90R2
CrVg2wCD90R2_AGTAGTCTCTCTGCTG-1,CrVg2wCD90R2
CrVg2wCD90R2_AGTAGTCTCTTCGAGA-1,CrVg2wCD90R2
CrVg2wCD90R2_AGTCTTTAGGACGAAA-1,CrVg2wCD90R2
CrVg2wCD90R2_AGTCTTTAGGCAAAGA-1,CrVg2wCD90R2
CrVg2wCD90R2_AGTCTTTAGTTAACGA-1,CrVg2wCD90R2
CrVg2wCD90R2_AGTCTTTCAACGATCT-1,CrVg2wCD90R2
CrVg2wCD90R2_AGTCTTTGTCCCTACT-1,CrVg2wCD90R2
CrVg2wCD90R2_AGTCTTTTCAACCATG-1,CrVg2wCD90R2
CrVg2wCD90R2_AGTGAGGAGGCTAGGT-1,CrVg2wCD90R2
CrVg2wCD90R2_AGTGAGGGTCTAGCCG-1,CrVg2wCD90R2
CrVg2wCD90R2_AGTGAGGTCACCTTAT-1,CrVg2wCD90R2
CrVg2wCD90R2_AGTGAGGTCCAGGGCT-1,CrVg2wCD90R2
CrVg2wCD90R2_AGTGAGGTCTTGTTTG-1,CrVg2wCD90R2
CrVg2wCD90R2_AGTGGGAAGCGTAGTG-1,CrVg2wCD90R2
CrVg2wCD90R2_AGTGGGAAGGGCTTCC-1,CrVg2wCD90R2
CrVg2wCD90R2_AGTGGGAAGTCACGCC-1,CrVg2wCD90R2
CrVg2wCD90R2_AGTGGGACATGTCTCC-1,CrVg2wCD90R2
CrVg2wCD90R2_AGTGGGAGTACGACCC-1,CrVg2wCD90R2
CrVg2wCD90R2_AGTGGGATCCTAGTGA-1,CrVg2wCD90R2
CrVg2wCD90R2_AGTGGGATCTTGCAAG-1,CrVg2wCD90R2
CrVg2wCD90R2_AGTGTCAAGCAACGGT-1,CrVg2wCD90R2
CrVg2wCD90R2_AGTGTCAAGTAGTGCG-1,CrVg2wCD90R2
CrVg2wCD90R2_AGTGTCACAACTGCGC-1,CrVg2wCD90R2
CrVg2wCD90R2_AGTGTCATCGAACTGT-1,CrVg2wCD90R2
CrVg2wCD90R2_AGTTGGTAGAGGTTAT-1,CrVg2wCD90R2
CrVg2wCD90R2_AGTTGGTCAACAACCT-1,CrVg2wCD90R2
CrVg2wCD90R2_AGTTGGTCACGGATAG-1,CrVg2wCD90R2
CrVg2wCD90R2_AGTTGGTCAGGCTGAA-1,CrVg2wCD90R2
CrVg2wCD90R2_AGTTGGTCATGGTAGG-1,CrVg2wCD90R2
CrVg2wCD90R2_AGTTGGTGTCGGCATC-1,CrVg2wCD90R2
CrVg2wCD90R2_AGTTGGTGTGCGCTTG-1,CrVg2wCD90R2
CrVg2wCD90R2_AGTTGGTTCCACGCAG-1,CrVg2wCD90R2
CrVg2wCD90R2_AGTTGGTTCGTCCGTT-1,CrVg2wCD90R2
CrVg2wCD90R2_ATAACGCAGAAACGCC-1,CrVg2wCD90R2
CrVg2wCD90R2_ATAACGCAGAACAACT-1,CrVg2wCD90R2
CrVg2wCD90R2_ATAACGCAGAAGAAGC-1,CrVg2wCD90R2
CrVg2wCD90R2_ATAACGCAGGAGCGAG-1,CrVg2wCD90R2
CrVg2wCD90R2_ATAACGCCAAAGGTGC-1,CrVg2wCD90R2
CrVg2wCD90R2_ATAACGCCAACAACCT-1,CrVg2wCD90R2
CrVg2wCD90R2_ATAACGCCAGATCTGT-1,CrVg2wCD90R2
CrVg2wCD90R2_ATAACGCCATACTACG-1,CrVg2wCD90R2
CrVg2wCD90R2_ATAACGCCATGCAATC-1,CrVg2wCD90R2
CrVg2wCD90R2_ATAACGCGTTCGGGCT-1,CrVg2wCD90R2
CrVg2wCD90R2_ATAACGCTCTCAAACG-1,CrVg2wCD90R2
CrVg2wCD90R2_ATAAGAGAGCGTGAAC-1,CrVg2wCD90R2
CrVg2wCD90R2_ATAAGAGCAATAAGCA-1,CrVg2wCD90R2
CrVg2wCD90R2_ATAAGAGGTACTCTCC-1,CrVg2wCD90R2
CrVg2wCD90R2_ATAGACCAGCTAAACA-1,CrVg2wCD90R2
CrVg2wCD90R2_ATAGACCAGTTACGGG-1,CrVg2wCD90R2
CrVg2wCD90R2_ATAGACCCACCTCGTT-1,CrVg2wCD90R2
CrVg2wCD90R2_ATAGACCCATGGTCTA-1,CrVg2wCD90R2
CrVg2wCD90R2_ATAGACCGTCCGTGAC-1,CrVg2wCD90R2
CrVg2wCD90R2_ATAGACCGTCTCTCGT-1,CrVg2wCD90R2
CrVg2wCD90R2_ATAGACCTCATAGCAC-1,CrVg2wCD90R2
CrVg2wCD90R2_ATCACGAAGACAGAGA-1,CrVg2wCD90R2
CrVg2wCD90R2_ATCACGACAAAGCAAT-1,CrVg2wCD90R2
CrVg2wCD90R2_ATCACGACAAGGTGTG-1,CrVg2wCD90R2
CrVg2wCD90R2_ATCACGACAGATGAGC-1,CrVg2wCD90R2
CrVg2wCD90R2_ATCACGACATCACAAC-1,CrVg2wCD90R2
CrVg2wCD90R2_ATCACGAGTAGCGCTC-1,CrVg2wCD90R2
CrVg2wCD90R2_ATCACGAGTCGCATCG-1,CrVg2wCD90R2
CrVg2wCD90R2_ATCACGAGTGCTAGCC-1,CrVg2wCD90R2
CrVg2wCD90R2_ATCACGAGTTTGGGCC-1,CrVg2wCD90R2
CrVg2wCD90R2_ATCACGATCAACCATG-1,CrVg2wCD90R2
CrVg2wCD90R2_ATCACGATCACCACCT-1,CrVg2wCD90R2
CrVg2wCD90R2_ATCATCTAGCCCAGCT-1,CrVg2wCD90R2
CrVg2wCD90R2_ATCATCTCAATGGAAT-1,CrVg2wCD90R2
CrVg2wCD90R2_ATCATCTCATACGCTA-1,CrVg2wCD90R2
CrVg2wCD90R2_ATCATCTCATGTCGAT-1,CrVg2wCD90R2
CrVg2wCD90R2_ATCATCTGTCAACTGT-1,CrVg2wCD90R2
CrVg2wCD90R2_ATCATCTGTTCAACCA-1,CrVg2wCD90R2
CrVg2wCD90R2_ATCATCTGTTCCACAA-1,CrVg2wCD90R2
CrVg2wCD90R2_ATCATCTTCAGAGCTT-1,CrVg2wCD90R2
CrVg2wCD90R2_ATCATCTTCAGTTTGG-1,CrVg2wCD90R2
CrVg2wCD90R2_ATCATCTTCCTTTCTC-1,CrVg2wCD90R2
CrVg2wCD90R2_ATCATCTTCTTCGAGA-1,CrVg2wCD90R2
CrVg2wCD90R2_ATCATGGGTCCGCTGA-1,CrVg2wCD90R2
CrVg2wCD90R2_ATCATGGTCGTGGGAA-1,CrVg2wCD90R2
CrVg2wCD90R2_ATCATGGTCGTTACGA-1,CrVg2wCD90R2
CrVg2wCD90R2_ATCCACCAGAGTCTGG-1,CrVg2wCD90R2
CrVg2wCD90R2_ATCCACCAGTATCTCG-1,CrVg2wCD90R2
CrVg2wCD90R2_ATCCACCAGTTTAGGA-1,CrVg2wCD90R2
CrVg2wCD90R2_ATCCACCCAGACGTAG-1,CrVg2wCD90R2
CrVg2wCD90R2_ATCCACCGTGCGAAAC-1,CrVg2wCD90R2
CrVg2wCD90R2_ATCCACCGTTCGTTGA-1,CrVg2wCD90R2
CrVg2wCD90R2_ATCCACCTCGAACTGT-1,CrVg2wCD90R2
CrVg2wCD90R2_ATCCGAAAGGCCCGTT-1,CrVg2wCD90R2
CrVg2wCD90R2_ATCCGAAGTCGGCTCA-1,CrVg2wCD90R2
CrVg2wCD90R2_ATCCGAAGTTCGAATC-1,CrVg2wCD90R2
CrVg2wCD90R2_ATCCGAATCCTCAACC-1,CrVg2wCD90R2
CrVg2wCD90R2_ATCCGAATCGCTTAGA-1,CrVg2wCD90R2
CrVg2wCD90R2_ATCGAGTAGAAGGACA-1,CrVg2wCD90R2
CrVg2wCD90R2_ATCGAGTAGATCCCAT-1,CrVg2wCD90R2
CrVg2wCD90R2_ATCGAGTCAAGTACCT-1,CrVg2wCD90R2
CrVg2wCD90R2_ATCGAGTCACATCTTT-1,CrVg2wCD90R2
CrVg2wCD90R2_ATCGAGTGTATAGTAG-1,CrVg2wCD90R2
CrVg2wCD90R2_ATCGAGTGTCAGATAA-1,CrVg2wCD90R2
CrVg2wCD90R2_ATCGAGTTCTTGACGA-1,CrVg2wCD90R2
CrVg2wCD90R2_ATCTACTAGAATTCCC-1,CrVg2wCD90R2
CrVg2wCD90R2_ATCTACTAGCAACGGT-1,CrVg2wCD90R2
CrVg2wCD90R2_ATCTACTAGGCGATAC-1,CrVg2wCD90R2
CrVg2wCD90R2_ATCTACTCAAAGTCAA-1,CrVg2wCD90R2
CrVg2wCD90R2_ATCTACTCAACGATCT-1,CrVg2wCD90R2
CrVg2wCD90R2_ATCTACTCAGAAGCAC-1,CrVg2wCD90R2
CrVg2wCD90R2_ATCTACTTCGGCGCTA-1,CrVg2wCD90R2
CrVg2wCD90R2_ATCTGCCAGTTACGGG-1,CrVg2wCD90R2
CrVg2wCD90R2_ATCTGCCCATACGCCG-1,CrVg2wCD90R2
CrVg2wCD90R2_ATCTGCCCATCTCGCT-1,CrVg2wCD90R2
CrVg2wCD90R2_ATCTGCCCATGCAACT-1,CrVg2wCD90R2
CrVg2wCD90R2_ATCTGCCGTCACCTAA-1,CrVg2wCD90R2
CrVg2wCD90R2_ATCTGCCGTTCCTCCA-1,CrVg2wCD90R2
CrVg2wCD90R2_ATCTGCCTCAAACCGT-1,CrVg2wCD90R2
CrVg2wCD90R2_ATCTGCCTCCTAGGGC-1,CrVg2wCD90R2
CrVg2wCD90R2_ATGAGGGAGCTAGTTC-1,CrVg2wCD90R2
CrVg2wCD90R2_ATGAGGGCAAAGGCGT-1,CrVg2wCD90R2
CrVg2wCD90R2_ATGAGGGCAGCTTAAC-1,CrVg2wCD90R2
CrVg2wCD90R2_ATGCGATAGCGTGAGT-1,CrVg2wCD90R2
CrVg2wCD90R2_ATGCGATAGCTACCGC-1,CrVg2wCD90R2
CrVg2wCD90R2_ATGCGATAGGAGCGAG-1,CrVg2wCD90R2
CrVg2wCD90R2_ATGCGATCAAATTGCC-1,CrVg2wCD90R2
CrVg2wCD90R2_ATGCGATCATAACCTG-1,CrVg2wCD90R2
CrVg2wCD90R2_ATGCGATGTACCCAAT-1,CrVg2wCD90R2
CrVg2wCD90R2_ATGCGATGTGTGTGCC-1,CrVg2wCD90R2
CrVg2wCD90R2_ATGCGATTCTATGTGG-1,CrVg2wCD90R2
CrVg2wCD90R2_ATGGGAGAGAACTGTA-1,CrVg2wCD90R2
CrVg2wCD90R2_ATGGGAGAGGCATGGT-1,CrVg2wCD90R2
CrVg2wCD90R2_ATGGGAGGTAATCGTC-1,CrVg2wCD90R2
CrVg2wCD90R2_ATGGGAGGTAGCGTCC-1,CrVg2wCD90R2
CrVg2wCD90R2_ATGGGAGTCAGTGCAT-1,CrVg2wCD90R2
CrVg2wCD90R2_ATGGGAGTCCTATTCA-1,CrVg2wCD90R2
CrVg2wCD90R2_ATGGGAGTCGCCAAAT-1,CrVg2wCD90R2
CrVg2wCD90R2_ATGTGTGAGACTTGAA-1,CrVg2wCD90R2
CrVg2wCD90R2_ATGTGTGAGTGAACAT-1,CrVg2wCD90R2
CrVg2wCD90R2_ATGTGTGCAATGGAGC-1,CrVg2wCD90R2
CrVg2wCD90R2_ATGTGTGCACAGATTC-1,CrVg2wCD90R2
CrVg2wCD90R2_ATGTGTGGTACGCACC-1,CrVg2wCD90R2
CrVg2wCD90R2_ATGTGTGGTCCAGTTA-1,CrVg2wCD90R2
CrVg2wCD90R2_ATGTGTGGTGTCTGAT-1,CrVg2wCD90R2
CrVg2wCD90R2_ATGTGTGTCTTACCGC-1,CrVg2wCD90R2
CrVg2wCD90R2_ATTACTCAGATGAGAG-1,CrVg2wCD90R2
CrVg2wCD90R2_ATTACTCCAAAGGCGT-1,CrVg2wCD90R2
CrVg2wCD90R2_ATTACTCCACGGTAGA-1,CrVg2wCD90R2
CrVg2wCD90R2_ATTACTCGTCCAGTTA-1,CrVg2wCD90R2
CrVg2wCD90R2_ATTACTCGTGCAACTT-1,CrVg2wCD90R2
CrVg2wCD90R2_ATTACTCTCCAAATGC-1,CrVg2wCD90R2
CrVg2wCD90R2_ATTACTCTCCTAAGTG-1,CrVg2wCD90R2
CrVg2wCD90R2_ATTATCCCACGTCTCT-1,CrVg2wCD90R2
CrVg2wCD90R2_ATTATCCCATGACGGA-1,CrVg2wCD90R2
CrVg2wCD90R2_ATTATCCGTAAGGGAA-1,CrVg2wCD90R2
CrVg2wCD90R2_ATTATCCGTTCACCTC-1,CrVg2wCD90R2
CrVg2wCD90R2_ATTATCCTCAGTACGT-1,CrVg2wCD90R2
CrVg2wCD90R2_ATTCTACAGGATCGCA-1,CrVg2wCD90R2
CrVg2wCD90R2_ATTCTACAGGTAAACT-1,CrVg2wCD90R2
CrVg2wCD90R2_ATTCTACCAGCTGGCT-1,CrVg2wCD90R2
CrVg2wCD90R2_ATTCTACGTCGCTTTC-1,CrVg2wCD90R2
CrVg2wCD90R2_ATTCTACGTTTCGCTC-1,CrVg2wCD90R2
CrVg2wCD90R2_ATTCTACTCCCAAGAT-1,CrVg2wCD90R2
CrVg2wCD90R2_ATTCTACTCCGTTGTC-1,CrVg2wCD90R2
CrVg2wCD90R2_ATTGGACAGGAGCGAG-1,CrVg2wCD90R2
CrVg2wCD90R2_ATTGGACCACAACGCC-1,CrVg2wCD90R2
CrVg2wCD90R2_ATTGGACGTAGCGCAA-1,CrVg2wCD90R2
CrVg2wCD90R2_ATTGGACGTCTCCATC-1,CrVg2wCD90R2
CrVg2wCD90R2_ATTGGACGTGCTGTAT-1,CrVg2wCD90R2
CrVg2wCD90R2_ATTGGACTCTTTCCTC-1,CrVg2wCD90R2
CrVg2wCD90R2_ATTGGTGAGAAACGCC-1,CrVg2wCD90R2
CrVg2wCD90R2_ATTGGTGAGATAGGAG-1,CrVg2wCD90R2
CrVg2wCD90R2_ATTGGTGAGCACCGCT-1,CrVg2wCD90R2
CrVg2wCD90R2_ATTGGTGAGGATGCGT-1,CrVg2wCD90R2
CrVg2wCD90R2_ATTGGTGCACGTAAGG-1,CrVg2wCD90R2
CrVg2wCD90R2_ATTGGTGCATTCCTCG-1,CrVg2wCD90R2
CrVg2wCD90R2_ATTGGTGGTACAGCAG-1,CrVg2wCD90R2
CrVg2wCD90R2_ATTGGTGGTGCACCAC-1,CrVg2wCD90R2
CrVg2wCD90R2_ATTGGTGGTTTAGGAA-1,CrVg2wCD90R2
CrVg2wCD90R2_ATTGGTGTCAGCTCTC-1,CrVg2wCD90R2
CrVg2wCD90R2_ATTGGTGTCCCTGACT-1,CrVg2wCD90R2
CrVg2wCD90R2_ATTGGTGTCGATGAGG-1,CrVg2wCD90R2
CrVg2wCD90R2_ATTGGTGTCTCAAACG-1,CrVg2wCD90R2
CrVg2wCD90R2_ATTTCTGAGCCAGTTT-1,CrVg2wCD90R2
CrVg2wCD90R2_ATTTCTGGTGGGTCAA-1,CrVg2wCD90R2
CrVg2wCD90R2_CAACCAAAGCCACGTC-1,CrVg2wCD90R2
CrVg2wCD90R2_CAACCAAAGGATGCGT-1,CrVg2wCD90R2
CrVg2wCD90R2_CAACCAAAGTATCGAA-1,CrVg2wCD90R2
CrVg2wCD90R2_CAACCTCAGGACACCA-1,CrVg2wCD90R2
CrVg2wCD90R2_CAACCTCAGGTGATTA-1,CrVg2wCD90R2
CrVg2wCD90R2_CAACCTCAGTAATCCC-1,CrVg2wCD90R2
CrVg2wCD90R2_CAACCTCAGTGGGATC-1,CrVg2wCD90R2
CrVg2wCD90R2_CAACCTCCAGGCGATA-1,CrVg2wCD90R2
CrVg2wCD90R2_CAACCTCGTAGCGTAG-1,CrVg2wCD90R2
CrVg2wCD90R2_CAACCTCGTAGCGTCC-1,CrVg2wCD90R2
CrVg2wCD90R2_CAACCTCGTATCGCAT-1,CrVg2wCD90R2
CrVg2wCD90R2_CAACCTCGTCATCCCT-1,CrVg2wCD90R2
CrVg2wCD90R2_CAACCTCGTTTAAGCC-1,CrVg2wCD90R2
CrVg2wCD90R2_CAACCTCTCCCAACGG-1,CrVg2wCD90R2
CrVg2wCD90R2_CAACCTCTCGGCTTGG-1,CrVg2wCD90R2
CrVg2wCD90R2_CAACCTCTCGTCTGAA-1,CrVg2wCD90R2
CrVg2wCD90R2_CAACTAGAGACGACGT-1,CrVg2wCD90R2
CrVg2wCD90R2_CAACTAGAGGGCTTCC-1,CrVg2wCD90R2
CrVg2wCD90R2_CAACTAGAGGTGCACA-1,CrVg2wCD90R2
CrVg2wCD90R2_CAACTAGCAAGCCCAC-1,CrVg2wCD90R2
CrVg2wCD90R2_CAACTAGCACAACTGT-1,CrVg2wCD90R2
CrVg2wCD90R2_CAACTAGGTCTCCCTA-1,CrVg2wCD90R2
CrVg2wCD90R2_CAACTAGGTGGTAACG-1,CrVg2wCD90R2
CrVg2wCD90R2_CAACTAGTCACTATTC-1,CrVg2wCD90R2
CrVg2wCD90R2_CAAGAAACAGACGCCT-1,CrVg2wCD90R2
CrVg2wCD90R2_CAAGAAACAGCTCGAC-1,CrVg2wCD90R2
CrVg2wCD90R2_CAAGAAAGTAAAGGAG-1,CrVg2wCD90R2
CrVg2wCD90R2_CAAGAAAGTTCCGTCT-1,CrVg2wCD90R2
CrVg2wCD90R2_CAAGATCAGGTGTTAA-1,CrVg2wCD90R2
CrVg2wCD90R2_CAAGATCAGTCGCCGT-1,CrVg2wCD90R2
CrVg2wCD90R2_CAAGATCCACATTAGC-1,CrVg2wCD90R2
CrVg2wCD90R2_CAAGATCCATTATCTC-1,CrVg2wCD90R2
CrVg2wCD90R2_CAAGATCGTTAGATGA-1,CrVg2wCD90R2
CrVg2wCD90R2_CAAGATCGTTCCTCCA-1,CrVg2wCD90R2
CrVg2wCD90R2_CAAGATCGTTCGTGAT-1,CrVg2wCD90R2
CrVg2wCD90R2_CAAGATCTCCTGTACC-1,CrVg2wCD90R2
CrVg2wCD90R2_CAAGATCTCCTTGCCA-1,CrVg2wCD90R2
CrVg2wCD90R2_CAAGGCCAGAGGGCTT-1,CrVg2wCD90R2
CrVg2wCD90R2_CAAGGCCAGTCGTTTG-1,CrVg2wCD90R2
CrVg2wCD90R2_CAAGGCCCATACTCTT-1,CrVg2wCD90R2
CrVg2wCD90R2_CAAGGCCGTCCAGTGC-1,CrVg2wCD90R2
CrVg2wCD90R2_CAAGGCCGTTGATTCG-1,CrVg2wCD90R2
CrVg2wCD90R2_CAAGGCCTCAAGGTAA-1,CrVg2wCD90R2
CrVg2wCD90R2_CAAGGCCTCCCGGATG-1,CrVg2wCD90R2
CrVg2wCD90R2_CAAGTTGAGCGTTGCC-1,CrVg2wCD90R2
CrVg2wCD90R2_CAAGTTGCACCTGGTG-1,CrVg2wCD90R2
CrVg2wCD90R2_CAAGTTGCAGGCAGTA-1,CrVg2wCD90R2
CrVg2wCD90R2_CAAGTTGCAGTCAGAG-1,CrVg2wCD90R2
CrVg2wCD90R2_CAAGTTGCATGACGGA-1,CrVg2wCD90R2
CrVg2wCD90R2_CAAGTTGGTATTCGTG-1,CrVg2wCD90R2
CrVg2wCD90R2_CACAAACGTACCATCA-1,CrVg2wCD90R2
CrVg2wCD90R2_CACAAACGTGCAACTT-1,CrVg2wCD90R2
CrVg2wCD90R2_CACACAAAGAGTAATC-1,CrVg2wCD90R2
CrVg2wCD90R2_CACACAAAGTGCTGCC-1,CrVg2wCD90R2
CrVg2wCD90R2_CACACAACAAGGTTCT-1,CrVg2wCD90R2
CrVg2wCD90R2_CACACAACAGGGATTG-1,CrVg2wCD90R2
CrVg2wCD90R2_CACACAAGTACCTACA-1,CrVg2wCD90R2
CrVg2wCD90R2_CACACAAGTGAGTATA-1,CrVg2wCD90R2
CrVg2wCD90R2_CACACAAGTTCGTTGA-1,CrVg2wCD90R2
CrVg2wCD90R2_CACACAATCCACGAAT-1,CrVg2wCD90R2
CrVg2wCD90R2_CACACCTAGATGCCAG-1,CrVg2wCD90R2
CrVg2wCD90R2_CACACCTCAGACAGGT-1,CrVg2wCD90R2
CrVg2wCD90R2_CACACCTGTAGGAGTC-1,CrVg2wCD90R2
CrVg2wCD90R2_CACACTCAGCCAGTTT-1,CrVg2wCD90R2
CrVg2wCD90R2_CACACTCAGGCTCATT-1,CrVg2wCD90R2
CrVg2wCD90R2_CACACTCAGTCTCAAC-1,CrVg2wCD90R2
CrVg2wCD90R2_CACACTCCACATGGGA-1,CrVg2wCD90R2
CrVg2wCD90R2_CACACTCCAGGAACGT-1,CrVg2wCD90R2
CrVg2wCD90R2_CACACTCCATCCGGGT-1,CrVg2wCD90R2
CrVg2wCD90R2_CACACTCGTGGCTCCA-1,CrVg2wCD90R2
CrVg2wCD90R2_CACACTCGTTCTGAAC-1,CrVg2wCD90R2
CrVg2wCD90R2_CACACTCTCCGAATGT-1,CrVg2wCD90R2
CrVg2wCD90R2_CACACTCTCGCATGGC-1,CrVg2wCD90R2
CrVg2wCD90R2_CACAGGCCACGGTTTA-1,CrVg2wCD90R2
CrVg2wCD90R2_CACAGGCCACTAAGTC-1,CrVg2wCD90R2
CrVg2wCD90R2_CACAGGCCAGTTTACG-1,CrVg2wCD90R2
CrVg2wCD90R2_CACAGGCCATGATCCA-1,CrVg2wCD90R2
CrVg2wCD90R2_CACAGGCGTCCTCCAT-1,CrVg2wCD90R2
CrVg2wCD90R2_CACAGGCGTGATGCCC-1,CrVg2wCD90R2
CrVg2wCD90R2_CACAGGCGTGCGCTTG-1,CrVg2wCD90R2
CrVg2wCD90R2_CACAGGCTCTTACCGC-1,CrVg2wCD90R2
CrVg2wCD90R2_CACAGTAAGGATTCGG-1,CrVg2wCD90R2
CrVg2wCD90R2_CACAGTAAGTGGGATC-1,CrVg2wCD90R2
CrVg2wCD90R2_CACAGTAAGTGTACGG-1,CrVg2wCD90R2
CrVg2wCD90R2_CACAGTAAGTGTGGCA-1,CrVg2wCD90R2
CrVg2wCD90R2_CACAGTACAGGGAGAG-1,CrVg2wCD90R2
CrVg2wCD90R2_CACAGTAGTCACCCAG-1,CrVg2wCD90R2
CrVg2wCD90R2_CACAGTAGTGCACTTA-1,CrVg2wCD90R2
CrVg2wCD90R2_CACATAGAGTGTCCCG-1,CrVg2wCD90R2
CrVg2wCD90R2_CACATAGCAAGAGGCT-1,CrVg2wCD90R2
CrVg2wCD90R2_CACATAGGTAAAGTCA-1,CrVg2wCD90R2
CrVg2wCD90R2_CACATAGTCGCCTGTT-1,CrVg2wCD90R2
CrVg2wCD90R2_CACATTTAGGCGTACA-1,CrVg2wCD90R2
CrVg2wCD90R2_CACATTTCACCAGTTA-1,CrVg2wCD90R2
CrVg2wCD90R2_CACATTTCACCATCCT-1,CrVg2wCD90R2
CrVg2wCD90R2_CACATTTTCGAGAACG-1,CrVg2wCD90R2
CrVg2wCD90R2_CACATTTTCTGGCGTG-1,CrVg2wCD90R2
CrVg2wCD90R2_CACCACTAGAAGCCCA-1,CrVg2wCD90R2
CrVg2wCD90R2_CACCACTAGCGGCTTC-1,CrVg2wCD90R2
CrVg2wCD90R2_CACCACTAGGAGTACC-1,CrVg2wCD90R2
CrVg2wCD90R2_CACCACTCACCGCTAG-1,CrVg2wCD90R2
CrVg2wCD90R2_CACCACTGTCGAACAG-1,CrVg2wCD90R2
CrVg2wCD90R2_CACCACTGTCTAGTGT-1,CrVg2wCD90R2
CrVg2wCD90R2_CACCACTGTGTAAGTA-1,CrVg2wCD90R2
CrVg2wCD90R2_CACCACTTCCGTCAAA-1,CrVg2wCD90R2
CrVg2wCD90R2_CACCAGGAGGGAGTAA-1,CrVg2wCD90R2
CrVg2wCD90R2_CACCAGGCAACTGGCC-1,CrVg2wCD90R2
CrVg2wCD90R2_CACCAGGCACACATGT-1,CrVg2wCD90R2
CrVg2wCD90R2_CACCAGGCAGATAATG-1,CrVg2wCD90R2
CrVg2wCD90R2_CACCAGGCATCACAAC-1,CrVg2wCD90R2
CrVg2wCD90R2_CACCAGGTCCATTCTA-1,CrVg2wCD90R2
CrVg2wCD90R2_CACCTTGAGATGTTAG-1,CrVg2wCD90R2
CrVg2wCD90R2_CACCTTGAGCTAAGAT-1,CrVg2wCD90R2
CrVg2wCD90R2_CACCTTGAGGTGACCA-1,CrVg2wCD90R2
CrVg2wCD90R2_CACCTTGGTGAGCGAT-1,CrVg2wCD90R2
CrVg2wCD90R2_CACCTTGGTTCTGGTA-1,CrVg2wCD90R2
CrVg2wCD90R2_CACCTTGTCACGGTTA-1,CrVg2wCD90R2
CrVg2wCD90R2_CACCTTGTCTGTCCGT-1,CrVg2wCD90R2
CrVg2wCD90R2_CACTCCAAGGATATAC-1,CrVg2wCD90R2
CrVg2wCD90R2_CACTCCAAGGTGCAAC-1,CrVg2wCD90R2
CrVg2wCD90R2_CACTCCACACAACTGT-1,CrVg2wCD90R2
CrVg2wCD90R2_CACTCCACAGCCAATT-1,CrVg2wCD90R2
CrVg2wCD90R2_CACTCCACAGGAATCG-1,CrVg2wCD90R2
CrVg2wCD90R2_CACTCCAGTCAGAATA-1,CrVg2wCD90R2
CrVg2wCD90R2_CACTCCATCGCATGAT-1,CrVg2wCD90R2
CrVg2wCD90R2_CACTCCATCGCGTAGC-1,CrVg2wCD90R2
CrVg2wCD90R2_CAGAATCAGCTCCCAG-1,CrVg2wCD90R2
CrVg2wCD90R2_CAGAATCAGTAGTGCG-1,CrVg2wCD90R2
CrVg2wCD90R2_CAGAATCCACGCATCG-1,CrVg2wCD90R2
CrVg2wCD90R2_CAGAATCCATGACATC-1,CrVg2wCD90R2
CrVg2wCD90R2_CAGAATCCATGAGCGA-1,CrVg2wCD90R2
CrVg2wCD90R2_CAGAATCGTTACCGAT-1,CrVg2wCD90R2
CrVg2wCD90R2_CAGAATCTCAACCAAC-1,CrVg2wCD90R2
CrVg2wCD90R2_CAGAATCTCCTCGCAT-1,CrVg2wCD90R2
CrVg2wCD90R2_CAGAGAGAGACACTAA-1,CrVg2wCD90R2
CrVg2wCD90R2_CAGAGAGAGCTAGTTC-1,CrVg2wCD90R2
CrVg2wCD90R2_CAGAGAGAGTGTACCT-1,CrVg2wCD90R2
CrVg2wCD90R2_CAGAGAGCAACACGCC-1,CrVg2wCD90R2
CrVg2wCD90R2_CAGAGAGCACATGACT-1,CrVg2wCD90R2
CrVg2wCD90R2_CAGAGAGCAGACGCAA-1,CrVg2wCD90R2
CrVg2wCD90R2_CAGAGAGCAGCGTTCG-1,CrVg2wCD90R2
CrVg2wCD90R2_CAGAGAGGTAGGCATG-1,CrVg2wCD90R2
CrVg2wCD90R2_CAGAGAGGTGCTTCTC-1,CrVg2wCD90R2
CrVg2wCD90R2_CAGAGAGTCGCCCTTA-1,CrVg2wCD90R2
CrVg2wCD90R2_CAGAGAGTCTCAAGTG-1,CrVg2wCD90R2
CrVg2wCD90R2_CAGATCAAGTCATGCT-1,CrVg2wCD90R2
CrVg2wCD90R2_CAGATCACAAAGAATC-1,CrVg2wCD90R2
CrVg2wCD90R2_CAGATCAGTAGCAAAT-1,CrVg2wCD90R2
CrVg2wCD90R2_CAGATCAGTCATACTG-1,CrVg2wCD90R2
CrVg2wCD90R2_CAGATCAGTCGCTTTC-1,CrVg2wCD90R2
CrVg2wCD90R2_CAGATCAGTTACAGAA-1,CrVg2wCD90R2
CrVg2wCD90R2_CAGATCATCGTCCGTT-1,CrVg2wCD90R2
CrVg2wCD90R2_CAGATCATCGTGACAT-1,CrVg2wCD90R2
CrVg2wCD90R2_CAGATCATCTTTACGT-1,CrVg2wCD90R2
CrVg2wCD90R2_CAGCAGCAGTTCGCGC-1,CrVg2wCD90R2
CrVg2wCD90R2_CAGCAGCCAACGCACC-1,CrVg2wCD90R2
CrVg2wCD90R2_CAGCAGCCACGCTTTC-1,CrVg2wCD90R2
CrVg2wCD90R2_CAGCAGCCATGGTCAT-1,CrVg2wCD90R2
CrVg2wCD90R2_CAGCAGCGTCTACCTC-1,CrVg2wCD90R2
CrVg2wCD90R2_CAGCAGCTCAACGCTA-1,CrVg2wCD90R2
CrVg2wCD90R2_CAGCAGCTCGCTGATA-1,CrVg2wCD90R2
CrVg2wCD90R2_CAGCAGCTCTTACCTA-1,CrVg2wCD90R2
CrVg2wCD90R2_CAGCATACAGTGGAGT-1,CrVg2wCD90R2
CrVg2wCD90R2_CAGCATAGTTATCCGA-1,CrVg2wCD90R2
CrVg2wCD90R2_CAGCATATCAACCAAC-1,CrVg2wCD90R2
CrVg2wCD90R2_CAGCATATCCCGGATG-1,CrVg2wCD90R2
CrVg2wCD90R2_CAGCATATCGCAGGCT-1,CrVg2wCD90R2
CrVg2wCD90R2_CAGCATATCTTGCAAG-1,CrVg2wCD90R2
CrVg2wCD90R2_CAGCCGAAGCGATTCT-1,CrVg2wCD90R2
CrVg2wCD90R2_CAGCCGAAGGATGCGT-1,CrVg2wCD90R2
CrVg2wCD90R2_CAGCCGAAGTGGGCTA-1,CrVg2wCD90R2
CrVg2wCD90R2_CAGCCGAAGTGTACCT-1,CrVg2wCD90R2
CrVg2wCD90R2_CAGCCGAGTTACCGAT-1,CrVg2wCD90R2
CrVg2wCD90R2_CAGCCGATCTACTATC-1,CrVg2wCD90R2
CrVg2wCD90R2_CAGCCGATCTAGAGTC-1,CrVg2wCD90R2
CrVg2wCD90R2_CAGCGACAGGCAAAGA-1,CrVg2wCD90R2
CrVg2wCD90R2_CAGCGACAGTTGTCGT-1,CrVg2wCD90R2
CrVg2wCD90R2_CAGCGACCAATGGAAT-1,CrVg2wCD90R2
CrVg2wCD90R2_CAGCGACGTCCCTACT-1,CrVg2wCD90R2
CrVg2wCD90R2_CAGCGACGTTCTGTTT-1,CrVg2wCD90R2
CrVg2wCD90R2_CAGCGACTCAACGGGA-1,CrVg2wCD90R2
CrVg2wCD90R2_CAGCGACTCAGCTCTC-1,CrVg2wCD90R2
CrVg2wCD90R2_CAGCGACTCAGGATCT-1,CrVg2wCD90R2
CrVg2wCD90R2_CAGCGACTCAGGTAAA-1,CrVg2wCD90R2
CrVg2wCD90R2_CAGCTAAAGAGGGCTT-1,CrVg2wCD90R2
CrVg2wCD90R2_CAGCTAAGTAGCTGCC-1,CrVg2wCD90R2
CrVg2wCD90R2_CAGCTAATCACGCGGT-1,CrVg2wCD90R2
CrVg2wCD90R2_CAGCTAATCAGTTTGG-1,CrVg2wCD90R2
CrVg2wCD90R2_CAGCTAATCCGCAGTG-1,CrVg2wCD90R2
CrVg2wCD90R2_CAGCTGGAGAGATGAG-1,CrVg2wCD90R2
CrVg2wCD90R2_CAGCTGGAGCCACGCT-1,CrVg2wCD90R2
CrVg2wCD90R2_CAGCTGGAGGCGTACA-1,CrVg2wCD90R2
CrVg2wCD90R2_CAGCTGGAGGGTATCG-1,CrVg2wCD90R2
CrVg2wCD90R2_CAGCTGGCAGCTGCAC-1,CrVg2wCD90R2
CrVg2wCD90R2_CAGCTGGGTATAGGTA-1,CrVg2wCD90R2
CrVg2wCD90R2_CAGCTGGGTCTACCTC-1,CrVg2wCD90R2
CrVg2wCD90R2_CAGCTGGGTGATAAGT-1,CrVg2wCD90R2
CrVg2wCD90R2_CAGCTGGGTTATGCGT-1,CrVg2wCD90R2
CrVg2wCD90R2_CAGCTGGTCAAACGGG-1,CrVg2wCD90R2
CrVg2wCD90R2_CAGCTGGTCATGTCTT-1,CrVg2wCD90R2
CrVg2wCD90R2_CAGCTGGTCCTCAATT-1,CrVg2wCD90R2
CrVg2wCD90R2_CAGCTGGTCTTGTCAT-1,CrVg2wCD90R2
CrVg2wCD90R2_CAGGTGCAGCACAGGT-1,CrVg2wCD90R2
CrVg2wCD90R2_CAGGTGCAGGCTATCT-1,CrVg2wCD90R2
CrVg2wCD90R2_CAGGTGCAGGTGCTTT-1,CrVg2wCD90R2
CrVg2wCD90R2_CAGGTGCCAGCCTGTG-1,CrVg2wCD90R2
CrVg2wCD90R2_CAGGTGCCATGGGACA-1,CrVg2wCD90R2
CrVg2wCD90R2_CAGGTGCGTAAGTGTA-1,CrVg2wCD90R2
CrVg2wCD90R2_CAGGTGCTCATGTCCC-1,CrVg2wCD90R2
CrVg2wCD90R2_CAGGTGCTCGCTTAGA-1,CrVg2wCD90R2
CrVg2wCD90R2_CAGTAACAGGTTCCTA-1,CrVg2wCD90R2
CrVg2wCD90R2_CAGTAACAGTAGTGCG-1,CrVg2wCD90R2
CrVg2wCD90R2_CAGTAACAGTTGAGAT-1,CrVg2wCD90R2
CrVg2wCD90R2_CAGTAACCAAACGTGG-1,CrVg2wCD90R2
CrVg2wCD90R2_CAGTAACCAAGCCGTC-1,CrVg2wCD90R2
CrVg2wCD90R2_CAGTAACGTGCGGTAA-1,CrVg2wCD90R2
CrVg2wCD90R2_CAGTAACTCCAGGGCT-1,CrVg2wCD90R2
CrVg2wCD90R2_CAGTCCTAGGTTCCTA-1,CrVg2wCD90R2
CrVg2wCD90R2_CAGTCCTCAGCATGAG-1,CrVg2wCD90R2
CrVg2wCD90R2_CAGTCCTTCCGCGTTT-1,CrVg2wCD90R2
CrVg2wCD90R2_CATATGGAGCACGCCT-1,CrVg2wCD90R2
CrVg2wCD90R2_CATATGGGTGCACCAC-1,CrVg2wCD90R2
CrVg2wCD90R2_CATATGGTCGCCAGCA-1,CrVg2wCD90R2
CrVg2wCD90R2_CATATTCAGACAGAGA-1,CrVg2wCD90R2
CrVg2wCD90R2_CATATTCAGAGCTGCA-1,CrVg2wCD90R2
CrVg2wCD90R2_CATATTCAGGCTCAGA-1,CrVg2wCD90R2
CrVg2wCD90R2_CATATTCGTAAACACA-1,CrVg2wCD90R2
CrVg2wCD90R2_CATATTCTCAACCATG-1,CrVg2wCD90R2
CrVg2wCD90R2_CATATTCTCATTTGGG-1,CrVg2wCD90R2
CrVg2wCD90R2_CATCAAGAGTAGGTGC-1,CrVg2wCD90R2
CrVg2wCD90R2_CATCAAGGTAGTGAAT-1,CrVg2wCD90R2
CrVg2wCD90R2_CATCAAGGTCAGAGGT-1,CrVg2wCD90R2
CrVg2wCD90R2_CATCAAGGTGCAGACA-1,CrVg2wCD90R2
CrVg2wCD90R2_CATCAAGGTTACGGAG-1,CrVg2wCD90R2
CrVg2wCD90R2_CATCAAGGTTTCGCTC-1,CrVg2wCD90R2
CrVg2wCD90R2_CATCAGAAGCTAGGCA-1,CrVg2wCD90R2
CrVg2wCD90R2_CATCAGACACGGTGTC-1,CrVg2wCD90R2
CrVg2wCD90R2_CATCAGACAGTCGTGC-1,CrVg2wCD90R2
CrVg2wCD90R2_CATCAGAGTTCCAACA-1,CrVg2wCD90R2
CrVg2wCD90R2_CATCAGAGTTGACGTT-1,CrVg2wCD90R2
CrVg2wCD90R2_CATCAGATCAAAGACA-1,CrVg2wCD90R2
CrVg2wCD90R2_CATCAGATCAGGTTCA-1,CrVg2wCD90R2
CrVg2wCD90R2_CATCAGATCCACGTGG-1,CrVg2wCD90R2
CrVg2wCD90R2_CATCCACAGGTGTGGT-1,CrVg2wCD90R2
CrVg2wCD90R2_CATCCACCATGCAACT-1,CrVg2wCD90R2
CrVg2wCD90R2_CATCCACTCACTCCTG-1,CrVg2wCD90R2
CrVg2wCD90R2_CATCCACTCCCATTAT-1,CrVg2wCD90R2
CrVg2wCD90R2_CATCGAAAGAGCCCAA-1,CrVg2wCD90R2
CrVg2wCD90R2_CATCGAAAGTAGGCCA-1,CrVg2wCD90R2
CrVg2wCD90R2_CATCGAACATTGGCGC-1,CrVg2wCD90R2
CrVg2wCD90R2_CATCGAAGTACTCTCC-1,CrVg2wCD90R2
CrVg2wCD90R2_CATCGAAGTTCGGCAC-1,CrVg2wCD90R2
CrVg2wCD90R2_CATCGGGAGCAAATCA-1,CrVg2wCD90R2
CrVg2wCD90R2_CATCGGGCATCAGTCA-1,CrVg2wCD90R2
CrVg2wCD90R2_CATCGGGCATGACATC-1,CrVg2wCD90R2
CrVg2wCD90R2_CATCGGGGTCCAACTA-1,CrVg2wCD90R2
CrVg2wCD90R2_CATCGGGGTTGCCTCT-1,CrVg2wCD90R2
CrVg2wCD90R2_CATCGGGTCGGATGGA-1,CrVg2wCD90R2
CrVg2wCD90R2_CATCGGGTCTTGAGGT-1,CrVg2wCD90R2
CrVg2wCD90R2_CATGACAAGATGTGGC-1,CrVg2wCD90R2
CrVg2wCD90R2_CATGACAAGCCTATGT-1,CrVg2wCD90R2
CrVg2wCD90R2_CATGACAAGCGGATCA-1,CrVg2wCD90R2
CrVg2wCD90R2_CATGACAAGTTACGGG-1,CrVg2wCD90R2
CrVg2wCD90R2_CATGACACAATAGCGG-1,CrVg2wCD90R2
CrVg2wCD90R2_CATGACACAATCACAC-1,CrVg2wCD90R2
CrVg2wCD90R2_CATGACACATGTTCCC-1,CrVg2wCD90R2
CrVg2wCD90R2_CATGACAGTCCCTTGT-1,CrVg2wCD90R2
CrVg2wCD90R2_CATGACAGTGAAAGAG-1,CrVg2wCD90R2
CrVg2wCD90R2_CATGACAGTTCCTCCA-1,CrVg2wCD90R2
CrVg2wCD90R2_CATGACATCAACACTG-1,CrVg2wCD90R2
CrVg2wCD90R2_CATGACATCAGGATCT-1,CrVg2wCD90R2
CrVg2wCD90R2_CATGACATCGTGGGAA-1,CrVg2wCD90R2
CrVg2wCD90R2_CATGACATCTATCCTA-1,CrVg2wCD90R2
CrVg2wCD90R2_CATGACATCTCATTCA-1,CrVg2wCD90R2
CrVg2wCD90R2_CATGCCTAGAATTGTG-1,CrVg2wCD90R2
CrVg2wCD90R2_CATGCCTCAAACAACA-1,CrVg2wCD90R2
CrVg2wCD90R2_CATGCCTCAACACCCG-1,CrVg2wCD90R2
CrVg2wCD90R2_CATGCCTGTACCAGTT-1,CrVg2wCD90R2
CrVg2wCD90R2_CATGCCTGTCACCCAG-1,CrVg2wCD90R2
CrVg2wCD90R2_CATGCCTGTCTACCTC-1,CrVg2wCD90R2
CrVg2wCD90R2_CATGCCTGTGGTGTAG-1,CrVg2wCD90R2
CrVg2wCD90R2_CATGCCTGTTTCGCTC-1,CrVg2wCD90R2
CrVg2wCD90R2_CATGCCTTCTGGGCCA-1,CrVg2wCD90R2
CrVg2wCD90R2_CATGGCGAGCTGATAA-1,CrVg2wCD90R2
CrVg2wCD90R2_CATGGCGAGTCATCCA-1,CrVg2wCD90R2
CrVg2wCD90R2_CATGGCGGTCACCTAA-1,CrVg2wCD90R2
CrVg2wCD90R2_CATGGCGGTCTCACCT-1,CrVg2wCD90R2
CrVg2wCD90R2_CATGGCGTCATCTGCC-1,CrVg2wCD90R2
CrVg2wCD90R2_CATGGCGTCCTGCTTG-1,CrVg2wCD90R2
CrVg2wCD90R2_CATGGCGTCTACCAGA-1,CrVg2wCD90R2
CrVg2wCD90R2_CATTATCAGCAGGTCA-1,CrVg2wCD90R2
CrVg2wCD90R2_CATTATCCAAAGAATC-1,CrVg2wCD90R2
CrVg2wCD90R2_CATTATCCACGGCCAT-1,CrVg2wCD90R2
CrVg2wCD90R2_CATTATCCAGCCAGAA-1,CrVg2wCD90R2
CrVg2wCD90R2_CATTATCGTATTACCG-1,CrVg2wCD90R2
CrVg2wCD90R2_CATTATCTCATAGCAC-1,CrVg2wCD90R2
CrVg2wCD90R2_CATTATCTCATGTGGT-1,CrVg2wCD90R2
CrVg2wCD90R2_CATTATCTCCACGTTC-1,CrVg2wCD90R2
CrVg2wCD90R2_CATTATCTCGCAGGCT-1,CrVg2wCD90R2
CrVg2wCD90R2_CATTCGCAGAGTGACC-1,CrVg2wCD90R2
CrVg2wCD90R2_CATTCGCAGCAATCTC-1,CrVg2wCD90R2
CrVg2wCD90R2_CATTCGCAGTTCGCGC-1,CrVg2wCD90R2
CrVg2wCD90R2_CATTCGCGTCGAAAGC-1,CrVg2wCD90R2
CrVg2wCD90R2_CATTCGCGTTCCACGG-1,CrVg2wCD90R2
CrVg2wCD90R2_CATTCGCGTTGACGTT-1,CrVg2wCD90R2
CrVg2wCD90R2_CCAATCCCACTTGGAT-1,CrVg2wCD90R2
CrVg2wCD90R2_CCAATCCCATATGAGA-1,CrVg2wCD90R2
CrVg2wCD90R2_CCAATCCGTAAACACA-1,CrVg2wCD90R2
CrVg2wCD90R2_CCAATCCGTAAGAGAG-1,CrVg2wCD90R2
CrVg2wCD90R2_CCAATCCGTCCGAAGA-1,CrVg2wCD90R2
CrVg2wCD90R2_CCACCTAAGAAACGAG-1,CrVg2wCD90R2
CrVg2wCD90R2_CCACCTAAGAATGTTG-1,CrVg2wCD90R2
CrVg2wCD90R2_CCACCTAAGGCAGTCA-1,CrVg2wCD90R2
CrVg2wCD90R2_CCACCTACACGGCGTT-1,CrVg2wCD90R2
CrVg2wCD90R2_CCACCTACATTTCACT-1,CrVg2wCD90R2
CrVg2wCD90R2_CCACCTATCATAGCAC-1,CrVg2wCD90R2
CrVg2wCD90R2_CCACGGAAGACGACGT-1,CrVg2wCD90R2
CrVg2wCD90R2_CCACGGACACATGGGA-1,CrVg2wCD90R2
CrVg2wCD90R2_CCACGGACAGCGTCCA-1,CrVg2wCD90R2
CrVg2wCD90R2_CCACGGACAGTCGATT-1,CrVg2wCD90R2
CrVg2wCD90R2_CCACGGAGTTATGTGC-1,CrVg2wCD90R2
CrVg2wCD90R2_CCACGGAGTTGTCGCG-1,CrVg2wCD90R2
CrVg2wCD90R2_CCACGGATCCACGCAG-1,CrVg2wCD90R2
CrVg2wCD90R2_CCACGGATCCCTTGCA-1,CrVg2wCD90R2
CrVg2wCD90R2_CCACGGATCCGCGTTT-1,CrVg2wCD90R2
CrVg2wCD90R2_CCACGGATCGCATGAT-1,CrVg2wCD90R2
CrVg2wCD90R2_CCACGGATCGTCTGAA-1,CrVg2wCD90R2
CrVg2wCD90R2_CCACTACAGCGGATCA-1,CrVg2wCD90R2
CrVg2wCD90R2_CCACTACAGGAACTGC-1,CrVg2wCD90R2
CrVg2wCD90R2_CCACTACAGGAGTACC-1,CrVg2wCD90R2
CrVg2wCD90R2_CCACTACGTTGCCTCT-1,CrVg2wCD90R2
CrVg2wCD90R2_CCACTACTCAACCATG-1,CrVg2wCD90R2
CrVg2wCD90R2_CCAGCGAAGCGCCTCA-1,CrVg2wCD90R2
CrVg2wCD90R2_CCAGCGAAGGATGCGT-1,CrVg2wCD90R2
CrVg2wCD90R2_CCAGCGAAGTACATGA-1,CrVg2wCD90R2
CrVg2wCD90R2_CCAGCGAGTAAGTAGT-1,CrVg2wCD90R2
CrVg2wCD90R2_CCATGTCAGTGGAGAA-1,CrVg2wCD90R2
CrVg2wCD90R2_CCATGTCCACTCAGGC-1,CrVg2wCD90R2
CrVg2wCD90R2_CCATGTCCATTGGTAC-1,CrVg2wCD90R2
CrVg2wCD90R2_CCATGTCGTCGGCACT-1,CrVg2wCD90R2
CrVg2wCD90R2_CCATGTCTCAACGCTA-1,CrVg2wCD90R2
CrVg2wCD90R2_CCATGTCTCGTAGGTT-1,CrVg2wCD90R2
CrVg2wCD90R2_CCATTCGAGCCACGTC-1,CrVg2wCD90R2
CrVg2wCD90R2_CCATTCGAGCTTATCG-1,CrVg2wCD90R2
CrVg2wCD90R2_CCATTCGAGGCTAGGT-1,CrVg2wCD90R2
CrVg2wCD90R2_CCATTCGAGTTAACGA-1,CrVg2wCD90R2
CrVg2wCD90R2_CCATTCGCAATCAGAA-1,CrVg2wCD90R2
CrVg2wCD90R2_CCATTCGCAATGAATG-1,CrVg2wCD90R2
CrVg2wCD90R2_CCATTCGCAGCAGTTT-1,CrVg2wCD90R2
CrVg2wCD90R2_CCATTCGGTCCGTCAG-1,CrVg2wCD90R2
CrVg2wCD90R2_CCATTCGTCTATCCTA-1,CrVg2wCD90R2
CrVg2wCD90R2_CCCAATCCAAGTTAAG-1,CrVg2wCD90R2
CrVg2wCD90R2_CCCAATCCAAGTTGTC-1,CrVg2wCD90R2
CrVg2wCD90R2_CCCAATCGTACACCGC-1,CrVg2wCD90R2
CrVg2wCD90R2_CCCAATCTCACTTATC-1,CrVg2wCD90R2
CrVg2wCD90R2_CCCAATCTCAGAGACG-1,CrVg2wCD90R2
CrVg2wCD90R2_CCCAGTTAGACTTGAA-1,CrVg2wCD90R2
CrVg2wCD90R2_CCCAGTTAGTGCGATG-1,CrVg2wCD90R2
CrVg2wCD90R2_CCCAGTTCACTTGGAT-1,CrVg2wCD90R2
CrVg2wCD90R2_CCCAGTTCAGTAAGCG-1,CrVg2wCD90R2
CrVg2wCD90R2_CCCAGTTGTTACCAGT-1,CrVg2wCD90R2
CrVg2wCD90R2_CCCAGTTTCAAGGTAA-1,CrVg2wCD90R2
CrVg2wCD90R2_CCCAGTTTCCCATTTA-1,CrVg2wCD90R2
CrVg2wCD90R2_CCCAGTTTCCGCATCT-1,CrVg2wCD90R2
CrVg2wCD90R2_CCCAGTTTCTAACCGA-1,CrVg2wCD90R2
CrVg2wCD90R2_CCCATACAGACTCGGA-1,CrVg2wCD90R2
CrVg2wCD90R2_CCCATACAGGTCGGAT-1,CrVg2wCD90R2
CrVg2wCD90R2_CCCATACGTTCCATGA-1,CrVg2wCD90R2
CrVg2wCD90R2_CCCTCCTAGACTGGGT-1,CrVg2wCD90R2
CrVg2wCD90R2_CCCTCCTAGCTCCTTC-1,CrVg2wCD90R2
CrVg2wCD90R2_CCCTCCTAGGATGGAA-1,CrVg2wCD90R2
CrVg2wCD90R2_CCCTCCTGTGCAGGTA-1,CrVg2wCD90R2
CrVg2wCD90R2_CCCTCCTGTTACGACT-1,CrVg2wCD90R2
CrVg2wCD90R2_CCCTCCTGTTTGGCGC-1,CrVg2wCD90R2
CrVg2wCD90R2_CCCTCCTTCACTGGGC-1,CrVg2wCD90R2
CrVg2wCD90R2_CCCTCCTTCATTGCGA-1,CrVg2wCD90R2
CrVg2wCD90R2_CCCTCCTTCTCGTTTA-1,CrVg2wCD90R2
CrVg2wCD90R2_CCGGGATAGATACACA-1,CrVg2wCD90R2
CrVg2wCD90R2_CCGGGATAGGCCCTTG-1,CrVg2wCD90R2
CrVg2wCD90R2_CCGGGATCAAAGTGCG-1,CrVg2wCD90R2
CrVg2wCD90R2_CCGGGATCACATAACC-1,CrVg2wCD90R2
CrVg2wCD90R2_CCGGGATTCAACTCTT-1,CrVg2wCD90R2
CrVg2wCD90R2_CCGGGATTCAGCTCTC-1,CrVg2wCD90R2
CrVg2wCD90R2_CCGGGATTCCGATATG-1,CrVg2wCD90R2
CrVg2wCD90R2_CCGGGATTCGCGCCAA-1,CrVg2wCD90R2
CrVg2wCD90R2_CCGGGATTCGGAGGTA-1,CrVg2wCD90R2
CrVg2wCD90R2_CCGGTAGAGGACAGCT-1,CrVg2wCD90R2
CrVg2wCD90R2_CCGGTAGAGTGAACGC-1,CrVg2wCD90R2
CrVg2wCD90R2_CCGGTAGAGTGAAGAG-1,CrVg2wCD90R2
CrVg2wCD90R2_CCGGTAGCACGACGAA-1,CrVg2wCD90R2
CrVg2wCD90R2_CCGGTAGCAGACTCGC-1,CrVg2wCD90R2
CrVg2wCD90R2_CCGGTAGCAGGATTGG-1,CrVg2wCD90R2
CrVg2wCD90R2_CCGGTAGTCCGTTGCT-1,CrVg2wCD90R2
CrVg2wCD90R2_CCGGTAGTCGGCATCG-1,CrVg2wCD90R2
CrVg2wCD90R2_CCGTACTAGGGCTCTC-1,CrVg2wCD90R2
CrVg2wCD90R2_CCGTACTAGTCGTTTG-1,CrVg2wCD90R2
CrVg2wCD90R2_CCGTACTCACTTACGA-1,CrVg2wCD90R2
CrVg2wCD90R2_CCGTACTCAGACAAAT-1,CrVg2wCD90R2
CrVg2wCD90R2_CCGTACTCAGGAATCG-1,CrVg2wCD90R2
CrVg2wCD90R2_CCGTACTTCACCACCT-1,CrVg2wCD90R2
CrVg2wCD90R2_CCGTACTTCCAGGGCT-1,CrVg2wCD90R2
CrVg2wCD90R2_CCGTACTTCCGAGCCA-1,CrVg2wCD90R2
CrVg2wCD90R2_CCGTACTTCGCGATCG-1,CrVg2wCD90R2
CrVg2wCD90R2_CCGTACTTCGTTTATC-1,CrVg2wCD90R2
CrVg2wCD90R2_CCGTACTTCTAAGCCA-1,CrVg2wCD90R2
CrVg2wCD90R2_CCGTACTTCTCTTGAT-1,CrVg2wCD90R2
CrVg2wCD90R2_CCGTACTTCTGGCGAC-1,CrVg2wCD90R2
CrVg2wCD90R2_CCGTGGAAGCCAGTAG-1,CrVg2wCD90R2
CrVg2wCD90R2_CCGTGGACAAAGTGCG-1,CrVg2wCD90R2
CrVg2wCD90R2_CCGTGGACAAGCGATG-1,CrVg2wCD90R2
CrVg2wCD90R2_CCGTGGACATCGTCGG-1,CrVg2wCD90R2
CrVg2wCD90R2_CCGTGGAGTAAGGATT-1,CrVg2wCD90R2
CrVg2wCD90R2_CCGTGGAGTCGCATCG-1,CrVg2wCD90R2
CrVg2wCD90R2_CCGTTCAAGCGAGAAA-1,CrVg2wCD90R2
CrVg2wCD90R2_CCGTTCAAGCTAGTGG-1,CrVg2wCD90R2
CrVg2wCD90R2_CCGTTCACATAAAGGT-1,CrVg2wCD90R2
CrVg2wCD90R2_CCGTTCATCATGGTCA-1,CrVg2wCD90R2
CrVg2wCD90R2_CCGTTCATCCCTTGCA-1,CrVg2wCD90R2
CrVg2wCD90R2_CCTAAAGAGCTAAGAT-1,CrVg2wCD90R2
CrVg2wCD90R2_CCTAAAGAGGCCCTCA-1,CrVg2wCD90R2
CrVg2wCD90R2_CCTAAAGCAGCGTCCA-1,CrVg2wCD90R2
CrVg2wCD90R2_CCTAAAGCATTCGACA-1,CrVg2wCD90R2
CrVg2wCD90R2_CCTAAAGTCACCAGGC-1,CrVg2wCD90R2
CrVg2wCD90R2_CCTACACCAAGCGATG-1,CrVg2wCD90R2
CrVg2wCD90R2_CCTACACGTACAGCAG-1,CrVg2wCD90R2
CrVg2wCD90R2_CCTACACGTCTAGCCG-1,CrVg2wCD90R2
CrVg2wCD90R2_CCTACACGTCTGATTG-1,CrVg2wCD90R2
CrVg2wCD90R2_CCTACACGTCTGCCAG-1,CrVg2wCD90R2
CrVg2wCD90R2_CCTACACGTGCTTCTC-1,CrVg2wCD90R2
CrVg2wCD90R2_CCTACACGTGGCTCCA-1,CrVg2wCD90R2
CrVg2wCD90R2_CCTACACTCAGTGCAT-1,CrVg2wCD90R2
CrVg2wCD90R2_CCTACCAAGTTTCCTT-1,CrVg2wCD90R2
CrVg2wCD90R2_CCTACCACAAAGTGCG-1,CrVg2wCD90R2
CrVg2wCD90R2_CCTACCACAGACAGGT-1,CrVg2wCD90R2
CrVg2wCD90R2_CCTACCACAGTGAGTG-1,CrVg2wCD90R2
CrVg2wCD90R2_CCTACCATCGCAGGCT-1,CrVg2wCD90R2
CrVg2wCD90R2_CCTACCATCTTCGGTC-1,CrVg2wCD90R2
CrVg2wCD90R2_CCTAGCTAGTACGCCC-1,CrVg2wCD90R2
CrVg2wCD90R2_CCTAGCTGTACGACCC-1,CrVg2wCD90R2
CrVg2wCD90R2_CCTAGCTGTATATGGA-1,CrVg2wCD90R2
CrVg2wCD90R2_CCTAGCTGTCTCTCTG-1,CrVg2wCD90R2
CrVg2wCD90R2_CCTAGCTTCACATGCA-1,CrVg2wCD90R2
CrVg2wCD90R2_CCTAGCTTCAGTGTTG-1,CrVg2wCD90R2
CrVg2wCD90R2_CCTAGCTTCTTAGAGC-1,CrVg2wCD90R2
CrVg2wCD90R2_CCTATTACAAAGCGGT-1,CrVg2wCD90R2
CrVg2wCD90R2_CCTATTAGTTCTGAAC-1,CrVg2wCD90R2
CrVg2wCD90R2_CCTATTATCGCAGGCT-1,CrVg2wCD90R2
CrVg2wCD90R2_CCTATTATCTCATTCA-1,CrVg2wCD90R2
CrVg2wCD90R2_CCTCAGTAGACGCTTT-1,CrVg2wCD90R2
CrVg2wCD90R2_CCTCAGTAGGCTATCT-1,CrVg2wCD90R2
CrVg2wCD90R2_CCTCAGTCATATACCG-1,CrVg2wCD90R2
CrVg2wCD90R2_CCTCAGTGTTATCACG-1,CrVg2wCD90R2
CrVg2wCD90R2_CCTCAGTTCCAACCAA-1,CrVg2wCD90R2
CrVg2wCD90R2_CCTCTGAAGAGAGCTC-1,CrVg2wCD90R2
CrVg2wCD90R2_CCTCTGAAGCAGGTCA-1,CrVg2wCD90R2
CrVg2wCD90R2_CCTCTGACAAGGTTTC-1,CrVg2wCD90R2
CrVg2wCD90R2_CCTCTGAGTAAACACA-1,CrVg2wCD90R2
CrVg2wCD90R2_CCTCTGAGTAAGGATT-1,CrVg2wCD90R2
CrVg2wCD90R2_CCTCTGATCACGAAGG-1,CrVg2wCD90R2
CrVg2wCD90R2_CCTCTGATCAGCTGGC-1,CrVg2wCD90R2
CrVg2wCD90R2_CCTCTGATCGGCTACG-1,CrVg2wCD90R2
CrVg2wCD90R2_CCTTACGAGCTGAACG-1,CrVg2wCD90R2
CrVg2wCD90R2_CCTTACGAGTACTTGC-1,CrVg2wCD90R2
CrVg2wCD90R2_CCTTACGCACCGAAAG-1,CrVg2wCD90R2
CrVg2wCD90R2_CCTTACGCACTGAAGG-1,CrVg2wCD90R2
CrVg2wCD90R2_CCTTACGCAGGATCGA-1,CrVg2wCD90R2
CrVg2wCD90R2_CCTTACGGTAGGCATG-1,CrVg2wCD90R2
CrVg2wCD90R2_CCTTACGGTCTTCAAG-1,CrVg2wCD90R2
CrVg2wCD90R2_CCTTACGTCACTGGGC-1,CrVg2wCD90R2
CrVg2wCD90R2_CCTTACGTCATCACCC-1,CrVg2wCD90R2
CrVg2wCD90R2_CCTTCCCCACATGACT-1,CrVg2wCD90R2
CrVg2wCD90R2_CCTTCCCCACCCATTC-1,CrVg2wCD90R2
CrVg2wCD90R2_CCTTCCCGTTGAGTTC-1,CrVg2wCD90R2
CrVg2wCD90R2_CCTTCCCTCTCACATT-1,CrVg2wCD90R2
CrVg2wCD90R2_CCTTCGAAGCCATCGC-1,CrVg2wCD90R2
CrVg2wCD90R2_CCTTCGAAGCGTTTAC-1,CrVg2wCD90R2
CrVg2wCD90R2_CCTTCGAAGGATGTAT-1,CrVg2wCD90R2
CrVg2wCD90R2_CCTTCGAAGTACGATA-1,CrVg2wCD90R2
CrVg2wCD90R2_CCTTCGACAGTCCTTC-1,CrVg2wCD90R2
CrVg2wCD90R2_CCTTCGAGTACCCAAT-1,CrVg2wCD90R2
CrVg2wCD90R2_CCTTCGAGTACTTGAC-1,CrVg2wCD90R2
CrVg2wCD90R2_CCTTCGAGTGGAAAGA-1,CrVg2wCD90R2
CrVg2wCD90R2_CCTTCGATCGAACGGA-1,CrVg2wCD90R2
CrVg2wCD90R2_CCTTTCTAGAACAACT-1,CrVg2wCD90R2
CrVg2wCD90R2_CCTTTCTAGCTACCGC-1,CrVg2wCD90R2
CrVg2wCD90R2_CCTTTCTAGCTCAACT-1,CrVg2wCD90R2
CrVg2wCD90R2_CCTTTCTCAGTCGTGC-1,CrVg2wCD90R2
CrVg2wCD90R2_CCTTTCTGTCCGAAGA-1,CrVg2wCD90R2
CrVg2wCD90R2_CCTTTCTGTCGAACAG-1,CrVg2wCD90R2
CrVg2wCD90R2_CCTTTCTTCACAAACC-1,CrVg2wCD90R2
CrVg2wCD90R2_CGAACATAGAAGGTTT-1,CrVg2wCD90R2
CrVg2wCD90R2_CGAACATCAAGAGGCT-1,CrVg2wCD90R2
CrVg2wCD90R2_CGAACATCACGGTGTC-1,CrVg2wCD90R2
CrVg2wCD90R2_CGAACATCATATGCTG-1,CrVg2wCD90R2
CrVg2wCD90R2_CGAACATCATCCGTGG-1,CrVg2wCD90R2
CrVg2wCD90R2_CGAACATTCAACACAC-1,CrVg2wCD90R2
CrVg2wCD90R2_CGAACATTCAGCTTAG-1,CrVg2wCD90R2
CrVg2wCD90R2_CGAACATTCGCATGGC-1,CrVg2wCD90R2
CrVg2wCD90R2_CGAATGTCAGCCTTTC-1,CrVg2wCD90R2
CrVg2wCD90R2_CGAATGTCATGAGCGA-1,CrVg2wCD90R2
CrVg2wCD90R2_CGAATGTGTGCAACGA-1,CrVg2wCD90R2
CrVg2wCD90R2_CGAATGTGTGCCTGGT-1,CrVg2wCD90R2
CrVg2wCD90R2_CGAATGTTCAGGTAAA-1,CrVg2wCD90R2
CrVg2wCD90R2_CGAATGTTCCATTCTA-1,CrVg2wCD90R2
CrVg2wCD90R2_CGAATGTTCCTATTCA-1,CrVg2wCD90R2
CrVg2wCD90R2_CGACCTTCAAGCTGGA-1,CrVg2wCD90R2
CrVg2wCD90R2_CGACCTTCACAACTGT-1,CrVg2wCD90R2
CrVg2wCD90R2_CGACCTTCACCGTTGG-1,CrVg2wCD90R2
CrVg2wCD90R2_CGACCTTGTAAGTAGT-1,CrVg2wCD90R2
CrVg2wCD90R2_CGACCTTTCAATCTCT-1,CrVg2wCD90R2
CrVg2wCD90R2_CGACCTTTCGGACAAG-1,CrVg2wCD90R2
CrVg2wCD90R2_CGACCTTTCGGCTACG-1,CrVg2wCD90R2
CrVg2wCD90R2_CGACCTTTCTTCAACT-1,CrVg2wCD90R2
CrVg2wCD90R2_CGACTTCAGGAATTAC-1,CrVg2wCD90R2
CrVg2wCD90R2_CGACTTCCACGGTTTA-1,CrVg2wCD90R2
CrVg2wCD90R2_CGACTTCCACTAAGTC-1,CrVg2wCD90R2
CrVg2wCD90R2_CGACTTCCAGCATGAG-1,CrVg2wCD90R2
CrVg2wCD90R2_CGACTTCCATTCGACA-1,CrVg2wCD90R2
CrVg2wCD90R2_CGACTTCGTAGCACGA-1,CrVg2wCD90R2
CrVg2wCD90R2_CGACTTCGTAGCGTGA-1,CrVg2wCD90R2
CrVg2wCD90R2_CGACTTCGTTACGACT-1,CrVg2wCD90R2
CrVg2wCD90R2_CGAGAAGAGGAGCGAG-1,CrVg2wCD90R2
CrVg2wCD90R2_CGAGAAGCACAGGTTT-1,CrVg2wCD90R2
CrVg2wCD90R2_CGAGAAGCACCTTGTC-1,CrVg2wCD90R2
CrVg2wCD90R2_CGAGAAGCATTGGTAC-1,CrVg2wCD90R2
CrVg2wCD90R2_CGAGAAGGTATGAAAC-1,CrVg2wCD90R2
CrVg2wCD90R2_CGAGAAGGTTACCGAT-1,CrVg2wCD90R2
CrVg2wCD90R2_CGAGAAGTCTATCGCC-1,CrVg2wCD90R2
CrVg2wCD90R2_CGAGCACAGTCTCCTC-1,CrVg2wCD90R2
CrVg2wCD90R2_CGAGCACAGTTAGGTA-1,CrVg2wCD90R2
CrVg2wCD90R2_CGAGCACCATTAACCG-1,CrVg2wCD90R2
CrVg2wCD90R2_CGAGCACGTAGGCATG-1,CrVg2wCD90R2
CrVg2wCD90R2_CGAGCACGTCGCTTTC-1,CrVg2wCD90R2
CrVg2wCD90R2_CGAGCACGTCTCAACA-1,CrVg2wCD90R2
CrVg2wCD90R2_CGAGCACTCACAGTAC-1,CrVg2wCD90R2
CrVg2wCD90R2_CGAGCACTCACCGGGT-1,CrVg2wCD90R2
CrVg2wCD90R2_CGAGCCAAGTTGAGAT-1,CrVg2wCD90R2
CrVg2wCD90R2_CGAGCCAGTGTTCGAT-1,CrVg2wCD90R2
CrVg2wCD90R2_CGAGCCATCCAGGGCT-1,CrVg2wCD90R2
CrVg2wCD90R2_CGAGCCATCGGTTAAC-1,CrVg2wCD90R2
CrVg2wCD90R2_CGATCGGAGCTCAACT-1,CrVg2wCD90R2
CrVg2wCD90R2_CGATCGGCATGTCCTC-1,CrVg2wCD90R2
CrVg2wCD90R2_CGATCGGCATTTGCTT-1,CrVg2wCD90R2
CrVg2wCD90R2_CGATCGGGTAAATACG-1,CrVg2wCD90R2
CrVg2wCD90R2_CGATCGGTCAGATAAG-1,CrVg2wCD90R2
CrVg2wCD90R2_CGATCGGTCGCCAGCA-1,CrVg2wCD90R2
CrVg2wCD90R2_CGATGGCAGTCGATAA-1,CrVg2wCD90R2
CrVg2wCD90R2_CGATGGCAGTGGACGT-1,CrVg2wCD90R2
CrVg2wCD90R2_CGATGGCGTCTCCATC-1,CrVg2wCD90R2
CrVg2wCD90R2_CGATGGCGTTAAAGAC-1,CrVg2wCD90R2
CrVg2wCD90R2_CGATGGCTCGCCTGAG-1,CrVg2wCD90R2
CrVg2wCD90R2_CGATGGCTCTGTTGAG-1,CrVg2wCD90R2
CrVg2wCD90R2_CGATGTAAGGGAACGG-1,CrVg2wCD90R2
CrVg2wCD90R2_CGATGTACACTACAGT-1,CrVg2wCD90R2
CrVg2wCD90R2_CGATGTAGTGCACCAC-1,CrVg2wCD90R2
CrVg2wCD90R2_CGATGTAGTGGCTCCA-1,CrVg2wCD90R2
CrVg2wCD90R2_CGATGTATCATTCACT-1,CrVg2wCD90R2
CrVg2wCD90R2_CGATTGAAGACTCGGA-1,CrVg2wCD90R2
CrVg2wCD90R2_CGATTGAAGGGATACC-1,CrVg2wCD90R2
CrVg2wCD90R2_CGATTGAAGGTGACCA-1,CrVg2wCD90R2
CrVg2wCD90R2_CGATTGACAAGGACAC-1,CrVg2wCD90R2
CrVg2wCD90R2_CGATTGACAATCAGAA-1,CrVg2wCD90R2
CrVg2wCD90R2_CGATTGACACGCCAGT-1,CrVg2wCD90R2
CrVg2wCD90R2_CGATTGAGTACACCGC-1,CrVg2wCD90R2
CrVg2wCD90R2_CGATTGAGTTAGAACA-1,CrVg2wCD90R2
CrVg2wCD90R2_CGATTGATCCTGCAGG-1,CrVg2wCD90R2
CrVg2wCD90R2_CGATTGATCGATAGAA-1,CrVg2wCD90R2
CrVg2wCD90R2_CGCCAAGAGAGTGAGA-1,CrVg2wCD90R2
CrVg2wCD90R2_CGCCAAGAGTCAAGCG-1,CrVg2wCD90R2
CrVg2wCD90R2_CGCCAAGCAGACGTAG-1,CrVg2wCD90R2
CrVg2wCD90R2_CGCCAAGCATGCATGT-1,CrVg2wCD90R2
CrVg2wCD90R2_CGCCAAGGTAACGTTC-1,CrVg2wCD90R2
CrVg2wCD90R2_CGCCAAGGTCAAAGAT-1,CrVg2wCD90R2
CrVg2wCD90R2_CGCCAAGTCCGAATGT-1,CrVg2wCD90R2
CrVg2wCD90R2_CGCCAAGTCTTGCAAG-1,CrVg2wCD90R2
CrVg2wCD90R2_CGCGGTAAGCCAGTAG-1,CrVg2wCD90R2
CrVg2wCD90R2_CGCGGTACAATAGCAA-1,CrVg2wCD90R2
CrVg2wCD90R2_CGCGGTACACTATCTT-1,CrVg2wCD90R2
CrVg2wCD90R2_CGCGGTAGTAATCACC-1,CrVg2wCD90R2
CrVg2wCD90R2_CGCGGTAGTACTTAGC-1,CrVg2wCD90R2
CrVg2wCD90R2_CGCGGTAGTAGTGAAT-1,CrVg2wCD90R2
CrVg2wCD90R2_CGCGGTAGTCCATCCT-1,CrVg2wCD90R2
CrVg2wCD90R2_CGCGGTAGTTTCCACC-1,CrVg2wCD90R2
CrVg2wCD90R2_CGCGGTATCCGAACGC-1,CrVg2wCD90R2
CrVg2wCD90R2_CGCGTTTAGAACTCGG-1,CrVg2wCD90R2
CrVg2wCD90R2_CGCGTTTAGACTGTAA-1,CrVg2wCD90R2
CrVg2wCD90R2_CGCGTTTAGGAACTGC-1,CrVg2wCD90R2
CrVg2wCD90R2_CGCGTTTAGGTGCAAC-1,CrVg2wCD90R2
CrVg2wCD90R2_CGCGTTTAGTGTCCCG-1,CrVg2wCD90R2
CrVg2wCD90R2_CGCGTTTAGTGTGAAT-1,CrVg2wCD90R2
CrVg2wCD90R2_CGCGTTTCAGCCTTGG-1,CrVg2wCD90R2
CrVg2wCD90R2_CGCGTTTGTCATCGGC-1,CrVg2wCD90R2
CrVg2wCD90R2_CGCGTTTGTCTGATTG-1,CrVg2wCD90R2
CrVg2wCD90R2_CGCGTTTGTCTGCCAG-1,CrVg2wCD90R2
CrVg2wCD90R2_CGCGTTTGTGCAGACA-1,CrVg2wCD90R2
CrVg2wCD90R2_CGCGTTTGTTTGTTTC-1,CrVg2wCD90R2
CrVg2wCD90R2_CGCGTTTTCAAACGGG-1,CrVg2wCD90R2
CrVg2wCD90R2_CGCGTTTTCAAGGCTT-1,CrVg2wCD90R2
CrVg2wCD90R2_CGCGTTTTCCTGTACC-1,CrVg2wCD90R2
CrVg2wCD90R2_CGCGTTTTCGGTGTTA-1,CrVg2wCD90R2
CrVg2wCD90R2_CGCTATCAGGATGGAA-1,CrVg2wCD90R2
CrVg2wCD90R2_CGCTATCAGTAGTGCG-1,CrVg2wCD90R2
CrVg2wCD90R2_CGCTATCCACCATCCT-1,CrVg2wCD90R2
CrVg2wCD90R2_CGCTATCCACTTAAGC-1,CrVg2wCD90R2
CrVg2wCD90R2_CGCTATCGTCTCCACT-1,CrVg2wCD90R2
CrVg2wCD90R2_CGCTATCTCAGAGCTT-1,CrVg2wCD90R2
CrVg2wCD90R2_CGCTATCTCGCGATCG-1,CrVg2wCD90R2
CrVg2wCD90R2_CGCTGGACAAGCCTAT-1,CrVg2wCD90R2
CrVg2wCD90R2_CGCTGGAGTCCTGCTT-1,CrVg2wCD90R2
CrVg2wCD90R2_CGCTGGAGTCGGGTCT-1,CrVg2wCD90R2
CrVg2wCD90R2_CGCTGGAGTCGTGGCT-1,CrVg2wCD90R2
CrVg2wCD90R2_CGCTGGAGTGGAAAGA-1,CrVg2wCD90R2
CrVg2wCD90R2_CGCTGGATCATATCGG-1,CrVg2wCD90R2
CrVg2wCD90R2_CGCTTCAAGAAGGGTA-1,CrVg2wCD90R2
CrVg2wCD90R2_CGCTTCAAGGGCTTGA-1,CrVg2wCD90R2
CrVg2wCD90R2_CGCTTCAAGTACGCGA-1,CrVg2wCD90R2
CrVg2wCD90R2_CGCTTCAAGTTATCGC-1,CrVg2wCD90R2
CrVg2wCD90R2_CGCTTCACAAGAGGCT-1,CrVg2wCD90R2
CrVg2wCD90R2_CGCTTCACACCAGGCT-1,CrVg2wCD90R2
CrVg2wCD90R2_CGCTTCACACGGATAG-1,CrVg2wCD90R2
CrVg2wCD90R2_CGCTTCACATGACGGA-1,CrVg2wCD90R2
CrVg2wCD90R2_CGCTTCAGTAAGGGCT-1,CrVg2wCD90R2
CrVg2wCD90R2_CGCTTCAGTCAAACTC-1,CrVg2wCD90R2
CrVg2wCD90R2_CGCTTCAGTCAGAAGC-1,CrVg2wCD90R2
CrVg2wCD90R2_CGCTTCAGTCTAGTGT-1,CrVg2wCD90R2
CrVg2wCD90R2_CGCTTCATCCCTTGTG-1,CrVg2wCD90R2
CrVg2wCD90R2_CGGACACAGATGTAAC-1,CrVg2wCD90R2
CrVg2wCD90R2_CGGACACAGTAGATGT-1,CrVg2wCD90R2
CrVg2wCD90R2_CGGACACCACGACGAA-1,CrVg2wCD90R2
CrVg2wCD90R2_CGGACACCAGGATTGG-1,CrVg2wCD90R2
CrVg2wCD90R2_CGGACACGTCAGTGGA-1,CrVg2wCD90R2
CrVg2wCD90R2_CGGACACGTGTTGGGA-1,CrVg2wCD90R2
CrVg2wCD90R2_CGGACACGTTACCAGT-1,CrVg2wCD90R2
CrVg2wCD90R2_CGGACACGTTCGTCTC-1,CrVg2wCD90R2
CrVg2wCD90R2_CGGACACGTTGCTCCT-1,CrVg2wCD90R2
CrVg2wCD90R2_CGGACACGTTTGTTGG-1,CrVg2wCD90R2
CrVg2wCD90R2_CGGACACTCAATCACG-1,CrVg2wCD90R2
CrVg2wCD90R2_CGGACACTCCCTTGCA-1,CrVg2wCD90R2
CrVg2wCD90R2_CGGACACTCTCGATGA-1,CrVg2wCD90R2
CrVg2wCD90R2_CGGACGTAGAGCCTAG-1,CrVg2wCD90R2
CrVg2wCD90R2_CGGACGTAGCGGCTTC-1,CrVg2wCD90R2
CrVg2wCD90R2_CGGACGTAGCGTGAAC-1,CrVg2wCD90R2
CrVg2wCD90R2_CGGACGTAGGAATTAC-1,CrVg2wCD90R2
CrVg2wCD90R2_CGGACGTAGGTCATCT-1,CrVg2wCD90R2
CrVg2wCD90R2_CGGACGTCACACAGAG-1,CrVg2wCD90R2
CrVg2wCD90R2_CGGACGTCAGATCGGA-1,CrVg2wCD90R2
CrVg2wCD90R2_CGGACGTCAGTAAGCG-1,CrVg2wCD90R2
CrVg2wCD90R2_CGGACGTCATGCATGT-1,CrVg2wCD90R2
CrVg2wCD90R2_CGGACGTGTGCCTGCA-1,CrVg2wCD90R2
CrVg2wCD90R2_CGGACGTGTTCAGTAC-1,CrVg2wCD90R2
CrVg2wCD90R2_CGGACGTGTTGGGACA-1,CrVg2wCD90R2
CrVg2wCD90R2_CGGACGTTCATTATCC-1,CrVg2wCD90R2
CrVg2wCD90R2_CGGACGTTCTTGGGTA-1,CrVg2wCD90R2
CrVg2wCD90R2_CGGACTGAGGGATGGG-1,CrVg2wCD90R2
CrVg2wCD90R2_CGGACTGCAAGTAATG-1,CrVg2wCD90R2
CrVg2wCD90R2_CGGACTGGTAAACCTC-1,CrVg2wCD90R2
CrVg2wCD90R2_CGGACTGGTAATAGCA-1,CrVg2wCD90R2
CrVg2wCD90R2_CGGACTGTCAGAGGTG-1,CrVg2wCD90R2
CrVg2wCD90R2_CGGACTGTCAGGCGAA-1,CrVg2wCD90R2
CrVg2wCD90R2_CGGAGCTCACGGACAA-1,CrVg2wCD90R2
CrVg2wCD90R2_CGGAGCTCACTGAAGG-1,CrVg2wCD90R2
CrVg2wCD90R2_CGGAGCTCAGGCTGAA-1,CrVg2wCD90R2
CrVg2wCD90R2_CGGAGCTTCTCTGAGA-1,CrVg2wCD90R2
CrVg2wCD90R2_CGGAGCTTCTTGCAAG-1,CrVg2wCD90R2
CrVg2wCD90R2_CGGAGTCAGCTCCCAG-1,CrVg2wCD90R2
CrVg2wCD90R2_CGGAGTCCAAGCCTAT-1,CrVg2wCD90R2
CrVg2wCD90R2_CGGAGTCCACATCCGG-1,CrVg2wCD90R2
CrVg2wCD90R2_CGGAGTCCAGCTGCTG-1,CrVg2wCD90R2
CrVg2wCD90R2_CGGAGTCCAGGACGTA-1,CrVg2wCD90R2
CrVg2wCD90R2_CGGAGTCCATCCAACA-1,CrVg2wCD90R2
CrVg2wCD90R2_CGGAGTCGTGACAAAT-1,CrVg2wCD90R2
CrVg2wCD90R2_CGGAGTCTCATCTGCC-1,CrVg2wCD90R2
CrVg2wCD90R2_CGGAGTCTCGAATGCT-1,CrVg2wCD90R2
CrVg2wCD90R2_CGGAGTCTCGCCATAA-1,CrVg2wCD90R2
CrVg2wCD90R2_CGGCTAGAGTGCAAGC-1,CrVg2wCD90R2
CrVg2wCD90R2_CGGCTAGCACGAAAGC-1,CrVg2wCD90R2
CrVg2wCD90R2_CGGCTAGGTCATTAGC-1,CrVg2wCD90R2
CrVg2wCD90R2_CGGCTAGTCGACCAGC-1,CrVg2wCD90R2
CrVg2wCD90R2_CGGCTAGTCTCGATGA-1,CrVg2wCD90R2
CrVg2wCD90R2_CGGGTCAAGAGAGCTC-1,CrVg2wCD90R2
CrVg2wCD90R2_CGGGTCAAGTCACGCC-1,CrVg2wCD90R2
CrVg2wCD90R2_CGGGTCAAGTTGTAGA-1,CrVg2wCD90R2
CrVg2wCD90R2_CGGGTCACACAGCCCA-1,CrVg2wCD90R2
CrVg2wCD90R2_CGGGTCACACCTGGTG-1,CrVg2wCD90R2
CrVg2wCD90R2_CGGGTCAGTCTGCAAT-1,CrVg2wCD90R2
CrVg2wCD90R2_CGGGTCAGTGCACCAC-1,CrVg2wCD90R2
CrVg2wCD90R2_CGGGTCATCCTGTACC-1,CrVg2wCD90R2
CrVg2wCD90R2_CGGGTCATCTACTTAC-1,CrVg2wCD90R2
CrVg2wCD90R2_CGGTTAAAGAGATGAG-1,CrVg2wCD90R2
CrVg2wCD90R2_CGGTTAAAGCTTCGCG-1,CrVg2wCD90R2
CrVg2wCD90R2_CGGTTAACAGGGTATG-1,CrVg2wCD90R2
CrVg2wCD90R2_CGGTTAACATTTGCTT-1,CrVg2wCD90R2
CrVg2wCD90R2_CGGTTAAGTAACGCGA-1,CrVg2wCD90R2
CrVg2wCD90R2_CGGTTAAGTCATATCG-1,CrVg2wCD90R2
CrVg2wCD90R2_CGGTTAAGTCTTCTCG-1,CrVg2wCD90R2
CrVg2wCD90R2_CGGTTAAGTTGGGACA-1,CrVg2wCD90R2
CrVg2wCD90R2_CGGTTAATCAGTGCAT-1,CrVg2wCD90R2
CrVg2wCD90R2_CGGTTAATCATGTGGT-1,CrVg2wCD90R2
CrVg2wCD90R2_CGGTTAATCCTCAACC-1,CrVg2wCD90R2
CrVg2wCD90R2_CGTAGCGAGGGAAACA-1,CrVg2wCD90R2
CrVg2wCD90R2_CGTAGCGGTACAGACG-1,CrVg2wCD90R2
CrVg2wCD90R2_CGTAGCGTCAGTTTGG-1,CrVg2wCD90R2
CrVg2wCD90R2_CGTAGCGTCCTAGGGC-1,CrVg2wCD90R2
CrVg2wCD90R2_CGTAGCGTCCTTGACC-1,CrVg2wCD90R2
CrVg2wCD90R2_CGTAGCGTCTAACTCT-1,CrVg2wCD90R2
CrVg2wCD90R2_CGTAGCGTCTGCTGTC-1,CrVg2wCD90R2
CrVg2wCD90R2_CGTAGGCAGCCACGTC-1,CrVg2wCD90R2
CrVg2wCD90R2_CGTAGGCCACACCGCA-1,CrVg2wCD90R2
CrVg2wCD90R2_CGTAGGCCACCTGGTG-1,CrVg2wCD90R2
CrVg2wCD90R2_CGTAGGCCATGGTAGG-1,CrVg2wCD90R2
CrVg2wCD90R2_CGTAGGCGTACTTGAC-1,CrVg2wCD90R2
CrVg2wCD90R2_CGTAGGCGTTCCACTC-1,CrVg2wCD90R2
CrVg2wCD90R2_CGTAGGCTCCTGCTTG-1,CrVg2wCD90R2
CrVg2wCD90R2_CGTAGGCTCGACAGCC-1,CrVg2wCD90R2
CrVg2wCD90R2_CGTAGGCTCTGCGTAA-1,CrVg2wCD90R2
CrVg2wCD90R2_CGTCACTAGTTAACGA-1,CrVg2wCD90R2
CrVg2wCD90R2_CGTCACTCAATGGAGC-1,CrVg2wCD90R2
CrVg2wCD90R2_CGTCACTCACTCGACG-1,CrVg2wCD90R2
CrVg2wCD90R2_CGTCACTCAGCTATTG-1,CrVg2wCD90R2
CrVg2wCD90R2_CGTCACTTCGTCGTTC-1,CrVg2wCD90R2
CrVg2wCD90R2_CGTCACTTCTGAGTGT-1,CrVg2wCD90R2
CrVg2wCD90R2_CGTCAGGAGAGTCTGG-1,CrVg2wCD90R2
CrVg2wCD90R2_CGTCAGGAGGATGCGT-1,CrVg2wCD90R2
CrVg2wCD90R2_CGTCAGGAGGGTCTCC-1,CrVg2wCD90R2
CrVg2wCD90R2_CGTCAGGCAAACCCAT-1,CrVg2wCD90R2
CrVg2wCD90R2_CGTCAGGCAGTACACT-1,CrVg2wCD90R2
CrVg2wCD90R2_CGTCAGGGTCCATCCT-1,CrVg2wCD90R2
CrVg2wCD90R2_CGTCAGGGTTATCCGA-1,CrVg2wCD90R2
CrVg2wCD90R2_CGTCAGGTCTCTGCTG-1,CrVg2wCD90R2
CrVg2wCD90R2_CGTCAGGTCTGGTGTA-1,CrVg2wCD90R2
CrVg2wCD90R2_CGTCCATAGGACATTA-1,CrVg2wCD90R2
CrVg2wCD90R2_CGTCCATAGTTCCACA-1,CrVg2wCD90R2
CrVg2wCD90R2_CGTCCATCAATAGCGG-1,CrVg2wCD90R2
CrVg2wCD90R2_CGTCCATGTAACGTTC-1,CrVg2wCD90R2
CrVg2wCD90R2_CGTCCATGTATGGTTC-1,CrVg2wCD90R2
CrVg2wCD90R2_CGTCCATGTCAGATAA-1,CrVg2wCD90R2
CrVg2wCD90R2_CGTCCATGTGAAGGCT-1,CrVg2wCD90R2
CrVg2wCD90R2_CGTCCATTCACTTACT-1,CrVg2wCD90R2
CrVg2wCD90R2_CGTCCATTCTTCGGTC-1,CrVg2wCD90R2
CrVg2wCD90R2_CGTCTACAGCTAGTTC-1,CrVg2wCD90R2
CrVg2wCD90R2_CGTCTACCAAGTTGTC-1,CrVg2wCD90R2
CrVg2wCD90R2_CGTCTACCAATGAAAC-1,CrVg2wCD90R2
CrVg2wCD90R2_CGTCTACTCATCTGTT-1,CrVg2wCD90R2
CrVg2wCD90R2_CGTCTACTCCGTTGCT-1,CrVg2wCD90R2
CrVg2wCD90R2_CGTCTACTCGGCTTGG-1,CrVg2wCD90R2
CrVg2wCD90R2_CGTGAGCAGATAGTCA-1,CrVg2wCD90R2
CrVg2wCD90R2_CGTGAGCCAATAACGA-1,CrVg2wCD90R2
CrVg2wCD90R2_CGTGAGCCACATTAGC-1,CrVg2wCD90R2
CrVg2wCD90R2_CGTGAGCCACCTGGTG-1,CrVg2wCD90R2
CrVg2wCD90R2_CGTGAGCGTGCCTGTG-1,CrVg2wCD90R2
CrVg2wCD90R2_CGTGAGCGTTAGGGTG-1,CrVg2wCD90R2
CrVg2wCD90R2_CGTGAGCGTTCGCTAA-1,CrVg2wCD90R2
CrVg2wCD90R2_CGTGAGCTCAATCACG-1,CrVg2wCD90R2
CrVg2wCD90R2_CGTGAGCTCCTAGAAC-1,CrVg2wCD90R2
CrVg2wCD90R2_CGTGTAAAGACACTAA-1,CrVg2wCD90R2
CrVg2wCD90R2_CGTGTAACAGCCTGTG-1,CrVg2wCD90R2
CrVg2wCD90R2_CGTGTAAGTCTTCAAG-1,CrVg2wCD90R2
CrVg2wCD90R2_CGTGTAAGTGTAATGA-1,CrVg2wCD90R2
CrVg2wCD90R2_CGTGTAAGTTCCCGAG-1,CrVg2wCD90R2
CrVg2wCD90R2_CGTGTCTAGACCTAGG-1,CrVg2wCD90R2
CrVg2wCD90R2_CGTGTCTAGAGCCCAA-1,CrVg2wCD90R2
CrVg2wCD90R2_CGTGTCTAGGCTAGAC-1,CrVg2wCD90R2
CrVg2wCD90R2_CGTGTCTAGTGGGCTA-1,CrVg2wCD90R2
CrVg2wCD90R2_CGTGTCTGTACAAGTA-1,CrVg2wCD90R2
CrVg2wCD90R2_CGTGTCTGTACCCAAT-1,CrVg2wCD90R2
CrVg2wCD90R2_CGTGTCTTCCTCGCAT-1,CrVg2wCD90R2
CrVg2wCD90R2_CGTGTCTTCGTGGACC-1,CrVg2wCD90R2
CrVg2wCD90R2_CGTTAGAAGACCGGAT-1,CrVg2wCD90R2
CrVg2wCD90R2_CGTTAGACAATCAGAA-1,CrVg2wCD90R2
CrVg2wCD90R2_CGTTAGACACAGGCCT-1,CrVg2wCD90R2
CrVg2wCD90R2_CGTTAGACAGGTCGTC-1,CrVg2wCD90R2
CrVg2wCD90R2_CGTTAGACAGTCTTCC-1,CrVg2wCD90R2
CrVg2wCD90R2_CGTTAGAGTACTCAAC-1,CrVg2wCD90R2
CrVg2wCD90R2_CGTTAGAGTAGCAAAT-1,CrVg2wCD90R2
CrVg2wCD90R2_CGTTAGAGTCGCTTTC-1,CrVg2wCD90R2
CrVg2wCD90R2_CGTTAGAGTGAGGGAG-1,CrVg2wCD90R2
CrVg2wCD90R2_CGTTCTGAGATATGGT-1,CrVg2wCD90R2
CrVg2wCD90R2_CGTTCTGAGTTGTCGT-1,CrVg2wCD90R2
CrVg2wCD90R2_CGTTCTGCATGCCCGA-1,CrVg2wCD90R2
CrVg2wCD90R2_CGTTCTGGTATAGTAG-1,CrVg2wCD90R2
CrVg2wCD90R2_CGTTCTGGTCTACCTC-1,CrVg2wCD90R2
CrVg2wCD90R2_CGTTCTGGTCTCACCT-1,CrVg2wCD90R2
CrVg2wCD90R2_CGTTCTGGTTTGACTG-1,CrVg2wCD90R2
CrVg2wCD90R2_CGTTCTGTCATTCACT-1,CrVg2wCD90R2
CrVg2wCD90R2_CGTTCTGTCCAAGTAC-1,CrVg2wCD90R2
CrVg2wCD90R2_CGTTCTGTCCAGATCA-1,CrVg2wCD90R2
CrVg2wCD90R2_CGTTCTGTCCCTCTTT-1,CrVg2wCD90R2
CrVg2wCD90R2_CGTTCTGTCTGCCAGG-1,CrVg2wCD90R2
CrVg2wCD90R2_CGTTGGGAGAACAACT-1,CrVg2wCD90R2
CrVg2wCD90R2_CGTTGGGAGAAGGTTT-1,CrVg2wCD90R2
CrVg2wCD90R2_CGTTGGGAGACTAGAT-1,CrVg2wCD90R2
CrVg2wCD90R2_CGTTGGGAGAGTACCG-1,CrVg2wCD90R2
CrVg2wCD90R2_CGTTGGGAGGTTCCTA-1,CrVg2wCD90R2
CrVg2wCD90R2_CGTTGGGGTCGCTTTC-1,CrVg2wCD90R2
CrVg2wCD90R2_CGTTGGGGTGCAGACA-1,CrVg2wCD90R2
CrVg2wCD90R2_CGTTGGGTCAGGCAAG-1,CrVg2wCD90R2
CrVg2wCD90R2_CGTTGGGTCCTAGAAC-1,CrVg2wCD90R2
CrVg2wCD90R2_CGTTGGGTCGCCCTTA-1,CrVg2wCD90R2
CrVg2wCD90R2_CGTTGGGTCTGTGCAA-1,CrVg2wCD90R2
CrVg2wCD90R2_CTAACTTCAAGTCTGT-1,CrVg2wCD90R2
CrVg2wCD90R2_CTAACTTCAGAGCCAA-1,CrVg2wCD90R2
CrVg2wCD90R2_CTAACTTCAGCGTAAG-1,CrVg2wCD90R2
CrVg2wCD90R2_CTAACTTCATGCTAGT-1,CrVg2wCD90R2
CrVg2wCD90R2_CTAACTTGTAATCGTC-1,CrVg2wCD90R2
CrVg2wCD90R2_CTAACTTGTACTTAGC-1,CrVg2wCD90R2
CrVg2wCD90R2_CTAACTTTCCGGGTGT-1,CrVg2wCD90R2
CrVg2wCD90R2_CTAACTTTCTCCCTGA-1,CrVg2wCD90R2
CrVg2wCD90R2_CTAACTTTCTTATCTG-1,CrVg2wCD90R2
CrVg2wCD90R2_CTAACTTTCTTGCAAG-1,CrVg2wCD90R2
CrVg2wCD90R2_CTAAGACAGAAACCAT-1,CrVg2wCD90R2
CrVg2wCD90R2_CTAAGACAGACATAAC-1,CrVg2wCD90R2
CrVg2wCD90R2_CTAAGACAGCATCATC-1,CrVg2wCD90R2
CrVg2wCD90R2_CTAAGACAGGTCATCT-1,CrVg2wCD90R2
CrVg2wCD90R2_CTAAGACCAACGCACC-1,CrVg2wCD90R2
CrVg2wCD90R2_CTAAGACCAAGGTTTC-1,CrVg2wCD90R2
CrVg2wCD90R2_CTAAGACCAGTTCATG-1,CrVg2wCD90R2
CrVg2wCD90R2_CTAAGACTCAGAAATG-1,CrVg2wCD90R2
CrVg2wCD90R2_CTAAGACTCTACTATC-1,CrVg2wCD90R2
CrVg2wCD90R2_CTAATGGCAGCGTAAG-1,CrVg2wCD90R2
CrVg2wCD90R2_CTAATGGTCACGCATA-1,CrVg2wCD90R2
CrVg2wCD90R2_CTAATGGTCATGCATG-1,CrVg2wCD90R2
CrVg2wCD90R2_CTAATGGTCATGTCCC-1,CrVg2wCD90R2
CrVg2wCD90R2_CTAATGGTCCATGAGT-1,CrVg2wCD90R2
CrVg2wCD90R2_CTAATGGTCGCCAGCA-1,CrVg2wCD90R2
CrVg2wCD90R2_CTAATGGTCTACTATC-1,CrVg2wCD90R2
CrVg2wCD90R2_CTACACCAGCTGTTCA-1,CrVg2wCD90R2
CrVg2wCD90R2_CTACACCAGTATCGAA-1,CrVg2wCD90R2
CrVg2wCD90R2_CTACACCCATTTGCTT-1,CrVg2wCD90R2
CrVg2wCD90R2_CTACACCGTATTCGTG-1,CrVg2wCD90R2
CrVg2wCD90R2_CTACACCGTGAGGCTA-1,CrVg2wCD90R2
CrVg2wCD90R2_CTACACCGTGATGATA-1,CrVg2wCD90R2
CrVg2wCD90R2_CTACACCTCACTTCAT-1,CrVg2wCD90R2
CrVg2wCD90R2_CTACATTAGACGCACA-1,CrVg2wCD90R2
CrVg2wCD90R2_CTACATTCAAGCGTAG-1,CrVg2wCD90R2
CrVg2wCD90R2_CTACATTCATCGTCGG-1,CrVg2wCD90R2
CrVg2wCD90R2_CTACATTGTAATCACC-1,CrVg2wCD90R2
CrVg2wCD90R2_CTACATTTCTCCCTGA-1,CrVg2wCD90R2
CrVg2wCD90R2_CTACATTTCTCTGCTG-1,CrVg2wCD90R2
CrVg2wCD90R2_CTACATTTCTGGTGTA-1,CrVg2wCD90R2
CrVg2wCD90R2_CTACCCAAGGTACTCT-1,CrVg2wCD90R2
CrVg2wCD90R2_CTACCCACACTGCCAG-1,CrVg2wCD90R2
CrVg2wCD90R2_CTACCCACACTGTTAG-1,CrVg2wCD90R2
CrVg2wCD90R2_CTACCCAGTACTTCTT-1,CrVg2wCD90R2
CrVg2wCD90R2_CTACCCAGTCTCTCGT-1,CrVg2wCD90R2
CrVg2wCD90R2_CTACCCAGTCTCTTTA-1,CrVg2wCD90R2
CrVg2wCD90R2_CTACCCAGTTACAGAA-1,CrVg2wCD90R2
CrVg2wCD90R2_CTACCCAGTTCACGGC-1,CrVg2wCD90R2
CrVg2wCD90R2_CTACCCATCTCTGCTG-1,CrVg2wCD90R2
CrVg2wCD90R2_CTACGTCAGACAAAGG-1,CrVg2wCD90R2
CrVg2wCD90R2_CTACGTCAGACTCGGA-1,CrVg2wCD90R2
CrVg2wCD90R2_CTACGTCAGAGTACCG-1,CrVg2wCD90R2
CrVg2wCD90R2_CTACGTCAGGCAGGTT-1,CrVg2wCD90R2
CrVg2wCD90R2_CTACGTCAGTATTGGA-1,CrVg2wCD90R2
CrVg2wCD90R2_CTACGTCAGTGGGTTG-1,CrVg2wCD90R2
CrVg2wCD90R2_CTACGTCCAAGGTTTC-1,CrVg2wCD90R2
CrVg2wCD90R2_CTACGTCCAGGCAGTA-1,CrVg2wCD90R2
CrVg2wCD90R2_CTACGTCTCCCGGATG-1,CrVg2wCD90R2
CrVg2wCD90R2_CTACGTCTCCGCAGTG-1,CrVg2wCD90R2
CrVg2wCD90R2_CTACGTCTCCTTGGTC-1,CrVg2wCD90R2
CrVg2wCD90R2_CTACGTCTCTCCCTGA-1,CrVg2wCD90R2
CrVg2wCD90R2_CTAGAGTAGCTGGAAC-1,CrVg2wCD90R2
CrVg2wCD90R2_CTAGAGTCAAGGTTCT-1,CrVg2wCD90R2
CrVg2wCD90R2_CTAGAGTCATTAACCG-1,CrVg2wCD90R2
CrVg2wCD90R2_CTAGAGTGTCTAACGT-1,CrVg2wCD90R2
CrVg2wCD90R2_CTAGAGTGTGCAACTT-1,CrVg2wCD90R2
CrVg2wCD90R2_CTAGAGTGTTCAGTAC-1,CrVg2wCD90R2
CrVg2wCD90R2_CTAGAGTGTTTGACAC-1,CrVg2wCD90R2
CrVg2wCD90R2_CTAGAGTTCAGAAATG-1,CrVg2wCD90R2
CrVg2wCD90R2_CTAGAGTTCCCTAATT-1,CrVg2wCD90R2
CrVg2wCD90R2_CTAGCCTAGACCTTTG-1,CrVg2wCD90R2
CrVg2wCD90R2_CTAGCCTAGCGTTCCG-1,CrVg2wCD90R2
CrVg2wCD90R2_CTAGCCTGTTGTCGCG-1,CrVg2wCD90R2
CrVg2wCD90R2_CTAGCCTTCCGCGTTT-1,CrVg2wCD90R2
CrVg2wCD90R2_CTAGCCTTCGTCCAGG-1,CrVg2wCD90R2
CrVg2wCD90R2_CTAGTGAAGGTGGGTT-1,CrVg2wCD90R2
CrVg2wCD90R2_CTAGTGATCCCTCTTT-1,CrVg2wCD90R2
CrVg2wCD90R2_CTAGTGATCCGCAAGC-1,CrVg2wCD90R2
CrVg2wCD90R2_CTAGTGATCCTTAATC-1,CrVg2wCD90R2
CrVg2wCD90R2_CTAGTGATCGCTTGTC-1,CrVg2wCD90R2
CrVg2wCD90R2_CTAGTGATCTTCTGGC-1,CrVg2wCD90R2
CrVg2wCD90R2_CTCACACCAATCACAC-1,CrVg2wCD90R2
CrVg2wCD90R2_CTCACACCACTTAAGC-1,CrVg2wCD90R2
CrVg2wCD90R2_CTCACACCAGCTTAAC-1,CrVg2wCD90R2
CrVg2wCD90R2_CTCACACGTCAGGACA-1,CrVg2wCD90R2
CrVg2wCD90R2_CTCACACGTTAAAGAC-1,CrVg2wCD90R2
CrVg2wCD90R2_CTCACACGTTTGACTG-1,CrVg2wCD90R2
CrVg2wCD90R2_CTCACACTCCATGAGT-1,CrVg2wCD90R2
CrVg2wCD90R2_CTCACACTCGGAATCT-1,CrVg2wCD90R2
CrVg2wCD90R2_CTCAGAAAGAGTACCG-1,CrVg2wCD90R2
CrVg2wCD90R2_CTCAGAACACTAGTAC-1,CrVg2wCD90R2
CrVg2wCD90R2_CTCAGAACACTTACGA-1,CrVg2wCD90R2
CrVg2wCD90R2_CTCAGAACATCTGGTA-1,CrVg2wCD90R2
CrVg2wCD90R2_CTCAGAAGTCGTGGCT-1,CrVg2wCD90R2
CrVg2wCD90R2_CTCAGAAGTGACGCCT-1,CrVg2wCD90R2
CrVg2wCD90R2_CTCAGAAGTGTGTGCC-1,CrVg2wCD90R2
CrVg2wCD90R2_CTCAGAATCGACCAGC-1,CrVg2wCD90R2
CrVg2wCD90R2_CTCATTAAGACAAGCC-1,CrVg2wCD90R2
CrVg2wCD90R2_CTCATTACAGTCACTA-1,CrVg2wCD90R2
CrVg2wCD90R2_CTCATTAGTATGAAAC-1,CrVg2wCD90R2
CrVg2wCD90R2_CTCATTATCACGATGT-1,CrVg2wCD90R2
CrVg2wCD90R2_CTCATTATCGGCCGAT-1,CrVg2wCD90R2
CrVg2wCD90R2_CTCATTATCTTGTACT-1,CrVg2wCD90R2
CrVg2wCD90R2_CTCCTAGAGAATAGGG-1,CrVg2wCD90R2
CrVg2wCD90R2_CTCCTAGAGGCCCTCA-1,CrVg2wCD90R2
CrVg2wCD90R2_CTCCTAGAGGGCATGT-1,CrVg2wCD90R2
CrVg2wCD90R2_CTCCTAGAGTACGTAA-1,CrVg2wCD90R2
CrVg2wCD90R2_CTCCTAGCAAGCTGGA-1,CrVg2wCD90R2
CrVg2wCD90R2_CTCCTAGCAGACGCTC-1,CrVg2wCD90R2
CrVg2wCD90R2_CTCCTAGGTACCGCTG-1,CrVg2wCD90R2
CrVg2wCD90R2_CTCGAAAAGCGTCTAT-1,CrVg2wCD90R2
CrVg2wCD90R2_CTCGAAACACAACGCC-1,CrVg2wCD90R2
CrVg2wCD90R2_CTCGAAACACAGTCGC-1,CrVg2wCD90R2
CrVg2wCD90R2_CTCGAAACATGCGCAC-1,CrVg2wCD90R2
CrVg2wCD90R2_CTCGAAATCACCAGGC-1,CrVg2wCD90R2
CrVg2wCD90R2_CTCGAGGAGACTTGAA-1,CrVg2wCD90R2
CrVg2wCD90R2_CTCGAGGAGTGTCCCG-1,CrVg2wCD90R2
CrVg2wCD90R2_CTCGAGGAGTTTCCTT-1,CrVg2wCD90R2
CrVg2wCD90R2_CTCGAGGCACGTCAGC-1,CrVg2wCD90R2
CrVg2wCD90R2_CTCGAGGCATGAGCGA-1,CrVg2wCD90R2
CrVg2wCD90R2_CTCGAGGGTAAACACA-1,CrVg2wCD90R2
CrVg2wCD90R2_CTCGAGGGTCACAAGG-1,CrVg2wCD90R2
CrVg2wCD90R2_CTCGAGGGTCTGGTCG-1,CrVg2wCD90R2
CrVg2wCD90R2_CTCGAGGGTGGTGTAG-1,CrVg2wCD90R2
CrVg2wCD90R2_CTCGAGGGTTGTCGCG-1,CrVg2wCD90R2
CrVg2wCD90R2_CTCGAGGTCATCGCTC-1,CrVg2wCD90R2
CrVg2wCD90R2_CTCGAGGTCCGATATG-1,CrVg2wCD90R2
CrVg2wCD90R2_CTCGAGGTCGCACTCT-1,CrVg2wCD90R2
CrVg2wCD90R2_CTCGAGGTCGTGACAT-1,CrVg2wCD90R2
CrVg2wCD90R2_CTCGAGGTCTAACGGT-1,CrVg2wCD90R2
CrVg2wCD90R2_CTCGAGGTCTTCAACT-1,CrVg2wCD90R2
CrVg2wCD90R2_CTCGAGGTCTTGCATT-1,CrVg2wCD90R2
CrVg2wCD90R2_CTCGAGGTCTTTACAC-1,CrVg2wCD90R2
CrVg2wCD90R2_CTCGGAGCAATGGAGC-1,CrVg2wCD90R2
CrVg2wCD90R2_CTCGGAGCATGCCACG-1,CrVg2wCD90R2
CrVg2wCD90R2_CTCGGAGCATTGGTAC-1,CrVg2wCD90R2
CrVg2wCD90R2_CTCGGAGGTCGTGGCT-1,CrVg2wCD90R2
CrVg2wCD90R2_CTCGGAGGTCTCGTTC-1,CrVg2wCD90R2
CrVg2wCD90R2_CTCGGAGTCCTACAGA-1,CrVg2wCD90R2
CrVg2wCD90R2_CTCGGAGTCTACTATC-1,CrVg2wCD90R2
CrVg2wCD90R2_CTCGGAGTCTGTCTAT-1,CrVg2wCD90R2
CrVg2wCD90R2_CTCGGGAAGCGTTTAC-1,CrVg2wCD90R2
CrVg2wCD90R2_CTCGGGAAGTAGCCGA-1,CrVg2wCD90R2
CrVg2wCD90R2_CTCGGGAAGTGAACAT-1,CrVg2wCD90R2
CrVg2wCD90R2_CTCGGGACACAACGCC-1,CrVg2wCD90R2
CrVg2wCD90R2_CTCGGGACACTTACGA-1,CrVg2wCD90R2
CrVg2wCD90R2_CTCGGGACATAACCTG-1,CrVg2wCD90R2
CrVg2wCD90R2_CTCGGGAGTACTCGCG-1,CrVg2wCD90R2
CrVg2wCD90R2_CTCGGGAGTGCACGAA-1,CrVg2wCD90R2
CrVg2wCD90R2_CTCGGGAGTTAGAACA-1,CrVg2wCD90R2
CrVg2wCD90R2_CTCGGGATCTACCTGC-1,CrVg2wCD90R2
CrVg2wCD90R2_CTCGGGATCTCTGCTG-1,CrVg2wCD90R2
CrVg2wCD90R2_CTCGGGATCTGTCTCG-1,CrVg2wCD90R2
CrVg2wCD90R2_CTCGTACAGCGCTCCA-1,CrVg2wCD90R2
CrVg2wCD90R2_CTCGTACGTTTGGCGC-1,CrVg2wCD90R2
CrVg2wCD90R2_CTCGTACTCAAGGTAA-1,CrVg2wCD90R2
CrVg2wCD90R2_CTCGTCAAGCCAGTAG-1,CrVg2wCD90R2
CrVg2wCD90R2_CTCGTCACAGGAATCG-1,CrVg2wCD90R2
CrVg2wCD90R2_CTCGTCACATGGAATA-1,CrVg2wCD90R2
CrVg2wCD90R2_CTCGTCAGTATCTGCA-1,CrVg2wCD90R2
CrVg2wCD90R2_CTCGTCAGTCGCATCG-1,CrVg2wCD90R2
CrVg2wCD90R2_CTCGTCAGTCGCTTTC-1,CrVg2wCD90R2
CrVg2wCD90R2_CTCGTCAGTCTGCCAG-1,CrVg2wCD90R2
CrVg2wCD90R2_CTCGTCATCGATGAGG-1,CrVg2wCD90R2
CrVg2wCD90R2_CTCGTCATCTCTGCTG-1,CrVg2wCD90R2
CrVg2wCD90R2_CTCTAATAGATAGGAG-1,CrVg2wCD90R2
CrVg2wCD90R2_CTCTAATAGTGTCTCA-1,CrVg2wCD90R2
CrVg2wCD90R2_CTCTAATCACAGCGTC-1,CrVg2wCD90R2
CrVg2wCD90R2_CTCTAATCATCCGTGG-1,CrVg2wCD90R2
CrVg2wCD90R2_CTCTAATGTAAGCACG-1,CrVg2wCD90R2
CrVg2wCD90R2_CTCTAATGTCTCTCGT-1,CrVg2wCD90R2
CrVg2wCD90R2_CTCTAATTCAAACAAG-1,CrVg2wCD90R2
CrVg2wCD90R2_CTCTAATTCAACACCA-1,CrVg2wCD90R2
CrVg2wCD90R2_CTCTAATTCATCATTC-1,CrVg2wCD90R2
CrVg2wCD90R2_CTCTACGAGCTAACTC-1,CrVg2wCD90R2
CrVg2wCD90R2_CTCTACGAGGTAAACT-1,CrVg2wCD90R2
CrVg2wCD90R2_CTCTACGAGTAGCGGT-1,CrVg2wCD90R2
CrVg2wCD90R2_CTCTACGAGTAGGCCA-1,CrVg2wCD90R2
CrVg2wCD90R2_CTCTACGAGTCGTTTG-1,CrVg2wCD90R2
CrVg2wCD90R2_CTCTACGGTAAACCTC-1,CrVg2wCD90R2
CrVg2wCD90R2_CTCTACGGTAATAGCA-1,CrVg2wCD90R2
CrVg2wCD90R2_CTCTACGTCACTCCTG-1,CrVg2wCD90R2
CrVg2wCD90R2_CTCTACGTCGCTTGTC-1,CrVg2wCD90R2
CrVg2wCD90R2_CTCTACGTCTGTGCAA-1,CrVg2wCD90R2
CrVg2wCD90R2_CTCTGGTAGAACTGTA-1,CrVg2wCD90R2
CrVg2wCD90R2_CTCTGGTAGAGGTTAT-1,CrVg2wCD90R2
CrVg2wCD90R2_CTCTGGTAGCCTATGT-1,CrVg2wCD90R2
CrVg2wCD90R2_CTCTGGTAGGCTAGCA-1,CrVg2wCD90R2
CrVg2wCD90R2_CTCTGGTCAACTTGAC-1,CrVg2wCD90R2
CrVg2wCD90R2_CTCTGGTCATCCGCGA-1,CrVg2wCD90R2
CrVg2wCD90R2_CTCTGGTGTATATCCG-1,CrVg2wCD90R2
CrVg2wCD90R2_CTCTGGTGTCAACTGT-1,CrVg2wCD90R2
CrVg2wCD90R2_CTCTGGTGTGTAACGG-1,CrVg2wCD90R2
CrVg2wCD90R2_CTCTGGTTCTGAGGGA-1,CrVg2wCD90R2
CrVg2wCD90R2_CTGAAACAGCCAGTAG-1,CrVg2wCD90R2
CrVg2wCD90R2_CTGAAACAGGCGCTCT-1,CrVg2wCD90R2
CrVg2wCD90R2_CTGAAACCACGCATCG-1,CrVg2wCD90R2
CrVg2wCD90R2_CTGAAACCAGTAGAGC-1,CrVg2wCD90R2
CrVg2wCD90R2_CTGAAACGTCCATCCT-1,CrVg2wCD90R2
CrVg2wCD90R2_CTGAAGTAGGCGATAC-1,CrVg2wCD90R2
CrVg2wCD90R2_CTGAAGTGTCCGTGAC-1,CrVg2wCD90R2
CrVg2wCD90R2_CTGAAGTGTCTAGGTT-1,CrVg2wCD90R2
CrVg2wCD90R2_CTGAAGTGTGTTGGGA-1,CrVg2wCD90R2
CrVg2wCD90R2_CTGATAGCAATACGCT-1,CrVg2wCD90R2
CrVg2wCD90R2_CTGATAGGTGTTCGAT-1,CrVg2wCD90R2
CrVg2wCD90R2_CTGATAGTCCGCGGTA-1,CrVg2wCD90R2
CrVg2wCD90R2_CTGATAGTCTCGATGA-1,CrVg2wCD90R2
CrVg2wCD90R2_CTGATAGTCTCTTGAT-1,CrVg2wCD90R2
CrVg2wCD90R2_CTGATAGTCTTGCAAG-1,CrVg2wCD90R2
CrVg2wCD90R2_CTGATCCCAAAGGAAG-1,CrVg2wCD90R2
CrVg2wCD90R2_CTGATCCCACTTACGA-1,CrVg2wCD90R2
CrVg2wCD90R2_CTGATCCGTCAGTGGA-1,CrVg2wCD90R2
CrVg2wCD90R2_CTGATCCGTGAGTATA-1,CrVg2wCD90R2
CrVg2wCD90R2_CTGATCCTCCACGAAT-1,CrVg2wCD90R2
CrVg2wCD90R2_CTGCCTAAGACGCACA-1,CrVg2wCD90R2
CrVg2wCD90R2_CTGCCTAAGCAGCGTA-1,CrVg2wCD90R2
CrVg2wCD90R2_CTGCCTACATTGGGCC-1,CrVg2wCD90R2
CrVg2wCD90R2_CTGCCTAGTGACCAAG-1,CrVg2wCD90R2
CrVg2wCD90R2_CTGCGGAAGACCGGAT-1,CrVg2wCD90R2
CrVg2wCD90R2_CTGCGGAAGGCTAGCA-1,CrVg2wCD90R2
CrVg2wCD90R2_CTGCGGAAGTAGTGCG-1,CrVg2wCD90R2
CrVg2wCD90R2_CTGCGGACACAGAGGT-1,CrVg2wCD90R2
CrVg2wCD90R2_CTGCGGAGTAAGCACG-1,CrVg2wCD90R2
CrVg2wCD90R2_CTGCGGATCGTAGGAG-1,CrVg2wCD90R2
CrVg2wCD90R2_CTGCGGATCTTGTTTG-1,CrVg2wCD90R2
CrVg2wCD90R2_CTGCTGTAGACACGAC-1,CrVg2wCD90R2
CrVg2wCD90R2_CTGCTGTAGCTGCGAA-1,CrVg2wCD90R2
CrVg2wCD90R2_CTGCTGTAGGACTGGT-1,CrVg2wCD90R2
CrVg2wCD90R2_CTGCTGTCAGATTGCT-1,CrVg2wCD90R2
CrVg2wCD90R2_CTGCTGTCAGGAATGC-1,CrVg2wCD90R2
CrVg2wCD90R2_CTGCTGTGTCACCTAA-1,CrVg2wCD90R2
CrVg2wCD90R2_CTGCTGTGTCATCCCT-1,CrVg2wCD90R2
CrVg2wCD90R2_CTGGTCTAGGGAGTAA-1,CrVg2wCD90R2
CrVg2wCD90R2_CTGGTCTCACGGTAAG-1,CrVg2wCD90R2
CrVg2wCD90R2_CTGGTCTCATATGGTC-1,CrVg2wCD90R2
CrVg2wCD90R2_CTGGTCTGTTCGTCTC-1,CrVg2wCD90R2
CrVg2wCD90R2_CTGGTCTTCCTAGGGC-1,CrVg2wCD90R2
CrVg2wCD90R2_CTGGTCTTCGCCGTGA-1,CrVg2wCD90R2
CrVg2wCD90R2_CTGGTCTTCGCGCCAA-1,CrVg2wCD90R2
CrVg2wCD90R2_CTGGTCTTCGGAAACG-1,CrVg2wCD90R2
CrVg2wCD90R2_CTGGTCTTCTGGTATG-1,CrVg2wCD90R2
CrVg2wCD90R2_CTGGTCTTCTTATCTG-1,CrVg2wCD90R2
CrVg2wCD90R2_CTGTGCTAGTTTAGGA-1,CrVg2wCD90R2
CrVg2wCD90R2_CTGTGCTCAGCTTCGG-1,CrVg2wCD90R2
CrVg2wCD90R2_CTGTGCTGTGCAGGTA-1,CrVg2wCD90R2
CrVg2wCD90R2_CTGTGCTGTTCCCGAG-1,CrVg2wCD90R2
CrVg2wCD90R2_CTGTTTAAGGATCGCA-1,CrVg2wCD90R2
CrVg2wCD90R2_CTGTTTAGTGTTTGGT-1,CrVg2wCD90R2
CrVg2wCD90R2_CTGTTTATCCGCAGTG-1,CrVg2wCD90R2
CrVg2wCD90R2_CTGTTTATCGGAAACG-1,CrVg2wCD90R2
CrVg2wCD90R2_CTTAACTAGACTGGGT-1,CrVg2wCD90R2
CrVg2wCD90R2_CTTAACTCATCTCGCT-1,CrVg2wCD90R2
CrVg2wCD90R2_CTTAACTCATTGCGGC-1,CrVg2wCD90R2
CrVg2wCD90R2_CTTAACTGTATAGTAG-1,CrVg2wCD90R2
CrVg2wCD90R2_CTTAACTTCTGTCAAG-1,CrVg2wCD90R2
CrVg2wCD90R2_CTTAACTTCTTCAACT-1,CrVg2wCD90R2
CrVg2wCD90R2_CTTACCGCAAGTACCT-1,CrVg2wCD90R2
CrVg2wCD90R2_CTTACCGGTATTAGCC-1,CrVg2wCD90R2
CrVg2wCD90R2_CTTACCGGTCCAGTGC-1,CrVg2wCD90R2
CrVg2wCD90R2_CTTACCGGTCTTGCGG-1,CrVg2wCD90R2
CrVg2wCD90R2_CTTACCGGTGCACTTA-1,CrVg2wCD90R2
CrVg2wCD90R2_CTTACCGTCGTCCGTT-1,CrVg2wCD90R2
CrVg2wCD90R2_CTTACCGTCTTGTTTG-1,CrVg2wCD90R2
CrVg2wCD90R2_CTTAGGAAGCGTTGCC-1,CrVg2wCD90R2
CrVg2wCD90R2_CTTAGGAAGTATTGGA-1,CrVg2wCD90R2
CrVg2wCD90R2_CTTAGGACAGGATCGA-1,CrVg2wCD90R2
CrVg2wCD90R2_CTTAGGAGTACTCAAC-1,CrVg2wCD90R2
CrVg2wCD90R2_CTTAGGAGTCCGAATT-1,CrVg2wCD90R2
CrVg2wCD90R2_CTTAGGAGTCTAGTGT-1,CrVg2wCD90R2
CrVg2wCD90R2_CTTAGGAGTGCGGTAA-1,CrVg2wCD90R2
CrVg2wCD90R2_CTTAGGATCACTTATC-1,CrVg2wCD90R2
CrVg2wCD90R2_CTTAGGATCCTTCAAT-1,CrVg2wCD90R2
CrVg2wCD90R2_CTTAGGATCGGATGTT-1,CrVg2wCD90R2
CrVg2wCD90R2_CTTAGGATCGTAGGAG-1,CrVg2wCD90R2
CrVg2wCD90R2_CTTCTCTAGAGATGAG-1,CrVg2wCD90R2
CrVg2wCD90R2_CTTCTCTAGATAGCAT-1,CrVg2wCD90R2
CrVg2wCD90R2_CTTCTCTAGTCCATAC-1,CrVg2wCD90R2
CrVg2wCD90R2_CTTCTCTAGTGTGAAT-1,CrVg2wCD90R2
CrVg2wCD90R2_CTTCTCTCAAGGTTCT-1,CrVg2wCD90R2
CrVg2wCD90R2_CTTCTCTCATAAGACA-1,CrVg2wCD90R2
CrVg2wCD90R2_CTTCTCTCATCACGAT-1,CrVg2wCD90R2
CrVg2wCD90R2_CTTCTCTCATCAGTAC-1,CrVg2wCD90R2
CrVg2wCD90R2_CTTCTCTGTACCGTTA-1,CrVg2wCD90R2
CrVg2wCD90R2_CTTCTCTTCAGGCCCA-1,CrVg2wCD90R2
CrVg2wCD90R2_CTTCTCTTCCGTCAAA-1,CrVg2wCD90R2
CrVg2wCD90R2_CTTCTCTTCTGCAAGT-1,CrVg2wCD90R2
CrVg2wCD90R2_CTTGGCTAGCTGCCCA-1,CrVg2wCD90R2
CrVg2wCD90R2_CTTGGCTAGTATTGGA-1,CrVg2wCD90R2
CrVg2wCD90R2_CTTGGCTCAAGTTCTG-1,CrVg2wCD90R2
CrVg2wCD90R2_CTTGGCTCAGGTGGAT-1,CrVg2wCD90R2
CrVg2wCD90R2_CTTGGCTGTAGCTCCG-1,CrVg2wCD90R2
CrVg2wCD90R2_CTTGGCTGTCTGGTCG-1,CrVg2wCD90R2
CrVg2wCD90R2_CTTGGCTGTTCGCTAA-1,CrVg2wCD90R2
CrVg2wCD90R2_CTTGGCTTCATCTGCC-1,CrVg2wCD90R2
CrVg2wCD90R2_CTTGGCTTCCTTGACC-1,CrVg2wCD90R2
CrVg2wCD90R2_CTTTGCGAGATATACG-1,CrVg2wCD90R2
CrVg2wCD90R2_CTTTGCGAGGGATCTG-1,CrVg2wCD90R2
CrVg2wCD90R2_CTTTGCGCATCCCATC-1,CrVg2wCD90R2
CrVg2wCD90R2_CTTTGCGGTAAGTTCC-1,CrVg2wCD90R2
CrVg2wCD90R2_CTTTGCGGTCTAGCGC-1,CrVg2wCD90R2
CrVg2wCD90R2_CTTTGCGTCAAAGACA-1,CrVg2wCD90R2
CrVg2wCD90R2_CTTTGCGTCAATCACG-1,CrVg2wCD90R2
CrVg2wCD90R2_CTTTGCGTCTGTCTCG-1,CrVg2wCD90R2
CrVg2wCD90R2_GAAACTCAGCACCGTC-1,CrVg2wCD90R2
CrVg2wCD90R2_GAAACTCCACTGAAGG-1,CrVg2wCD90R2
CrVg2wCD90R2_GAAACTCCATATGCTG-1,CrVg2wCD90R2
CrVg2wCD90R2_GAAACTCGTGTGACCC-1,CrVg2wCD90R2
CrVg2wCD90R2_GAAACTCGTTAAGATG-1,CrVg2wCD90R2
CrVg2wCD90R2_GAAACTCTCAGCATGT-1,CrVg2wCD90R2
CrVg2wCD90R2_GAAATGAAGAAAGTGG-1,CrVg2wCD90R2
CrVg2wCD90R2_GAAATGAAGCCATCGC-1,CrVg2wCD90R2
CrVg2wCD90R2_GAAATGAGTCGGGTCT-1,CrVg2wCD90R2
CrVg2wCD90R2_GAAATGATCAGGCAAG-1,CrVg2wCD90R2
CrVg2wCD90R2_GAAATGATCCACTGGG-1,CrVg2wCD90R2
CrVg2wCD90R2_GAAATGATCGCGTTTC-1,CrVg2wCD90R2
CrVg2wCD90R2_GAACATCAGCTGAAAT-1,CrVg2wCD90R2
CrVg2wCD90R2_GAACATCAGCTTTGGT-1,CrVg2wCD90R2
CrVg2wCD90R2_GAACATCCAAGACGTG-1,CrVg2wCD90R2
CrVg2wCD90R2_GAACATCCATGTCTCC-1,CrVg2wCD90R2
CrVg2wCD90R2_GAACATCGTCAAACTC-1,CrVg2wCD90R2
CrVg2wCD90R2_GAACATCTCGAGAACG-1,CrVg2wCD90R2
CrVg2wCD90R2_GAACCTAAGACCACGA-1,CrVg2wCD90R2
CrVg2wCD90R2_GAACCTAAGGCAGTCA-1,CrVg2wCD90R2
CrVg2wCD90R2_GAACCTAAGTGTTGAA-1,CrVg2wCD90R2
CrVg2wCD90R2_GAACCTACATGTAAGA-1,CrVg2wCD90R2
CrVg2wCD90R2_GAACCTAGTAATAGCA-1,CrVg2wCD90R2
CrVg2wCD90R2_GAACCTAGTAGCTAAA-1,CrVg2wCD90R2
CrVg2wCD90R2_GAACCTAGTATAAACG-1,CrVg2wCD90R2
CrVg2wCD90R2_GAACCTAGTCTCACCT-1,CrVg2wCD90R2
CrVg2wCD90R2_GAACGGACAGGTCGTC-1,CrVg2wCD90R2
CrVg2wCD90R2_GAACGGAGTCCTCTTG-1,CrVg2wCD90R2
CrVg2wCD90R2_GAACGGAGTGATGTCT-1,CrVg2wCD90R2
CrVg2wCD90R2_GAACGGAGTGCCTTGG-1,CrVg2wCD90R2
CrVg2wCD90R2_GAACGGAGTGCTAGCC-1,CrVg2wCD90R2
CrVg2wCD90R2_GAACGGAGTGGTAACG-1,CrVg2wCD90R2
CrVg2wCD90R2_GAAGCAGAGACTGGGT-1,CrVg2wCD90R2
CrVg2wCD90R2_GAAGCAGAGAGCAATT-1,CrVg2wCD90R2
CrVg2wCD90R2_GAAGCAGAGAGGGCTT-1,CrVg2wCD90R2
CrVg2wCD90R2_GAAGCAGAGCCAACAG-1,CrVg2wCD90R2
CrVg2wCD90R2_GAAGCAGAGGTGATAT-1,CrVg2wCD90R2
CrVg2wCD90R2_GAAGCAGCAGGTTTCA-1,CrVg2wCD90R2
CrVg2wCD90R2_GAAGCAGGTCAAGCGA-1,CrVg2wCD90R2
CrVg2wCD90R2_GAAGCAGGTGCCTGTG-1,CrVg2wCD90R2
CrVg2wCD90R2_GAAGCAGTCGATGAGG-1,CrVg2wCD90R2
CrVg2wCD90R2_GAATAAGAGATCTGCT-1,CrVg2wCD90R2
CrVg2wCD90R2_GAATAAGAGGCATTGG-1,CrVg2wCD90R2
CrVg2wCD90R2_GAATAAGAGGTCGGAT-1,CrVg2wCD90R2
CrVg2wCD90R2_GAATAAGAGGTGTGGT-1,CrVg2wCD90R2
CrVg2wCD90R2_GAATAAGAGTCCTCCT-1,CrVg2wCD90R2
CrVg2wCD90R2_GAATAAGCACAAGCCC-1,CrVg2wCD90R2
CrVg2wCD90R2_GAATAAGCACCTCGTT-1,CrVg2wCD90R2
CrVg2wCD90R2_GAATAAGGTCGAGTTT-1,CrVg2wCD90R2
CrVg2wCD90R2_GAATAAGGTGTAATGA-1,CrVg2wCD90R2
CrVg2wCD90R2_GAATAAGGTTACGACT-1,CrVg2wCD90R2
CrVg2wCD90R2_GAATGAAAGTATCGAA-1,CrVg2wCD90R2
CrVg2wCD90R2_GAATGAAAGTCCGTAT-1,CrVg2wCD90R2
CrVg2wCD90R2_GAATGAACAATCCAAC-1,CrVg2wCD90R2
CrVg2wCD90R2_GAATGAACACGGACAA-1,CrVg2wCD90R2
CrVg2wCD90R2_GAATGAAGTACAGTTC-1,CrVg2wCD90R2
CrVg2wCD90R2_GAATGAAGTATGAATG-1,CrVg2wCD90R2
CrVg2wCD90R2_GAATGAAGTCGAAAGC-1,CrVg2wCD90R2
CrVg2wCD90R2_GAATGAAGTTACGCGC-1,CrVg2wCD90R2
CrVg2wCD90R2_GAATGAATCACGCATA-1,CrVg2wCD90R2
CrVg2wCD90R2_GACACGCAGCTAAACA-1,CrVg2wCD90R2
CrVg2wCD90R2_GACACGCAGGGTTCCC-1,CrVg2wCD90R2
CrVg2wCD90R2_GACACGCCAACACCTA-1,CrVg2wCD90R2
CrVg2wCD90R2_GACACGCCACTCAGGC-1,CrVg2wCD90R2
CrVg2wCD90R2_GACACGCGTACTCTCC-1,CrVg2wCD90R2
CrVg2wCD90R2_GACACGCGTGTGCGTC-1,CrVg2wCD90R2
CrVg2wCD90R2_GACAGAGAGAAGGTTT-1,CrVg2wCD90R2
CrVg2wCD90R2_GACAGAGAGGGATACC-1,CrVg2wCD90R2
CrVg2wCD90R2_GACAGAGCAGTCAGCC-1,CrVg2wCD90R2
CrVg2wCD90R2_GACAGAGCATCCCACT-1,CrVg2wCD90R2
CrVg2wCD90R2_GACAGAGCATTATCTC-1,CrVg2wCD90R2
CrVg2wCD90R2_GACAGAGGTCAGAATA-1,CrVg2wCD90R2
CrVg2wCD90R2_GACAGAGGTGTCCTCT-1,CrVg2wCD90R2
CrVg2wCD90R2_GACAGAGTCCAGATCA-1,CrVg2wCD90R2
CrVg2wCD90R2_GACAGAGTCCGTCATC-1,CrVg2wCD90R2
CrVg2wCD90R2_GACAGAGTCGGAAACG-1,CrVg2wCD90R2
CrVg2wCD90R2_GACCAATAGGCATGTG-1,CrVg2wCD90R2
CrVg2wCD90R2_GACCAATCAAAGCGGT-1,CrVg2wCD90R2
CrVg2wCD90R2_GACCAATCAAAGTGCG-1,CrVg2wCD90R2
CrVg2wCD90R2_GACCAATCACCGAAAG-1,CrVg2wCD90R2
CrVg2wCD90R2_GACCAATGTCCAGTGC-1,CrVg2wCD90R2
CrVg2wCD90R2_GACCAATGTTCCCGAG-1,CrVg2wCD90R2
CrVg2wCD90R2_GACCAATGTTCGGCAC-1,CrVg2wCD90R2
CrVg2wCD90R2_GACCAATTCAGTCCCT-1,CrVg2wCD90R2
CrVg2wCD90R2_GACCAATTCGTTGCCT-1,CrVg2wCD90R2
CrVg2wCD90R2_GACCTGGCATAGGATA-1,CrVg2wCD90R2
CrVg2wCD90R2_GACCTGGCATCACGAT-1,CrVg2wCD90R2
CrVg2wCD90R2_GACCTGGGTCACAAGG-1,CrVg2wCD90R2
CrVg2wCD90R2_GACCTGGGTCTAGGTT-1,CrVg2wCD90R2
CrVg2wCD90R2_GACGCGTAGCCGATTT-1,CrVg2wCD90R2
CrVg2wCD90R2_GACGCGTCATGCCCGA-1,CrVg2wCD90R2
CrVg2wCD90R2_GACGCGTGTCGGATCC-1,CrVg2wCD90R2
CrVg2wCD90R2_GACGCGTGTGAGGCTA-1,CrVg2wCD90R2
CrVg2wCD90R2_GACGCGTTCAAGGCTT-1,CrVg2wCD90R2
CrVg2wCD90R2_GACGCGTTCCAATGGT-1,CrVg2wCD90R2
CrVg2wCD90R2_GACGCGTTCCAGAAGG-1,CrVg2wCD90R2
CrVg2wCD90R2_GACGCGTTCGTAGGTT-1,CrVg2wCD90R2
CrVg2wCD90R2_GACGGCTAGGCTACGA-1,CrVg2wCD90R2
CrVg2wCD90R2_GACGGCTCAGTGAGTG-1,CrVg2wCD90R2
CrVg2wCD90R2_GACGGCTCAGTTCCCT-1,CrVg2wCD90R2
CrVg2wCD90R2_GACGGCTGTACTTGAC-1,CrVg2wCD90R2
CrVg2wCD90R2_GACGGCTGTGACAAAT-1,CrVg2wCD90R2
CrVg2wCD90R2_GACGTGCCACGCATCG-1,CrVg2wCD90R2
CrVg2wCD90R2_GACGTGCCATACTACG-1,CrVg2wCD90R2
CrVg2wCD90R2_GACGTGCTCACATGCA-1,CrVg2wCD90R2
CrVg2wCD90R2_GACGTGCTCTTCGGTC-1,CrVg2wCD90R2
CrVg2wCD90R2_GACGTTACATGCTGGC-1,CrVg2wCD90R2
CrVg2wCD90R2_GACGTTATCAGTTCGA-1,CrVg2wCD90R2
CrVg2wCD90R2_GACTAACCAATCACAC-1,CrVg2wCD90R2
CrVg2wCD90R2_GACTAACCAATCGAAA-1,CrVg2wCD90R2
CrVg2wCD90R2_GACTAACGTAATCACC-1,CrVg2wCD90R2
CrVg2wCD90R2_GACTAACGTCCAACTA-1,CrVg2wCD90R2
CrVg2wCD90R2_GACTAACGTCTAGTCA-1,CrVg2wCD90R2
CrVg2wCD90R2_GACTAACGTTCCACTC-1,CrVg2wCD90R2
CrVg2wCD90R2_GACTACACATCGGGTC-1,CrVg2wCD90R2
CrVg2wCD90R2_GACTACATCTTGTCAT-1,CrVg2wCD90R2
CrVg2wCD90R2_GACTGCGAGAACAATC-1,CrVg2wCD90R2
CrVg2wCD90R2_GACTGCGAGAAGAAGC-1,CrVg2wCD90R2
CrVg2wCD90R2_GACTGCGCAAGTTGTC-1,CrVg2wCD90R2
CrVg2wCD90R2_GACTGCGGTCGTCTTC-1,CrVg2wCD90R2
CrVg2wCD90R2_GAGCAGAAGTCCAGGA-1,CrVg2wCD90R2
CrVg2wCD90R2_GAGCAGACAGGCTGAA-1,CrVg2wCD90R2
CrVg2wCD90R2_GAGCAGACATGCGCAC-1,CrVg2wCD90R2
CrVg2wCD90R2_GAGCAGAGTCCTCCAT-1,CrVg2wCD90R2
CrVg2wCD90R2_GAGCAGAGTGCACTTA-1,CrVg2wCD90R2
CrVg2wCD90R2_GAGCAGAGTGGCCCTA-1,CrVg2wCD90R2
CrVg2wCD90R2_GAGCAGATCAAGATCC-1,CrVg2wCD90R2
CrVg2wCD90R2_GAGCAGATCATCGGAT-1,CrVg2wCD90R2
CrVg2wCD90R2_GAGCAGATCCAAGCCG-1,CrVg2wCD90R2
CrVg2wCD90R2_GAGCAGATCGTCTGAA-1,CrVg2wCD90R2
CrVg2wCD90R2_GAGGTGAAGAATAGGG-1,CrVg2wCD90R2
CrVg2wCD90R2_GAGGTGAAGTGTCCAT-1,CrVg2wCD90R2
CrVg2wCD90R2_GAGGTGACACATGACT-1,CrVg2wCD90R2
CrVg2wCD90R2_GAGGTGACATGTTGAC-1,CrVg2wCD90R2
CrVg2wCD90R2_GAGGTGAGTGGTTTCA-1,CrVg2wCD90R2
CrVg2wCD90R2_GAGGTGATCTCACATT-1,CrVg2wCD90R2
CrVg2wCD90R2_GAGTCCGCATGTAGTC-1,CrVg2wCD90R2
CrVg2wCD90R2_GAGTCCGGTACTCAAC-1,CrVg2wCD90R2
CrVg2wCD90R2_GAGTCCGGTCGACTAT-1,CrVg2wCD90R2
CrVg2wCD90R2_GAGTCCGTCGGAAACG-1,CrVg2wCD90R2
CrVg2wCD90R2_GAGTCCGTCTCACATT-1,CrVg2wCD90R2
CrVg2wCD90R2_GATCAGTAGACCTAGG-1,CrVg2wCD90R2
CrVg2wCD90R2_GATCAGTAGCTCTCGG-1,CrVg2wCD90R2
CrVg2wCD90R2_GATCAGTAGGAGTAGA-1,CrVg2wCD90R2
CrVg2wCD90R2_GATCAGTAGTAGATGT-1,CrVg2wCD90R2
CrVg2wCD90R2_GATCAGTAGTCCGGTC-1,CrVg2wCD90R2
CrVg2wCD90R2_GATCAGTAGTCTTGCA-1,CrVg2wCD90R2
CrVg2wCD90R2_GATCAGTGTCTCCACT-1,CrVg2wCD90R2
CrVg2wCD90R2_GATCAGTTCACAGTAC-1,CrVg2wCD90R2
CrVg2wCD90R2_GATCGATAGGCATGTG-1,CrVg2wCD90R2
CrVg2wCD90R2_GATCGATCAACTGCTA-1,CrVg2wCD90R2
CrVg2wCD90R2_GATCGATCAAGGACTG-1,CrVg2wCD90R2
CrVg2wCD90R2_GATCGATCACAGACTT-1,CrVg2wCD90R2
CrVg2wCD90R2_GATCGATCATACAGCT-1,CrVg2wCD90R2
CrVg2wCD90R2_GATCGATCATATGAGA-1,CrVg2wCD90R2
CrVg2wCD90R2_GATCGATCATGCTGGC-1,CrVg2wCD90R2
CrVg2wCD90R2_GATCGATGTACCCAAT-1,CrVg2wCD90R2
CrVg2wCD90R2_GATCGCGAGATCTGAA-1,CrVg2wCD90R2
CrVg2wCD90R2_GATCGCGCAATGGTCT-1,CrVg2wCD90R2
CrVg2wCD90R2_GATCGCGCAGGAATGC-1,CrVg2wCD90R2
CrVg2wCD90R2_GATCGCGCAGGCTCAC-1,CrVg2wCD90R2
CrVg2wCD90R2_GATCGCGGTACGAAAT-1,CrVg2wCD90R2
CrVg2wCD90R2_GATCGCGTCAGTTAGC-1,CrVg2wCD90R2
CrVg2wCD90R2_GATCGTAAGAGCTGGT-1,CrVg2wCD90R2
CrVg2wCD90R2_GATCGTAAGTGCGATG-1,CrVg2wCD90R2
CrVg2wCD90R2_GATCGTAAGTTACCCA-1,CrVg2wCD90R2
CrVg2wCD90R2_GATCGTACAGATCTGT-1,CrVg2wCD90R2
CrVg2wCD90R2_GATCGTACATACCATG-1,CrVg2wCD90R2
CrVg2wCD90R2_GATCGTAGTAAGGGAA-1,CrVg2wCD90R2
CrVg2wCD90R2_GATCGTATCCAAAGTC-1,CrVg2wCD90R2
CrVg2wCD90R2_GATCGTATCTTGCATT-1,CrVg2wCD90R2
CrVg2wCD90R2_GATCTAGAGCGTGAAC-1,CrVg2wCD90R2
CrVg2wCD90R2_GATCTAGCACACAGAG-1,CrVg2wCD90R2
CrVg2wCD90R2_GATCTAGCACAGTCGC-1,CrVg2wCD90R2
CrVg2wCD90R2_GATCTAGCACGTCTCT-1,CrVg2wCD90R2
CrVg2wCD90R2_GATCTAGGTCGCATCG-1,CrVg2wCD90R2
CrVg2wCD90R2_GATCTAGGTGTGGCTC-1,CrVg2wCD90R2
CrVg2wCD90R2_GATCTAGTCACCAGGC-1,CrVg2wCD90R2
CrVg2wCD90R2_GATCTAGTCCAGGGCT-1,CrVg2wCD90R2
CrVg2wCD90R2_GATCTAGTCCTTTCTC-1,CrVg2wCD90R2
CrVg2wCD90R2_GATCTAGTCGTTGACA-1,CrVg2wCD90R2
CrVg2wCD90R2_GATCTAGTCTTATCTG-1,CrVg2wCD90R2
CrVg2wCD90R2_GATCTAGTCTTTACGT-1,CrVg2wCD90R2
CrVg2wCD90R2_GATGAAAAGACGCACA-1,CrVg2wCD90R2
CrVg2wCD90R2_GATGAAAAGATGCCAG-1,CrVg2wCD90R2
CrVg2wCD90R2_GATGAAACAGACGTAG-1,CrVg2wCD90R2
CrVg2wCD90R2_GATGAAACATGACATC-1,CrVg2wCD90R2
CrVg2wCD90R2_GATGAAAGTATTAGCC-1,CrVg2wCD90R2
CrVg2wCD90R2_GATGAGGCAATCGGTT-1,CrVg2wCD90R2
CrVg2wCD90R2_GATGAGGCACCAGGTC-1,CrVg2wCD90R2
CrVg2wCD90R2_GATGAGGCACGACTCG-1,CrVg2wCD90R2
CrVg2wCD90R2_GATGAGGCATTCACTT-1,CrVg2wCD90R2
CrVg2wCD90R2_GATGAGGGTCGAAAGC-1,CrVg2wCD90R2
CrVg2wCD90R2_GATGAGGGTGCAACTT-1,CrVg2wCD90R2
CrVg2wCD90R2_GATGAGGTCTCGATGA-1,CrVg2wCD90R2
CrVg2wCD90R2_GATGAGGTCTGTCTCG-1,CrVg2wCD90R2
CrVg2wCD90R2_GATGCTAAGTACTTGC-1,CrVg2wCD90R2
CrVg2wCD90R2_GATGCTACAACAACCT-1,CrVg2wCD90R2
CrVg2wCD90R2_GATGCTAGTATGGTTC-1,CrVg2wCD90R2
CrVg2wCD90R2_GATGCTATCAAGAAGT-1,CrVg2wCD90R2
CrVg2wCD90R2_GATGCTATCCACTGGG-1,CrVg2wCD90R2
CrVg2wCD90R2_GATGCTATCTGAGGGA-1,CrVg2wCD90R2
CrVg2wCD90R2_GATTCAGAGACGCACA-1,CrVg2wCD90R2
CrVg2wCD90R2_GATTCAGAGTCATCCA-1,CrVg2wCD90R2
CrVg2wCD90R2_GATTCAGAGTTACGGG-1,CrVg2wCD90R2
CrVg2wCD90R2_GATTCAGCATTTCACT-1,CrVg2wCD90R2
CrVg2wCD90R2_GATTCAGGTCTGCAAT-1,CrVg2wCD90R2
CrVg2wCD90R2_GATTCAGGTGTGAAAT-1,CrVg2wCD90R2
CrVg2wCD90R2_GATTCAGTCATGCTCC-1,CrVg2wCD90R2
CrVg2wCD90R2_GCAAACTAGCGCTCCA-1,CrVg2wCD90R2
CrVg2wCD90R2_GCAAACTAGTTGAGTA-1,CrVg2wCD90R2
CrVg2wCD90R2_GCAAACTCAAAGTGCG-1,CrVg2wCD90R2
CrVg2wCD90R2_GCAAACTCAAATACAG-1,CrVg2wCD90R2
CrVg2wCD90R2_GCAAACTCATCACCCT-1,CrVg2wCD90R2
CrVg2wCD90R2_GCAAACTTCAACGGGA-1,CrVg2wCD90R2
CrVg2wCD90R2_GCAAACTTCCGCGTTT-1,CrVg2wCD90R2
CrVg2wCD90R2_GCAAACTTCTAGAGTC-1,CrVg2wCD90R2
CrVg2wCD90R2_GCAATCAAGACGCACA-1,CrVg2wCD90R2
CrVg2wCD90R2_GCAATCAAGCGACGTA-1,CrVg2wCD90R2
CrVg2wCD90R2_GCAATCAAGTTAACGA-1,CrVg2wCD90R2
CrVg2wCD90R2_GCAATCAAGTTACGGG-1,CrVg2wCD90R2
CrVg2wCD90R2_GCAATCACAGCTTAAC-1,CrVg2wCD90R2
CrVg2wCD90R2_GCAATCAGTATAGGGC-1,CrVg2wCD90R2
CrVg2wCD90R2_GCAATCAGTCCTCCAT-1,CrVg2wCD90R2
CrVg2wCD90R2_GCACATAAGACTGTAA-1,CrVg2wCD90R2
CrVg2wCD90R2_GCACATAAGAGGGATA-1,CrVg2wCD90R2
CrVg2wCD90R2_GCACATACACCAGTTA-1,CrVg2wCD90R2
CrVg2wCD90R2_GCACATACAGCGTAAG-1,CrVg2wCD90R2
CrVg2wCD90R2_GCACATACAGTATAAG-1,CrVg2wCD90R2
CrVg2wCD90R2_GCACATAGTAAATGTG-1,CrVg2wCD90R2
CrVg2wCD90R2_GCACATAGTGACAAAT-1,CrVg2wCD90R2
CrVg2wCD90R2_GCACATAGTGTGGTTT-1,CrVg2wCD90R2
CrVg2wCD90R2_GCACATAGTTCATGGT-1,CrVg2wCD90R2
CrVg2wCD90R2_GCACATATCCTATGTT-1,CrVg2wCD90R2
CrVg2wCD90R2_GCACATATCGCTTAGA-1,CrVg2wCD90R2
CrVg2wCD90R2_GCACTCTAGATGCCTT-1,CrVg2wCD90R2
CrVg2wCD90R2_GCACTCTCAAAGCGGT-1,CrVg2wCD90R2
CrVg2wCD90R2_GCACTCTCAGTATCTG-1,CrVg2wCD90R2
CrVg2wCD90R2_GCACTCTCATTCCTCG-1,CrVg2wCD90R2
CrVg2wCD90R2_GCACTCTGTTAGGGTG-1,CrVg2wCD90R2
CrVg2wCD90R2_GCAGCCAAGCGATGAC-1,CrVg2wCD90R2
CrVg2wCD90R2_GCAGCCAAGGATGGAA-1,CrVg2wCD90R2
CrVg2wCD90R2_GCAGCCAAGGTAGCCA-1,CrVg2wCD90R2
CrVg2wCD90R2_GCAGCCAAGTCTCAAC-1,CrVg2wCD90R2
CrVg2wCD90R2_GCAGCCAAGTGGTCCC-1,CrVg2wCD90R2
CrVg2wCD90R2_GCAGCCACAAGCTGAG-1,CrVg2wCD90R2
CrVg2wCD90R2_GCAGCCACAATCCAAC-1,CrVg2wCD90R2
CrVg2wCD90R2_GCAGCCACACGAGGTA-1,CrVg2wCD90R2
CrVg2wCD90R2_GCAGCCACAGTCAGAG-1,CrVg2wCD90R2
CrVg2wCD90R2_GCAGCCATCACTTCAT-1,CrVg2wCD90R2
CrVg2wCD90R2_GCAGCCATCCTCCTAG-1,CrVg2wCD90R2
CrVg2wCD90R2_GCAGCCATCTAACCGA-1,CrVg2wCD90R2
CrVg2wCD90R2_GCAGCCATCTCGATGA-1,CrVg2wCD90R2
CrVg2wCD90R2_GCAGTTAAGACTAAGT-1,CrVg2wCD90R2
CrVg2wCD90R2_GCAGTTAAGCACGCCT-1,CrVg2wCD90R2
CrVg2wCD90R2_GCAGTTAAGCCCGAAA-1,CrVg2wCD90R2
CrVg2wCD90R2_GCAGTTAGTCCATCCT-1,CrVg2wCD90R2
CrVg2wCD90R2_GCAGTTAGTCGCGAAA-1,CrVg2wCD90R2
CrVg2wCD90R2_GCAGTTAGTTTGCATG-1,CrVg2wCD90R2
CrVg2wCD90R2_GCAGTTAGTTTGTTTC-1,CrVg2wCD90R2
CrVg2wCD90R2_GCAGTTATCACAACGT-1,CrVg2wCD90R2
CrVg2wCD90R2_GCAGTTATCGTGGGAA-1,CrVg2wCD90R2
CrVg2wCD90R2_GCAGTTATCTACCTGC-1,CrVg2wCD90R2
CrVg2wCD90R2_GCATACAAGTACGTAA-1,CrVg2wCD90R2
CrVg2wCD90R2_GCATACACAATAGCAA-1,CrVg2wCD90R2
CrVg2wCD90R2_GCATACACAGCAGTTT-1,CrVg2wCD90R2
CrVg2wCD90R2_GCATACACAGTTCATG-1,CrVg2wCD90R2
CrVg2wCD90R2_GCATACAGTCGCATAT-1,CrVg2wCD90R2
CrVg2wCD90R2_GCATACAGTCTCTTTA-1,CrVg2wCD90R2
CrVg2wCD90R2_GCATACATCGTCGTTC-1,CrVg2wCD90R2
CrVg2wCD90R2_GCATGATAGCATGGCA-1,CrVg2wCD90R2
CrVg2wCD90R2_GCATGATCATACAGCT-1,CrVg2wCD90R2
CrVg2wCD90R2_GCATGATCATTGGGCC-1,CrVg2wCD90R2
CrVg2wCD90R2_GCATGATGTCTTTCAT-1,CrVg2wCD90R2
CrVg2wCD90R2_GCATGATGTTCAGACT-1,CrVg2wCD90R2
CrVg2wCD90R2_GCATGATTCGTGTAGT-1,CrVg2wCD90R2
CrVg2wCD90R2_GCATGATTCTATCGCC-1,CrVg2wCD90R2
CrVg2wCD90R2_GCATGATTCTGACCTC-1,CrVg2wCD90R2
CrVg2wCD90R2_GCATGATTCTTACCGC-1,CrVg2wCD90R2
CrVg2wCD90R2_GCATGCGAGAAACGAG-1,CrVg2wCD90R2
CrVg2wCD90R2_GCATGCGAGGACTGGT-1,CrVg2wCD90R2
CrVg2wCD90R2_GCATGCGAGGTGACCA-1,CrVg2wCD90R2
CrVg2wCD90R2_GCATGCGCAAACTGTC-1,CrVg2wCD90R2
CrVg2wCD90R2_GCATGCGCAATGAAAC-1,CrVg2wCD90R2
CrVg2wCD90R2_GCATGCGCACGGACAA-1,CrVg2wCD90R2
CrVg2wCD90R2_GCATGCGCATCCGCGA-1,CrVg2wCD90R2
CrVg2wCD90R2_GCATGCGGTATGAAAC-1,CrVg2wCD90R2
CrVg2wCD90R2_GCATGCGGTCGAGTTT-1,CrVg2wCD90R2
CrVg2wCD90R2_GCATGCGGTCTAGCGC-1,CrVg2wCD90R2
CrVg2wCD90R2_GCATGCGGTCTAGTCA-1,CrVg2wCD90R2
CrVg2wCD90R2_GCATGCGGTGAACCTT-1,CrVg2wCD90R2
CrVg2wCD90R2_GCATGCGTCGATAGAA-1,CrVg2wCD90R2
CrVg2wCD90R2_GCATGCGTCGTTGCCT-1,CrVg2wCD90R2
CrVg2wCD90R2_GCATGTAAGGGCTTCC-1,CrVg2wCD90R2
CrVg2wCD90R2_GCATGTACAACTGGCC-1,CrVg2wCD90R2
CrVg2wCD90R2_GCATGTACAAGCCGCT-1,CrVg2wCD90R2
CrVg2wCD90R2_GCATGTACACCGATAT-1,CrVg2wCD90R2
CrVg2wCD90R2_GCATGTAGTACTCTCC-1,CrVg2wCD90R2
CrVg2wCD90R2_GCATGTAGTTAAGATG-1,CrVg2wCD90R2
CrVg2wCD90R2_GCATGTAGTTGACGTT-1,CrVg2wCD90R2
CrVg2wCD90R2_GCCAAATAGGATGCGT-1,CrVg2wCD90R2
CrVg2wCD90R2_GCCAAATAGTACTTGC-1,CrVg2wCD90R2
CrVg2wCD90R2_GCCAAATAGTGGTAAT-1,CrVg2wCD90R2
CrVg2wCD90R2_GCCAAATCAAACCTAC-1,CrVg2wCD90R2
CrVg2wCD90R2_GCCAAATGTACTCAAC-1,CrVg2wCD90R2
CrVg2wCD90R2_GCCAAATGTAGGAGTC-1,CrVg2wCD90R2
CrVg2wCD90R2_GCCAAATGTCCGTGAC-1,CrVg2wCD90R2
CrVg2wCD90R2_GCCAAATTCATGTCTT-1,CrVg2wCD90R2
CrVg2wCD90R2_GCCAAATTCCAATGGT-1,CrVg2wCD90R2
CrVg2wCD90R2_GCCTCTAAGGCACATG-1,CrVg2wCD90R2
CrVg2wCD90R2_GCCTCTAAGTCCATAC-1,CrVg2wCD90R2
CrVg2wCD90R2_GCCTCTACACACTGCG-1,CrVg2wCD90R2
CrVg2wCD90R2_GCCTCTACACCCATGG-1,CrVg2wCD90R2
CrVg2wCD90R2_GCCTCTACATCTCGCT-1,CrVg2wCD90R2
CrVg2wCD90R2_GCCTCTACATGTAGTC-1,CrVg2wCD90R2
CrVg2wCD90R2_GCCTCTAGTAGCGTAG-1,CrVg2wCD90R2
CrVg2wCD90R2_GCCTCTAGTCTGATTG-1,CrVg2wCD90R2
CrVg2wCD90R2_GCCTCTAGTGGTAACG-1,CrVg2wCD90R2
CrVg2wCD90R2_GCCTCTATCTTAACCT-1,CrVg2wCD90R2
CrVg2wCD90R2_GCGACCAAGATATGCA-1,CrVg2wCD90R2
CrVg2wCD90R2_GCGACCACACACCGAC-1,CrVg2wCD90R2
CrVg2wCD90R2_GCGACCACACGGCGTT-1,CrVg2wCD90R2
CrVg2wCD90R2_GCGACCACATACTACG-1,CrVg2wCD90R2
CrVg2wCD90R2_GCGACCAGTCTGGAGA-1,CrVg2wCD90R2
CrVg2wCD90R2_GCGACCATCGAATGCT-1,CrVg2wCD90R2
CrVg2wCD90R2_GCGACCATCGGCGCAT-1,CrVg2wCD90R2
CrVg2wCD90R2_GCGACCATCTACTATC-1,CrVg2wCD90R2
CrVg2wCD90R2_GCGAGAAAGTAGATGT-1,CrVg2wCD90R2
CrVg2wCD90R2_GCGAGAACAATCCAAC-1,CrVg2wCD90R2
CrVg2wCD90R2_GCGAGAACAGCCTTGG-1,CrVg2wCD90R2
CrVg2wCD90R2_GCGAGAAGTGTTCGAT-1,CrVg2wCD90R2
CrVg2wCD90R2_GCGAGAATCATATCGG-1,CrVg2wCD90R2
CrVg2wCD90R2_GCGAGAATCGGATGGA-1,CrVg2wCD90R2
CrVg2wCD90R2_GCGAGAATCGGTTAAC-1,CrVg2wCD90R2
CrVg2wCD90R2_GCGCAACAGATGCGAC-1,CrVg2wCD90R2
CrVg2wCD90R2_GCGCAACAGGGCATGT-1,CrVg2wCD90R2
CrVg2wCD90R2_GCGCAACAGTGCGATG-1,CrVg2wCD90R2
CrVg2wCD90R2_GCGCAACCACTAAGTC-1,CrVg2wCD90R2
CrVg2wCD90R2_GCGCAACCACTAGTAC-1,CrVg2wCD90R2
CrVg2wCD90R2_GCGCAACCATATGGTC-1,CrVg2wCD90R2
CrVg2wCD90R2_GCGCAACGTCTGCCAG-1,CrVg2wCD90R2
CrVg2wCD90R2_GCGCAACGTGGCCCTA-1,CrVg2wCD90R2
CrVg2wCD90R2_GCGCAACGTGTGTGCC-1,CrVg2wCD90R2
CrVg2wCD90R2_GCGCAACTCAGATAAG-1,CrVg2wCD90R2
CrVg2wCD90R2_GCGCAACTCCCTGACT-1,CrVg2wCD90R2
CrVg2wCD90R2_GCGCAACTCCGCGCAA-1,CrVg2wCD90R2
CrVg2wCD90R2_GCGCAACTCGGAAATA-1,CrVg2wCD90R2
CrVg2wCD90R2_GCGCAACTCTGTTGAG-1,CrVg2wCD90R2
CrVg2wCD90R2_GCGCAGTAGCAACGGT-1,CrVg2wCD90R2
CrVg2wCD90R2_GCGCAGTAGCGTAATA-1,CrVg2wCD90R2
CrVg2wCD90R2_GCGCAGTAGGACACCA-1,CrVg2wCD90R2
CrVg2wCD90R2_GCGCAGTAGGTAGCTG-1,CrVg2wCD90R2
CrVg2wCD90R2_GCGCAGTAGTCGTACT-1,CrVg2wCD90R2
CrVg2wCD90R2_GCGCAGTCAATGAATG-1,CrVg2wCD90R2
CrVg2wCD90R2_GCGCAGTCACCAGGCT-1,CrVg2wCD90R2
CrVg2wCD90R2_GCGCAGTCAGGCTCAC-1,CrVg2wCD90R2
CrVg2wCD90R2_GCGCAGTGTCACCCAG-1,CrVg2wCD90R2
CrVg2wCD90R2_GCGCAGTTCGCCCTTA-1,CrVg2wCD90R2
CrVg2wCD90R2_GCGCCAAAGCGTGAGT-1,CrVg2wCD90R2
CrVg2wCD90R2_GCGCCAAAGCTACCTA-1,CrVg2wCD90R2
CrVg2wCD90R2_GCGCCAACAGGTCGTC-1,CrVg2wCD90R2
CrVg2wCD90R2_GCGCCAAGTCTCTTTA-1,CrVg2wCD90R2
CrVg2wCD90R2_GCGCCAATCGACAGCC-1,CrVg2wCD90R2
CrVg2wCD90R2_GCGCCAATCTGCGTAA-1,CrVg2wCD90R2
CrVg2wCD90R2_GCGCCAATCTTCATGT-1,CrVg2wCD90R2
CrVg2wCD90R2_GCGCGATAGAGTTGGC-1,CrVg2wCD90R2
CrVg2wCD90R2_GCGCGATCACGGTAGA-1,CrVg2wCD90R2
CrVg2wCD90R2_GCGCGATCAGGTCCAC-1,CrVg2wCD90R2
CrVg2wCD90R2_GCGCGATCATATGGTC-1,CrVg2wCD90R2
CrVg2wCD90R2_GCGCGATCATGTCGAT-1,CrVg2wCD90R2
CrVg2wCD90R2_GCGCGATGTGGCAAAC-1,CrVg2wCD90R2
CrVg2wCD90R2_GCGCGATGTTCCGTCT-1,CrVg2wCD90R2
CrVg2wCD90R2_GCGCGATTCGCATGGC-1,CrVg2wCD90R2
CrVg2wCD90R2_GCGCGATTCTTGACGA-1,CrVg2wCD90R2
CrVg2wCD90R2_GCGGGTTAGAATGTGT-1,CrVg2wCD90R2
CrVg2wCD90R2_GCGGGTTCAATCTGCA-1,CrVg2wCD90R2
CrVg2wCD90R2_GCGGGTTCAGCCTATA-1,CrVg2wCD90R2
CrVg2wCD90R2_GCGGGTTCAGGAATCG-1,CrVg2wCD90R2
CrVg2wCD90R2_GCGGGTTGTAAGTGGC-1,CrVg2wCD90R2
CrVg2wCD90R2_GCGGGTTGTCGCGTGT-1,CrVg2wCD90R2
CrVg2wCD90R2_GCGGGTTGTCTAAAGA-1,CrVg2wCD90R2
CrVg2wCD90R2_GCGGGTTGTCTACCTC-1,CrVg2wCD90R2
CrVg2wCD90R2_GCGGGTTTCTCCAACC-1,CrVg2wCD90R2
CrVg2wCD90R2_GCTCCTAAGGCATTGG-1,CrVg2wCD90R2
CrVg2wCD90R2_GCTCCTACATCCCATC-1,CrVg2wCD90R2
CrVg2wCD90R2_GCTCCTACATGCCTAA-1,CrVg2wCD90R2
CrVg2wCD90R2_GCTCCTAGTAGAGGAA-1,CrVg2wCD90R2
CrVg2wCD90R2_GCTCCTATCTAACTTC-1,CrVg2wCD90R2
CrVg2wCD90R2_GCTCCTATCTTCAACT-1,CrVg2wCD90R2
CrVg2wCD90R2_GCTCTGTGTTACGTCA-1,CrVg2wCD90R2
CrVg2wCD90R2_GCTCTGTTCAATCACG-1,CrVg2wCD90R2
CrVg2wCD90R2_GCTCTGTTCATCATTC-1,CrVg2wCD90R2
CrVg2wCD90R2_GCTCTGTTCCTGCAGG-1,CrVg2wCD90R2
CrVg2wCD90R2_GCTCTGTTCGCGGATC-1,CrVg2wCD90R2
CrVg2wCD90R2_GCTGCAGAGGTAGCTG-1,CrVg2wCD90R2
CrVg2wCD90R2_GCTGCAGCACGAAATA-1,CrVg2wCD90R2
CrVg2wCD90R2_GCTGCAGGTATAATGG-1,CrVg2wCD90R2
CrVg2wCD90R2_GCTGCAGGTCAGTGGA-1,CrVg2wCD90R2
CrVg2wCD90R2_GCTGCAGGTCTAGGTT-1,CrVg2wCD90R2
CrVg2wCD90R2_GCTGCAGTCGGAAATA-1,CrVg2wCD90R2
CrVg2wCD90R2_GCTGCAGTCGGTTCGG-1,CrVg2wCD90R2
CrVg2wCD90R2_GCTGCGAAGACCGGAT-1,CrVg2wCD90R2
CrVg2wCD90R2_GCTGCGAAGATAGCAT-1,CrVg2wCD90R2
CrVg2wCD90R2_GCTGCGAAGGTTACCT-1,CrVg2wCD90R2
CrVg2wCD90R2_GCTGCGACAGCGTCCA-1,CrVg2wCD90R2
CrVg2wCD90R2_GCTGCGACATCCCACT-1,CrVg2wCD90R2
CrVg2wCD90R2_GCTGCGAGTAATCGTC-1,CrVg2wCD90R2
CrVg2wCD90R2_GCTGCGAGTACCGGCT-1,CrVg2wCD90R2
CrVg2wCD90R2_GCTGCGAGTCAAAGCG-1,CrVg2wCD90R2
CrVg2wCD90R2_GCTGCGATCGGCGCTA-1,CrVg2wCD90R2
CrVg2wCD90R2_GCTGCTTAGGATGGTC-1,CrVg2wCD90R2
CrVg2wCD90R2_GCTGCTTCACACCGCA-1,CrVg2wCD90R2
CrVg2wCD90R2_GCTGCTTCAGGATTGG-1,CrVg2wCD90R2
CrVg2wCD90R2_GCTGCTTCATTTCACT-1,CrVg2wCD90R2
CrVg2wCD90R2_GCTGCTTCATTTGCTT-1,CrVg2wCD90R2
CrVg2wCD90R2_GCTGCTTGTCGCATAT-1,CrVg2wCD90R2
CrVg2wCD90R2_GCTGCTTTCCCTCAGT-1,CrVg2wCD90R2
CrVg2wCD90R2_GCTGCTTTCGCATGGC-1,CrVg2wCD90R2
CrVg2wCD90R2_GCTGCTTTCTGATTCT-1,CrVg2wCD90R2
CrVg2wCD90R2_GCTGGGTCAGCGAACA-1,CrVg2wCD90R2
CrVg2wCD90R2_GCTGGGTCAGGAATCG-1,CrVg2wCD90R2
CrVg2wCD90R2_GCTGGGTGTAGCAAAT-1,CrVg2wCD90R2
CrVg2wCD90R2_GCTGGGTGTGATAAAC-1,CrVg2wCD90R2
CrVg2wCD90R2_GCTGGGTGTTTAAGCC-1,CrVg2wCD90R2
CrVg2wCD90R2_GCTTCCAAGTTAAGTG-1,CrVg2wCD90R2
CrVg2wCD90R2_GCTTCCACACCACGTG-1,CrVg2wCD90R2
CrVg2wCD90R2_GCTTCCACAGCTGTAT-1,CrVg2wCD90R2
CrVg2wCD90R2_GCTTCCACATCCCACT-1,CrVg2wCD90R2
CrVg2wCD90R2_GCTTCCACATGACATC-1,CrVg2wCD90R2
CrVg2wCD90R2_GCTTCCAGTACCGTAT-1,CrVg2wCD90R2
CrVg2wCD90R2_GCTTCCAGTCTCAACA-1,CrVg2wCD90R2
CrVg2wCD90R2_GCTTCCAGTGCAACTT-1,CrVg2wCD90R2
CrVg2wCD90R2_GCTTCCATCCGCAGTG-1,CrVg2wCD90R2
CrVg2wCD90R2_GCTTGAAAGGCCATAG-1,CrVg2wCD90R2
CrVg2wCD90R2_GCTTGAAAGTAGGTGC-1,CrVg2wCD90R2
CrVg2wCD90R2_GCTTGAAAGTGAATTG-1,CrVg2wCD90R2
CrVg2wCD90R2_GCTTGAACAATAGCGG-1,CrVg2wCD90R2
CrVg2wCD90R2_GCTTGAACATGCCTAA-1,CrVg2wCD90R2
CrVg2wCD90R2_GCTTGAAGTTCTCATT-1,CrVg2wCD90R2
CrVg2wCD90R2_GCTTGAATCAAGGCTT-1,CrVg2wCD90R2
CrVg2wCD90R2_GCTTGAATCAATCACG-1,CrVg2wCD90R2
CrVg2wCD90R2_GCTTGAATCAGCCTAA-1,CrVg2wCD90R2
CrVg2wCD90R2_GCTTGAATCCCTAATT-1,CrVg2wCD90R2
CrVg2wCD90R2_GGAAAGCAGTGAATTG-1,CrVg2wCD90R2
CrVg2wCD90R2_GGAAAGCCAAACCCAT-1,CrVg2wCD90R2
CrVg2wCD90R2_GGAAAGCCAAGCGAGT-1,CrVg2wCD90R2
CrVg2wCD90R2_GGAAAGCCATGCTGGC-1,CrVg2wCD90R2
CrVg2wCD90R2_GGAAAGCCATTAGGCT-1,CrVg2wCD90R2
CrVg2wCD90R2_GGAAAGCCATTGGGCC-1,CrVg2wCD90R2
CrVg2wCD90R2_GGAAAGCGTATTCGTG-1,CrVg2wCD90R2
CrVg2wCD90R2_GGAAAGCGTCAGAATA-1,CrVg2wCD90R2
CrVg2wCD90R2_GGAAAGCGTTGCCTCT-1,CrVg2wCD90R2
CrVg2wCD90R2_GGAAAGCTCACTATTC-1,CrVg2wCD90R2
CrVg2wCD90R2_GGAACTTAGAAGGTTT-1,CrVg2wCD90R2
CrVg2wCD90R2_GGAACTTAGAGTGACC-1,CrVg2wCD90R2
CrVg2wCD90R2_GGAACTTCAAAGCGGT-1,CrVg2wCD90R2
CrVg2wCD90R2_GGAACTTCACTGAAGG-1,CrVg2wCD90R2
CrVg2wCD90R2_GGAACTTCAGATGGGT-1,CrVg2wCD90R2
CrVg2wCD90R2_GGAACTTGTCTCAACA-1,CrVg2wCD90R2
CrVg2wCD90R2_GGAACTTGTGCTGTAT-1,CrVg2wCD90R2
CrVg2wCD90R2_GGAATAAAGACTGTAA-1,CrVg2wCD90R2
CrVg2wCD90R2_GGAATAACAAGCGAGT-1,CrVg2wCD90R2
CrVg2wCD90R2_GGAATAACAGGACCCT-1,CrVg2wCD90R2
CrVg2wCD90R2_GGAATAAGTAAACGCG-1,CrVg2wCD90R2
CrVg2wCD90R2_GGAATAAGTACTCTCC-1,CrVg2wCD90R2
CrVg2wCD90R2_GGAATAAGTCACTTCC-1,CrVg2wCD90R2
CrVg2wCD90R2_GGAATAAGTCGCATCG-1,CrVg2wCD90R2
CrVg2wCD90R2_GGAATAAGTCTTGTCC-1,CrVg2wCD90R2
CrVg2wCD90R2_GGAATAAGTGCTTCTC-1,CrVg2wCD90R2
CrVg2wCD90R2_GGAATAATCCCTGACT-1,CrVg2wCD90R2
CrVg2wCD90R2_GGAATAATCCGTTGTC-1,CrVg2wCD90R2
CrVg2wCD90R2_GGAATAATCGATAGAA-1,CrVg2wCD90R2
CrVg2wCD90R2_GGACAAGCACTGTCGG-1,CrVg2wCD90R2
CrVg2wCD90R2_GGACAAGCAGTGGAGT-1,CrVg2wCD90R2
CrVg2wCD90R2_GGACAAGGTAAAGGAG-1,CrVg2wCD90R2
CrVg2wCD90R2_GGACAAGGTGACGCCT-1,CrVg2wCD90R2
CrVg2wCD90R2_GGACAAGGTGTCTGAT-1,CrVg2wCD90R2
CrVg2wCD90R2_GGACAAGTCTGTCTAT-1,CrVg2wCD90R2
CrVg2wCD90R2_GGACAGAAGCGATCCC-1,CrVg2wCD90R2
CrVg2wCD90R2_GGACAGAAGGACACCA-1,CrVg2wCD90R2
CrVg2wCD90R2_GGACAGAAGGGAGTAA-1,CrVg2wCD90R2
CrVg2wCD90R2_GGACAGAAGTGGGATC-1,CrVg2wCD90R2
CrVg2wCD90R2_GGACAGACACGCGAAA-1,CrVg2wCD90R2
CrVg2wCD90R2_GGACAGACAGCGTCCA-1,CrVg2wCD90R2
CrVg2wCD90R2_GGACAGACAGTCAGAG-1,CrVg2wCD90R2
CrVg2wCD90R2_GGACAGAGTGTGACCC-1,CrVg2wCD90R2
CrVg2wCD90R2_GGACAGAGTTGCCTCT-1,CrVg2wCD90R2
CrVg2wCD90R2_GGACAGATCACCGTAA-1,CrVg2wCD90R2
CrVg2wCD90R2_GGACAGATCGACCAGC-1,CrVg2wCD90R2
CrVg2wCD90R2_GGACAGATCTACCTGC-1,CrVg2wCD90R2
CrVg2wCD90R2_GGACATTAGATGTAAC-1,CrVg2wCD90R2
CrVg2wCD90R2_GGACATTCAACTGCGC-1,CrVg2wCD90R2
CrVg2wCD90R2_GGACATTCAAGCCCAC-1,CrVg2wCD90R2
CrVg2wCD90R2_GGACATTCAGACACTT-1,CrVg2wCD90R2
CrVg2wCD90R2_GGACATTCAGATTGCT-1,CrVg2wCD90R2
CrVg2wCD90R2_GGACATTGTCAGAGGT-1,CrVg2wCD90R2
CrVg2wCD90R2_GGACATTGTCTCCCTA-1,CrVg2wCD90R2
CrVg2wCD90R2_GGACATTGTCTGGAGA-1,CrVg2wCD90R2
CrVg2wCD90R2_GGACATTTCACGCGGT-1,CrVg2wCD90R2
CrVg2wCD90R2_GGACATTTCCTTGCCA-1,CrVg2wCD90R2
CrVg2wCD90R2_GGACGTCCACGCATCG-1,CrVg2wCD90R2
CrVg2wCD90R2_GGACGTCCACGGTAGA-1,CrVg2wCD90R2
CrVg2wCD90R2_GGACGTCCACTGTTAG-1,CrVg2wCD90R2
CrVg2wCD90R2_GGACGTCCAGACGTAG-1,CrVg2wCD90R2
CrVg2wCD90R2_GGACGTCCATATGAGA-1,CrVg2wCD90R2
CrVg2wCD90R2_GGACGTCTCAACACAC-1,CrVg2wCD90R2
CrVg2wCD90R2_GGACGTCTCCATTCTA-1,CrVg2wCD90R2
CrVg2wCD90R2_GGACGTCTCCCGGATG-1,CrVg2wCD90R2
CrVg2wCD90R2_GGACGTCTCGGTTCGG-1,CrVg2wCD90R2
CrVg2wCD90R2_GGAGCAAAGACTAAGT-1,CrVg2wCD90R2
CrVg2wCD90R2_GGAGCAAAGGAATTAC-1,CrVg2wCD90R2
CrVg2wCD90R2_GGAGCAAAGGCTCAGA-1,CrVg2wCD90R2
CrVg2wCD90R2_GGAGCAACACCGGAAA-1,CrVg2wCD90R2
CrVg2wCD90R2_GGAGCAACAGCTGTTA-1,CrVg2wCD90R2
CrVg2wCD90R2_GGAGCAAGTGCTCTTC-1,CrVg2wCD90R2
CrVg2wCD90R2_GGAGCAAGTTTGGCGC-1,CrVg2wCD90R2
CrVg2wCD90R2_GGAGCAATCAGGCGAA-1,CrVg2wCD90R2
CrVg2wCD90R2_GGAGCAATCGTCCGTT-1,CrVg2wCD90R2
CrVg2wCD90R2_GGATGTTAGATGTGGC-1,CrVg2wCD90R2
CrVg2wCD90R2_GGATGTTAGGGCTTCC-1,CrVg2wCD90R2
CrVg2wCD90R2_GGATGTTCAAGTCTGT-1,CrVg2wCD90R2
CrVg2wCD90R2_GGATGTTCAGCATACT-1,CrVg2wCD90R2
CrVg2wCD90R2_GGATGTTCAGCCACCA-1,CrVg2wCD90R2
CrVg2wCD90R2_GGATGTTCAGGCTCAC-1,CrVg2wCD90R2
CrVg2wCD90R2_GGATGTTCATCGACGC-1,CrVg2wCD90R2
CrVg2wCD90R2_GGATGTTCATTCCTGC-1,CrVg2wCD90R2
CrVg2wCD90R2_GGATGTTGTCAGGACA-1,CrVg2wCD90R2
CrVg2wCD90R2_GGATGTTGTGTGGTTT-1,CrVg2wCD90R2
CrVg2wCD90R2_GGATGTTGTTGTCGCG-1,CrVg2wCD90R2
CrVg2wCD90R2_GGATGTTTCCCATTAT-1,CrVg2wCD90R2
CrVg2wCD90R2_GGATGTTTCTACTATC-1,CrVg2wCD90R2
CrVg2wCD90R2_GGATTACAGCCATCGC-1,CrVg2wCD90R2
CrVg2wCD90R2_GGATTACAGGGTCGAT-1,CrVg2wCD90R2
CrVg2wCD90R2_GGATTACAGTGACTCT-1,CrVg2wCD90R2
CrVg2wCD90R2_GGATTACGTCAGGACA-1,CrVg2wCD90R2
CrVg2wCD90R2_GGATTACGTTACGGAG-1,CrVg2wCD90R2
CrVg2wCD90R2_GGATTACTCGCTAGCG-1,CrVg2wCD90R2
CrVg2wCD90R2_GGCAATTCACACCGAC-1,CrVg2wCD90R2
CrVg2wCD90R2_GGCAATTCAGGAATCG-1,CrVg2wCD90R2
CrVg2wCD90R2_GGCAATTGTACAGCAG-1,CrVg2wCD90R2
CrVg2wCD90R2_GGCAATTGTACATGTC-1,CrVg2wCD90R2
CrVg2wCD90R2_GGCAATTGTTCCGTCT-1,CrVg2wCD90R2
CrVg2wCD90R2_GGCAATTGTTCGAATC-1,CrVg2wCD90R2
CrVg2wCD90R2_GGCAATTGTTTGACTG-1,CrVg2wCD90R2
CrVg2wCD90R2_GGCAATTTCTTCATGT-1,CrVg2wCD90R2
CrVg2wCD90R2_GGCCGATCAAGGACAC-1,CrVg2wCD90R2
CrVg2wCD90R2_GGCCGATCATACTCTT-1,CrVg2wCD90R2
CrVg2wCD90R2_GGCCGATGTATATGAG-1,CrVg2wCD90R2
CrVg2wCD90R2_GGCCGATTCGTAGGTT-1,CrVg2wCD90R2
CrVg2wCD90R2_GGCCGATTCTTAGAGC-1,CrVg2wCD90R2
CrVg2wCD90R2_GGCGACTAGACTACAA-1,CrVg2wCD90R2
CrVg2wCD90R2_GGCGACTAGCTTATCG-1,CrVg2wCD90R2
CrVg2wCD90R2_GGCGACTAGGCTCTTA-1,CrVg2wCD90R2
CrVg2wCD90R2_GGCGACTCAGTATAAG-1,CrVg2wCD90R2
CrVg2wCD90R2_GGCGACTGTATGGTTC-1,CrVg2wCD90R2
CrVg2wCD90R2_GGCGACTGTCGAACAG-1,CrVg2wCD90R2
CrVg2wCD90R2_GGCGACTGTGTAACGG-1,CrVg2wCD90R2
CrVg2wCD90R2_GGCGACTTCAGAGGTG-1,CrVg2wCD90R2
CrVg2wCD90R2_GGCGTGTGTACTTAGC-1,CrVg2wCD90R2
CrVg2wCD90R2_GGCGTGTTCAACCATG-1,CrVg2wCD90R2
CrVg2wCD90R2_GGCGTGTTCAATCACG-1,CrVg2wCD90R2
CrVg2wCD90R2_GGCTCGAAGATGCGAC-1,CrVg2wCD90R2
CrVg2wCD90R2_GGCTCGAAGTTGTCGT-1,CrVg2wCD90R2
CrVg2wCD90R2_GGCTCGACAAACTGTC-1,CrVg2wCD90R2
CrVg2wCD90R2_GGCTCGACACTTAACG-1,CrVg2wCD90R2
CrVg2wCD90R2_GGCTCGACAGGATTGG-1,CrVg2wCD90R2
CrVg2wCD90R2_GGCTCGAGTACCGTAT-1,CrVg2wCD90R2
CrVg2wCD90R2_GGCTCGAGTCTTTCAT-1,CrVg2wCD90R2
CrVg2wCD90R2_GGCTCGAGTGCAGGTA-1,CrVg2wCD90R2
CrVg2wCD90R2_GGCTCGAGTGCGATAG-1,CrVg2wCD90R2
CrVg2wCD90R2_GGCTCGAGTTCACGGC-1,CrVg2wCD90R2
CrVg2wCD90R2_GGCTGGTCAACCGCCA-1,CrVg2wCD90R2
CrVg2wCD90R2_GGCTGGTCACCATCCT-1,CrVg2wCD90R2
CrVg2wCD90R2_GGCTGGTCAGTAAGCG-1,CrVg2wCD90R2
CrVg2wCD90R2_GGCTGGTGTAGTGAAT-1,CrVg2wCD90R2
CrVg2wCD90R2_GGCTGGTGTCCGTTAA-1,CrVg2wCD90R2
CrVg2wCD90R2_GGCTGGTGTCTAGGTT-1,CrVg2wCD90R2
CrVg2wCD90R2_GGCTGGTGTTGGTAAA-1,CrVg2wCD90R2
CrVg2wCD90R2_GGCTGGTTCAGGATCT-1,CrVg2wCD90R2
CrVg2wCD90R2_GGCTGGTTCCTAAGTG-1,CrVg2wCD90R2
CrVg2wCD90R2_GGGAATGCACGGACAA-1,CrVg2wCD90R2
CrVg2wCD90R2_GGGAATGCAGTGGGAT-1,CrVg2wCD90R2
CrVg2wCD90R2_GGGAATGCATCGATTG-1,CrVg2wCD90R2
CrVg2wCD90R2_GGGAATGGTAGCGATG-1,CrVg2wCD90R2
CrVg2wCD90R2_GGGAATGGTGTGCGTC-1,CrVg2wCD90R2
CrVg2wCD90R2_GGGAATGTCTTGCAAG-1,CrVg2wCD90R2
CrVg2wCD90R2_GGGACCTAGACCACGA-1,CrVg2wCD90R2
CrVg2wCD90R2_GGGACCTAGAGGGATA-1,CrVg2wCD90R2
CrVg2wCD90R2_GGGACCTAGCAAATCA-1,CrVg2wCD90R2
CrVg2wCD90R2_GGGACCTAGTAGCCGA-1,CrVg2wCD90R2
CrVg2wCD90R2_GGGACCTCACCAGTTA-1,CrVg2wCD90R2
CrVg2wCD90R2_GGGACCTCACTTGGAT-1,CrVg2wCD90R2
CrVg2wCD90R2_GGGACCTGTAGCGTAG-1,CrVg2wCD90R2
CrVg2wCD90R2_GGGACCTGTCAGAATA-1,CrVg2wCD90R2
CrVg2wCD90R2_GGGACCTGTGAGGGAG-1,CrVg2wCD90R2
CrVg2wCD90R2_GGGACCTGTGCCTTGG-1,CrVg2wCD90R2
CrVg2wCD90R2_GGGACCTGTTAAAGAC-1,CrVg2wCD90R2
CrVg2wCD90R2_GGGACCTGTTATGCGT-1,CrVg2wCD90R2
CrVg2wCD90R2_GGGAGATCATCCTAGA-1,CrVg2wCD90R2
CrVg2wCD90R2_GGGAGATGTCCGTGAC-1,CrVg2wCD90R2
CrVg2wCD90R2_GGGAGATGTTGGGACA-1,CrVg2wCD90R2
CrVg2wCD90R2_GGGAGATTCGAACGGA-1,CrVg2wCD90R2
CrVg2wCD90R2_GGGATGAAGAAACGCC-1,CrVg2wCD90R2
CrVg2wCD90R2_GGGATGAAGCGAAGGG-1,CrVg2wCD90R2
CrVg2wCD90R2_GGGATGAAGGAGCGAG-1,CrVg2wCD90R2
CrVg2wCD90R2_GGGATGAAGGGTCGAT-1,CrVg2wCD90R2
CrVg2wCD90R2_GGGATGAGTAGCTGCC-1,CrVg2wCD90R2
CrVg2wCD90R2_GGGATGATCCAAACAC-1,CrVg2wCD90R2
CrVg2wCD90R2_GGGATGATCCGCATAA-1,CrVg2wCD90R2
CrVg2wCD90R2_GGGATGATCTTTACGT-1,CrVg2wCD90R2
CrVg2wCD90R2_GGGCACTAGATTACCC-1,CrVg2wCD90R2
CrVg2wCD90R2_GGGCACTAGGCACATG-1,CrVg2wCD90R2
CrVg2wCD90R2_GGGCACTAGTAACCCT-1,CrVg2wCD90R2
CrVg2wCD90R2_GGGCACTCACAGCCCA-1,CrVg2wCD90R2
CrVg2wCD90R2_GGGCACTCATGGTAGG-1,CrVg2wCD90R2
CrVg2wCD90R2_GGGCACTTCACGGTTA-1,CrVg2wCD90R2
CrVg2wCD90R2_GGGCATCCATGAACCT-1,CrVg2wCD90R2
CrVg2wCD90R2_GGGCATCGTAGCCTCG-1,CrVg2wCD90R2
CrVg2wCD90R2_GGGCATCGTGATGATA-1,CrVg2wCD90R2
CrVg2wCD90R2_GGGCATCGTTCGGCAC-1,CrVg2wCD90R2
CrVg2wCD90R2_GGGCATCTCACCTTAT-1,CrVg2wCD90R2
CrVg2wCD90R2_GGGCATCTCTTGTCAT-1,CrVg2wCD90R2
CrVg2wCD90R2_GGGTCTGAGTGTTAGA-1,CrVg2wCD90R2
CrVg2wCD90R2_GGGTCTGGTAGTACCT-1,CrVg2wCD90R2
CrVg2wCD90R2_GGGTCTGGTCGGATCC-1,CrVg2wCD90R2
CrVg2wCD90R2_GGGTCTGGTGGGTCAA-1,CrVg2wCD90R2
CrVg2wCD90R2_GGGTCTGTCACCTCGT-1,CrVg2wCD90R2
CrVg2wCD90R2_GGGTCTGTCACTTATC-1,CrVg2wCD90R2
CrVg2wCD90R2_GGGTCTGTCGAACGGA-1,CrVg2wCD90R2
CrVg2wCD90R2_GGGTTGCAGGGCTTCC-1,CrVg2wCD90R2
CrVg2wCD90R2_GGGTTGCCACGCATCG-1,CrVg2wCD90R2
CrVg2wCD90R2_GGGTTGCCAGCTTCGG-1,CrVg2wCD90R2
CrVg2wCD90R2_GGGTTGCGTTAAGGGC-1,CrVg2wCD90R2
CrVg2wCD90R2_GGGTTGCGTTGGACCC-1,CrVg2wCD90R2
CrVg2wCD90R2_GGGTTGCTCAAACGGG-1,CrVg2wCD90R2
CrVg2wCD90R2_GGGTTGCTCATGCAAC-1,CrVg2wCD90R2
CrVg2wCD90R2_GGGTTGCTCTTTACAC-1,CrVg2wCD90R2
CrVg2wCD90R2_GGTATTGGTTGAGGTG-1,CrVg2wCD90R2
CrVg2wCD90R2_GGTATTGTCGTCTGCT-1,CrVg2wCD90R2
CrVg2wCD90R2_GGTATTGTCGTGGGAA-1,CrVg2wCD90R2
CrVg2wCD90R2_GGTGAAGAGACAGGCT-1,CrVg2wCD90R2
CrVg2wCD90R2_GGTGAAGAGATATGCA-1,CrVg2wCD90R2
CrVg2wCD90R2_GGTGAAGAGCCGTCGT-1,CrVg2wCD90R2
CrVg2wCD90R2_GGTGAAGGTCAAACTC-1,CrVg2wCD90R2
CrVg2wCD90R2_GGTGAAGGTCTGATCA-1,CrVg2wCD90R2
CrVg2wCD90R2_GGTGAAGGTGTTGAGG-1,CrVg2wCD90R2
CrVg2wCD90R2_GGTGAAGGTTACCGAT-1,CrVg2wCD90R2
CrVg2wCD90R2_GGTGAAGGTTATCACG-1,CrVg2wCD90R2
CrVg2wCD90R2_GGTGAAGGTTCCACGG-1,CrVg2wCD90R2
CrVg2wCD90R2_GGTGAAGTCTGTTGAG-1,CrVg2wCD90R2
CrVg2wCD90R2_GGTGCGTAGTGCAAGC-1,CrVg2wCD90R2
CrVg2wCD90R2_GGTGCGTCAGCTGTAT-1,CrVg2wCD90R2
CrVg2wCD90R2_GGTGTTACAAACCTAC-1,CrVg2wCD90R2
CrVg2wCD90R2_GGTGTTACAAGGTGTG-1,CrVg2wCD90R2
CrVg2wCD90R2_GGTGTTACACTGTCGG-1,CrVg2wCD90R2
CrVg2wCD90R2_GGTGTTAGTTTGGCGC-1,CrVg2wCD90R2
CrVg2wCD90R2_GGTGTTATCAATCACG-1,CrVg2wCD90R2
CrVg2wCD90R2_GGTGTTATCAGGTAAA-1,CrVg2wCD90R2
CrVg2wCD90R2_GTAACGTAGACAAGCC-1,CrVg2wCD90R2
CrVg2wCD90R2_GTAACGTAGTGTACCT-1,CrVg2wCD90R2
CrVg2wCD90R2_GTAACGTCATCTATGG-1,CrVg2wCD90R2
CrVg2wCD90R2_GTAACGTGTTCCCGAG-1,CrVg2wCD90R2
CrVg2wCD90R2_GTAACGTTCACTGGGC-1,CrVg2wCD90R2
CrVg2wCD90R2_GTAACGTTCAGCTCTC-1,CrVg2wCD90R2
CrVg2wCD90R2_GTAACGTTCCTTAATC-1,CrVg2wCD90R2
CrVg2wCD90R2_GTAACGTTCTGCAAGT-1,CrVg2wCD90R2
CrVg2wCD90R2_GTAACTGAGGTAGCTG-1,CrVg2wCD90R2
CrVg2wCD90R2_GTAACTGAGTTAACGA-1,CrVg2wCD90R2
CrVg2wCD90R2_GTAACTGCACCGAATT-1,CrVg2wCD90R2
CrVg2wCD90R2_GTAACTGCACTGTGTA-1,CrVg2wCD90R2
CrVg2wCD90R2_GTACGTAAGGAGTAGA-1,CrVg2wCD90R2
CrVg2wCD90R2_GTACGTAAGGAGTTGC-1,CrVg2wCD90R2
CrVg2wCD90R2_GTACGTAAGTGTCCCG-1,CrVg2wCD90R2
CrVg2wCD90R2_GTACGTACACAACTGT-1,CrVg2wCD90R2
CrVg2wCD90R2_GTACGTAGTCACTTCC-1,CrVg2wCD90R2
CrVg2wCD90R2_GTACGTAGTCTGATTG-1,CrVg2wCD90R2
CrVg2wCD90R2_GTACGTATCCCTAACC-1,CrVg2wCD90R2
CrVg2wCD90R2_GTACGTATCGTCCGTT-1,CrVg2wCD90R2
CrVg2wCD90R2_GTACGTATCTGGCGTG-1,CrVg2wCD90R2
CrVg2wCD90R2_GTACTCCTCAACACAC-1,CrVg2wCD90R2
CrVg2wCD90R2_GTACTTTAGAGATGAG-1,CrVg2wCD90R2
CrVg2wCD90R2_GTACTTTCAGCTTCGG-1,CrVg2wCD90R2
CrVg2wCD90R2_GTACTTTCATAGGATA-1,CrVg2wCD90R2
CrVg2wCD90R2_GTACTTTCATGAGCGA-1,CrVg2wCD90R2
CrVg2wCD90R2_GTACTTTGTCAAAGAT-1,CrVg2wCD90R2
CrVg2wCD90R2_GTACTTTTCGATGAGG-1,CrVg2wCD90R2
CrVg2wCD90R2_GTAGGCCAGCGATCCC-1,CrVg2wCD90R2
CrVg2wCD90R2_GTAGGCCAGTACGATA-1,CrVg2wCD90R2
CrVg2wCD90R2_GTAGGCCAGTGGAGTC-1,CrVg2wCD90R2
CrVg2wCD90R2_GTAGGCCGTCGCGGTT-1,CrVg2wCD90R2
CrVg2wCD90R2_GTAGTCAAGATGCCAG-1,CrVg2wCD90R2
CrVg2wCD90R2_GTAGTCACACACGCTG-1,CrVg2wCD90R2
CrVg2wCD90R2_GTAGTCACACTGTTAG-1,CrVg2wCD90R2
CrVg2wCD90R2_GTAGTCACATGTAGTC-1,CrVg2wCD90R2
CrVg2wCD90R2_GTAGTCAGTATAATGG-1,CrVg2wCD90R2
CrVg2wCD90R2_GTAGTCAGTGGACGAT-1,CrVg2wCD90R2
CrVg2wCD90R2_GTAGTCATCAAGATCC-1,CrVg2wCD90R2
CrVg2wCD90R2_GTAGTCATCCTCAATT-1,CrVg2wCD90R2
CrVg2wCD90R2_GTAGTCATCTGCGGCA-1,CrVg2wCD90R2
CrVg2wCD90R2_GTAGTCATCTGTCTCG-1,CrVg2wCD90R2
CrVg2wCD90R2_GTATCTTAGATCCCGC-1,CrVg2wCD90R2
CrVg2wCD90R2_GTATCTTAGATCCTGT-1,CrVg2wCD90R2
CrVg2wCD90R2_GTATCTTAGTCCATAC-1,CrVg2wCD90R2
CrVg2wCD90R2_GTATCTTGTCCGAAGA-1,CrVg2wCD90R2
CrVg2wCD90R2_GTATCTTGTTCGTTGA-1,CrVg2wCD90R2
CrVg2wCD90R2_GTATCTTTCCATTCTA-1,CrVg2wCD90R2
CrVg2wCD90R2_GTATTCTAGCGATCCC-1,CrVg2wCD90R2
CrVg2wCD90R2_GTATTCTCAGTTTACG-1,CrVg2wCD90R2
CrVg2wCD90R2_GTATTCTCATCCCACT-1,CrVg2wCD90R2
CrVg2wCD90R2_GTATTCTCATGGATGG-1,CrVg2wCD90R2
CrVg2wCD90R2_GTATTCTCATTACGAC-1,CrVg2wCD90R2
CrVg2wCD90R2_GTATTCTGTTACAGAA-1,CrVg2wCD90R2
CrVg2wCD90R2_GTATTCTTCCAAAGTC-1,CrVg2wCD90R2
CrVg2wCD90R2_GTATTCTTCGGCTTGG-1,CrVg2wCD90R2
CrVg2wCD90R2_GTCAAGTAGTGTTAGA-1,CrVg2wCD90R2
CrVg2wCD90R2_GTCAAGTCAATAGCGG-1,CrVg2wCD90R2
CrVg2wCD90R2_GTCAAGTGTCCTGCTT-1,CrVg2wCD90R2
CrVg2wCD90R2_GTCAAGTGTGTTGAGG-1,CrVg2wCD90R2
CrVg2wCD90R2_GTCAAGTGTTCGTCTC-1,CrVg2wCD90R2
CrVg2wCD90R2_GTCAAGTGTTCTGTTT-1,CrVg2wCD90R2
CrVg2wCD90R2_GTCAAGTTCTTTACAC-1,CrVg2wCD90R2
CrVg2wCD90R2_GTCACAAAGGGCACTA-1,CrVg2wCD90R2
CrVg2wCD90R2_GTCACAACAATTCCTT-1,CrVg2wCD90R2
CrVg2wCD90R2_GTCACAACATGCCTAA-1,CrVg2wCD90R2
CrVg2wCD90R2_GTCACAAGTCGGCATC-1,CrVg2wCD90R2
CrVg2wCD90R2_GTCACAAGTGACCAAG-1,CrVg2wCD90R2
CrVg2wCD90R2_GTCACAATCAATCTCT-1,CrVg2wCD90R2
CrVg2wCD90R2_GTCACAATCATTGCGA-1,CrVg2wCD90R2
CrVg2wCD90R2_GTCACAATCGGAGCAA-1,CrVg2wCD90R2
CrVg2wCD90R2_GTCACGGAGACTTTCG-1,CrVg2wCD90R2
CrVg2wCD90R2_GTCACGGAGCGATATA-1,CrVg2wCD90R2
CrVg2wCD90R2_GTCACGGAGCGTTGCC-1,CrVg2wCD90R2
CrVg2wCD90R2_GTCACGGAGGGATACC-1,CrVg2wCD90R2
CrVg2wCD90R2_GTCACGGAGGTGCTAG-1,CrVg2wCD90R2
CrVg2wCD90R2_GTCACGGAGTGGAGTC-1,CrVg2wCD90R2
CrVg2wCD90R2_GTCACGGCACCGCTAG-1,CrVg2wCD90R2
CrVg2wCD90R2_GTCACGGCACGTGAGA-1,CrVg2wCD90R2
CrVg2wCD90R2_GTCACGGGTGACCAAG-1,CrVg2wCD90R2
CrVg2wCD90R2_GTCACGGTCAGTACGT-1,CrVg2wCD90R2
CrVg2wCD90R2_GTCACGGTCCACTCCA-1,CrVg2wCD90R2
CrVg2wCD90R2_GTCACGGTCGGTGTTA-1,CrVg2wCD90R2
CrVg2wCD90R2_GTCATTTAGTCCGGTC-1,CrVg2wCD90R2
CrVg2wCD90R2_GTCATTTCACACCGAC-1,CrVg2wCD90R2
CrVg2wCD90R2_GTCATTTCAGACGCAA-1,CrVg2wCD90R2
CrVg2wCD90R2_GTCATTTGTAAGGGAA-1,CrVg2wCD90R2
CrVg2wCD90R2_GTCATTTGTAGGGACT-1,CrVg2wCD90R2
CrVg2wCD90R2_GTCATTTGTCCAACTA-1,CrVg2wCD90R2
CrVg2wCD90R2_GTCATTTTCAACGCTA-1,CrVg2wCD90R2
CrVg2wCD90R2_GTCCTCAAGACTCGGA-1,CrVg2wCD90R2
CrVg2wCD90R2_GTCCTCACACGAAAGC-1,CrVg2wCD90R2
CrVg2wCD90R2_GTCCTCAGTCGAACAG-1,CrVg2wCD90R2
CrVg2wCD90R2_GTCCTCAGTGTAAGTA-1,CrVg2wCD90R2
CrVg2wCD90R2_GTCCTCATCAGTGTTG-1,CrVg2wCD90R2
CrVg2wCD90R2_GTCGGGTCAAGTTAAG-1,CrVg2wCD90R2
CrVg2wCD90R2_GTCGGGTCAATGGTCT-1,CrVg2wCD90R2
CrVg2wCD90R2_GTCGGGTGTCAAAGCG-1,CrVg2wCD90R2
CrVg2wCD90R2_GTCGGGTGTCGGCTCA-1,CrVg2wCD90R2
CrVg2wCD90R2_GTCGGGTTCAGTTCGA-1,CrVg2wCD90R2
CrVg2wCD90R2_GTCGGGTTCCCTGACT-1,CrVg2wCD90R2
CrVg2wCD90R2_GTCGGGTTCGAACGGA-1,CrVg2wCD90R2
CrVg2wCD90R2_GTCGTAAAGCACCGTC-1,CrVg2wCD90R2
CrVg2wCD90R2_GTCGTAAAGGATGGAA-1,CrVg2wCD90R2
CrVg2wCD90R2_GTCGTAAAGTCGCCGT-1,CrVg2wCD90R2
CrVg2wCD90R2_GTCGTAACAGGCGATA-1,CrVg2wCD90R2
CrVg2wCD90R2_GTCGTAACAGGGTTAG-1,CrVg2wCD90R2
CrVg2wCD90R2_GTCGTAAGTCATACTG-1,CrVg2wCD90R2
CrVg2wCD90R2_GTCGTAAGTCGGGTCT-1,CrVg2wCD90R2
CrVg2wCD90R2_GTCGTAAGTCTCTTTA-1,CrVg2wCD90R2
CrVg2wCD90R2_GTCGTAAGTGTGAAAT-1,CrVg2wCD90R2
CrVg2wCD90R2_GTCGTAAGTTCAGTAC-1,CrVg2wCD90R2
CrVg2wCD90R2_GTCGTAAGTTCCGTCT-1,CrVg2wCD90R2
CrVg2wCD90R2_GTCGTAAGTTGCGTTA-1,CrVg2wCD90R2
CrVg2wCD90R2_GTCGTAATCGCAGGCT-1,CrVg2wCD90R2
CrVg2wCD90R2_GTCGTAATCTAACTGG-1,CrVg2wCD90R2
CrVg2wCD90R2_GTCTCGTAGAACTCGG-1,CrVg2wCD90R2
CrVg2wCD90R2_GTCTCGTAGAATTGTG-1,CrVg2wCD90R2
CrVg2wCD90R2_GTCTCGTAGATCGGGT-1,CrVg2wCD90R2
CrVg2wCD90R2_GTCTCGTCATAGTAAG-1,CrVg2wCD90R2
CrVg2wCD90R2_GTCTCGTCATGTCGAT-1,CrVg2wCD90R2
CrVg2wCD90R2_GTCTCGTGTTGCTCCT-1,CrVg2wCD90R2
CrVg2wCD90R2_GTCTCGTTCGAGAGCA-1,CrVg2wCD90R2
CrVg2wCD90R2_GTCTTCGAGCTACCGC-1,CrVg2wCD90R2
CrVg2wCD90R2_GTCTTCGAGGACCACA-1,CrVg2wCD90R2
CrVg2wCD90R2_GTCTTCGAGGCACATG-1,CrVg2wCD90R2
CrVg2wCD90R2_GTCTTCGAGTGAAGTT-1,CrVg2wCD90R2
CrVg2wCD90R2_GTCTTCGCAATGAATG-1,CrVg2wCD90R2
CrVg2wCD90R2_GTCTTCGCAATGGAAT-1,CrVg2wCD90R2
CrVg2wCD90R2_GTCTTCGCAGCTCGCA-1,CrVg2wCD90R2
CrVg2wCD90R2_GTCTTCGCATCGATTG-1,CrVg2wCD90R2
CrVg2wCD90R2_GTCTTCGGTTTCCACC-1,CrVg2wCD90R2
CrVg2wCD90R2_GTCTTCGTCAGTTGAC-1,CrVg2wCD90R2
CrVg2wCD90R2_GTCTTCGTCCCACTTG-1,CrVg2wCD90R2
CrVg2wCD90R2_GTGAAGGAGGATGGTC-1,CrVg2wCD90R2
CrVg2wCD90R2_GTGAAGGAGTCGCCGT-1,CrVg2wCD90R2
CrVg2wCD90R2_GTGAAGGAGTGAATTG-1,CrVg2wCD90R2
CrVg2wCD90R2_GTGAAGGCAACGATCT-1,CrVg2wCD90R2
CrVg2wCD90R2_GTGAAGGCAAGAGGCT-1,CrVg2wCD90R2
CrVg2wCD90R2_GTGAAGGCAGCTGTTA-1,CrVg2wCD90R2
CrVg2wCD90R2_GTGAAGGGTTGGGACA-1,CrVg2wCD90R2
CrVg2wCD90R2_GTGAAGGTCTGAGGGA-1,CrVg2wCD90R2
CrVg2wCD90R2_GTGCAGCAGCGTTTAC-1,CrVg2wCD90R2
CrVg2wCD90R2_GTGCAGCAGTGGGATC-1,CrVg2wCD90R2
CrVg2wCD90R2_GTGCAGCCAACTGCTA-1,CrVg2wCD90R2
CrVg2wCD90R2_GTGCAGCCACCATGTA-1,CrVg2wCD90R2
CrVg2wCD90R2_GTGCAGCCAGACGTAG-1,CrVg2wCD90R2
CrVg2wCD90R2_GTGCAGCGTACAGCAG-1,CrVg2wCD90R2
CrVg2wCD90R2_GTGCAGCTCAATCTCT-1,CrVg2wCD90R2
CrVg2wCD90R2_GTGCATAAGAATAGGG-1,CrVg2wCD90R2
CrVg2wCD90R2_GTGCATAAGACACTAA-1,CrVg2wCD90R2
CrVg2wCD90R2_GTGCATAAGATCCTGT-1,CrVg2wCD90R2
CrVg2wCD90R2_GTGCATACACAACGTT-1,CrVg2wCD90R2
CrVg2wCD90R2_GTGCATACAGGGATTG-1,CrVg2wCD90R2
CrVg2wCD90R2_GTGCATAGTGGAAAGA-1,CrVg2wCD90R2
CrVg2wCD90R2_GTGCATAGTTGGTGGA-1,CrVg2wCD90R2
CrVg2wCD90R2_GTGCATATCAAGAAGT-1,CrVg2wCD90R2
CrVg2wCD90R2_GTGCATATCCCTTGCA-1,CrVg2wCD90R2
CrVg2wCD90R2_GTGCATATCCTGCCAT-1,CrVg2wCD90R2
CrVg2wCD90R2_GTGCGGTAGACTGTAA-1,CrVg2wCD90R2
CrVg2wCD90R2_GTGCGGTAGGATGTAT-1,CrVg2wCD90R2
CrVg2wCD90R2_GTGCGGTAGTCCCACG-1,CrVg2wCD90R2
CrVg2wCD90R2_GTGCGGTAGTTGAGTA-1,CrVg2wCD90R2
CrVg2wCD90R2_GTGCGGTCAAACTGCT-1,CrVg2wCD90R2
CrVg2wCD90R2_GTGCGGTCACAGATTC-1,CrVg2wCD90R2
CrVg2wCD90R2_GTGCGGTCAGGGATTG-1,CrVg2wCD90R2
CrVg2wCD90R2_GTGCGGTCATGCCACG-1,CrVg2wCD90R2
CrVg2wCD90R2_GTGCGGTGTTAGAACA-1,CrVg2wCD90R2
CrVg2wCD90R2_GTGCGGTTCAACACCA-1,CrVg2wCD90R2
CrVg2wCD90R2_GTGCGGTTCACAGTAC-1,CrVg2wCD90R2
CrVg2wCD90R2_GTGCGGTTCGGCGCTA-1,CrVg2wCD90R2
CrVg2wCD90R2_GTGCGGTTCTAGCACA-1,CrVg2wCD90R2
CrVg2wCD90R2_GTGCTTCCACCAGATT-1,CrVg2wCD90R2
CrVg2wCD90R2_GTGCTTCCAGCTGCAC-1,CrVg2wCD90R2
CrVg2wCD90R2_GTGCTTCCATCCGGGT-1,CrVg2wCD90R2
CrVg2wCD90R2_GTGCTTCGTGTTTGTG-1,CrVg2wCD90R2
CrVg2wCD90R2_GTGCTTCGTTAGAACA-1,CrVg2wCD90R2
CrVg2wCD90R2_GTGCTTCTCACAAACC-1,CrVg2wCD90R2
CrVg2wCD90R2_GTGCTTCTCGCCTGTT-1,CrVg2wCD90R2
CrVg2wCD90R2_GTGGGTCAGGAGTTGC-1,CrVg2wCD90R2
CrVg2wCD90R2_GTGGGTCGTGATGCCC-1,CrVg2wCD90R2
CrVg2wCD90R2_GTGGGTCTCAAGAAGT-1,CrVg2wCD90R2
CrVg2wCD90R2_GTGTGCGCAAGCTGTT-1,CrVg2wCD90R2
CrVg2wCD90R2_GTGTGCGCACGGCCAT-1,CrVg2wCD90R2
CrVg2wCD90R2_GTGTGCGCACTTCTGC-1,CrVg2wCD90R2
CrVg2wCD90R2_GTGTGCGCAGATGGCA-1,CrVg2wCD90R2
CrVg2wCD90R2_GTGTGCGCATCCGTGG-1,CrVg2wCD90R2
CrVg2wCD90R2_GTGTGCGGTAAAGTCA-1,CrVg2wCD90R2
CrVg2wCD90R2_GTGTGCGGTGGCAAAC-1,CrVg2wCD90R2
CrVg2wCD90R2_GTGTGCGGTTCGCGAC-1,CrVg2wCD90R2
CrVg2wCD90R2_GTGTGCGTCGACAGCC-1,CrVg2wCD90R2
CrVg2wCD90R2_GTGTGCGTCTGTCTAT-1,CrVg2wCD90R2
CrVg2wCD90R2_GTGTTAGAGATGGCGT-1,CrVg2wCD90R2
CrVg2wCD90R2_GTGTTAGAGCGTGAGT-1,CrVg2wCD90R2
CrVg2wCD90R2_GTGTTAGAGTTGTAGA-1,CrVg2wCD90R2
CrVg2wCD90R2_GTGTTAGCAATCGGTT-1,CrVg2wCD90R2
CrVg2wCD90R2_GTGTTAGCAGCGTAAG-1,CrVg2wCD90R2
CrVg2wCD90R2_GTGTTAGTCACTCCTG-1,CrVg2wCD90R2
CrVg2wCD90R2_GTGTTAGTCAGCGATT-1,CrVg2wCD90R2
CrVg2wCD90R2_GTGTTAGTCCCTAACC-1,CrVg2wCD90R2
CrVg2wCD90R2_GTTAAGCAGATATGGT-1,CrVg2wCD90R2
CrVg2wCD90R2_GTTAAGCAGGCCCTTG-1,CrVg2wCD90R2
CrVg2wCD90R2_GTTAAGCCACCCATTC-1,CrVg2wCD90R2
CrVg2wCD90R2_GTTAAGCCAGGAACGT-1,CrVg2wCD90R2
CrVg2wCD90R2_GTTAAGCCATGAAGTA-1,CrVg2wCD90R2
CrVg2wCD90R2_GTTAAGCGTGCTGTAT-1,CrVg2wCD90R2
CrVg2wCD90R2_GTTAAGCGTGGCCCTA-1,CrVg2wCD90R2
CrVg2wCD90R2_GTTAAGCTCAATCACG-1,CrVg2wCD90R2
CrVg2wCD90R2_GTTAAGCTCTTGCATT-1,CrVg2wCD90R2
CrVg2wCD90R2_GTTACAGAGACTAGAT-1,CrVg2wCD90R2
CrVg2wCD90R2_GTTACAGAGCGTTCCG-1,CrVg2wCD90R2
CrVg2wCD90R2_GTTACAGAGGTGTTAA-1,CrVg2wCD90R2
CrVg2wCD90R2_GTTACAGGTACCCAAT-1,CrVg2wCD90R2
CrVg2wCD90R2_GTTACAGGTCCGTCAG-1,CrVg2wCD90R2
CrVg2wCD90R2_GTTACAGGTTCAGGCC-1,CrVg2wCD90R2
CrVg2wCD90R2_GTTACAGTCTGCGACG-1,CrVg2wCD90R2
CrVg2wCD90R2_GTTCATTAGCTCAACT-1,CrVg2wCD90R2
CrVg2wCD90R2_GTTCATTCAATCCGAT-1,CrVg2wCD90R2
CrVg2wCD90R2_GTTCATTCAATGTAAG-1,CrVg2wCD90R2
CrVg2wCD90R2_GTTCATTCACGAAACG-1,CrVg2wCD90R2
CrVg2wCD90R2_GTTCATTTCCGCATCT-1,CrVg2wCD90R2
CrVg2wCD90R2_GTTCGGGAGGCCCTTG-1,CrVg2wCD90R2
CrVg2wCD90R2_GTTCGGGCACAACGCC-1,CrVg2wCD90R2
CrVg2wCD90R2_GTTCGGGCATCATCCC-1,CrVg2wCD90R2
CrVg2wCD90R2_GTTCGGGGTCTAGTGT-1,CrVg2wCD90R2
CrVg2wCD90R2_GTTCGGGGTTACGGAG-1,CrVg2wCD90R2
CrVg2wCD90R2_GTTCGGGTCTGTCCGT-1,CrVg2wCD90R2
CrVg2wCD90R2_GTTCTCGAGGAATTAC-1,CrVg2wCD90R2
CrVg2wCD90R2_GTTCTCGAGGAGCGAG-1,CrVg2wCD90R2
CrVg2wCD90R2_GTTCTCGCAGTATAAG-1,CrVg2wCD90R2
CrVg2wCD90R2_GTTCTCGCATGTAAGA-1,CrVg2wCD90R2
CrVg2wCD90R2_GTTCTCGGTCGCTTTC-1,CrVg2wCD90R2
CrVg2wCD90R2_GTTCTCGTCCCTAACC-1,CrVg2wCD90R2
CrVg2wCD90R2_GTTCTCGTCGGTCTAA-1,CrVg2wCD90R2
CrVg2wCD90R2_GTTCTCGTCTCGAGTA-1,CrVg2wCD90R2
CrVg2wCD90R2_GTTTCTAAGCCTATGT-1,CrVg2wCD90R2
CrVg2wCD90R2_GTTTCTAAGTGACATA-1,CrVg2wCD90R2
CrVg2wCD90R2_GTTTCTACAACTGGCC-1,CrVg2wCD90R2
CrVg2wCD90R2_GTTTCTAGTGAAATCA-1,CrVg2wCD90R2
CrVg2wCD90R2_GTTTCTAGTTACGGAG-1,CrVg2wCD90R2
CrVg2wCD90R2_GTTTCTATCAACGCTA-1,CrVg2wCD90R2
CrVg2wCD90R2_GTTTCTATCGTCTGCT-1,CrVg2wCD90R2
CrVg2wCD90R2_TAAACCGAGGGATCTG-1,CrVg2wCD90R2
CrVg2wCD90R2_TAAACCGCAACGATGG-1,CrVg2wCD90R2
CrVg2wCD90R2_TAAACCGCACGCTTTC-1,CrVg2wCD90R2
CrVg2wCD90R2_TAAACCGCACGTAAGG-1,CrVg2wCD90R2
CrVg2wCD90R2_TAAACCGCATCTCCCA-1,CrVg2wCD90R2
CrVg2wCD90R2_TAAACCGTCGGCATCG-1,CrVg2wCD90R2
CrVg2wCD90R2_TAAGAGACACAGCGTC-1,CrVg2wCD90R2
CrVg2wCD90R2_TAAGAGACACCCATTC-1,CrVg2wCD90R2
CrVg2wCD90R2_TAAGAGACATCAGTCA-1,CrVg2wCD90R2
CrVg2wCD90R2_TAAGAGAGTTCGTGAT-1,CrVg2wCD90R2
CrVg2wCD90R2_TAAGAGATCAGCACAT-1,CrVg2wCD90R2
CrVg2wCD90R2_TAAGAGATCCGCATCT-1,CrVg2wCD90R2
CrVg2wCD90R2_TAAGAGATCGACCAGC-1,CrVg2wCD90R2
CrVg2wCD90R2_TAAGAGATCTTGGGTA-1,CrVg2wCD90R2
CrVg2wCD90R2_TAAGCGTAGTGCGATG-1,CrVg2wCD90R2
CrVg2wCD90R2_TAAGCGTCAAGTAGTA-1,CrVg2wCD90R2
CrVg2wCD90R2_TAAGCGTCATCCTAGA-1,CrVg2wCD90R2
CrVg2wCD90R2_TAAGCGTGTCAAAGAT-1,CrVg2wCD90R2
CrVg2wCD90R2_TAAGCGTGTCCGTGAC-1,CrVg2wCD90R2
CrVg2wCD90R2_TAAGCGTGTTGCTCCT-1,CrVg2wCD90R2
CrVg2wCD90R2_TAAGCGTTCTGAGTGT-1,CrVg2wCD90R2
CrVg2wCD90R2_TAAGTGCAGATCGATA-1,CrVg2wCD90R2
CrVg2wCD90R2_TAAGTGCAGCGATCCC-1,CrVg2wCD90R2
CrVg2wCD90R2_TAAGTGCAGTAATCCC-1,CrVg2wCD90R2
CrVg2wCD90R2_TAAGTGCAGTGGACGT-1,CrVg2wCD90R2
CrVg2wCD90R2_TAAGTGCCACACATGT-1,CrVg2wCD90R2
CrVg2wCD90R2_TAAGTGCCAGGATCGA-1,CrVg2wCD90R2
CrVg2wCD90R2_TAAGTGCGTGGAAAGA-1,CrVg2wCD90R2
CrVg2wCD90R2_TAAGTGCGTGGCAAAC-1,CrVg2wCD90R2
CrVg2wCD90R2_TAAGTGCGTGTGGCTC-1,CrVg2wCD90R2
CrVg2wCD90R2_TAAGTGCTCGTCTGAA-1,CrVg2wCD90R2
CrVg2wCD90R2_TACACGAAGACCTTTG-1,CrVg2wCD90R2
CrVg2wCD90R2_TACACGACAAGCGAGT-1,CrVg2wCD90R2
CrVg2wCD90R2_TACACGACAGCCTGTG-1,CrVg2wCD90R2
CrVg2wCD90R2_TACACGACATCGGAAG-1,CrVg2wCD90R2
CrVg2wCD90R2_TACACGAGTCCGAGTC-1,CrVg2wCD90R2
CrVg2wCD90R2_TACACGAGTGTCAATC-1,CrVg2wCD90R2
CrVg2wCD90R2_TACACGAGTTACGTCA-1,CrVg2wCD90R2
CrVg2wCD90R2_TACACGAGTTTCGCTC-1,CrVg2wCD90R2
CrVg2wCD90R2_TACACGATCAGATAAG-1,CrVg2wCD90R2
CrVg2wCD90R2_TACACGATCTAACGGT-1,CrVg2wCD90R2
CrVg2wCD90R2_TACAGTGAGCACGCCT-1,CrVg2wCD90R2
CrVg2wCD90R2_TACAGTGAGCGGATCA-1,CrVg2wCD90R2
CrVg2wCD90R2_TACAGTGAGTGAACGC-1,CrVg2wCD90R2
CrVg2wCD90R2_TACAGTGCAAGCCATT-1,CrVg2wCD90R2
CrVg2wCD90R2_TACAGTGCACGACTCG-1,CrVg2wCD90R2
CrVg2wCD90R2_TACAGTGCACTACAGT-1,CrVg2wCD90R2
CrVg2wCD90R2_TACAGTGCATCCAACA-1,CrVg2wCD90R2
CrVg2wCD90R2_TACAGTGGTTTGGCGC-1,CrVg2wCD90R2
CrVg2wCD90R2_TACAGTGTCCGCGCAA-1,CrVg2wCD90R2
CrVg2wCD90R2_TACAGTGTCGTTACGA-1,CrVg2wCD90R2
CrVg2wCD90R2_TACAGTGTCTAACTTC-1,CrVg2wCD90R2
CrVg2wCD90R2_TACAGTGTCTGCTGCT-1,CrVg2wCD90R2
CrVg2wCD90R2_TACCTATAGAGTGACC-1,CrVg2wCD90R2
CrVg2wCD90R2_TACCTATAGTACGACG-1,CrVg2wCD90R2
CrVg2wCD90R2_TACCTATCACAGCGTC-1,CrVg2wCD90R2
CrVg2wCD90R2_TACCTATGTTTCGCTC-1,CrVg2wCD90R2
CrVg2wCD90R2_TACCTATTCCCATTTA-1,CrVg2wCD90R2
CrVg2wCD90R2_TACCTATTCCGAACGC-1,CrVg2wCD90R2
CrVg2wCD90R2_TACCTATTCGGAGGTA-1,CrVg2wCD90R2
CrVg2wCD90R2_TACCTTAAGATATGCA-1,CrVg2wCD90R2
CrVg2wCD90R2_TACCTTACAATGGAAT-1,CrVg2wCD90R2
CrVg2wCD90R2_TACCTTATCTTCCTTC-1,CrVg2wCD90R2
CrVg2wCD90R2_TACGGATAGACACGAC-1,CrVg2wCD90R2
CrVg2wCD90R2_TACGGATAGGACATTA-1,CrVg2wCD90R2
CrVg2wCD90R2_TACGGATAGGAGCGTT-1,CrVg2wCD90R2
CrVg2wCD90R2_TACGGATCAGCTGTTA-1,CrVg2wCD90R2
CrVg2wCD90R2_TACGGATGTTCGAATC-1,CrVg2wCD90R2
CrVg2wCD90R2_TACGGGCAGCGGATCA-1,CrVg2wCD90R2
CrVg2wCD90R2_TACGGGCCAGACGCTC-1,CrVg2wCD90R2
CrVg2wCD90R2_TACGGGCGTATAATGG-1,CrVg2wCD90R2
CrVg2wCD90R2_TACGGGCGTCCTCTTG-1,CrVg2wCD90R2
CrVg2wCD90R2_TACGGGCGTCGAACAG-1,CrVg2wCD90R2
CrVg2wCD90R2_TACGGGCTCGTGGACC-1,CrVg2wCD90R2
CrVg2wCD90R2_TACGGGCTCTGCTTGC-1,CrVg2wCD90R2
CrVg2wCD90R2_TACGGGCTCTGTTGAG-1,CrVg2wCD90R2
CrVg2wCD90R2_TACGGTAAGAGTTGGC-1,CrVg2wCD90R2
CrVg2wCD90R2_TACGGTAAGCTAAGAT-1,CrVg2wCD90R2
CrVg2wCD90R2_TACGGTAAGGCCATAG-1,CrVg2wCD90R2
CrVg2wCD90R2_TACGGTAAGTGGGTTG-1,CrVg2wCD90R2
CrVg2wCD90R2_TACGGTAAGTGGTCCC-1,CrVg2wCD90R2
CrVg2wCD90R2_TACGGTACAACTTGAC-1,CrVg2wCD90R2
CrVg2wCD90R2_TACGGTACAGTCTTCC-1,CrVg2wCD90R2
CrVg2wCD90R2_TACGGTAGTAGATTAG-1,CrVg2wCD90R2
CrVg2wCD90R2_TACGGTAGTCTCAACA-1,CrVg2wCD90R2
CrVg2wCD90R2_TACGGTAGTGGTAACG-1,CrVg2wCD90R2
CrVg2wCD90R2_TACGGTATCATTGCGA-1,CrVg2wCD90R2
CrVg2wCD90R2_TACGGTATCCTCCTAG-1,CrVg2wCD90R2
CrVg2wCD90R2_TACGGTATCTGCCCTA-1,CrVg2wCD90R2
CrVg2wCD90R2_TACTCATAGCACCGCT-1,CrVg2wCD90R2
CrVg2wCD90R2_TACTCATAGCTTCGCG-1,CrVg2wCD90R2
CrVg2wCD90R2_TACTCATAGGAGCGTT-1,CrVg2wCD90R2
CrVg2wCD90R2_TACTCATGTCGTTGTA-1,CrVg2wCD90R2
CrVg2wCD90R2_TACTCATTCAGGCGAA-1,CrVg2wCD90R2
CrVg2wCD90R2_TACTCATTCGTGGGAA-1,CrVg2wCD90R2
CrVg2wCD90R2_TACTCGCAGACCTAGG-1,CrVg2wCD90R2
CrVg2wCD90R2_TACTCGCAGGCTCTTA-1,CrVg2wCD90R2
CrVg2wCD90R2_TACTCGCAGTTCGCAT-1,CrVg2wCD90R2
CrVg2wCD90R2_TACTCGCCAATGTAAG-1,CrVg2wCD90R2
CrVg2wCD90R2_TACTCGCCACCAACCG-1,CrVg2wCD90R2
CrVg2wCD90R2_TACTCGCCACGTTGGC-1,CrVg2wCD90R2
CrVg2wCD90R2_TACTCGCCATTCTCAT-1,CrVg2wCD90R2
CrVg2wCD90R2_TACTCGCGTCAGAAGC-1,CrVg2wCD90R2
CrVg2wCD90R2_TACTCGCGTCAGATAA-1,CrVg2wCD90R2
CrVg2wCD90R2_TACTCGCGTCTCATCC-1,CrVg2wCD90R2
CrVg2wCD90R2_TACTCGCGTGCAACTT-1,CrVg2wCD90R2
CrVg2wCD90R2_TACTCGCTCATAACCG-1,CrVg2wCD90R2
CrVg2wCD90R2_TACTCGCTCGTTTATC-1,CrVg2wCD90R2
CrVg2wCD90R2_TACTTACAGTCGATAA-1,CrVg2wCD90R2
CrVg2wCD90R2_TACTTACCATAACCTG-1,CrVg2wCD90R2
CrVg2wCD90R2_TACTTACTCGAATGGG-1,CrVg2wCD90R2
CrVg2wCD90R2_TACTTACTCGTCACGG-1,CrVg2wCD90R2
CrVg2wCD90R2_TACTTACTCTGTCTCG-1,CrVg2wCD90R2
CrVg2wCD90R2_TACTTGTAGACCGGAT-1,CrVg2wCD90R2
CrVg2wCD90R2_TACTTGTAGGTGATTA-1,CrVg2wCD90R2
CrVg2wCD90R2_TACTTGTCAAAGAATC-1,CrVg2wCD90R2
CrVg2wCD90R2_TACTTGTCATGTCTCC-1,CrVg2wCD90R2
CrVg2wCD90R2_TACTTGTTCGCGCCAA-1,CrVg2wCD90R2
CrVg2wCD90R2_TACTTGTTCTCATTCA-1,CrVg2wCD90R2
CrVg2wCD90R2_TAGACCAAGAGTCTGG-1,CrVg2wCD90R2
CrVg2wCD90R2_TAGACCAAGGAGCGTT-1,CrVg2wCD90R2
CrVg2wCD90R2_TAGACCACAACGCACC-1,CrVg2wCD90R2
CrVg2wCD90R2_TAGACCATCATCGGAT-1,CrVg2wCD90R2
CrVg2wCD90R2_TAGACCATCTTGCCGT-1,CrVg2wCD90R2
CrVg2wCD90R2_TAGAGCTAGTCTCCTC-1,CrVg2wCD90R2
CrVg2wCD90R2_TAGAGCTGTATATCCG-1,CrVg2wCD90R2
CrVg2wCD90R2_TAGAGCTGTCAAGCGA-1,CrVg2wCD90R2
CrVg2wCD90R2_TAGAGCTGTGACGGTA-1,CrVg2wCD90R2
CrVg2wCD90R2_TAGAGCTGTTGCGCAC-1,CrVg2wCD90R2
CrVg2wCD90R2_TAGAGCTGTTTGGCGC-1,CrVg2wCD90R2
CrVg2wCD90R2_TAGAGCTTCCGAACGC-1,CrVg2wCD90R2
CrVg2wCD90R2_TAGCCGGAGTACATGA-1,CrVg2wCD90R2
CrVg2wCD90R2_TAGCCGGGTAGCCTAT-1,CrVg2wCD90R2
CrVg2wCD90R2_TAGCCGGTCATCATTC-1,CrVg2wCD90R2
CrVg2wCD90R2_TAGCCGGTCCTCAACC-1,CrVg2wCD90R2
CrVg2wCD90R2_TAGCCGGTCTATGTGG-1,CrVg2wCD90R2
CrVg2wCD90R2_TAGCCGGTCTGCCAGG-1,CrVg2wCD90R2
CrVg2wCD90R2_TAGGCATCACATCTTT-1,CrVg2wCD90R2
CrVg2wCD90R2_TAGGCATGTATAGGTA-1,CrVg2wCD90R2
CrVg2wCD90R2_TAGGCATGTGATGATA-1,CrVg2wCD90R2
CrVg2wCD90R2_TAGGCATGTTCATGGT-1,CrVg2wCD90R2
CrVg2wCD90R2_TAGGCATGTTCCCGAG-1,CrVg2wCD90R2
CrVg2wCD90R2_TAGGCATTCAATACCG-1,CrVg2wCD90R2
CrVg2wCD90R2_TAGGCATTCAGGCAAG-1,CrVg2wCD90R2
CrVg2wCD90R2_TAGGCATTCCGCATAA-1,CrVg2wCD90R2
CrVg2wCD90R2_TAGTGGTAGGCATGTG-1,CrVg2wCD90R2
CrVg2wCD90R2_TAGTGGTGTAGCCTAT-1,CrVg2wCD90R2
CrVg2wCD90R2_TAGTGGTGTGATAAAC-1,CrVg2wCD90R2
CrVg2wCD90R2_TAGTGGTTCCTCATTA-1,CrVg2wCD90R2
CrVg2wCD90R2_TAGTTGGAGACCCACC-1,CrVg2wCD90R2
CrVg2wCD90R2_TAGTTGGAGCTAAGAT-1,CrVg2wCD90R2
CrVg2wCD90R2_TAGTTGGAGGGAGTAA-1,CrVg2wCD90R2
CrVg2wCD90R2_TAGTTGGGTAGCTTGT-1,CrVg2wCD90R2
CrVg2wCD90R2_TAGTTGGGTGAGGGTT-1,CrVg2wCD90R2
CrVg2wCD90R2_TAGTTGGTCCACTCCA-1,CrVg2wCD90R2
CrVg2wCD90R2_TATCAGGAGAGTAAGG-1,CrVg2wCD90R2
CrVg2wCD90R2_TATCAGGAGCGCTTAT-1,CrVg2wCD90R2
CrVg2wCD90R2_TATCAGGCAGACTCGC-1,CrVg2wCD90R2
CrVg2wCD90R2_TATCAGGGTAGCGCTC-1,CrVg2wCD90R2
CrVg2wCD90R2_TATCAGGTCAGGATCT-1,CrVg2wCD90R2
CrVg2wCD90R2_TATCAGGTCATGGTCA-1,CrVg2wCD90R2
CrVg2wCD90R2_TATCAGGTCTACGAGT-1,CrVg2wCD90R2
CrVg2wCD90R2_TATCAGGTCTTGAGGT-1,CrVg2wCD90R2
CrVg2wCD90R2_TATCTCACACTAAGTC-1,CrVg2wCD90R2
CrVg2wCD90R2_TATCTCACAGGTTTCA-1,CrVg2wCD90R2
CrVg2wCD90R2_TATCTCAGTATGCTTG-1,CrVg2wCD90R2
CrVg2wCD90R2_TATCTCAGTCTCACCT-1,CrVg2wCD90R2
CrVg2wCD90R2_TATCTCAGTCTGATCA-1,CrVg2wCD90R2
CrVg2wCD90R2_TATCTCATCACATACG-1,CrVg2wCD90R2
CrVg2wCD90R2_TATCTCATCGGCTACG-1,CrVg2wCD90R2
CrVg2wCD90R2_TATCTCATCTATCCCG-1,CrVg2wCD90R2
CrVg2wCD90R2_TATCTCATCTTGCAAG-1,CrVg2wCD90R2
CrVg2wCD90R2_TATGCCCAGCCGATTT-1,CrVg2wCD90R2
CrVg2wCD90R2_TATGCCCCAGCCACCA-1,CrVg2wCD90R2
CrVg2wCD90R2_TATGCCCCATCATCCC-1,CrVg2wCD90R2
CrVg2wCD90R2_TATGCCCCATCTACGA-1,CrVg2wCD90R2
CrVg2wCD90R2_TATGCCCGTAAGAGAG-1,CrVg2wCD90R2
CrVg2wCD90R2_TATGCCCGTTGATTGC-1,CrVg2wCD90R2
CrVg2wCD90R2_TATGCCCTCAAAGTAG-1,CrVg2wCD90R2
CrVg2wCD90R2_TATTACCAGTGACTCT-1,CrVg2wCD90R2
CrVg2wCD90R2_TATTACCAGTGTACGG-1,CrVg2wCD90R2
CrVg2wCD90R2_TATTACCCATTAGCCA-1,CrVg2wCD90R2
CrVg2wCD90R2_TATTACCTCGCACTCT-1,CrVg2wCD90R2
CrVg2wCD90R2_TCAACGAAGAGGGCTT-1,CrVg2wCD90R2
CrVg2wCD90R2_TCAACGAAGTTAAGTG-1,CrVg2wCD90R2
CrVg2wCD90R2_TCAACGACACGAAAGC-1,CrVg2wCD90R2
CrVg2wCD90R2_TCAACGAGTACCGGCT-1,CrVg2wCD90R2
CrVg2wCD90R2_TCAACGAGTACGCACC-1,CrVg2wCD90R2
CrVg2wCD90R2_TCAACGAGTCATATGC-1,CrVg2wCD90R2
CrVg2wCD90R2_TCAACGATCCCTTGCA-1,CrVg2wCD90R2
CrVg2wCD90R2_TCAACGATCGCTAGCG-1,CrVg2wCD90R2
CrVg2wCD90R2_TCAATCTGTCGAACAG-1,CrVg2wCD90R2
CrVg2wCD90R2_TCAATCTGTGTTTGGT-1,CrVg2wCD90R2
CrVg2wCD90R2_TCAATCTGTTACGCGC-1,CrVg2wCD90R2
CrVg2wCD90R2_TCAATCTTCCTTTCGG-1,CrVg2wCD90R2
CrVg2wCD90R2_TCAATCTTCGCAAACT-1,CrVg2wCD90R2
CrVg2wCD90R2_TCAATCTTCTATCCTA-1,CrVg2wCD90R2
CrVg2wCD90R2_TCAATCTTCTGTCAAG-1,CrVg2wCD90R2
CrVg2wCD90R2_TCACAAGAGCCCAGCT-1,CrVg2wCD90R2
CrVg2wCD90R2_TCACAAGAGCTTATCG-1,CrVg2wCD90R2
CrVg2wCD90R2_TCACAAGAGGCCGAAT-1,CrVg2wCD90R2
CrVg2wCD90R2_TCACAAGAGTTGAGTA-1,CrVg2wCD90R2
CrVg2wCD90R2_TCACAAGCATCGATGT-1,CrVg2wCD90R2
CrVg2wCD90R2_TCACAAGGTCAGAATA-1,CrVg2wCD90R2
CrVg2wCD90R2_TCACAAGGTCCGTTAA-1,CrVg2wCD90R2
CrVg2wCD90R2_TCACAAGGTGATAAAC-1,CrVg2wCD90R2
CrVg2wCD90R2_TCACAAGGTGCACTTA-1,CrVg2wCD90R2
CrVg2wCD90R2_TCACAAGGTTACTGAC-1,CrVg2wCD90R2
CrVg2wCD90R2_TCACAAGTCACTCCTG-1,CrVg2wCD90R2
CrVg2wCD90R2_TCACAAGTCCTAAGTG-1,CrVg2wCD90R2
CrVg2wCD90R2_TCACGAACAGGGATTG-1,CrVg2wCD90R2
CrVg2wCD90R2_TCACGAATCACTCCTG-1,CrVg2wCD90R2
CrVg2wCD90R2_TCACGAATCAGTTTGG-1,CrVg2wCD90R2
CrVg2wCD90R2_TCACGAATCCACGAAT-1,CrVg2wCD90R2
CrVg2wCD90R2_TCACGAATCGACCAGC-1,CrVg2wCD90R2
CrVg2wCD90R2_TCAGATGAGACCTTTG-1,CrVg2wCD90R2
CrVg2wCD90R2_TCAGATGAGACGCTTT-1,CrVg2wCD90R2
CrVg2wCD90R2_TCAGATGAGCACCGCT-1,CrVg2wCD90R2
CrVg2wCD90R2_TCAGATGGTACGAAAT-1,CrVg2wCD90R2
CrVg2wCD90R2_TCAGATGGTTCGTTGA-1,CrVg2wCD90R2
CrVg2wCD90R2_TCAGATGTCAGAGACG-1,CrVg2wCD90R2
CrVg2wCD90R2_TCAGATGTCATTTGGG-1,CrVg2wCD90R2
CrVg2wCD90R2_TCAGCAAGTAATCGTC-1,CrVg2wCD90R2
CrVg2wCD90R2_TCAGCAAGTAGATTAG-1,CrVg2wCD90R2
CrVg2wCD90R2_TCAGCAAGTCCAGTAT-1,CrVg2wCD90R2
CrVg2wCD90R2_TCAGCTCAGCCCAACC-1,CrVg2wCD90R2
CrVg2wCD90R2_TCAGCTCAGCTTATCG-1,CrVg2wCD90R2
CrVg2wCD90R2_TCAGCTCAGGGTCGAT-1,CrVg2wCD90R2
CrVg2wCD90R2_TCAGCTCCAAGGTTTC-1,CrVg2wCD90R2
CrVg2wCD90R2_TCAGCTCCAGTACACT-1,CrVg2wCD90R2
CrVg2wCD90R2_TCAGCTCGTGCAACGA-1,CrVg2wCD90R2
CrVg2wCD90R2_TCAGCTCGTTATGTGC-1,CrVg2wCD90R2
CrVg2wCD90R2_TCAGCTCGTTCCACTC-1,CrVg2wCD90R2
CrVg2wCD90R2_TCAGCTCTCTTAACCT-1,CrVg2wCD90R2
CrVg2wCD90R2_TCAGGATAGGATCGCA-1,CrVg2wCD90R2
CrVg2wCD90R2_TCAGGATGTACGCACC-1,CrVg2wCD90R2
CrVg2wCD90R2_TCAGGATGTCGAGTTT-1,CrVg2wCD90R2
CrVg2wCD90R2_TCAGGATGTCTAGTCA-1,CrVg2wCD90R2
CrVg2wCD90R2_TCAGGATTCCTGTACC-1,CrVg2wCD90R2
CrVg2wCD90R2_TCAGGTAAGAAGGTTT-1,CrVg2wCD90R2
CrVg2wCD90R2_TCAGGTAAGAGTACAT-1,CrVg2wCD90R2
CrVg2wCD90R2_TCAGGTAAGGCTCAGA-1,CrVg2wCD90R2
CrVg2wCD90R2_TCAGGTACACTTCGAA-1,CrVg2wCD90R2
CrVg2wCD90R2_TCAGGTACAGGACCCT-1,CrVg2wCD90R2
CrVg2wCD90R2_TCAGGTATCGGTCTAA-1,CrVg2wCD90R2
CrVg2wCD90R2_TCATTACAGACGACGT-1,CrVg2wCD90R2
CrVg2wCD90R2_TCATTACAGAGACGAA-1,CrVg2wCD90R2
CrVg2wCD90R2_TCATTACAGAGCCTAG-1,CrVg2wCD90R2
CrVg2wCD90R2_TCATTACAGCGTCTAT-1,CrVg2wCD90R2
CrVg2wCD90R2_TCATTACCACCAACCG-1,CrVg2wCD90R2
CrVg2wCD90R2_TCATTACCACCACCAG-1,CrVg2wCD90R2
CrVg2wCD90R2_TCATTACCAGCTCGAC-1,CrVg2wCD90R2
CrVg2wCD90R2_TCATTACGTAGCTAAA-1,CrVg2wCD90R2
CrVg2wCD90R2_TCATTACGTCGAGTTT-1,CrVg2wCD90R2
CrVg2wCD90R2_TCATTACTCAAGATCC-1,CrVg2wCD90R2
CrVg2wCD90R2_TCATTACTCATGTCCC-1,CrVg2wCD90R2
CrVg2wCD90R2_TCATTTGAGCCAGTAG-1,CrVg2wCD90R2
CrVg2wCD90R2_TCATTTGAGGCATGGT-1,CrVg2wCD90R2
CrVg2wCD90R2_TCATTTGGTACCGCTG-1,CrVg2wCD90R2
CrVg2wCD90R2_TCATTTGTCAAAGTAG-1,CrVg2wCD90R2
CrVg2wCD90R2_TCATTTGTCAGCTGGC-1,CrVg2wCD90R2
CrVg2wCD90R2_TCATTTGTCGTACGGC-1,CrVg2wCD90R2
CrVg2wCD90R2_TCCACACAGTGGAGAA-1,CrVg2wCD90R2
CrVg2wCD90R2_TCCACACCACATTCGA-1,CrVg2wCD90R2
CrVg2wCD90R2_TCCACACCAGCTGTGC-1,CrVg2wCD90R2
CrVg2wCD90R2_TCCACACGTAGCGCTC-1,CrVg2wCD90R2
CrVg2wCD90R2_TCCACACTCCATGAAC-1,CrVg2wCD90R2
CrVg2wCD90R2_TCCCGATAGCAGGTCA-1,CrVg2wCD90R2
CrVg2wCD90R2_TCCCGATAGGGTTTCT-1,CrVg2wCD90R2
CrVg2wCD90R2_TCCCGATGTCGCTTCT-1,CrVg2wCD90R2
CrVg2wCD90R2_TCCCGATGTCTCTCTG-1,CrVg2wCD90R2
CrVg2wCD90R2_TCCCGATGTGTAAGTA-1,CrVg2wCD90R2
CrVg2wCD90R2_TCCCGATGTTTGACTG-1,CrVg2wCD90R2
CrVg2wCD90R2_TCGAGGCAGATCTGAA-1,CrVg2wCD90R2
CrVg2wCD90R2_TCGAGGCCAATGCCAT-1,CrVg2wCD90R2
CrVg2wCD90R2_TCGAGGCCACGCCAGT-1,CrVg2wCD90R2
CrVg2wCD90R2_TCGAGGCCAGTCTTCC-1,CrVg2wCD90R2
CrVg2wCD90R2_TCGAGGCGTACCGCTG-1,CrVg2wCD90R2
CrVg2wCD90R2_TCGAGGCGTAGGGTAC-1,CrVg2wCD90R2
CrVg2wCD90R2_TCGAGGCTCCCTTGCA-1,CrVg2wCD90R2
CrVg2wCD90R2_TCGCGAGAGAAGAAGC-1,CrVg2wCD90R2
CrVg2wCD90R2_TCGCGAGCACATGGGA-1,CrVg2wCD90R2
CrVg2wCD90R2_TCGCGAGCAGCGATCC-1,CrVg2wCD90R2
CrVg2wCD90R2_TCGCGAGCAGGCTCAC-1,CrVg2wCD90R2
CrVg2wCD90R2_TCGCGAGCAGGTGGAT-1,CrVg2wCD90R2
CrVg2wCD90R2_TCGCGAGGTCTAGGTT-1,CrVg2wCD90R2
CrVg2wCD90R2_TCGCGAGGTGAGGGAG-1,CrVg2wCD90R2
CrVg2wCD90R2_TCGCGAGGTGGGTCAA-1,CrVg2wCD90R2
CrVg2wCD90R2_TCGCGAGTCCAGGGCT-1,CrVg2wCD90R2
CrVg2wCD90R2_TCGCGTTCACATCTTT-1,CrVg2wCD90R2
CrVg2wCD90R2_TCGCGTTCACGCATCG-1,CrVg2wCD90R2
CrVg2wCD90R2_TCGCGTTCAGCATACT-1,CrVg2wCD90R2
CrVg2wCD90R2_TCGCGTTCAGTCAGAG-1,CrVg2wCD90R2
CrVg2wCD90R2_TCGCGTTGTAGCTTGT-1,CrVg2wCD90R2
CrVg2wCD90R2_TCGCGTTGTCCGTGAC-1,CrVg2wCD90R2
CrVg2wCD90R2_TCGCGTTGTCGGATCC-1,CrVg2wCD90R2
CrVg2wCD90R2_TCGCGTTGTCTCCCTA-1,CrVg2wCD90R2
CrVg2wCD90R2_TCGCGTTGTCTTGATG-1,CrVg2wCD90R2
CrVg2wCD90R2_TCGCGTTGTGGGTATG-1,CrVg2wCD90R2
CrVg2wCD90R2_TCGCGTTGTTAGTGGG-1,CrVg2wCD90R2
CrVg2wCD90R2_TCGCGTTTCCCGGATG-1,CrVg2wCD90R2
CrVg2wCD90R2_TCGCGTTTCGACCAGC-1,CrVg2wCD90R2
CrVg2wCD90R2_TCGCGTTTCGCACTCT-1,CrVg2wCD90R2
CrVg2wCD90R2_TCGCGTTTCTGATACG-1,CrVg2wCD90R2
CrVg2wCD90R2_TCGGGACAGCACCGTC-1,CrVg2wCD90R2
CrVg2wCD90R2_TCGGGACAGCTCCTTC-1,CrVg2wCD90R2
CrVg2wCD90R2_TCGGGACCAGGTGCCT-1,CrVg2wCD90R2
CrVg2wCD90R2_TCGGGACCAGTATAAG-1,CrVg2wCD90R2
CrVg2wCD90R2_TCGGGACGTTACCAGT-1,CrVg2wCD90R2
CrVg2wCD90R2_TCGGGACGTTCGTTGA-1,CrVg2wCD90R2
CrVg2wCD90R2_TCGGGACTCATCGATG-1,CrVg2wCD90R2
CrVg2wCD90R2_TCGGGACTCCCTTGCA-1,CrVg2wCD90R2
CrVg2wCD90R2_TCGGGACTCGGACAAG-1,CrVg2wCD90R2
CrVg2wCD90R2_TCGGTAAAGAGCTATA-1,CrVg2wCD90R2
CrVg2wCD90R2_TCGGTAAAGGCTAGAC-1,CrVg2wCD90R2
CrVg2wCD90R2_TCGGTAACACTTGGAT-1,CrVg2wCD90R2
CrVg2wCD90R2_TCGGTAAGTCATTAGC-1,CrVg2wCD90R2
CrVg2wCD90R2_TCGGTAAGTGCCTTGG-1,CrVg2wCD90R2
CrVg2wCD90R2_TCGTACCAGGGTGTTG-1,CrVg2wCD90R2
CrVg2wCD90R2_TCGTACCGTACACCGC-1,CrVg2wCD90R2
CrVg2wCD90R2_TCGTACCGTCCTCTTG-1,CrVg2wCD90R2
CrVg2wCD90R2_TCGTACCTCCAAACAC-1,CrVg2wCD90R2
CrVg2wCD90R2_TCGTACCTCCTGTACC-1,CrVg2wCD90R2
CrVg2wCD90R2_TCGTACCTCGCAAACT-1,CrVg2wCD90R2
CrVg2wCD90R2_TCGTACCTCGCCTGAG-1,CrVg2wCD90R2
CrVg2wCD90R2_TCGTAGAAGCCACTAT-1,CrVg2wCD90R2
CrVg2wCD90R2_TCGTAGAAGCGTCAAG-1,CrVg2wCD90R2
CrVg2wCD90R2_TCGTAGAAGTCGTACT-1,CrVg2wCD90R2
CrVg2wCD90R2_TCGTAGAAGTCTCAAC-1,CrVg2wCD90R2
CrVg2wCD90R2_TCGTAGACAAGAGGCT-1,CrVg2wCD90R2
CrVg2wCD90R2_TCGTAGACACAAGACG-1,CrVg2wCD90R2
CrVg2wCD90R2_TCGTAGACATATACGC-1,CrVg2wCD90R2
CrVg2wCD90R2_TCGTAGAGTAAGGATT-1,CrVg2wCD90R2
CrVg2wCD90R2_TCGTAGAGTTATTCTC-1,CrVg2wCD90R2
CrVg2wCD90R2_TCGTAGAGTTGTCTTT-1,CrVg2wCD90R2
CrVg2wCD90R2_TCGTAGAGTTTGTTGG-1,CrVg2wCD90R2
CrVg2wCD90R2_TCGTAGATCAAAGTAG-1,CrVg2wCD90R2
CrVg2wCD90R2_TCGTAGATCAGGCCCA-1,CrVg2wCD90R2
CrVg2wCD90R2_TCGTAGATCCTAAGTG-1,CrVg2wCD90R2
CrVg2wCD90R2_TCGTAGATCGGCTTGG-1,CrVg2wCD90R2
CrVg2wCD90R2_TCGTAGATCTACTTAC-1,CrVg2wCD90R2
CrVg2wCD90R2_TCTATTGAGAATGTTG-1,CrVg2wCD90R2
CrVg2wCD90R2_TCTATTGAGAGAACAG-1,CrVg2wCD90R2
CrVg2wCD90R2_TCTATTGAGTGCCAGA-1,CrVg2wCD90R2
CrVg2wCD90R2_TCTATTGCAAGACGTG-1,CrVg2wCD90R2
CrVg2wCD90R2_TCTATTGCACACGCTG-1,CrVg2wCD90R2
CrVg2wCD90R2_TCTATTGCAGCAGTTT-1,CrVg2wCD90R2
CrVg2wCD90R2_TCTATTGGTATTACCG-1,CrVg2wCD90R2
CrVg2wCD90R2_TCTATTGGTGAACCTT-1,CrVg2wCD90R2
CrVg2wCD90R2_TCTATTGTCAGAGACG-1,CrVg2wCD90R2
CrVg2wCD90R2_TCTCATAAGGATGCGT-1,CrVg2wCD90R2
CrVg2wCD90R2_TCTCATAGTACACCGC-1,CrVg2wCD90R2
CrVg2wCD90R2_TCTCATAGTATATGAG-1,CrVg2wCD90R2
CrVg2wCD90R2_TCTCATAGTCGGCACT-1,CrVg2wCD90R2
CrVg2wCD90R2_TCTCATAGTCTAAAGA-1,CrVg2wCD90R2
CrVg2wCD90R2_TCTCATATCAACACAC-1,CrVg2wCD90R2
CrVg2wCD90R2_TCTCATATCCAGATCA-1,CrVg2wCD90R2
CrVg2wCD90R2_TCTCATATCGGATGTT-1,CrVg2wCD90R2
CrVg2wCD90R2_TCTCATATCTGTGCAA-1,CrVg2wCD90R2
CrVg2wCD90R2_TCTCTAAAGCACCGTC-1,CrVg2wCD90R2
CrVg2wCD90R2_TCTCTAAAGCGACGTA-1,CrVg2wCD90R2
CrVg2wCD90R2_TCTCTAAAGGGCATGT-1,CrVg2wCD90R2
CrVg2wCD90R2_TCTCTAAGTGATGTGG-1,CrVg2wCD90R2
CrVg2wCD90R2_TCTCTAATCAGGTTCA-1,CrVg2wCD90R2
CrVg2wCD90R2_TCTCTAATCGTGTAGT-1,CrVg2wCD90R2
CrVg2wCD90R2_TCTCTAATCTGCGTAA-1,CrVg2wCD90R2
CrVg2wCD90R2_TCTCTAATCTGGTATG-1,CrVg2wCD90R2
CrVg2wCD90R2_TCTGAGAAGCTTTGGT-1,CrVg2wCD90R2
CrVg2wCD90R2_TCTGAGAAGTATCTCG-1,CrVg2wCD90R2
CrVg2wCD90R2_TCTGAGACACATGACT-1,CrVg2wCD90R2
CrVg2wCD90R2_TCTGAGACATGCCTAA-1,CrVg2wCD90R2
CrVg2wCD90R2_TCTGAGAGTTCCCTTG-1,CrVg2wCD90R2
CrVg2wCD90R2_TCTGGAACAAATCCGT-1,CrVg2wCD90R2
CrVg2wCD90R2_TCTGGAACACTCAGGC-1,CrVg2wCD90R2
CrVg2wCD90R2_TCTGGAACAGACGCAA-1,CrVg2wCD90R2
CrVg2wCD90R2_TCTGGAATCATTGCCC-1,CrVg2wCD90R2
CrVg2wCD90R2_TCTGGAATCCAGATCA-1,CrVg2wCD90R2
CrVg2wCD90R2_TCTGGAATCTGGTATG-1,CrVg2wCD90R2
CrVg2wCD90R2_TCTTCGGAGTAGGCCA-1,CrVg2wCD90R2
CrVg2wCD90R2_TCTTCGGAGTTAACGA-1,CrVg2wCD90R2
CrVg2wCD90R2_TCTTCGGCAGCTGTAT-1,CrVg2wCD90R2
CrVg2wCD90R2_TCTTCGGGTATAGTAG-1,CrVg2wCD90R2
CrVg2wCD90R2_TCTTCGGGTATGAAAC-1,CrVg2wCD90R2
CrVg2wCD90R2_TCTTCGGGTCTAACGT-1,CrVg2wCD90R2
CrVg2wCD90R2_TCTTCGGGTGACTCAT-1,CrVg2wCD90R2
CrVg2wCD90R2_TCTTCGGTCACTTCAT-1,CrVg2wCD90R2
CrVg2wCD90R2_TCTTCGGTCTTCGGTC-1,CrVg2wCD90R2
CrVg2wCD90R2_TCTTTCCAGTCCATAC-1,CrVg2wCD90R2
CrVg2wCD90R2_TCTTTCCCAACTGCTA-1,CrVg2wCD90R2
CrVg2wCD90R2_TCTTTCCCAGCCTATA-1,CrVg2wCD90R2
CrVg2wCD90R2_TCTTTCCGTAAAGGAG-1,CrVg2wCD90R2
CrVg2wCD90R2_TCTTTCCGTATTCGTG-1,CrVg2wCD90R2
CrVg2wCD90R2_TCTTTCCGTCTCTCTG-1,CrVg2wCD90R2
CrVg2wCD90R2_TCTTTCCTCACTTATC-1,CrVg2wCD90R2
CrVg2wCD90R2_TCTTTCCTCCTGCAGG-1,CrVg2wCD90R2
CrVg2wCD90R2_TCTTTCCTCCTTGACC-1,CrVg2wCD90R2
CrVg2wCD90R2_TGAAAGACAACACCTA-1,CrVg2wCD90R2
CrVg2wCD90R2_TGAAAGACACAGTCGC-1,CrVg2wCD90R2
CrVg2wCD90R2_TGAAAGAGTAATCGTC-1,CrVg2wCD90R2
CrVg2wCD90R2_TGAAAGAGTAGCTCCG-1,CrVg2wCD90R2
CrVg2wCD90R2_TGAAAGAGTGCACGAA-1,CrVg2wCD90R2
CrVg2wCD90R2_TGAAAGAGTGGTCTCG-1,CrVg2wCD90R2
CrVg2wCD90R2_TGAAAGATCAGTTGAC-1,CrVg2wCD90R2
CrVg2wCD90R2_TGACAACAGAAGGACA-1,CrVg2wCD90R2
CrVg2wCD90R2_TGACAACAGTAGGCCA-1,CrVg2wCD90R2
CrVg2wCD90R2_TGACAACCATGCCTAA-1,CrVg2wCD90R2
CrVg2wCD90R2_TGACAACGTGTCAATC-1,CrVg2wCD90R2
CrVg2wCD90R2_TGACAACTCCAAGCCG-1,CrVg2wCD90R2
CrVg2wCD90R2_TGACGGCAGAGCTGCA-1,CrVg2wCD90R2
CrVg2wCD90R2_TGACGGCAGGTTCCTA-1,CrVg2wCD90R2
CrVg2wCD90R2_TGACGGCAGTGCGTGA-1,CrVg2wCD90R2
CrVg2wCD90R2_TGACGGCCACATCCAA-1,CrVg2wCD90R2
CrVg2wCD90R2_TGACGGCGTTCGTGAT-1,CrVg2wCD90R2
CrVg2wCD90R2_TGACGGCTCGCATGGC-1,CrVg2wCD90R2
CrVg2wCD90R2_TGACTAGAGAACAATC-1,CrVg2wCD90R2
CrVg2wCD90R2_TGACTAGAGCTAACTC-1,CrVg2wCD90R2
CrVg2wCD90R2_TGACTAGAGGGTGTTG-1,CrVg2wCD90R2
CrVg2wCD90R2_TGACTAGAGTTGTAGA-1,CrVg2wCD90R2
CrVg2wCD90R2_TGACTAGCACTGCCAG-1,CrVg2wCD90R2
CrVg2wCD90R2_TGACTAGCATCCGTGG-1,CrVg2wCD90R2
CrVg2wCD90R2_TGACTAGGTACAAGTA-1,CrVg2wCD90R2
CrVg2wCD90R2_TGACTAGTCTGCTTGC-1,CrVg2wCD90R2
CrVg2wCD90R2_TGACTTTAGACGCTTT-1,CrVg2wCD90R2
CrVg2wCD90R2_TGACTTTGTAAGGGCT-1,CrVg2wCD90R2
CrVg2wCD90R2_TGACTTTGTCGCTTTC-1,CrVg2wCD90R2
CrVg2wCD90R2_TGACTTTGTTGTCTTT-1,CrVg2wCD90R2
CrVg2wCD90R2_TGACTTTTCAAGGTAA-1,CrVg2wCD90R2
CrVg2wCD90R2_TGACTTTTCACCAGGC-1,CrVg2wCD90R2
CrVg2wCD90R2_TGACTTTTCAGCTTAG-1,CrVg2wCD90R2
CrVg2wCD90R2_TGACTTTTCTACTATC-1,CrVg2wCD90R2
CrVg2wCD90R2_TGAGAGGAGCCAGAAC-1,CrVg2wCD90R2
CrVg2wCD90R2_TGAGAGGAGCTCAACT-1,CrVg2wCD90R2
CrVg2wCD90R2_TGAGAGGAGGTGCTAG-1,CrVg2wCD90R2
CrVg2wCD90R2_TGAGAGGCACGAGAGT-1,CrVg2wCD90R2
CrVg2wCD90R2_TGAGAGGCACTATCTT-1,CrVg2wCD90R2
CrVg2wCD90R2_TGAGAGGCATAGAAAC-1,CrVg2wCD90R2
CrVg2wCD90R2_TGAGAGGGTTCCACTC-1,CrVg2wCD90R2
CrVg2wCD90R2_TGAGAGGTCCCTCAGT-1,CrVg2wCD90R2
CrVg2wCD90R2_TGAGAGGTCTCCTATA-1,CrVg2wCD90R2
CrVg2wCD90R2_TGAGCATAGACCGGAT-1,CrVg2wCD90R2
CrVg2wCD90R2_TGAGCATAGCGGCTTC-1,CrVg2wCD90R2
CrVg2wCD90R2_TGAGCATAGGGAGTAA-1,CrVg2wCD90R2
CrVg2wCD90R2_TGAGCATCACAACTGT-1,CrVg2wCD90R2
CrVg2wCD90R2_TGAGCATCAGGGTTAG-1,CrVg2wCD90R2
CrVg2wCD90R2_TGAGCATCATGATCCA-1,CrVg2wCD90R2
CrVg2wCD90R2_TGAGCATGTACTTCTT-1,CrVg2wCD90R2
CrVg2wCD90R2_TGAGCCGAGAATGTTG-1,CrVg2wCD90R2
CrVg2wCD90R2_TGAGCCGAGTGTACCT-1,CrVg2wCD90R2
CrVg2wCD90R2_TGAGCCGAGTGTCCAT-1,CrVg2wCD90R2
CrVg2wCD90R2_TGAGCCGCAAACAACA-1,CrVg2wCD90R2
CrVg2wCD90R2_TGAGCCGCAATAGCGG-1,CrVg2wCD90R2
CrVg2wCD90R2_TGAGCCGGTTACGTCA-1,CrVg2wCD90R2
CrVg2wCD90R2_TGAGCCGTCAACACTG-1,CrVg2wCD90R2
CrVg2wCD90R2_TGAGCCGTCCAAACTG-1,CrVg2wCD90R2
CrVg2wCD90R2_TGAGGGAAGTTGAGTA-1,CrVg2wCD90R2
CrVg2wCD90R2_TGAGGGACATAAAGGT-1,CrVg2wCD90R2
CrVg2wCD90R2_TGAGGGACATCCTAGA-1,CrVg2wCD90R2
CrVg2wCD90R2_TGAGGGAGTACCATCA-1,CrVg2wCD90R2
CrVg2wCD90R2_TGAGGGAGTATCAGTC-1,CrVg2wCD90R2
CrVg2wCD90R2_TGAGGGAGTGCACTTA-1,CrVg2wCD90R2
CrVg2wCD90R2_TGAGGGAGTGTTTGTG-1,CrVg2wCD90R2
CrVg2wCD90R2_TGAGGGAGTTTGACTG-1,CrVg2wCD90R2
CrVg2wCD90R2_TGATTTCCATATGGTC-1,CrVg2wCD90R2
CrVg2wCD90R2_TGATTTCGTAGAGCTG-1,CrVg2wCD90R2
CrVg2wCD90R2_TGATTTCGTCCGAGTC-1,CrVg2wCD90R2
CrVg2wCD90R2_TGATTTCGTCTCCACT-1,CrVg2wCD90R2
CrVg2wCD90R2_TGATTTCTCAAAGACA-1,CrVg2wCD90R2
CrVg2wCD90R2_TGATTTCTCCAAGCCG-1,CrVg2wCD90R2
CrVg2wCD90R2_TGATTTCTCGCCATAA-1,CrVg2wCD90R2
CrVg2wCD90R2_TGCACCTAGACTTGAA-1,CrVg2wCD90R2
CrVg2wCD90R2_TGCACCTAGATGTGTA-1,CrVg2wCD90R2
CrVg2wCD90R2_TGCACCTAGGAATTAC-1,CrVg2wCD90R2
CrVg2wCD90R2_TGCACCTAGGCCGAAT-1,CrVg2wCD90R2
CrVg2wCD90R2_TGCACCTCAAGGCTCC-1,CrVg2wCD90R2
CrVg2wCD90R2_TGCACCTCAATTGCTG-1,CrVg2wCD90R2
CrVg2wCD90R2_TGCACCTCATACTCTT-1,CrVg2wCD90R2
CrVg2wCD90R2_TGCACCTGTGCCTGGT-1,CrVg2wCD90R2
CrVg2wCD90R2_TGCACCTGTTCTCATT-1,CrVg2wCD90R2
CrVg2wCD90R2_TGCACCTGTTGATTGC-1,CrVg2wCD90R2
CrVg2wCD90R2_TGCACCTGTTTACTCT-1,CrVg2wCD90R2
CrVg2wCD90R2_TGCACCTTCTCGAGTA-1,CrVg2wCD90R2
CrVg2wCD90R2_TGCACCTTCTCTGTCG-1,CrVg2wCD90R2
CrVg2wCD90R2_TGCCAAAAGGAGTAGA-1,CrVg2wCD90R2
CrVg2wCD90R2_TGCCAAACACCATCCT-1,CrVg2wCD90R2
CrVg2wCD90R2_TGCCAAACATACAGCT-1,CrVg2wCD90R2
CrVg2wCD90R2_TGCCAAAGTCAGGACA-1,CrVg2wCD90R2
CrVg2wCD90R2_TGCCAAAGTGAGGGAG-1,CrVg2wCD90R2
CrVg2wCD90R2_TGCCAAAGTGCATCTA-1,CrVg2wCD90R2
CrVg2wCD90R2_TGCCAAAGTTAGTGGG-1,CrVg2wCD90R2
CrVg2wCD90R2_TGCCAAAGTTTACTCT-1,CrVg2wCD90R2
CrVg2wCD90R2_TGCCAAATCCTATGTT-1,CrVg2wCD90R2
CrVg2wCD90R2_TGCCAAATCCTTTCTC-1,CrVg2wCD90R2
CrVg2wCD90R2_TGCCCATAGCCTTGAT-1,CrVg2wCD90R2
CrVg2wCD90R2_TGCCCATAGGCGTACA-1,CrVg2wCD90R2
CrVg2wCD90R2_TGCCCATCACGCCAGT-1,CrVg2wCD90R2
CrVg2wCD90R2_TGCCCATCAGGAATGC-1,CrVg2wCD90R2
CrVg2wCD90R2_TGCCCATGTTAGTGGG-1,CrVg2wCD90R2
CrVg2wCD90R2_TGCCCATGTTCCACGG-1,CrVg2wCD90R2
CrVg2wCD90R2_TGCCCATTCAGCTTAG-1,CrVg2wCD90R2
CrVg2wCD90R2_TGCCCATTCCGCGGTA-1,CrVg2wCD90R2
CrVg2wCD90R2_TGCCCTAGTCACTGGC-1,CrVg2wCD90R2
CrVg2wCD90R2_TGCCCTAGTCTAGCCG-1,CrVg2wCD90R2
CrVg2wCD90R2_TGCCCTAGTCTGGAGA-1,CrVg2wCD90R2
CrVg2wCD90R2_TGCCCTAGTGAGGGAG-1,CrVg2wCD90R2
CrVg2wCD90R2_TGCCCTAGTGTGGCTC-1,CrVg2wCD90R2
CrVg2wCD90R2_TGCCCTAGTTAGGGTG-1,CrVg2wCD90R2
CrVg2wCD90R2_TGCCCTAGTTGAGTTC-1,CrVg2wCD90R2
CrVg2wCD90R2_TGCCCTATCTGCTGCT-1,CrVg2wCD90R2
CrVg2wCD90R2_TGCCCTATCTGTACGA-1,CrVg2wCD90R2
CrVg2wCD90R2_TGCGCAGAGACGCACA-1,CrVg2wCD90R2
CrVg2wCD90R2_TGCGCAGAGGACAGCT-1,CrVg2wCD90R2
CrVg2wCD90R2_TGCGCAGCAGGCAGTA-1,CrVg2wCD90R2
CrVg2wCD90R2_TGCGCAGGTAGTACCT-1,CrVg2wCD90R2
CrVg2wCD90R2_TGCGCAGGTCGAGATG-1,CrVg2wCD90R2
CrVg2wCD90R2_TGCGCAGGTGGTTTCA-1,CrVg2wCD90R2
CrVg2wCD90R2_TGCGCAGTCTTCGAGA-1,CrVg2wCD90R2
CrVg2wCD90R2_TGCGGGTAGCCCAATT-1,CrVg2wCD90R2
CrVg2wCD90R2_TGCGGGTAGCGTAGTG-1,CrVg2wCD90R2
CrVg2wCD90R2_TGCGGGTCACCAGGTC-1,CrVg2wCD90R2
CrVg2wCD90R2_TGCGGGTTCAGAGGTG-1,CrVg2wCD90R2
CrVg2wCD90R2_TGCGGGTTCCGCGCAA-1,CrVg2wCD90R2
CrVg2wCD90R2_TGCGGGTTCTCTTATG-1,CrVg2wCD90R2
CrVg2wCD90R2_TGCGTGGAGACTAGAT-1,CrVg2wCD90R2
CrVg2wCD90R2_TGCGTGGCAATAAGCA-1,CrVg2wCD90R2
CrVg2wCD90R2_TGCGTGGCAGAAGCAC-1,CrVg2wCD90R2
CrVg2wCD90R2_TGCGTGGCAGGTCGTC-1,CrVg2wCD90R2
CrVg2wCD90R2_TGCGTGGGTGAGGGTT-1,CrVg2wCD90R2
CrVg2wCD90R2_TGCGTGGGTGTATGGG-1,CrVg2wCD90R2
CrVg2wCD90R2_TGCGTGGTCTTGAGAC-1,CrVg2wCD90R2
CrVg2wCD90R2_TGCTACCAGAAACCAT-1,CrVg2wCD90R2
CrVg2wCD90R2_TGCTACCAGACGCACA-1,CrVg2wCD90R2
CrVg2wCD90R2_TGCTACCAGAGCTGGT-1,CrVg2wCD90R2
CrVg2wCD90R2_TGCTACCAGTCCGTAT-1,CrVg2wCD90R2
CrVg2wCD90R2_TGCTACCAGTTCGCAT-1,CrVg2wCD90R2
CrVg2wCD90R2_TGCTGCTAGGACGAAA-1,CrVg2wCD90R2
CrVg2wCD90R2_TGCTGCTAGTACGCCC-1,CrVg2wCD90R2
CrVg2wCD90R2_TGCTGCTCAAATTGCC-1,CrVg2wCD90R2
CrVg2wCD90R2_TGCTGCTCACAAGTAA-1,CrVg2wCD90R2
CrVg2wCD90R2_TGCTGCTTCCTACAGA-1,CrVg2wCD90R2
CrVg2wCD90R2_TGGACGCAGATATACG-1,CrVg2wCD90R2
CrVg2wCD90R2_TGGACGCAGGAGCGAG-1,CrVg2wCD90R2
CrVg2wCD90R2_TGGACGCAGGGTATCG-1,CrVg2wCD90R2
CrVg2wCD90R2_TGGACGCCATGTTGAC-1,CrVg2wCD90R2
CrVg2wCD90R2_TGGACGCGTCCGCTGA-1,CrVg2wCD90R2
CrVg2wCD90R2_TGGACGCGTCGACTAT-1,CrVg2wCD90R2
CrVg2wCD90R2_TGGACGCGTGTGGCTC-1,CrVg2wCD90R2
CrVg2wCD90R2_TGGACGCTCAACACGT-1,CrVg2wCD90R2
CrVg2wCD90R2_TGGACGCTCACTTACT-1,CrVg2wCD90R2
CrVg2wCD90R2_TGGACGCTCATCGCTC-1,CrVg2wCD90R2
CrVg2wCD90R2_TGGACGCTCCCTTGTG-1,CrVg2wCD90R2
CrVg2wCD90R2_TGGACGCTCCTAGGGC-1,CrVg2wCD90R2
CrVg2wCD90R2_TGGCCAGAGATGGCGT-1,CrVg2wCD90R2
CrVg2wCD90R2_TGGCCAGAGGACGAAA-1,CrVg2wCD90R2
CrVg2wCD90R2_TGGCCAGCACACATGT-1,CrVg2wCD90R2
CrVg2wCD90R2_TGGCCAGCATAGAAAC-1,CrVg2wCD90R2
CrVg2wCD90R2_TGGCCAGGTGCGAAAC-1,CrVg2wCD90R2
CrVg2wCD90R2_TGGCCAGGTTGAGGTG-1,CrVg2wCD90R2
CrVg2wCD90R2_TGGCCAGTCCGGGTGT-1,CrVg2wCD90R2
CrVg2wCD90R2_TGGCGCAAGCCAGTTT-1,CrVg2wCD90R2
CrVg2wCD90R2_TGGCGCAAGGGTCTCC-1,CrVg2wCD90R2
CrVg2wCD90R2_TGGCGCAAGGTGACCA-1,CrVg2wCD90R2
CrVg2wCD90R2_TGGCGCACATGCAACT-1,CrVg2wCD90R2
CrVg2wCD90R2_TGGCGCAGTCATATGC-1,CrVg2wCD90R2
CrVg2wCD90R2_TGGCGCATCATACGGT-1,CrVg2wCD90R2
CrVg2wCD90R2_TGGCTGGAGACAGACC-1,CrVg2wCD90R2
CrVg2wCD90R2_TGGCTGGAGCGATTCT-1,CrVg2wCD90R2
CrVg2wCD90R2_TGGCTGGAGCTCCCAG-1,CrVg2wCD90R2
CrVg2wCD90R2_TGGCTGGAGGAATCGC-1,CrVg2wCD90R2
CrVg2wCD90R2_TGGCTGGCACAAGTAA-1,CrVg2wCD90R2
CrVg2wCD90R2_TGGCTGGCACCACGTG-1,CrVg2wCD90R2
CrVg2wCD90R2_TGGCTGGCACCATCCT-1,CrVg2wCD90R2
CrVg2wCD90R2_TGGCTGGCACTTGGAT-1,CrVg2wCD90R2
CrVg2wCD90R2_TGGCTGGCAGATCGGA-1,CrVg2wCD90R2
CrVg2wCD90R2_TGGCTGGCAGGTGGAT-1,CrVg2wCD90R2
CrVg2wCD90R2_TGGCTGGCATGAGCGA-1,CrVg2wCD90R2
CrVg2wCD90R2_TGGCTGGGTCGCATCG-1,CrVg2wCD90R2
CrVg2wCD90R2_TGGCTGGGTTACAGAA-1,CrVg2wCD90R2
CrVg2wCD90R2_TGGCTGGGTTTGTGTG-1,CrVg2wCD90R2
CrVg2wCD90R2_TGGCTGGTCATCGCTC-1,CrVg2wCD90R2
CrVg2wCD90R2_TGGCTGGTCCTGCAGG-1,CrVg2wCD90R2
CrVg2wCD90R2_TGGCTGGTCGCAAACT-1,CrVg2wCD90R2
CrVg2wCD90R2_TGGCTGGTCTAACTGG-1,CrVg2wCD90R2
CrVg2wCD90R2_TGGCTGGTCTTTACGT-1,CrVg2wCD90R2
CrVg2wCD90R2_TGGGAAGAGCAACGGT-1,CrVg2wCD90R2
CrVg2wCD90R2_TGGGAAGCAATCGGTT-1,CrVg2wCD90R2
CrVg2wCD90R2_TGGGAAGCACTCTGTC-1,CrVg2wCD90R2
CrVg2wCD90R2_TGGGAAGGTCCGCTGA-1,CrVg2wCD90R2
CrVg2wCD90R2_TGGGAAGGTGCAACTT-1,CrVg2wCD90R2
CrVg2wCD90R2_TGGGAAGTCACAATGC-1,CrVg2wCD90R2
CrVg2wCD90R2_TGGGCGTAGATCTGAA-1,CrVg2wCD90R2
CrVg2wCD90R2_TGGGCGTAGCCAACAG-1,CrVg2wCD90R2
CrVg2wCD90R2_TGGGCGTAGGTTACCT-1,CrVg2wCD90R2
CrVg2wCD90R2_TGGGCGTAGTACGACG-1,CrVg2wCD90R2
CrVg2wCD90R2_TGGGCGTCACGGATAG-1,CrVg2wCD90R2
CrVg2wCD90R2_TGGGCGTCATTTGCCC-1,CrVg2wCD90R2
CrVg2wCD90R2_TGGGCGTGTAAATGAC-1,CrVg2wCD90R2
CrVg2wCD90R2_TGGGCGTGTCACTGGC-1,CrVg2wCD90R2
CrVg2wCD90R2_TGGGCGTGTCCGCTGA-1,CrVg2wCD90R2
CrVg2wCD90R2_TGGGCGTTCTCGTATT-1,CrVg2wCD90R2
CrVg2wCD90R2_TGGGCGTTCTGATACG-1,CrVg2wCD90R2
CrVg2wCD90R2_TGGGCGTTCTTGCAAG-1,CrVg2wCD90R2
CrVg2wCD90R2_TGGTTAGCAATCGAAA-1,CrVg2wCD90R2
CrVg2wCD90R2_TGGTTAGCACACCGCA-1,CrVg2wCD90R2
CrVg2wCD90R2_TGGTTAGCACCGTTGG-1,CrVg2wCD90R2
CrVg2wCD90R2_TGGTTAGGTAAGTAGT-1,CrVg2wCD90R2
CrVg2wCD90R2_TGGTTAGGTTTGACAC-1,CrVg2wCD90R2
CrVg2wCD90R2_TGGTTAGTCACTATTC-1,CrVg2wCD90R2
CrVg2wCD90R2_TGGTTAGTCCTGTAGA-1,CrVg2wCD90R2
CrVg2wCD90R2_TGGTTAGTCGGTCTAA-1,CrVg2wCD90R2
CrVg2wCD90R2_TGGTTCCAGAGGACGG-1,CrVg2wCD90R2
CrVg2wCD90R2_TGGTTCCAGGACCACA-1,CrVg2wCD90R2
CrVg2wCD90R2_TGGTTCCAGTAAGTAC-1,CrVg2wCD90R2
CrVg2wCD90R2_TGGTTCCCAGCAGTTT-1,CrVg2wCD90R2
CrVg2wCD90R2_TGGTTCCGTGGCTCCA-1,CrVg2wCD90R2
CrVg2wCD90R2_TGGTTCCGTTATGTGC-1,CrVg2wCD90R2
CrVg2wCD90R2_TGGTTCCTCAGAGCTT-1,CrVg2wCD90R2
CrVg2wCD90R2_TGGTTCCTCCAGATCA-1,CrVg2wCD90R2
CrVg2wCD90R2_TGGTTCCTCGTACCGG-1,CrVg2wCD90R2
CrVg2wCD90R2_TGGTTCCTCTGAGGGA-1,CrVg2wCD90R2
CrVg2wCD90R2_TGTATTCAGATCTGCT-1,CrVg2wCD90R2
CrVg2wCD90R2_TGTATTCAGCAATATG-1,CrVg2wCD90R2
CrVg2wCD90R2_TGTATTCCAGTTCCCT-1,CrVg2wCD90R2
CrVg2wCD90R2_TGTATTCTCGCAAACT-1,CrVg2wCD90R2
CrVg2wCD90R2_TGTATTCTCGTGACAT-1,CrVg2wCD90R2
CrVg2wCD90R2_TGTCCCAAGTCTCGGC-1,CrVg2wCD90R2
CrVg2wCD90R2_TGTCCCACAACCGCCA-1,CrVg2wCD90R2
CrVg2wCD90R2_TGTCCCACAATCAGAA-1,CrVg2wCD90R2
CrVg2wCD90R2_TGTCCCACACAGACTT-1,CrVg2wCD90R2
CrVg2wCD90R2_TGTCCCACAGATCCAT-1,CrVg2wCD90R2
CrVg2wCD90R2_TGTCCCATCCTTAATC-1,CrVg2wCD90R2
CrVg2wCD90R2_TGTGGTAGTACGCTGC-1,CrVg2wCD90R2
CrVg2wCD90R2_TGTGGTAGTAGCGCTC-1,CrVg2wCD90R2
CrVg2wCD90R2_TGTGGTAGTAGCGTCC-1,CrVg2wCD90R2
CrVg2wCD90R2_TGTGGTAGTGACGCCT-1,CrVg2wCD90R2
CrVg2wCD90R2_TGTGGTATCTGATTCT-1,CrVg2wCD90R2
CrVg2wCD90R2_TGTGTTTCACATTAGC-1,CrVg2wCD90R2
CrVg2wCD90R2_TGTGTTTCATAGGATA-1,CrVg2wCD90R2
CrVg2wCD90R2_TGTGTTTGTACTTAGC-1,CrVg2wCD90R2
CrVg2wCD90R2_TGTGTTTGTGACAAAT-1,CrVg2wCD90R2
CrVg2wCD90R2_TGTTCCGAGTAGATGT-1,CrVg2wCD90R2
CrVg2wCD90R2_TGTTCCGAGTCACGCC-1,CrVg2wCD90R2
CrVg2wCD90R2_TGTTCCGCAACTGCTA-1,CrVg2wCD90R2
CrVg2wCD90R2_TGTTCCGGTGACGGTA-1,CrVg2wCD90R2
CrVg2wCD90R2_TGTTCCGGTTGGGACA-1,CrVg2wCD90R2
CrVg2wCD90R2_TGTTCCGTCAGCTTAG-1,CrVg2wCD90R2
CrVg2wCD90R2_TGTTCCGTCAGGATCT-1,CrVg2wCD90R2
CrVg2wCD90R2_TTAACTCAGCTAACAA-1,CrVg2wCD90R2
CrVg2wCD90R2_TTAACTCCAAACCTAC-1,CrVg2wCD90R2
CrVg2wCD90R2_TTAACTCCAAAGAATC-1,CrVg2wCD90R2
CrVg2wCD90R2_TTAACTCCAGCAGTTT-1,CrVg2wCD90R2
CrVg2wCD90R2_TTAACTCCAGGAATCG-1,CrVg2wCD90R2
CrVg2wCD90R2_TTAACTCGTACAGACG-1,CrVg2wCD90R2
CrVg2wCD90R2_TTAACTCGTGCTGTAT-1,CrVg2wCD90R2
CrVg2wCD90R2_TTAACTCGTTTGCATG-1,CrVg2wCD90R2
CrVg2wCD90R2_TTAGGACAGATATGCA-1,CrVg2wCD90R2
CrVg2wCD90R2_TTAGGACAGCCTTGAT-1,CrVg2wCD90R2
CrVg2wCD90R2_TTAGGACAGGGCATGT-1,CrVg2wCD90R2
CrVg2wCD90R2_TTAGGACCACCATCCT-1,CrVg2wCD90R2
CrVg2wCD90R2_TTAGGACCACTTCTGC-1,CrVg2wCD90R2
CrVg2wCD90R2_TTAGGACCAGACGCCT-1,CrVg2wCD90R2
CrVg2wCD90R2_TTAGGACGTAGGAGTC-1,CrVg2wCD90R2
CrVg2wCD90R2_TTAGGACGTATATGAG-1,CrVg2wCD90R2
CrVg2wCD90R2_TTAGGACGTGGAAAGA-1,CrVg2wCD90R2
CrVg2wCD90R2_TTAGGACGTTCACCTC-1,CrVg2wCD90R2
CrVg2wCD90R2_TTAGGACGTTGACGTT-1,CrVg2wCD90R2
CrVg2wCD90R2_TTAGGACTCCATGAGT-1,CrVg2wCD90R2
CrVg2wCD90R2_TTAGGACTCCGTCATC-1,CrVg2wCD90R2
CrVg2wCD90R2_TTAGGACTCGGACAAG-1,CrVg2wCD90R2
CrVg2wCD90R2_TTAGGACTCGTTGACA-1,CrVg2wCD90R2
CrVg2wCD90R2_TTAGGCAAGAGGTTAT-1,CrVg2wCD90R2
CrVg2wCD90R2_TTAGGCAAGCAATCTC-1,CrVg2wCD90R2
CrVg2wCD90R2_TTAGGCAAGCCGGTAA-1,CrVg2wCD90R2
CrVg2wCD90R2_TTAGGCACAACACGCC-1,CrVg2wCD90R2
CrVg2wCD90R2_TTAGGCACAGATCCAT-1,CrVg2wCD90R2
CrVg2wCD90R2_TTAGGCACATCTCGCT-1,CrVg2wCD90R2
CrVg2wCD90R2_TTAGGCACATTCACTT-1,CrVg2wCD90R2
CrVg2wCD90R2_TTAGGCAGTCCAGTAT-1,CrVg2wCD90R2
CrVg2wCD90R2_TTAGGCAGTCTAAACC-1,CrVg2wCD90R2
CrVg2wCD90R2_TTAGGCATCAAAGACA-1,CrVg2wCD90R2
CrVg2wCD90R2_TTAGGCATCCTTGCCA-1,CrVg2wCD90R2
CrVg2wCD90R2_TTAGTTCAGTAAGTAC-1,CrVg2wCD90R2
CrVg2wCD90R2_TTAGTTCCAAGGCTCC-1,CrVg2wCD90R2
CrVg2wCD90R2_TTAGTTCCACCCAGTG-1,CrVg2wCD90R2
CrVg2wCD90R2_TTAGTTCGTACCGGCT-1,CrVg2wCD90R2
CrVg2wCD90R2_TTATGCTAGACGCACA-1,CrVg2wCD90R2
CrVg2wCD90R2_TTATGCTCATCCGGGT-1,CrVg2wCD90R2
CrVg2wCD90R2_TTATGCTTCAGCGATT-1,CrVg2wCD90R2
CrVg2wCD90R2_TTATGCTTCCAATGGT-1,CrVg2wCD90R2
CrVg2wCD90R2_TTATGCTTCCTGTACC-1,CrVg2wCD90R2
CrVg2wCD90R2_TTCCCAGAGATCACGG-1,CrVg2wCD90R2
CrVg2wCD90R2_TTCCCAGAGCTGAACG-1,CrVg2wCD90R2
CrVg2wCD90R2_TTCCCAGAGTGGAGTC-1,CrVg2wCD90R2
CrVg2wCD90R2_TTCCCAGTCATCACCC-1,CrVg2wCD90R2
CrVg2wCD90R2_TTCGAAGAGTACACCT-1,CrVg2wCD90R2
CrVg2wCD90R2_TTCGAAGAGTCGTTTG-1,CrVg2wCD90R2
CrVg2wCD90R2_TTCGAAGAGTGGAGAA-1,CrVg2wCD90R2
CrVg2wCD90R2_TTCGAAGGTAGAGCTG-1,CrVg2wCD90R2
CrVg2wCD90R2_TTCGAAGGTATTCTCT-1,CrVg2wCD90R2
CrVg2wCD90R2_TTCGAAGGTCCAACTA-1,CrVg2wCD90R2
CrVg2wCD90R2_TTCGAAGTCAGGCCCA-1,CrVg2wCD90R2
CrVg2wCD90R2_TTCGAAGTCGCCAGCA-1,CrVg2wCD90R2
CrVg2wCD90R2_TTCGAAGTCGTACCGG-1,CrVg2wCD90R2
CrVg2wCD90R2_TTCGGTCAGACCCACC-1,CrVg2wCD90R2
CrVg2wCD90R2_TTCGGTCAGACTAAGT-1,CrVg2wCD90R2
CrVg2wCD90R2_TTCGGTCAGCGTGAAC-1,CrVg2wCD90R2
CrVg2wCD90R2_TTCGGTCAGGTAGCCA-1,CrVg2wCD90R2
CrVg2wCD90R2_TTCGGTCCAGATCTGT-1,CrVg2wCD90R2
CrVg2wCD90R2_TTCGGTCCAGCCTATA-1,CrVg2wCD90R2
CrVg2wCD90R2_TTCGGTCCATAGACTC-1,CrVg2wCD90R2
CrVg2wCD90R2_TTCGGTCCATTGTGCA-1,CrVg2wCD90R2
CrVg2wCD90R2_TTCGGTCGTCACCCAG-1,CrVg2wCD90R2
CrVg2wCD90R2_TTCGGTCGTCAGGACA-1,CrVg2wCD90R2
CrVg2wCD90R2_TTCGGTCTCCTGCTTG-1,CrVg2wCD90R2
CrVg2wCD90R2_TTCTACAAGCAATCTC-1,CrVg2wCD90R2
CrVg2wCD90R2_TTCTACAAGCCAGGAT-1,CrVg2wCD90R2
CrVg2wCD90R2_TTCTACAAGCCAGTAG-1,CrVg2wCD90R2
CrVg2wCD90R2_TTCTACAAGCTGATAA-1,CrVg2wCD90R2
CrVg2wCD90R2_TTCTACAGTCCAACTA-1,CrVg2wCD90R2
CrVg2wCD90R2_TTCTACAGTCGTTGTA-1,CrVg2wCD90R2
CrVg2wCD90R2_TTCTACATCCAAACAC-1,CrVg2wCD90R2
CrVg2wCD90R2_TTCTACATCTGGTTCC-1,CrVg2wCD90R2
CrVg2wCD90R2_TTCTACATCTTACCTA-1,CrVg2wCD90R2
CrVg2wCD90R2_TTCTCAAAGCGACGTA-1,CrVg2wCD90R2
CrVg2wCD90R2_TTCTCAACACCAGCAC-1,CrVg2wCD90R2
CrVg2wCD90R2_TTCTCAACACTTAAGC-1,CrVg2wCD90R2
CrVg2wCD90R2_TTCTCAACATGCCTTC-1,CrVg2wCD90R2
CrVg2wCD90R2_TTCTCAAGTACATCCA-1,CrVg2wCD90R2
CrVg2wCD90R2_TTCTCAAGTAGTGAAT-1,CrVg2wCD90R2
CrVg2wCD90R2_TTCTCAAGTCCCTACT-1,CrVg2wCD90R2
CrVg2wCD90R2_TTCTCAAGTGACTACT-1,CrVg2wCD90R2
CrVg2wCD90R2_TTCTCAAGTGCATCTA-1,CrVg2wCD90R2
CrVg2wCD90R2_TTCTCCTAGCCCTAAT-1,CrVg2wCD90R2
CrVg2wCD90R2_TTCTCCTCAAGTCATC-1,CrVg2wCD90R2
CrVg2wCD90R2_TTCTCCTCACATGGGA-1,CrVg2wCD90R2
CrVg2wCD90R2_TTCTCCTCACTCAGGC-1,CrVg2wCD90R2
CrVg2wCD90R2_TTCTCCTGTGTTTGTG-1,CrVg2wCD90R2
CrVg2wCD90R2_TTCTCCTGTTACCAGT-1,CrVg2wCD90R2
CrVg2wCD90R2_TTCTTAGCAGCTTCGG-1,CrVg2wCD90R2
CrVg2wCD90R2_TTCTTAGTCACGCGGT-1,CrVg2wCD90R2
CrVg2wCD90R2_TTCTTAGTCATCGGAT-1,CrVg2wCD90R2
CrVg2wCD90R2_TTGAACGAGTGTGGCA-1,CrVg2wCD90R2
CrVg2wCD90R2_TTGAACGCAAACGTGG-1,CrVg2wCD90R2
CrVg2wCD90R2_TTGAACGCAAGGTGTG-1,CrVg2wCD90R2
CrVg2wCD90R2_TTGAACGTCGCAAGCC-1,CrVg2wCD90R2
CrVg2wCD90R2_TTGACTTAGCTAGCCC-1,CrVg2wCD90R2
CrVg2wCD90R2_TTGACTTCAACACGCC-1,CrVg2wCD90R2
CrVg2wCD90R2_TTGACTTCAACGCACC-1,CrVg2wCD90R2
CrVg2wCD90R2_TTGACTTCAAGTACCT-1,CrVg2wCD90R2
CrVg2wCD90R2_TTGACTTGTAAGTTCC-1,CrVg2wCD90R2
CrVg2wCD90R2_TTGACTTGTCCCGACA-1,CrVg2wCD90R2
CrVg2wCD90R2_TTGACTTGTCTCACCT-1,CrVg2wCD90R2
CrVg2wCD90R2_TTGACTTGTGCATCTA-1,CrVg2wCD90R2
CrVg2wCD90R2_TTGACTTTCAGCTCTC-1,CrVg2wCD90R2
CrVg2wCD90R2_TTGACTTTCCAGTAGT-1,CrVg2wCD90R2
CrVg2wCD90R2_TTGACTTTCCTCAATT-1,CrVg2wCD90R2
CrVg2wCD90R2_TTGCCGTAGAACAACT-1,CrVg2wCD90R2
CrVg2wCD90R2_TTGCCGTCAATTCCTT-1,CrVg2wCD90R2
CrVg2wCD90R2_TTGCCGTCACTGTCGG-1,CrVg2wCD90R2
CrVg2wCD90R2_TTGCCGTGTACGCTGC-1,CrVg2wCD90R2
CrVg2wCD90R2_TTGCCGTGTGAAAGAG-1,CrVg2wCD90R2
CrVg2wCD90R2_TTGCCGTGTTGTACAC-1,CrVg2wCD90R2
CrVg2wCD90R2_TTGCCGTTCAACACCA-1,CrVg2wCD90R2
CrVg2wCD90R2_TTGCCGTTCAATACCG-1,CrVg2wCD90R2
CrVg2wCD90R2_TTGCCGTTCCGAGCCA-1,CrVg2wCD90R2
CrVg2wCD90R2_TTGCGTCCAGTATAAG-1,CrVg2wCD90R2
CrVg2wCD90R2_TTGCGTCCATGACATC-1,CrVg2wCD90R2
CrVg2wCD90R2_TTGCGTCTCATAAAGG-1,CrVg2wCD90R2
CrVg2wCD90R2_TTGCGTCTCGACAGCC-1,CrVg2wCD90R2
CrVg2wCD90R2_TTGGAACAGATCACGG-1,CrVg2wCD90R2
CrVg2wCD90R2_TTGGAACAGTCACGCC-1,CrVg2wCD90R2
CrVg2wCD90R2_TTGGAACAGTGTACTC-1,CrVg2wCD90R2
CrVg2wCD90R2_TTGGAACCAAAGTGCG-1,CrVg2wCD90R2
CrVg2wCD90R2_TTGGAACCAGACGTAG-1,CrVg2wCD90R2
CrVg2wCD90R2_TTGGAACGTACTTGAC-1,CrVg2wCD90R2
CrVg2wCD90R2_TTGGAACGTGCCTGGT-1,CrVg2wCD90R2
CrVg2wCD90R2_TTGGAACTCGGATGGA-1,CrVg2wCD90R2
CrVg2wCD90R2_TTGGCAAAGAACAACT-1,CrVg2wCD90R2
CrVg2wCD90R2_TTGGCAACACAGAGGT-1,CrVg2wCD90R2
CrVg2wCD90R2_TTGGCAACATGTAAGA-1,CrVg2wCD90R2
CrVg2wCD90R2_TTGGCAACATGTCCTC-1,CrVg2wCD90R2
CrVg2wCD90R2_TTGGCAAGTAGCAAAT-1,CrVg2wCD90R2
CrVg2wCD90R2_TTGGCAAGTGCAGGTA-1,CrVg2wCD90R2
CrVg2wCD90R2_TTGGCAAGTGTATGGG-1,CrVg2wCD90R2
CrVg2wCD90R2_TTGGCAATCACTCTTA-1,CrVg2wCD90R2
CrVg2wCD90R2_TTGGCAATCCGTCAAA-1,CrVg2wCD90R2
CrVg2wCD90R2_TTGGCAATCTCAAGTG-1,CrVg2wCD90R2
CrVg2wCD90R2_TTGTAGGAGAAACCAT-1,CrVg2wCD90R2
CrVg2wCD90R2_TTGTAGGAGACGCACA-1,CrVg2wCD90R2
CrVg2wCD90R2_TTGTAGGAGGTGCTTT-1,CrVg2wCD90R2
CrVg2wCD90R2_TTGTAGGCAAGGTGTG-1,CrVg2wCD90R2
CrVg2wCD90R2_TTGTAGGCAGCCAGAA-1,CrVg2wCD90R2
CrVg2wCD90R2_TTGTAGGGTAAACACA-1,CrVg2wCD90R2
CrVg2wCD90R2_TTGTAGGGTGCCTTGG-1,CrVg2wCD90R2
CrVg2wCD90R2_TTGTAGGTCGTATCAG-1,CrVg2wCD90R2
CrVg2wCD90R2_TTGTAGGTCTTAGAGC-1,CrVg2wCD90R2
CrVg2wCD90R2_TTTACTGAGCACAGGT-1,CrVg2wCD90R2
CrVg2wCD90R2_TTTACTGAGGCTCTTA-1,CrVg2wCD90R2
CrVg2wCD90R2_TTTACTGAGGTTACCT-1,CrVg2wCD90R2
CrVg2wCD90R2_TTTACTGCAGGACCCT-1,CrVg2wCD90R2
CrVg2wCD90R2_TTTACTGGTCATCCCT-1,CrVg2wCD90R2
CrVg2wCD90R2_TTTACTGGTCTAGCCG-1,CrVg2wCD90R2
CrVg2wCD90R2_TTTACTGGTTTGACAC-1,CrVg2wCD90R2
CrVg2wCD90R2_TTTACTGTCGTTTATC-1,CrVg2wCD90R2
CrVg2wCD90R2_TTTATGCAGAGCTGCA-1,CrVg2wCD90R2
CrVg2wCD90R2_TTTATGCCATACGCTA-1,CrVg2wCD90R2
CrVg2wCD90R2_TTTATGCCATTACGAC-1,CrVg2wCD90R2
CrVg2wCD90R2_TTTATGCGTACTCAAC-1,CrVg2wCD90R2
CrVg2wCD90R2_TTTATGCGTAGAGGAA-1,CrVg2wCD90R2
CrVg2wCD90R2_TTTATGCGTCGGCACT-1,CrVg2wCD90R2
CrVg2wCD90R2_TTTATGCTCCAATGGT-1,CrVg2wCD90R2
CrVg2wCD90R2_TTTATGCTCCGTCATC-1,CrVg2wCD90R2
CrVg2wCD90R2_TTTCCTCAGTCCTCCT-1,CrVg2wCD90R2
CrVg2wCD90R2_TTTCCTCAGTGGGCTA-1,CrVg2wCD90R2
CrVg2wCD90R2_TTTCCTCCACTTCGAA-1,CrVg2wCD90R2
CrVg2wCD90R2_TTTGCGCAGCGTGAGT-1,CrVg2wCD90R2
CrVg2wCD90R2_TTTGCGCCATGTTGAC-1,CrVg2wCD90R2
CrVg2wCD90R2_TTTGCGCGTGCCTGGT-1,CrVg2wCD90R2
CrVg2wCD90R2_TTTGCGCTCAGCCTAA-1,CrVg2wCD90R2
CrVg2wCD90R2_TTTGGTTAGACCACGA-1,CrVg2wCD90R2
CrVg2wCD90R2_TTTGGTTAGACTCGGA-1,CrVg2wCD90R2
CrVg2wCD90R2_TTTGGTTAGTAGCCGA-1,CrVg2wCD90R2
CrVg2wCD90R2_TTTGGTTAGTTTGCGT-1,CrVg2wCD90R2
CrVg2wCD90R2_TTTGGTTCAAAGGAAG-1,CrVg2wCD90R2
CrVg2wCD90R2_TTTGGTTCAGGTGGAT-1,CrVg2wCD90R2
CrVg2wCD90R2_TTTGGTTCAGTAACGG-1,CrVg2wCD90R2
CrVg2wCD90R2_TTTGGTTTCACCACCT-1,CrVg2wCD90R2
CrVg2wCD90R2_TTTGGTTTCGCAGGCT-1,CrVg2wCD90R2
CrVg2wCD90R2_TTTGGTTTCTGAGGGA-1,CrVg2wCD90R2
CrVg2wCD90R2_TTTGTCAAGGGTGTGT-1,CrVg2wCD90R2
CrVg2wCD90R2_TTTGTCACAAACTGCT-1,CrVg2wCD90R2
CrVg2wCD90R2_TTTGTCACACGACTCG-1,CrVg2wCD90R2
CrVg2wCD90R2_TTTGTCACATAGGATA-1,CrVg2wCD90R2
CrVg2wCD90R2_TTTGTCAGTAAGGGCT-1,CrVg2wCD90R2
CrVg2wCD90R2_TTTGTCAGTAGCGCAA-1,CrVg2wCD90R2
CrVg2wCD90R2_TTTGTCAGTGTGAATA-1,CrVg2wCD90R2
CrVg2wCD90R2_TTTGTCAGTTGGAGGT-1,CrVg2wCD90R2
CrVg2wCD90R2_TTTGTCAGTTGGTAAA-1,CrVg2wCD90R2
CrVg2wCD90R2_TTTGTCATCAACCAAC-1,CrVg2wCD90R2
CrVg2wCD90R2_TTTGTCATCATGCATG-1,CrVg2wCD90R2
CrVg2wCD90R2_TTTGTCATCGTGGGAA-1,CrVg2wCD90R2
CrVg2wCD90R2_TTTGTCATCTACTATC-1,CrVg2wCD90R2
