type,mouse,strata,control_cells,injured_cells,injury_difference
1,Opn4,2,537,85,-0.6706703273321823
1,Rasgrp1,2,537,85,0.4323872954002758
1,Prkcq,2,537,85,0.21595903690099266
1,Gldn,2,537,85,2.524361578114785
1,Ndnf,2,537,85,0.17697769070603997
1,Ctxn3,2,537,85,-1.9131674810838986
1,Gdf6,2,537,85,0.0
1,Eomes,2,537,85,0.3969278557418701
1,Ifitm10,2,537,85,3.2902005103289858
1,Igf1,2,537,85,1.258459721297061
1,Cd24a,2,537,85,6.179355166215007
1,Man1a,2,537,85,-2.360221134073763
1,Vat1l,2,537,85,-0.17374314858859963
1,Tbx20,2,537,85,-0.8221238715048873
1,Ptprt,2,537,85,2.49756963799686
1,Tmem255b,2,537,85,0.0
1,Dmrtb1,2,537,85,-0.4787289696162718
1,Parm1,2,537,85,-1.8177691713112867
1,Dgkg,2,537,85,-1.0498424509656747
1,Prph,2,537,85,-1.978308161808817
1,Plekha2,2,537,85,0.41051278514652834
1,Nppb,2,537,85,1.0419142313412748
1,Vim,2,537,85,3.8076853599698275
1,Enpp2,2,537,85,-1.3622035433983788
1,Igfbp2,2,537,85,-0.8409267092629986
1,Rgs10,2,537,85,-1.3859994288225277
1,Mgll,2,537,85,-3.2764657642518658
1,Phgdh,2,537,85,2.632555445253941
1,Mei4,2,537,85,-0.2725532495447298
1,Lmo1,2,537,85,-0.0698644942394786
1,Myo1b,2,537,85,-0.9775858955783332
1,Pdzd2,2,537,85,-0.5352655483722057
1,Lamb1,2,537,85,-1.3090702361354738
1,Rbpms2,2,537,85,-2.3634695671198185
1,Nell2,2,537,85,-1.5317691417333896
1,Plch2,2,537,85,-2.4615619173532686
1,Lrrc7,2,537,85,-0.4295454935511538
1,Calb2,2,537,85,-2.8208644514583066
1,Hpcal1,2,537,85,-1.3508670013794273
1,Rxrg,2,537,85,-1.4989311141637316
1,Kcnj5,2,537,85,-2.1600159200417828
1,Alcam,2,537,85,-1.3961823127981243
1,Nfe2l2,2,537,85,0.3661713764432495
1,Ptn,2,537,85,-0.6087710352551414
1,Bcl11b,2,537,85,-3.395140955791051
1,Aldh2,2,537,85,-0.048329513607229035
1,Klc3,2,537,85,-2.734683978482659
1,Crtac1,2,537,85,-2.2677287750927513
1,Neurod1,2,537,85,0.0
1,Dpysl4,2,537,85,-0.11723692197211477
1,Gnai1,2,537,85,-0.4871518829351156
1,Chrnb2,2,537,85,-0.6740048300877262
1,Dlgap1,2,537,85,0.5457248230908469
1,Dtx3l,2,537,85,0.7796135202242862
1,Lpar1,2,537,85,-0.26230071111698866
1,Pdlim5,2,537,85,-0.4787289696162718
1,Etl4,2,537,85,-1.1466547484631606
1,Fgf18,2,537,85,0.0
1,Man1a2,2,537,85,0.26484996432123653
1,Igfbp5,2,537,85,0.49438843025496837
1,Il1rapl2,2,537,85,0.6946880065172645
1,Irx1,2,537,85,-0.21642825849928315
1,Slc16a2,2,537,85,-0.4542420688328992
1,Ostf1,2,537,85,1.3250948508621117
1,Ksr1,2,537,85,-0.519713704817349
1,Slc7a8,2,537,85,-1.5508395956939949
1,Kcnc4,2,537,85,-0.5765327242899727
1,Tmem200a,2,537,85,-0.14269608226070074
1,Srpx2,2,537,85,1.1890847592532099
1,Tgfbr3,2,537,85,-0.4891435906525825
1,Slc44a5,2,537,85,0.8254859728419917
1,Sdk1,2,537,85,1.3405299809449378
1,Cav2,2,537,85,0.0362866500246084
1,Tmem144,2,537,85,0.3969278557418701
1,Rbms3,2,537,85,-0.44857213040107746
1,Hfe,2,537,85,-0.19901415079447066
1,Brinp1,2,537,85,-0.8621562899165289
1,Vegfc,2,537,85,-0.21642825849928315
1,Itga7,2,537,85,-0.26230071111698866
1,Shroom3,2,537,85,0.0
1,Ddx60,2,537,85,0.4782597480179813
1,Kbtbd11,2,537,85,0.3371646749719375
2,Opn4,2,461,690,0.45338240030058596
2,Rasgrp1,2,461,690,0.024357580524211414
2,Prkcq,2,461,690,-0.18782240879300396
2,Gldn,2,461,690,2.6151236669562454
2,Ndnf,2,461,690,0.9794237061834143
2,Ctxn3,2,461,690,-0.2684797629436233
2,Gdf6,2,461,690,0.11524575963659058
2,Eomes,2,461,690,0.7109190679350852
2,Ifitm10,2,461,690,2.6105994269753694
2,Igf1,2,461,690,3.9539977800644968
2,Cd24a,2,461,690,5.1130882416986925
2,Man1a,2,461,690,1.3618356959041744
2,Vat1l,2,461,690,-1.6672738377581628
2,Tbx20,2,461,690,-0.2751268733156974
2,Ptprt,2,461,690,1.021452038058184
2,Tmem255b,2,461,690,-0.23087414554579547
2,Dmrtb1,2,461,690,0.2145906108383236
2,Parm1,2,461,690,-1.7170719330476567
2,Dgkg,2,461,690,-0.08516363413058514
2,Prph,2,461,690,-0.45523770249277407
2,Plekha2,2,461,690,0.28320091913243695
2,Nppb,2,461,690,0.4189781277808813
2,Vim,2,461,690,4.51054985412584
2,Enpp2,2,461,690,0.1289351635419166
2,Igfbp2,2,461,690,1.1252045686190608
2,Rgs10,2,461,690,-2.1343821346889436
2,Mgll,2,461,690,-4.361518631219825
2,Phgdh,2,461,690,2.374234085030816
2,Mei4,2,461,690,0.17382541673944907
2,Lmo1,2,461,690,0.21017235910565635
2,Myo1b,2,461,690,-1.7087788172314062
2,Pdzd2,2,461,690,0.23993417518071336
2,Lamb1,2,461,690,-1.6021500889855553
2,Rbpms2,2,461,690,-2.77444343463896
2,Nell2,2,461,690,-1.5383013629004818
2,Plch2,2,461,690,-2.0874618598757055
2,Lrrc7,2,461,690,-0.08440409664205095
2,Calb2,2,461,690,-3.3682702245184784
2,Hpcal1,2,461,690,-2.1828160124324216
2,Rxrg,2,461,690,-2.93208978772664
2,Kcnj5,2,461,690,-1.8191061723715871
2,Alcam,2,461,690,-1.9243066191274592
2,Nfe2l2,2,461,690,0.2528424843496424
2,Ptn,2,461,690,-0.8243924121441517
2,Bcl11b,2,461,690,-1.6332544360660914
2,Aldh2,2,461,690,-0.8330477868203965
2,Klc3,2,461,690,-0.40267756931985343
2,Crtac1,2,461,690,-2.909964532621225
2,Neurod1,2,461,690,0.0
2,Dpysl4,2,461,690,-0.21215401482437235
2,Gnai1,2,461,690,-1.1078247150562106
2,Chrnb2,2,461,690,-1.2439770993152053
2,Dlgap1,2,461,690,1.027057930841532
2,Dtx3l,2,461,690,2.216701069950455
2,Lpar1,2,461,690,0.7684422811767402
2,Pdlim5,2,461,690,0.7056077254359582
2,Etl4,2,461,690,0.5653124930718402
2,Fgf18,2,461,690,0.0
2,Man1a2,2,461,690,0.2912105604066757
2,Igfbp5,2,461,690,-0.7186943653633272
2,Il1rapl2,2,461,690,1.1125011277933141
2,Irx1,2,461,690,-0.23087414554579547
2,Slc16a2,2,461,690,0.14889058838833416
2,Ostf1,2,461,690,0.7678479624910617
2,Ksr1,2,461,690,-0.11187951726167733
2,Slc7a8,2,461,690,-1.2119390256021405
2,Kcnc4,2,461,690,-2.0284351648582217
2,Tmem200a,2,461,690,0.5140750646782324
2,Srpx2,2,461,690,1.8275560624070817
2,Tgfbr3,2,461,690,1.054204969710606
2,Slc44a5,2,461,690,0.8111876277637047
2,Sdk1,2,461,690,-0.004989278914441009
2,Cav2,2,461,690,0.6551913991525506
2,Tmem144,2,461,690,0.8204369769303123
2,Rbms3,2,461,690,0.15280048029856808
2,Hfe,2,461,690,1.4013224346340412
2,Brinp1,2,461,690,-1.1183281938258576
2,Vegfc,2,461,690,0.301895075361017
2,Itga7,2,461,690,1.0459797760135459
2,Shroom3,2,461,690,0.2145906108383236
2,Ddx60,2,461,690,0.8881118795273077
2,Kbtbd11,2,461,690,-0.7817369352807653
3,Opn4,2,457,255,-0.3544479010231576
3,Rasgrp1,2,457,255,-0.3565231089093216
3,Prkcq,2,457,255,-0.3729658454006338
3,Gldn,2,457,255,1.0922613922760231
3,Ndnf,2,457,255,0.2281308233121393
3,Ctxn3,2,457,255,-1.0895600722454128
3,Gdf6,2,457,255,-0.20006721322604223
3,Eomes,2,457,255,-0.5199646912657376
3,Ifitm10,2,457,255,0.477984052074784
3,Igf1,2,457,255,1.7532803140478777
3,Cd24a,2,457,255,3.8044092413389445
3,Man1a,2,457,255,0.2648478335883113
3,Vat1l,2,457,255,-1.4400236475550452
3,Tbx20,2,457,255,-0.6715360834970268
3,Ptprt,2,457,255,0.43964505806428655
3,Tmem255b,2,457,255,0.0
3,Dmrtb1,2,457,255,-0.20006721322604223
3,Parm1,2,457,255,-4.215645145612713
3,Dgkg,2,457,255,-0.26959135349636804
3,Prph,2,457,255,-0.9662989706667781
3,Plekha2,2,457,255,-0.4519964085738636
3,Nppb,2,457,255,-0.23534284263157945
3,Vim,2,457,255,4.492818257156108
3,Enpp2,2,457,255,-0.4354100558576217
3,Igfbp2,2,457,255,1.030669355896434
3,Rgs10,2,457,255,-2.218656240555552
3,Mgll,2,457,255,-3.144702096431553
3,Phgdh,2,457,255,0.92879874327424
3,Mei4,2,457,255,0.6034809533289758
3,Lmo1,2,457,255,0.3521988674823411
3,Myo1b,2,457,255,-0.722171698088109
3,Pdzd2,2,457,255,0.10048485950674824
3,Lamb1,2,457,255,-1.794192995900281
3,Rbpms2,2,457,255,-3.288175312785255
3,Nell2,2,457,255,-1.4202481033387717
3,Plch2,2,457,255,-2.1270267886564365
3,Lrrc7,2,457,255,0.35784902241227234
3,Calb2,2,457,255,-2.6017966856005783
3,Hpcal1,2,457,255,-1.8845692358381534
3,Rxrg,2,457,255,-3.964350669415419
3,Kcnj5,2,457,255,-2.564691311370615
3,Alcam,2,457,255,-2.573586204570229
3,Nfe2l2,2,457,255,-0.11089865648455755
3,Ptn,2,457,255,-0.7715009120522955
3,Bcl11b,2,457,255,-1.4508142361754561
3,Aldh2,2,457,255,-0.9920526975615069
3,Klc3,2,457,255,0.14610442655457678
3,Crtac1,2,457,255,-2.026011101007552
3,Neurod1,2,457,255,0.0
3,Dpysl4,2,457,255,-0.5506453926977599
3,Gnai1,2,457,255,-1.8154289975949007
3,Chrnb2,2,457,255,-3.138245138482125
3,Dlgap1,2,457,255,0.003049159657679157
3,Dtx3l,2,457,255,0.19333366845436617
3,Lpar1,2,457,255,-0.4354100558576217
3,Pdlim5,2,457,255,0.12738948741905923
3,Etl4,2,457,255,-1.7626502386042329
3,Fgf18,2,457,255,0.21908499608890505
3,Man1a2,2,457,255,0.6914040001870556
3,Igfbp5,2,457,255,0.38034645123813227
3,Il1rapl2,2,457,255,1.4905959357495862
3,Irx1,2,457,255,0.0
3,Slc16a2,2,457,255,-0.4354100558576217
3,Ostf1,2,457,255,0.31969288025501585
3,Ksr1,2,457,255,0.3642352534850376
3,Slc7a8,2,457,255,-0.6377740332657398
3,Kcnc4,2,457,255,-1.620781119883271
3,Tmem200a,2,457,255,-0.17271374222595376
3,Srpx2,2,457,255,1.152217228755034
3,Tgfbr3,2,457,255,0.1456672735158253
3,Slc44a5,2,457,255,0.7851996199952672
3,Sdk1,2,457,255,0.693075260031341
3,Cav2,2,457,255,-0.4144837648707962
3,Tmem144,2,457,255,0.7548800849283729
3,Rbms3,2,457,255,0.0542296075142783
3,Hfe,2,457,255,-0.22135033524394154
3,Brinp1,2,457,255,-2.4849543050623106
3,Vegfc,2,457,255,-0.11692139788859182
3,Itga7,2,457,255,1.9746395763956999
3,Shroom3,2,457,255,0.12738948741905923
3,Ddx60,2,457,255,0.5627995432766809
3,Kbtbd11,2,457,255,-1.3489793302932662
4,Opn4,2,368,356,0.3883343794880909
4,Rasgrp1,2,368,356,0.2090404041129918
4,Prkcq,2,368,356,-0.5016062632152922
4,Gldn,2,368,356,1.0624104031025339
4,Ndnf,2,368,356,-0.254974153103686
4,Ctxn3,2,368,356,-0.9114019805509805
4,Gdf6,2,368,356,0.2090404041129918
4,Eomes,2,368,356,-0.24275847792917477
4,Ifitm10,2,368,356,1.0441744335568055
4,Igf1,2,368,356,2.0939081950639986
4,Cd24a,2,368,356,3.918075992976039
4,Man1a,2,368,356,2.5808964209319436
4,Vat1l,2,368,356,-1.0058796499346783
4,Tbx20,2,368,356,-0.8444611673208843
4,Ptprt,2,368,356,2.0274531699495157
4,Tmem255b,2,368,356,-0.32846075865695146
4,Dmrtb1,2,368,356,0.09075798580280059
4,Parm1,2,368,356,-2.3257743466653746
4,Dgkg,2,368,356,0.6760946088752946
4,Prph,2,368,356,-2.76969685802962
4,Plekha2,2,368,356,-1.1919461191084086
4,Nppb,2,368,356,-0.29332948485622073
4,Vim,2,368,356,4.66217896113197
4,Enpp2,2,368,356,-0.21880627416644965
4,Igfbp2,2,368,356,2.002599490234214
4,Rgs10,2,368,356,-2.5672056151173357
4,Mgll,2,368,356,-3.042607368834706
4,Phgdh,2,368,356,3.3704510150110445
4,Mei4,2,368,356,0.04815704037431434
4,Lmo1,2,368,356,1.6678610493041655
4,Myo1b,2,368,356,-0.8149020150732103
4,Pdzd2,2,368,356,-0.4145675944317002
4,Lamb1,2,368,356,-0.47187648483824285
4,Rbpms2,2,368,356,-3.4528312892610185
4,Nell2,2,368,356,-1.4232216289947175
4,Plch2,2,368,356,-1.8339920894970598
4,Lrrc7,2,368,356,1.4750579679869724
4,Calb2,2,368,356,-3.373610475315526
4,Hpcal1,2,368,356,-2.4322799693194996
4,Rxrg,2,368,356,-1.4183171079469314
4,Kcnj5,2,368,356,-2.2186524146284556
4,Alcam,2,368,356,-2.0537962279527617
4,Nfe2l2,2,368,356,0.5645486231993195
4,Ptn,2,368,356,-1.4976923623816405
4,Bcl11b,2,368,356,-2.185560135869829
4,Aldh2,2,368,356,-0.7750939328889044
4,Klc3,2,368,356,-1.027430337334288
4,Crtac1,2,368,356,-2.1822456057857944
4,Neurod1,2,368,356,0.0
4,Dpysl4,2,368,356,-0.46460743362371426
4,Gnai1,2,368,356,-1.3324027682379969
4,Chrnb2,2,368,356,-1.3739744461316645
4,Dlgap1,2,368,356,0.17153578395735058
4,Dtx3l,2,368,356,0.39593668879568983
4,Lpar1,2,368,356,0.2090404041129918
4,Pdlim5,2,368,356,0.26411668806831806
4,Etl4,2,368,356,0.8045373184382159
4,Fgf18,2,368,356,-0.5585799922992878
4,Man1a2,2,368,356,1.571952965021128
4,Igfbp5,2,368,356,1.0715810686359388
4,Il1rapl2,2,368,356,0.5163739641590894
4,Irx1,2,368,356,-0.28015792007960477
4,Slc16a2,2,368,356,0.0
4,Ostf1,2,368,356,-0.377824903171609
4,Ksr1,2,368,356,0.33446203823114407
4,Slc7a8,2,368,356,-0.07639336118207529
4,Kcnc4,2,368,356,-2.570058185265949
4,Tmem200a,2,368,356,-0.6337304631648958
4,Srpx2,2,368,356,0.7113168841910804
4,Tgfbr3,2,368,356,0.6662275970023276
4,Slc44a5,2,368,356,0.7965318842386943
4,Sdk1,2,368,356,1.6856107441616788
4,Cav2,2,368,356,0.030252611629434156
4,Tmem144,2,368,356,2.9213054144356825
4,Rbms3,2,368,356,0.10562176415380908
4,Hfe,2,368,356,1.4030639516290093
4,Brinp1,2,368,356,-1.6094565217036085
4,Vegfc,2,368,356,0.0
4,Itga7,2,368,356,-0.4200835004939938
4,Shroom3,2,368,356,-0.6086186787365562
4,Ddx60,2,368,356,2.5723868836811103
4,Kbtbd11,2,368,356,-3.6273156087482903
5,Opn4,2,383,320,1.591548877890589
5,Rasgrp1,2,383,320,0.27097904855783195
5,Prkcq,2,383,320,1.5065858422858578
5,Gldn,2,383,320,2.3507226490203164
5,Ndnf,2,383,320,2.141340405413449
5,Ctxn3,2,383,320,-1.1884319922320006
5,Gdf6,2,383,320,0.9443231593441987
5,Eomes,2,383,320,1.2977498856000174
5,Ifitm10,2,383,320,3.285996227151011
5,Igf1,2,383,320,0.10005600950507754
5,Cd24a,2,383,320,4.714270644756561
5,Man1a,2,383,320,1.4955214228946248
5,Vat1l,2,383,320,0.3649231624588479
5,Tbx20,2,383,320,0.31924196644028424
5,Ptprt,2,383,320,0.9603804128489198
5,Tmem255b,2,383,320,0.1911295021669009
5,Dmrtb1,2,383,320,0.5192367118421581
5,Parm1,2,383,320,-0.9821456495916534
5,Dgkg,2,383,320,0.7559968953649525
5,Prph,2,383,320,-3.1861492062852226
5,Plekha2,2,383,320,1.0635822856214787
5,Nppb,2,383,320,1.630315442840284
5,Vim,2,383,320,4.491950059664465
5,Enpp2,2,383,320,1.2254036201098881
5,Igfbp2,2,383,320,-0.324736838531266
5,Rgs10,2,383,320,-0.2989626321391854
5,Mgll,2,383,320,-1.538663336444158
5,Phgdh,2,383,320,2.8654361337289362
5,Mei4,2,383,320,0.10382247978089909
5,Lmo1,2,383,320,1.7740704736775506
5,Myo1b,2,383,320,-0.5636837429328407
5,Pdzd2,2,383,320,-0.21990574382150374
5,Lamb1,2,383,320,-1.4576387509804514
5,Rbpms2,2,383,320,-1.8582989780225394
5,Nell2,2,383,320,-0.9277342005381257
5,Plch2,2,383,320,-0.9689329735673913
5,Lrrc7,2,383,320,-0.23886791044011746
5,Calb2,2,383,320,-2.2093697015687823
5,Hpcal1,2,383,320,-1.1940981490404958
5,Rxrg,2,383,320,-1.3958279842126737
5,Kcnj5,2,383,320,-1.6756603270743233
5,Alcam,2,383,320,-1.5901592830697822
5,Nfe2l2,2,383,320,-0.0002827426324052418
5,Ptn,2,383,320,-0.4940313906457776
5,Bcl11b,2,383,320,-0.4862915190133922
5,Aldh2,2,383,320,-0.31941901198260014
5,Klc3,2,383,320,-0.3219242882717248
5,Crtac1,2,383,320,-1.5093168329221651
5,Neurod1,2,383,320,0.0
5,Dpysl4,2,383,320,-0.29180686210288487
5,Gnai1,2,383,320,-0.6692830771276692
5,Chrnb2,2,383,320,-0.9997154167778461
5,Dlgap1,2,383,320,0.30562302890742066
5,Dtx3l,2,383,320,1.9212667392486442
5,Lpar1,2,383,320,-0.17750028084804909
5,Pdlim5,2,383,320,0.3810378508480846
5,Etl4,2,383,320,-0.8274045542521402
5,Fgf18,2,383,320,-1.1494307264228127
5,Man1a2,2,383,320,0.829015538932524
5,Igfbp5,2,383,320,-0.19083775743339837
5,Il1rapl2,2,383,320,0.0
5,Irx1,2,383,320,0.0
5,Slc16a2,2,383,320,0.5778638464835038
5,Ostf1,2,383,320,0.3229588864461328
5,Ksr1,2,383,320,0.2044469688258883
5,Slc7a8,2,383,320,-0.4218296254239561
5,Kcnc4,2,383,320,-1.3596830248023193
5,Tmem200a,2,383,320,0.43058171802867196
5,Srpx2,2,383,320,1.4164145033109576
5,Tgfbr3,2,383,320,0.43087238216647483
5,Slc44a5,2,383,320,1.9320137460589366
5,Sdk1,2,383,320,1.3908786639387232
5,Cav2,2,383,320,2.194207248943643
5,Tmem144,2,383,320,0.491268450534443
5,Rbms3,2,383,320,0.5173093144443284
5,Hfe,2,383,320,0.8643973340751658
5,Brinp1,2,383,320,0.5941342293015213
5,Vegfc,2,383,320,0.6658255563900525
5,Itga7,2,383,320,1.2698256587630632
5,Shroom3,2,383,320,-0.0038983257937505456
5,Ddx60,2,383,320,0.6658255563900525
5,Kbtbd11,2,383,320,-0.48200302213276025
6,Opn4,2,178,462,0.19325841481855766
6,Rasgrp1,2,178,462,0.4228339451780906
6,Prkcq,2,178,462,0.301314455133015
6,Gldn,2,178,462,2.573692626648029
6,Ndnf,2,178,462,1.4259115832884222
6,Ctxn3,2,178,462,0.41225355199338676
6,Gdf6,2,178,462,1.0007888220837575
6,Eomes,2,178,462,-0.5377663600655824
6,Ifitm10,2,178,462,1.7225087018486265
6,Igf1,2,178,462,1.791577105779386
6,Cd24a,2,178,462,4.6512956856498135
6,Man1a,2,178,462,1.350377290962308
6,Vat1l,2,178,462,0.48891265390435634
6,Tbx20,2,178,462,0.031124734586002012
6,Ptprt,2,178,462,0.7832569823551512
6,Tmem255b,2,178,462,0.0
6,Dmrtb1,2,178,462,-0.6462830879696517
6,Parm1,2,178,462,-2.540189018137275
6,Dgkg,2,178,462,0.46655098757910346
6,Prph,2,178,462,0.010400125651496173
6,Plekha2,2,178,462,1.967099729719663
6,Nppb,2,178,462,0.7720875810809702
6,Vim,2,178,462,5.004045175489376
6,Enpp2,2,178,462,0.6881037236637174
6,Igfbp2,2,178,462,1.6509061123553943
6,Rgs10,2,178,462,-1.795433044162059
6,Mgll,2,178,462,-2.71369918287803
6,Phgdh,2,178,462,2.1146093860121375
6,Mei4,2,178,462,0.6835443016948792
6,Lmo1,2,178,462,1.516135075172044
6,Myo1b,2,178,462,-1.6929631009213457
6,Pdzd2,2,178,462,-0.3565477215786874
6,Lamb1,2,178,462,-1.5576172262894217
6,Rbpms2,2,178,462,-2.7650445772662238
6,Nell2,2,178,462,-1.5754422837099704
6,Plch2,2,178,462,-2.413496099590371
6,Lrrc7,2,178,462,1.4564182117098547
6,Calb2,2,178,462,-2.3904538405998803
6,Hpcal1,2,178,462,-2.5466822537415017
6,Rxrg,2,178,462,-2.040403392559444
6,Kcnj5,2,178,462,-2.7665888395694864
6,Alcam,2,178,462,-2.4059553813385497
6,Nfe2l2,2,178,462,-0.19609412130066595
6,Ptn,2,178,462,-1.77281436460223
6,Bcl11b,2,178,462,-2.700363661026233
6,Aldh2,2,178,462,-1.0188499646331723
6,Klc3,2,178,462,0.2766040722391421
6,Crtac1,2,178,462,-2.79653385803027
6,Neurod1,2,178,462,0.0
6,Dpysl4,2,178,462,-0.6707570926314927
6,Gnai1,2,178,462,-0.7233503275540962
6,Chrnb2,2,178,462,-1.2541791375605693
6,Dlgap1,2,178,462,1.477780454372346
6,Dtx3l,2,178,462,1.9965819744939945
6,Lpar1,2,178,462,0.3474537937100844
6,Pdlim5,2,178,462,2.467564464888018
6,Etl4,2,178,462,-0.16979803554353468
6,Fgf18,2,178,462,0.4184475489331494
6,Man1a2,2,178,462,0.7763760574220511
6,Igfbp5,2,178,462,0.6328954392797956
6,Il1rapl2,2,178,462,1.61902022145909
6,Irx1,2,178,462,0.738518500394276
6,Slc16a2,2,178,462,0.4184475489331494
6,Ostf1,2,178,462,0.8551564162197716
6,Ksr1,2,178,462,-0.29893152361684927
6,Slc7a8,2,178,462,-0.2665903706131445
6,Kcnc4,2,178,462,-2.0770191870166075
6,Tmem200a,2,178,462,0.9135351737610038
6,Srpx2,2,178,462,1.637356565448167
6,Tgfbr3,2,178,462,-0.5237765449645002
6,Slc44a5,2,178,462,1.8777850814729005
6,Sdk1,2,178,462,1.4223710542253591
6,Cav2,2,178,462,1.4730965518550516
6,Tmem144,2,178,462,1.4890770611152155
6,Rbms3,2,178,462,-0.08880776106142863
6,Hfe,2,178,462,0.8140869078850802
6,Brinp1,2,178,462,-0.6869013521774798
6,Vegfc,2,178,462,1.2277259408026642
6,Itga7,2,178,462,1.3033131535261817
6,Shroom3,2,178,462,0.586839162950257
6,Ddx60,2,178,462,1.269842882689026
6,Kbtbd11,2,178,462,-0.18832657906024886
7,Opn4,2,372,416,-2.5110152389123663
7,Rasgrp1,2,372,416,-1.8684151640416928
7,Prkcq,2,372,416,-2.811008399588034
7,Gldn,2,372,416,1.5197297610128464
7,Ndnf,2,372,416,-1.223497913899532
7,Ctxn3,2,372,416,-4.4117263680728325
7,Gdf6,2,372,416,-0.08503874561041985
7,Eomes,2,372,416,-2.5169012441746776
7,Ifitm10,2,372,416,1.811016289947064
7,Igf1,2,372,416,-2.0165070441411634
7,Cd24a,2,372,416,4.006781950879786
7,Man1a,2,372,416,-0.12714633541354337
7,Vat1l,2,372,416,-3.1405477548949268
7,Tbx20,2,372,416,-3.1255180569199723
7,Ptprt,2,372,416,-1.4494762632997384
7,Tmem255b,2,372,416,0.10880019733079682
7,Dmrtb1,2,372,416,-3.678287634807596
7,Parm1,2,372,416,-3.6595756325934343
7,Dgkg,2,372,416,0.803950510324101
7,Prph,2,372,416,-4.750203735487437
7,Plekha2,2,372,416,-0.016727671197363514
7,Nppb,2,372,416,-2.570830864312451
7,Vim,2,372,416,4.601183672696261
7,Enpp2,2,372,416,-0.828183194099088
7,Igfbp2,2,372,416,0.3340523610821705
7,Rgs10,2,372,416,-0.9636181347031578
7,Mgll,2,372,416,-3.7686414932927397
7,Phgdh,2,372,416,4.970836857866232
7,Mei4,2,372,416,0.04684064513566755
7,Lmo1,2,372,416,1.983389307884265
7,Myo1b,2,372,416,-1.408867360124196
7,Pdzd2,2,372,416,-0.30367656994689285
7,Lamb1,2,372,416,-4.369648748689706
7,Rbpms2,2,372,416,-3.3139113338986563
7,Nell2,2,372,416,-1.1954241187758479
7,Plch2,2,372,416,-1.706865382663326
7,Lrrc7,2,372,416,0.8279625096676577
7,Calb2,2,372,416,-3.6871727218807644
7,Hpcal1,2,372,416,-1.555785259310544
7,Rxrg,2,372,416,-1.2642699339323182
7,Kcnj5,2,372,416,-1.741967155443229
7,Alcam,2,372,416,-1.1826769940231474
7,Nfe2l2,2,372,416,0.06582253796282611
7,Ptn,2,372,416,-0.736383704338246
7,Bcl11b,2,372,416,-1.0193868530800663
7,Aldh2,2,372,416,-1.1009294738437019
7,Klc3,2,372,416,-0.8746613841081494
7,Crtac1,2,372,416,-2.9022907395684476
7,Neurod1,2,372,416,0.0
7,Dpysl4,2,372,416,-0.15300725833303908
7,Gnai1,2,372,416,-2.5810778618098955
7,Chrnb2,2,372,416,-1.6579206450275528
7,Dlgap1,2,372,416,-0.3364679090558691
7,Dtx3l,2,372,416,-0.6961281061558484
7,Lpar1,2,372,416,-0.5428212322863532
7,Pdlim5,2,372,416,2.45421254170093
7,Etl4,2,372,416,-2.5584337057002218
7,Fgf18,2,372,416,-1.1223816577926238
7,Man1a2,2,372,416,-0.3578484999743319
7,Igfbp5,2,372,416,-1.4909362983575398
7,Il1rapl2,2,372,416,0.23276713280435757
7,Irx1,2,372,416,-0.05510691717252453
7,Slc16a2,2,372,416,1.780691103206092
7,Ostf1,2,372,416,0.11962319061476112
7,Ksr1,2,372,416,-1.6763929935124868
7,Slc7a8,2,372,416,0.02112954943836498
7,Kcnc4,2,372,416,-2.701658796933795
7,Tmem200a,2,372,416,-2.064721389872859
7,Srpx2,2,372,416,0.049224970981439076
7,Tgfbr3,2,372,416,-0.0376853415146412
7,Slc44a5,2,372,416,0.721049768776801
7,Sdk1,2,372,416,-0.1978433390583747
7,Cav2,2,372,416,0.9479924119282626
7,Tmem144,2,372,416,2.240915689336705
7,Rbms3,2,372,416,-0.36768712735719866
7,Hfe,2,372,416,-1.153534133114185
7,Brinp1,2,372,416,-1.1541001137486226
7,Vegfc,2,372,416,-1.293816081231511
7,Itga7,2,372,416,0.8131692105641488
7,Shroom3,2,372,416,-0.5428212322863532
7,Ddx60,2,372,416,0.6434683342511014
7,Kbtbd11,2,372,416,-2.2619504448124195
8,Opn4,2,261,234,-0.32344496759833463
8,Rasgrp1,2,261,234,-2.449669189886691
8,Prkcq,2,261,234,-2.131982095435574
8,Gldn,2,261,234,2.4281779481489734
8,Ndnf,2,261,234,0.4042711736824067
8,Ctxn3,2,261,234,-2.3163544604425272
8,Gdf6,2,261,234,-0.8177137880836849
8,Eomes,2,261,234,-1.257429231402944
8,Ifitm10,2,261,234,1.1306360625751055
8,Igf1,2,261,234,-0.940629466021663
8,Cd24a,2,261,234,3.3031318419519984
8,Man1a,2,261,234,0.5621204583992916
8,Vat1l,2,261,234,-0.5939312311157439
8,Tbx20,2,261,234,-0.29570561932695116
8,Ptprt,2,261,234,2.7929202851782025
8,Tmem255b,2,261,234,-0.24400096625689482
8,Dmrtb1,2,261,234,-2.3181262889947707
8,Parm1,2,261,234,-3.31584221607408
8,Dgkg,2,261,234,-0.15456888796866575
8,Prph,2,261,234,0.17379732555064886
8,Plekha2,2,261,234,1.5329546598197115
8,Nppb,2,261,234,2.3998334853772865
8,Vim,2,261,234,3.9986020233617077
8,Enpp2,2,261,234,-1.4010392900122273
8,Igfbp2,2,261,234,1.1705605359950708
8,Rgs10,2,261,234,-1.5046562455717472
8,Mgll,2,261,234,-2.6110513826484074
8,Phgdh,2,261,234,5.010148975925528
8,Mei4,2,261,234,0.6286200465407112
8,Lmo1,2,261,234,0.8705390607752346
8,Myo1b,2,261,234,-1.1925545059344427
8,Pdzd2,2,261,234,-1.8298869591035027
8,Lamb1,2,261,234,-3.653236029465538
8,Rbpms2,2,261,234,-3.23095020441726
8,Nell2,2,261,234,-2.0011389153620303
8,Plch2,2,261,234,-3.371953662413615
8,Lrrc7,2,261,234,1.07713449781689
8,Calb2,2,261,234,-2.903731584098616
8,Hpcal1,2,261,234,-1.8775456876403416
8,Rxrg,2,261,234,-1.8128677065071594
8,Kcnj5,2,261,234,-3.6630463478881303
8,Alcam,2,261,234,-2.737615863754495
8,Nfe2l2,2,261,234,0.28604083321544094
8,Ptn,2,261,234,-1.4536189366343786
8,Bcl11b,2,261,234,-1.7849941347441374
8,Aldh2,2,261,234,-0.3833257937184902
8,Klc3,2,261,234,-0.5922530870170715
8,Crtac1,2,261,234,-4.395614519937532
8,Neurod1,2,261,234,0.0
8,Dpysl4,2,261,234,-1.2782305452650127
8,Gnai1,2,261,234,-1.4410558156922222
8,Chrnb2,2,261,234,-2.2478872093987476
8,Dlgap1,2,261,234,-0.07188250181540212
8,Dtx3l,2,261,234,-0.5259042899331576
8,Lpar1,2,261,234,-0.8007362270752334
8,Pdlim5,2,261,234,-0.2693478358066894
8,Etl4,2,261,234,-2.112882608126122
8,Fgf18,2,261,234,-1.725532754158339
8,Man1a2,2,261,234,0.20831678020769706
8,Igfbp5,2,261,234,-0.9044408183851287
8,Il1rapl2,2,261,234,1.1508361355301242
8,Irx1,2,261,234,-2.1735583883273586
8,Slc16a2,2,261,234,-0.27751637412623437
8,Ostf1,2,261,234,0.23696379991843441
8,Ksr1,2,261,234,-0.19009411506937535
8,Slc7a8,2,261,234,-1.1537483226824228
8,Kcnc4,2,261,234,-2.015549663866476
8,Tmem200a,2,261,234,-1.0180796270566324
8,Srpx2,2,261,234,1.76826215589065
8,Tgfbr3,2,261,234,0.33414448816397824
8,Slc44a5,2,261,234,1.1705605359950708
8,Sdk1,2,261,234,1.1581758078739146
8,Cav2,2,261,234,0.3893535790326772
8,Tmem144,2,261,234,1.3672617586720048
8,Rbms3,2,261,234,0.04973295291020419
8,Hfe,2,261,234,1.1270923235227726
8,Brinp1,2,261,234,0.1827191196756317
8,Vegfc,2,261,234,0.8579565300762649
8,Itga7,2,261,234,0.4114033283815105
8,Shroom3,2,261,234,-1.6921884097140345
8,Ddx60,2,261,234,0.6560878392550441
8,Kbtbd11,2,261,234,-2.1960376277968745
9,Opn4,2,224,102,0.09918851904126347
9,Rasgrp1,2,224,102,0.0
9,Prkcq,2,224,102,0.5643488330379479
9,Gldn,2,224,102,0.5643488330379479
9,Ndnf,2,224,102,0.10987372258598516
9,Ctxn3,2,224,102,-0.9492942669655353
9,Gdf6,2,224,102,0.5643488330379479
9,Eomes,2,224,102,-0.3447698815960793
9,Ifitm10,2,224,102,-0.43143662858719245
9,Igf1,2,224,102,-0.3035336418140011
9,Cd24a,2,224,102,2.5336041066057247
9,Man1a,2,224,102,1.9013586774285418
9,Vat1l,2,224,102,1.9334130578724704
9,Tbx20,2,224,102,0.0
9,Ptprt,2,224,102,0.0
9,Tmem255b,2,224,102,0.0
9,Dmrtb1,2,224,102,0.0
9,Parm1,2,224,102,-1.0083312636389599
9,Dgkg,2,224,102,0.8770643341900987
9,Prph,2,224,102,-2.0280730582946918
9,Plekha2,2,224,102,0.0
9,Nppb,2,224,102,0.0
9,Vim,2,224,102,3.3671628425253832
9,Enpp2,2,224,102,0.4331059335527559
9,Igfbp2,2,224,102,1.3081593930996127
9,Rgs10,2,224,102,-0.2434638683054886
9,Mgll,2,224,102,-1.4527232843521345
9,Phgdh,2,224,102,2.1412577276442715
9,Mei4,2,224,102,0.5950601570944933
9,Lmo1,2,224,102,1.7241666225270222
9,Myo1b,2,224,102,-0.6232380685859771
9,Pdzd2,2,224,102,-0.10977969547681554
9,Lamb1,2,224,102,-0.8808889682480019
9,Rbpms2,2,224,102,-1.9919213514230982
9,Nell2,2,224,102,-0.6198354024415513
9,Plch2,2,224,102,0.3212642936195649
9,Lrrc7,2,224,102,0.14482369017227548
9,Calb2,2,224,102,-2.5391831044934725
9,Hpcal1,2,224,102,-1.0588551410006897
9,Rxrg,2,224,102,-0.7130631020139586
9,Kcnj5,2,224,102,-0.9125204487878602
9,Alcam,2,224,102,-1.193404708891605
9,Nfe2l2,2,224,102,-0.7719707453421518
9,Ptn,2,224,102,-0.13667673559985172
9,Bcl11b,2,224,102,-0.9822170525348985
9,Aldh2,2,224,102,0.9534581377539726
9,Klc3,2,224,102,0.32905476566121683
9,Crtac1,2,224,102,-1.0371239161570458
9,Neurod1,2,224,102,0.0
9,Dpysl4,2,224,102,-0.19529099037646214
9,Gnai1,2,224,102,-1.007302704603383
9,Chrnb2,2,224,102,-1.189828446231075
9,Dlgap1,2,224,102,-0.24158082943651182
9,Dtx3l,2,224,102,0.8770643341900987
9,Lpar1,2,224,102,-0.7167479610784866
9,Pdlim5,2,224,102,-0.7827953074569342
9,Etl4,2,224,102,-1.8612636939718956
9,Fgf18,2,224,102,0.09918851904126347
9,Man1a2,2,224,102,0.4321804256787569
9,Igfbp5,2,224,102,0.9494203434788667
9,Il1rapl2,2,224,102,0.0
9,Irx1,2,224,102,0.0
9,Slc16a2,2,224,102,0.8770643341900987
9,Ostf1,2,224,102,1.399156172050995
9,Ksr1,2,224,102,-1.2063954718083048
9,Slc7a8,2,224,102,-0.3985240864330295
9,Kcnc4,2,224,102,-0.723824398814978
9,Tmem200a,2,224,102,-0.44395840063734276
9,Srpx2,2,224,102,0.0
9,Tgfbr3,2,224,102,-1.104383146794209
9,Slc44a5,2,224,102,0.8770643341900987
9,Sdk1,2,224,102,0.4195004546570202
9,Cav2,2,224,102,1.2764199063154233
9,Tmem144,2,224,102,0.5643488330379479
9,Rbms3,2,224,102,-0.03821881368849689
9,Hfe,2,224,102,-0.3498667114356221
9,Brinp1,2,224,102,-0.3151356297769774
9,Vegfc,2,224,102,0.0
9,Itga7,2,224,102,0.4119040201934142
9,Shroom3,2,224,102,0.0
9,Ddx60,2,224,102,0.5643488330379479
9,Kbtbd11,2,224,102,-0.5421501324322786
10,Opn4,2,262,1003,-1.099359110081239
10,Rasgrp1,2,262,1003,-2.805951805535108
10,Prkcq,2,262,1003,-0.6902747435443811
10,Gldn,2,262,1003,3.2585114655885214
10,Ndnf,2,262,1003,0.4771860121925488
10,Ctxn3,2,262,1003,-2.0363740015940435
10,Gdf6,2,262,1003,-2.957563051394028
10,Eomes,2,262,1003,0.34760548929325663
10,Ifitm10,2,262,1003,2.934389645838955
10,Igf1,2,262,1003,-1.671374018935344
10,Cd24a,2,262,1003,2.7409486961164102
10,Man1a,2,262,1003,1.6476680674292041
10,Vat1l,2,262,1003,-1.364225869538684
10,Tbx20,2,262,1003,-0.20163800889905098
10,Ptprt,2,262,1003,-2.3749269256975616
10,Tmem255b,2,262,1003,0.0
10,Dmrtb1,2,262,1003,-0.5787009537390619
10,Parm1,2,262,1003,-3.7670402808705865
10,Dgkg,2,262,1003,0.9334133484576478
10,Prph,2,262,1003,-1.5937108119927694
10,Plekha2,2,262,1003,0.4922744688544678
10,Nppb,2,262,1003,0.13540943652542728
10,Vim,2,262,1003,3.4947743629101677
10,Enpp2,2,262,1003,0.24651854348785668
10,Igfbp2,2,262,1003,0.8345313973425782
10,Rgs10,2,262,1003,-0.5522207816582534
10,Mgll,2,262,1003,-3.395494753277916
10,Phgdh,2,262,1003,5.7143497714920155
10,Mei4,2,262,1003,0.5312009300584672
10,Lmo1,2,262,1003,1.022624142306332
10,Myo1b,2,262,1003,-1.2545992629133398
10,Pdzd2,2,262,1003,-1.232463164712677
10,Lamb1,2,262,1003,-2.0938099815345015
10,Rbpms2,2,262,1003,-2.5693874305580056
10,Nell2,2,262,1003,-1.9415173364724971
10,Plch2,2,262,1003,-2.2227068269638846
10,Lrrc7,2,262,1003,0.6211295090469116
10,Calb2,2,262,1003,-3.657349639354892
10,Hpcal1,2,262,1003,-1.8042137349282212
10,Rxrg,2,262,1003,-2.7786280437039705
10,Kcnj5,2,262,1003,-3.373715606456519
10,Alcam,2,262,1003,-1.4232030016184942
10,Nfe2l2,2,262,1003,0.9875556542699266
10,Ptn,2,262,1003,-1.951302489156351
10,Bcl11b,2,262,1003,-0.712857262475532
10,Aldh2,2,262,1003,-0.1046403061538781
10,Klc3,2,262,1003,0.6610164141824193
10,Crtac1,2,262,1003,-1.4256732840885997
10,Neurod1,2,262,1003,0.0
10,Dpysl4,2,262,1003,-1.0414149296619206
10,Gnai1,2,262,1003,-1.6338634928172038
10,Chrnb2,2,262,1003,-2.144581303278457
10,Dlgap1,2,262,1003,-0.8011036447618518
10,Dtx3l,2,262,1003,0.8114265870536634
10,Lpar1,2,262,1003,0.5049382424378692
10,Pdlim5,2,262,1003,-0.1699857753864007
10,Etl4,2,262,1003,-1.4651826573640334
10,Fgf18,2,262,1003,-0.23243351436387988
10,Man1a2,2,262,1003,0.5022299773637471
10,Igfbp5,2,262,1003,-3.1963366959925
10,Il1rapl2,2,262,1003,0.10578747936268784
10,Irx1,2,262,1003,-0.20227046399217588
10,Slc16a2,2,262,1003,0.5448041630277737
10,Ostf1,2,262,1003,-0.6194392636131791
10,Ksr1,2,262,1003,-1.301792102262266
10,Slc7a8,2,262,1003,-1.4603896072323583
10,Kcnc4,2,262,1003,-2.306967500018137
10,Tmem200a,2,262,1003,-2.2339825347946682
10,Srpx2,2,262,1003,1.165783271784159
10,Tgfbr3,2,262,1003,-0.1436596632886487
10,Slc44a5,2,262,1003,0.31591016605511535
10,Sdk1,2,262,1003,-0.3650920144604144
10,Cav2,2,262,1003,-1.0704171129553
10,Tmem144,2,262,1003,1.556004079423462
10,Rbms3,2,262,1003,-0.42507252347391544
10,Hfe,2,262,1003,2.286803708655216
10,Brinp1,2,262,1003,-0.5486624725181004
10,Vegfc,2,262,1003,-0.3193023280005143
10,Itga7,2,262,1003,1.6349126274640844
10,Shroom3,2,262,1003,-0.6942682633600056
10,Ddx60,2,262,1003,1.3517276071811395
10,Kbtbd11,2,262,1003,-2.7245634579872626
11,Opn4,1,62,36,4.1241753725211
11,Rasgrp1,1,62,36,0.0
11,Prkcq,1,62,36,3.1786232560642556
11,Gldn,1,62,36,4.653248044488747
11,Ndnf,1,62,36,2.5557420210931463
11,Ctxn3,1,62,36,-0.7785435988954914
11,Gdf6,1,62,36,1.8815897674487623
11,Eomes,1,62,36,5.270055070308304
11,Ifitm10,1,62,36,3.850403805047194
11,Igf1,1,62,36,1.571616817775289
11,Cd24a,1,62,36,7.316541488271824
11,Man1a,1,62,36,0.03495615620966008
11,Vat1l,1,62,36,1.3765449856169738
11,Tbx20,1,62,36,2.6712067695710213
11,Ptprt,1,62,36,1.3765449856169738
11,Tmem255b,1,62,36,0.0
11,Dmrtb1,1,62,36,1.8848455071899028
11,Parm1,1,62,36,2.06835085550229
11,Dgkg,1,62,36,1.8815897674487623
11,Prph,1,62,36,-1.3992431485757013
11,Plekha2,1,62,36,1.8815897674487623
11,Nppb,1,62,36,0.41037982610886203
11,Vim,1,62,36,4.306966621502151
11,Enpp2,1,62,36,-0.0842460570640835
11,Igfbp2,1,62,36,-1.2946617839540475
11,Rgs10,1,62,36,-2.5992501435925623
11,Mgll,1,62,36,-2.70536959365207
11,Phgdh,1,62,36,3.759988244090195
11,Mei4,1,62,36,-0.354232855644089
11,Lmo1,1,62,36,1.3746844914757883
11,Myo1b,1,62,36,-1.5296928449187677
11,Pdzd2,1,62,36,-0.3654678886813558
11,Lamb1,1,62,36,-2.493767499746412
11,Rbpms2,1,62,36,-2.821163183407217
11,Nell2,1,62,36,-1.522627312456664
11,Plch2,1,62,36,-2.534218028869101
11,Lrrc7,1,62,36,0.3391655496652968
11,Calb2,1,62,36,-3.1287582839401917
11,Hpcal1,1,62,36,-2.5525586601887174
11,Rxrg,1,62,36,-2.499709335035264
11,Kcnj5,1,62,36,-1.7240883640289515
11,Alcam,1,62,36,-0.7197514872643316
11,Nfe2l2,1,62,36,-0.1934664772956225
11,Ptn,1,62,36,-0.9106068470495492
11,Bcl11b,1,62,36,-1.0467127357321764
11,Aldh2,1,62,36,-0.9011109187989481
11,Klc3,1,62,36,-0.6666079611258926
11,Crtac1,1,62,36,-2.8538923447414235
11,Neurod1,1,62,36,0.0
11,Dpysl4,1,62,36,-0.007299817166599887
11,Gnai1,1,62,36,0.3205258645903717
11,Chrnb2,1,62,36,-2.143334328434577
11,Dlgap1,1,62,36,1.4395514478661813
11,Dtx3l,1,62,36,1.8815897674487623
11,Lpar1,1,62,36,0.0
11,Pdlim5,1,62,36,2.6712067695710213
11,Etl4,1,62,36,-0.10220965996020803
11,Fgf18,1,62,36,0.0
11,Man1a2,1,62,36,1.8360631416706754
11,Igfbp5,1,62,36,3.5532665234459526
11,Il1rapl2,1,62,36,0.0
11,Irx1,1,62,36,0.0
11,Slc16a2,1,62,36,0.0
11,Ostf1,1,62,36,-1.086258094652207
11,Ksr1,1,62,36,0.27243360742148903
11,Slc7a8,1,62,36,-0.9870684998540415
11,Kcnc4,1,62,36,-2.137994026586052
11,Tmem200a,1,62,36,-0.0842460570640835
11,Srpx2,1,62,36,2.6712067695710213
11,Tgfbr3,1,62,36,2.6712067695710213
11,Slc44a5,1,62,36,0.0
11,Sdk1,1,62,36,-0.7418117996723321
11,Cav2,1,62,36,-0.5329348965762146
11,Tmem144,1,62,36,0.5869279834947148
11,Rbms3,1,62,36,0.47995664335104404
11,Hfe,1,62,36,1.883961472110208
11,Brinp1,1,62,36,-0.32773003298374714
11,Vegfc,1,62,36,-1.2946617839540475
11,Itga7,1,62,36,0.5869279834947148
11,Shroom3,1,62,36,1.8815897674487623
11,Ddx60,1,62,36,2.6712067695710213
11,Kbtbd11,1,62,36,1.0821603750918003
12,Opn4,1,182,95,-0.32669617861949796
12,Rasgrp1,1,182,95,-0.09008483540495626
12,Prkcq,1,182,95,-0.4406009318756422
12,Gldn,1,182,95,1.0915813211904828
12,Ndnf,1,182,95,-2.476265046416983
12,Ctxn3,1,182,95,-0.5835691614426946
12,Gdf6,1,182,95,0.519996008982178
12,Eomes,1,182,95,-0.41543009884796267
12,Ifitm10,1,182,95,1.8439322676720988
12,Igf1,1,182,95,1.8365895084468633
12,Cd24a,1,182,95,2.1905198653772358
12,Man1a,1,182,95,1.0869828927639957
12,Vat1l,1,182,95,-0.27524959188250264
12,Tbx20,1,182,95,-0.9870154110562676
12,Ptprt,1,182,95,2.6826177393123425
12,Tmem255b,1,182,95,0.9605969408578202
12,Dmrtb1,1,182,95,-0.7776524508484204
12,Parm1,1,182,95,-2.832060898931706
12,Dgkg,1,182,95,1.9614805649802218
12,Prph,1,182,95,0.6603130866647742
12,Plekha2,1,182,95,1.0915813211904828
12,Nppb,1,182,95,1.532182253066125
12,Vim,1,182,95,4.094570052066955
12,Enpp2,1,182,95,-4.123483927635716
12,Igfbp2,1,182,95,0.054065922708986136
12,Rgs10,1,182,95,-1.6415817535437522
12,Mgll,1,182,95,-2.7783739288279437
12,Phgdh,1,182,95,2.999291178272003
12,Mei4,1,182,95,0.914846205977704
12,Lmo1,1,182,95,0.41728679412660785
12,Myo1b,1,182,95,-1.1869198750836834
12,Pdzd2,1,182,95,-0.5554997174504903
12,Lamb1,1,182,95,-1.0808858229349685
12,Rbpms2,1,182,95,-2.51566822481678
12,Nell2,1,182,95,-1.8576839613069511
12,Plch2,1,182,95,-1.8145028618158376
12,Lrrc7,1,182,95,1.1756449710422352
12,Calb2,1,182,95,-1.6883669898550764
12,Hpcal1,1,182,95,-1.5584098126938937
12,Rxrg,1,182,95,-1.5774211633800386
12,Kcnj5,1,182,95,-2.591301674569591
12,Alcam,1,182,95,-1.3006824456348687
12,Nfe2l2,1,182,95,1.117503444292208
12,Ptn,1,182,95,-0.8851021582082472
12,Bcl11b,1,182,95,-0.4574797997887545
12,Aldh2,1,182,95,-0.15869560053145104
12,Klc3,1,182,95,-1.1225627579842694
12,Crtac1,1,182,95,-2.1865952689444184
12,Neurod1,1,182,95,0.0
12,Dpysl4,1,182,95,-0.5077252812880282
12,Gnai1,1,182,95,-0.7678617749990231
12,Chrnb2,1,182,95,-2.6290425466115006
12,Dlgap1,1,182,95,0.20344594332160515
12,Dtx3l,1,182,95,2.0780789327590496
12,Lpar1,1,182,95,0.519996008982178
12,Pdlim5,1,182,95,-0.3195743268961363
12,Etl4,1,182,95,0.2618526683560689
12,Fgf18,1,182,95,-0.7776524508484204
12,Man1a2,1,182,95,0.9899849102509526
12,Igfbp5,1,182,95,2.3078788123633527
12,Il1rapl2,1,182,95,0.9605969408578202
12,Irx1,1,182,95,-0.4406009318756422
12,Slc16a2,1,182,95,0.0
12,Ostf1,1,182,95,0.4998042566469465
12,Ksr1,1,182,95,-0.14978939556453064
12,Slc7a8,1,182,95,-0.41011319512344535
12,Kcnc4,1,182,95,-2.1943962405792723
12,Tmem200a,1,182,95,0.0
12,Srpx2,1,182,95,0.0
12,Tgfbr3,1,182,95,0.9063841279021956
12,Slc44a5,1,182,95,2.518679864634692
12,Sdk1,1,182,95,1.0237430748883125
12,Cav2,1,182,95,0.56254644399572
12,Tmem144,1,182,95,2.152669477706871
12,Rbms3,1,182,95,0.4700424186058276
12,Hfe,1,182,95,2.0484315637835975
12,Brinp1,1,182,95,-0.41754968303067397
12,Vegfc,1,182,95,-1.2801712677539565
12,Itga7,1,182,95,0.4623680240615917
12,Shroom3,1,182,95,0.4815004768033486
12,Ddx60,1,182,95,0.9605969408578202
12,Kbtbd11,1,182,95,-0.008621788606755665
13,Opn4,1,94,67,0.552813469954595
13,Rasgrp1,1,94,67,0.0
13,Prkcq,1,94,67,0.0
13,Gldn,1,94,67,2.1075056334043802
13,Ndnf,1,94,67,0.2907979036539192
13,Ctxn3,1,94,67,-1.9036052500629848
13,Gdf6,1,94,67,1.4085639462592423
13,Eomes,1,94,67,-2.2855267218783797
13,Ifitm10,1,94,67,1.546129888070722
13,Igf1,1,94,67,2.095229836531184
13,Cd24a,1,94,67,5.056823151736955
13,Man1a,1,94,67,1.9522278465635505
13,Vat1l,1,94,67,-4.278598018551788
13,Tbx20,1,94,67,-2.768317965205886
13,Ptprt,1,94,67,1.3748926811762956
13,Tmem255b,1,94,67,0.0
13,Dmrtb1,1,94,67,0.0
13,Parm1,1,94,67,-2.134611068226346
13,Dgkg,1,94,67,-0.9773569980625303
13,Prph,1,94,67,-0.557336873547754
13,Plekha2,1,94,67,0.0
13,Nppb,1,94,67,0.0
13,Vim,1,94,67,4.182485440802568
13,Enpp2,1,94,67,-0.9773569980625303
13,Igfbp2,1,94,67,-0.9773569980625303
13,Rgs10,1,94,67,-2.9575453301744217
13,Mgll,1,94,67,-3.7751707685551805
13,Phgdh,1,94,67,4.113743362256956
13,Mei4,1,94,67,0.6174246325960251
13,Lmo1,1,94,67,0.1644583252614149
13,Myo1b,1,94,67,-0.892901593876716
13,Pdzd2,1,94,67,-0.2678705152796006
13,Lamb1,1,94,67,-0.346754524559608
13,Rbpms2,1,94,67,-3.045987274965185
13,Nell2,1,94,67,-2.0034893496997404
13,Plch2,1,94,67,-3.4024225644684947
13,Lrrc7,1,94,67,0.6141784332734117
13,Calb2,1,94,67,-3.7444803664992
13,Hpcal1,1,94,67,-2.107851216552876
13,Rxrg,1,94,67,-3.012651216168973
13,Kcnj5,1,94,67,-2.2497917617729346
13,Alcam,1,94,67,-0.7705467810723716
13,Nfe2l2,1,94,67,0.38051241297773064
13,Ptn,1,94,67,-0.8569406168068046
13,Bcl11b,1,94,67,-3.5915877903594797
13,Aldh2,1,94,67,-1.4045314797043265
13,Klc3,1,94,67,-0.9317066204766249
13,Crtac1,1,94,67,-3.8248631846891294
13,Neurod1,1,94,67,0.0
13,Dpysl4,1,94,67,-0.9372190107203258
13,Gnai1,1,94,67,-1.163096430748773
13,Chrnb2,1,94,67,-1.5500025587763813
13,Dlgap1,1,94,67,1.1750702901371008
13,Dtx3l,1,94,67,3.213135571546063
13,Lpar1,1,94,67,-0.9773569980625303
13,Pdlim5,1,94,67,1.4085639462592423
13,Etl4,1,94,67,-3.957248588258451
13,Fgf18,1,94,67,0.0
13,Man1a2,1,94,67,0.7294283165051239
13,Igfbp5,1,94,67,-2.7182881917665274
13,Il1rapl2,1,94,67,0.0
13,Irx1,1,94,67,-0.9773569980625303
13,Slc16a2,1,94,67,-0.9773569980625303
13,Ostf1,1,94,67,-1.1473134887569643
13,Ksr1,1,94,67,-0.43951865559197545
13,Slc7a8,1,94,67,-1.3104888577453848
13,Kcnc4,1,94,67,-2.592491722937426
13,Tmem200a,1,94,67,0.431206948196712
13,Srpx2,1,94,67,2.1075056334043802
13,Tgfbr3,1,94,67,-0.14612821719054292
13,Slc44a5,1,94,67,2.929584844626081
13,Sdk1,1,94,67,-1.550527512493471
13,Cav2,1,94,67,0.6816879462860523
13,Tmem144,1,94,67,2.929584844626081
13,Rbms3,1,94,67,-0.41118455184949987
13,Hfe,1,94,67,0.0
13,Brinp1,1,94,67,-1.3711876307280901
13,Vegfc,1,94,67,0.0
13,Itga7,1,94,67,1.5989676274697686
13,Shroom3,1,94,67,1.4085639462592423
13,Ddx60,1,94,67,2.576324625532299
13,Kbtbd11,1,94,67,-1.756826387093819
14,Opn4,2,161,61,-0.43140292591110757
14,Rasgrp1,2,161,61,-2.0332140371319083
14,Prkcq,2,161,61,-0.48617920696889555
14,Gldn,2,161,61,0.810611211213398
14,Ndnf,2,161,61,-0.24158142013132977
14,Ctxn3,2,161,61,-4.448819426840442
14,Gdf6,2,161,61,0.0
14,Eomes,2,161,61,-0.08388096490326202
14,Ifitm10,2,161,61,-0.06962034960689811
14,Igf1,2,161,61,0.3705506167301973
14,Cd24a,2,161,61,1.547298625057269
14,Man1a,2,161,61,-1.7448618362273085
14,Vat1l,2,161,61,1.6167279306955642
14,Tbx20,2,161,61,-1.1856672490011841
14,Ptprt,2,161,61,0.810611211213398
14,Tmem255b,2,161,61,0.0
14,Dmrtb1,2,161,61,-1.1856672490011841
14,Parm1,2,161,61,0.7483909909087361
14,Dgkg,2,161,61,-2.510213506017853
14,Prph,2,161,61,-2.048592998009924
14,Plekha2,2,161,61,-0.48617920696889555
14,Nppb,2,161,61,0.810611211213398
14,Vim,2,161,61,2.9918198873670487
14,Enpp2,2,161,61,-1.4734820904106454
14,Igfbp2,2,161,61,-0.022731019669200103
14,Rgs10,2,161,61,-1.598277404364028
14,Mgll,2,161,61,-2.3968384022527705
14,Phgdh,2,161,61,4.490459259503687
14,Mei4,2,161,61,-1.2279699205981827
14,Lmo1,2,161,61,1.0549923912166204
14,Myo1b,2,161,61,-0.9422031470424024
14,Pdzd2,2,161,61,-2.338574217640736
14,Lamb1,2,161,61,-3.699939645212803
14,Rbpms2,2,161,61,-1.9888978074977492
14,Nell2,2,161,61,-1.38088225299779
14,Plch2,2,161,61,-0.9498087617364948
14,Lrrc7,2,161,61,1.3681993835901671
14,Calb2,2,161,61,-1.220298183638735
14,Hpcal1,2,161,61,-1.1481027499046048
14,Rxrg,2,161,61,-0.9489327119829452
14,Kcnj5,2,161,61,-3.5832665578210166
14,Alcam,2,161,61,-1.1568841453699763
14,Nfe2l2,2,161,61,1.0369700061927372
14,Ptn,2,161,61,0.5025161480859399
14,Bcl11b,2,161,61,-3.328441488279841
14,Aldh2,2,161,61,-0.23864807368501983
14,Klc3,2,161,61,-1.905994373912832
14,Crtac1,2,161,61,-3.5284725287040715
14,Neurod1,2,161,61,0.0
14,Dpysl4,2,161,61,-0.4168906989706489
14,Gnai1,2,161,61,-3.7135522761019173
14,Chrnb2,2,161,61,-0.94954062390301
14,Dlgap1,2,161,61,0.33110345606932245
14,Dtx3l,2,161,61,0.3792082853022904
14,Lpar1,2,161,61,-1.2686968233652383
14,Pdlim5,2,161,61,0.03661716283504124
14,Etl4,2,161,61,-1.7113068327691559
14,Fgf18,2,161,61,0.0
14,Man1a2,2,161,61,0.37396138884215446
14,Igfbp5,2,161,61,-1.7679328557114313
14,Il1rapl2,2,161,61,-0.48617920696889555
14,Irx1,2,161,61,0.0
14,Slc16a2,2,161,61,0.810611211213398
14,Ostf1,2,161,61,-2.57260080001173
14,Ksr1,2,161,61,1.06597486342747
14,Slc7a8,2,161,61,-2.5462506744203717
14,Kcnc4,2,161,61,-1.2728657570606088
14,Tmem200a,2,161,61,-1.027598691834139
14,Srpx2,2,161,61,0.0
14,Tgfbr3,2,161,61,-0.09166426482696166
14,Slc44a5,2,161,61,0.810611211213398
14,Sdk1,2,161,61,1.4171131616677968
14,Cav2,2,161,61,1.0265560518615335
14,Tmem144,2,161,61,0.6964867476513688
14,Rbms3,2,161,61,-0.8140182063320287
14,Hfe,2,161,61,3.158050845778294
14,Brinp1,2,161,61,-0.6823544202396628
14,Vegfc,2,161,61,1.388554918947358
14,Itga7,2,161,61,0.0
14,Shroom3,2,161,61,-0.7739940483783567
14,Ddx60,2,161,61,0.810611211213398
14,Kbtbd11,2,161,61,-2.7100236691374198
15,Opn4,1,110,16,-2.2322896482284773
15,Rasgrp1,1,110,16,-0.7988868339938167
15,Prkcq,1,110,16,-0.7988868339938167
15,Gldn,1,110,16,2.6948227682733745
15,Ndnf,1,110,16,1.3847639631392352
15,Ctxn3,1,110,16,-2.0542576026677097
15,Gdf6,1,110,16,0.0
15,Eomes,1,110,16,2.137874668369893
15,Ifitm10,1,110,16,0.25160087087616834
15,Igf1,1,110,16,1.3180431519790639
15,Cd24a,1,110,16,3.1397472820803296
15,Man1a,1,110,16,4.02759613350012
15,Vat1l,1,110,16,2.137874668369893
15,Tbx20,1,110,16,-1.3100588051341393
15,Ptprt,1,110,16,2.779989649070462
15,Tmem255b,1,110,16,0.0
15,Dmrtb1,1,110,16,0.0
15,Parm1,1,110,16,-4.047444411299817
15,Dgkg,1,110,16,2.779989649070462
15,Prph,1,110,16,0.3871021566575985
15,Plekha2,1,110,16,-0.7988868339938167
15,Nppb,1,110,16,-1.3100588051341393
15,Vim,1,110,16,3.7183239116569684
15,Enpp2,1,110,16,2.6948227682733745
15,Igfbp2,1,110,16,0.0
15,Rgs10,1,110,16,-2.236363139387919
15,Mgll,1,110,16,-2.100178163464955
15,Phgdh,1,110,16,4.39404772194406
15,Mei4,1,110,16,-1.0459416862245945
15,Lmo1,1,110,16,1.2699465915755175
15,Myo1b,1,110,16,-1.6732150799332004
15,Pdzd2,1,110,16,-0.15022850334801685
15,Lamb1,1,110,16,-0.939134714442103
15,Rbpms2,1,110,16,-2.0052890258890264
15,Nell2,1,110,16,-1.0097813117137555
15,Plch2,1,110,16,-0.26747108666732444
15,Lrrc7,1,110,16,0.5884714394618316
15,Calb2,1,110,16,-2.2136008699028604
15,Hpcal1,1,110,16,-1.8630617905261397
15,Rxrg,1,110,16,-1.1425131515403004
15,Kcnj5,1,110,16,-0.017626201308566625
15,Alcam,1,110,16,-0.5036626508905577
15,Nfe2l2,1,110,16,-1.0020230345456564
15,Ptn,1,110,16,-0.4218267855153126
15,Bcl11b,1,110,16,-1.1702038878768057
15,Aldh2,1,110,16,0.5780796603470915
15,Klc3,1,110,16,-0.650265148242668
15,Crtac1,1,110,16,-3.3024572119470954
15,Neurod1,1,110,16,0.0
15,Dpysl4,1,110,16,-0.4841127053222287
15,Gnai1,1,110,16,-0.5678740197266166
15,Chrnb2,1,110,16,-2.081156546129998
15,Dlgap1,1,110,16,-0.04004110227347457
15,Dtx3l,1,110,16,1.8959359342795579
15,Lpar1,1,110,16,-0.7988868339938167
15,Pdlim5,1,110,16,-0.4685679282355384
15,Etl4,1,110,16,-3.8395210886407516
15,Fgf18,1,110,16,-0.7988868339938167
15,Man1a2,1,110,16,0.790555280514476
15,Igfbp5,1,110,16,1.1860882152507215
15,Il1rapl2,1,110,16,0.0
15,Irx1,1,110,16,0.0
15,Slc16a2,1,110,16,0.0
15,Ostf1,1,110,16,0.6003261328176439
15,Ksr1,1,110,16,-2.6272117063065745
15,Slc7a8,1,110,16,-2.2322896482284773
15,Kcnc4,1,110,16,-1.3025051373392387
15,Tmem200a,1,110,16,-2.790368747759494
15,Srpx2,1,110,16,0.0
15,Tgfbr3,1,110,16,-0.7988868339938167
15,Slc44a5,1,110,16,2.6948227682733745
15,Sdk1,1,110,16,1.6798008378614964
15,Cav2,1,110,16,-3.5054610099928976
15,Tmem144,1,110,16,0.0
15,Rbms3,1,110,16,1.1791679877970571
15,Hfe,1,110,16,0.0
15,Brinp1,1,110,16,-0.0378789360215519
15,Vegfc,1,110,16,1.8959359342795579
15,Itga7,1,110,16,0.0
15,Shroom3,1,110,16,2.6948227682733745
15,Ddx60,1,110,16,0.0
15,Kbtbd11,1,110,16,-0.04805911144109398
16,Opn4,2,255,114,0.06535739307353267
16,Rasgrp1,2,255,114,-0.5522340579721112
16,Prkcq,2,255,114,-0.2470042985891403
16,Gldn,2,255,114,1.3147501343868606
16,Ndnf,2,255,114,0.036412870300794764
16,Ctxn3,2,255,114,-0.8034977507984271
16,Gdf6,2,255,114,-0.3553450096475007
16,Eomes,2,255,114,-0.8047237638927375
16,Ifitm10,2,255,114,2.7089832073098266
16,Igf1,2,255,114,2.046208243008511
16,Cd24a,2,255,114,1.3965236253803486
16,Man1a,2,255,114,1.6968926002359819
16,Vat1l,2,255,114,1.721067038814383
16,Tbx20,2,255,114,-0.292736526208746
16,Ptprt,2,255,114,0.21531737616463653
16,Tmem255b,2,255,114,0.258285338338308
16,Dmrtb1,2,255,114,-0.31883021544513157
16,Parm1,2,255,114,-2.4570035905188776
16,Dgkg,2,255,114,0.9954275875258182
16,Prph,2,255,114,-1.678535214755217
16,Plekha2,2,255,114,-0.08000274549631414
16,Nppb,2,255,114,-0.09841888133762405
16,Vim,2,255,114,3.101558272401139
16,Enpp2,2,255,114,-0.1638937660321416
16,Igfbp2,2,255,114,1.6343568770889938
16,Rgs10,2,255,114,-1.8225431418595783
16,Mgll,2,255,114,-3.411435567676621
16,Phgdh,2,255,114,3.8975236691493973
16,Mei4,2,255,114,1.5047045631360623
16,Lmo1,2,255,114,1.2557633268173154
16,Myo1b,2,255,114,-1.254157810865817
16,Pdzd2,2,255,114,0.2108571319957293
16,Lamb1,2,255,114,-0.8837703976751701
16,Rbpms2,2,255,114,-2.145780801193642
16,Nell2,2,255,114,-1.317511916794738
16,Plch2,2,255,114,-3.6079955172830758
16,Lrrc7,2,255,114,0.24609489401619
16,Calb2,2,255,114,-2.30033851905647
16,Hpcal1,2,255,114,-1.378142521065591
16,Rxrg,2,255,114,-1.9375483881747637
16,Kcnj5,2,255,114,-2.363355928799999
16,Alcam,2,255,114,-1.9952153617575663
16,Nfe2l2,2,255,114,-0.13600988414799242
16,Ptn,2,255,114,-0.9072893795924508
16,Bcl11b,2,255,114,-0.6017998061729439
16,Aldh2,2,255,114,-0.7108010292843896
16,Klc3,2,255,114,0.127795878846803
16,Crtac1,2,255,114,-3.2648493331483186
16,Neurod1,2,255,114,0.0
16,Dpysl4,2,255,114,-0.8112303279951001
16,Gnai1,2,255,114,-0.5896071898584228
16,Chrnb2,2,255,114,-1.8076833820586942
16,Dlgap1,2,255,114,0.1692636106575085
16,Dtx3l,2,255,114,1.8252105169770043
16,Lpar1,2,255,114,-0.29735752498030876
16,Pdlim5,2,255,114,-0.11288454657406333
16,Etl4,2,255,114,-2.226317783865638
16,Fgf18,2,255,114,-0.8707150238301229
16,Man1a2,2,255,114,1.0896108398442097
16,Igfbp5,2,255,114,-1.2220746400545928
16,Il1rapl2,2,255,114,0.3893779645028459
16,Irx1,2,255,114,-0.40994092383457614
16,Slc16a2,2,255,114,-0.1638937660321416
16,Ostf1,2,255,114,0.49572732988954016
16,Ksr1,2,255,114,-1.8242418627146328
16,Slc7a8,2,255,114,-0.10162844766229329
16,Kcnc4,2,255,114,-2.0606330187573985
16,Tmem200a,2,255,114,0.3995542833493774
16,Srpx2,2,255,114,0.15561003613180596
16,Tgfbr3,2,255,114,-0.5295333514604974
16,Slc44a5,2,255,114,1.5813192026255043
16,Sdk1,2,255,114,1.076756086042546
16,Cav2,2,255,114,-0.4650222332206071
16,Tmem144,2,255,114,2.200577571242922
16,Rbms3,2,255,114,0.7641561827530943
16,Hfe,2,255,114,1.1396896634865492
16,Brinp1,2,255,114,-0.6492086130120214
16,Vegfc,2,255,114,-0.004975836779125387
16,Itga7,2,255,114,1.714913660357495
16,Shroom3,2,255,114,-0.3006897196493934
16,Ddx60,2,255,114,2.0979022690364197
16,Kbtbd11,2,255,114,-1.0333005934599049
17,Opn4,1,133,41,1.391147999707479
17,Rasgrp1,1,133,41,2.7214275117257087
17,Prkcq,1,133,41,0.0
17,Gldn,1,133,41,0.0
17,Ndnf,1,133,41,3.301906919159931
17,Ctxn3,1,133,41,-1.5459423927650793
17,Gdf6,1,133,41,0.6678340570417745
17,Eomes,1,133,41,0.13626447536249886
17,Ifitm10,1,133,41,2.9142060205983773
17,Igf1,1,133,41,-0.3004623476196011
17,Cd24a,1,133,41,0.6678340570417745
17,Man1a,1,133,41,0.1667971568874429
17,Vat1l,1,133,41,0.8595784180282033
17,Tbx20,1,133,41,0.0
17,Ptprt,1,133,41,1.5185772276595093
17,Tmem255b,1,133,41,0.0
17,Dmrtb1,1,133,41,-0.8507431706177349
17,Parm1,1,133,41,-2.1563047160757587
17,Dgkg,1,133,41,1.1211064610894068
17,Prph,1,133,41,-4.342150234601143
17,Plekha2,1,133,41,2.229971506172796
17,Nppb,1,133,41,0.0
17,Vim,1,133,41,4.180758817631456
17,Enpp2,1,133,41,0.0
17,Igfbp2,1,133,41,2.9420531848220017
17,Rgs10,1,133,41,-1.3704231768553043
17,Mgll,1,133,41,-2.8279558105436653
17,Phgdh,1,133,41,6.896619265466799
17,Mei4,1,133,41,0.0593778042449804
17,Lmo1,1,133,41,1.2989478978658928
17,Myo1b,1,133,41,-1.4035103241369429
17,Pdzd2,1,133,41,0.4349165360882248
17,Lamb1,1,133,41,-1.8603952901249512
17,Rbpms2,1,133,41,-2.198631137600544
17,Nell2,1,133,41,-1.1395003392801097
17,Plch2,1,133,41,-1.4642464923428995
17,Lrrc7,1,133,41,-0.5113210719992738
17,Calb2,1,133,41,-1.8565765753072547
17,Hpcal1,1,133,41,-1.5130881009740742
17,Rxrg,1,133,41,-1.7038831446596259
17,Kcnj5,1,133,41,-3.422853004418455
17,Alcam,1,133,41,-2.3391814019608015
17,Nfe2l2,1,133,41,-0.6044103173902808
17,Ptn,1,133,41,-1.2453745641908256
17,Bcl11b,1,133,41,-4.093272285532685
17,Aldh2,1,133,41,-0.26189470665097314
17,Klc3,1,133,41,-0.16680204073564742
17,Crtac1,1,133,41,-2.225424489244819
17,Neurod1,1,133,41,0.0
17,Dpysl4,1,133,41,-0.9821545433410126
17,Gnai1,1,133,41,-1.571865060436676
17,Chrnb2,1,133,41,-1.8461246985149256
17,Dlgap1,1,133,41,0.16078299136619734
17,Dtx3l,1,133,41,0.0
17,Lpar1,1,133,41,-1.3823127522970104
17,Pdlim5,1,133,41,-1.7698940212402734
17,Etl4,1,133,41,-0.43587867428453775
17,Fgf18,1,133,41,-0.8507431706177349
17,Man1a2,1,133,41,0.569028210740683
17,Igfbp5,1,133,41,-3.0410444272305477
17,Il1rapl2,1,133,41,0.0
17,Irx1,1,133,41,1.5185772276595093
17,Slc16a2,1,133,41,1.5185772276595093
17,Ostf1,1,133,41,1.0997043886385454
17,Ksr1,1,133,41,-0.31961691550483895
17,Slc7a8,1,133,41,-2.8928645495095324
17,Kcnc4,1,133,41,-2.3092445567816506
17,Tmem200a,1,133,41,1.3391147594286983
17,Srpx2,1,133,41,1.5185772276595093
17,Tgfbr3,1,133,41,0.13626447536249886
17,Slc44a5,1,133,41,1.5185772276595093
17,Sdk1,1,133,41,-0.8699155649949333
17,Cav2,1,133,41,2.430758852030256
17,Tmem144,1,133,41,2.241891170325214
17,Rbms3,1,133,41,0.7097701119763684
17,Hfe,1,133,41,2.241891170325214
17,Brinp1,1,133,41,-0.15578394296866005
17,Vegfc,1,133,41,-1.3823127522970104
17,Itga7,1,133,41,1.5185772276595093
17,Shroom3,1,133,41,-0.8507431706177349
17,Ddx60,1,133,41,1.5185772276595093
17,Kbtbd11,1,133,41,-1.6317551706594693
18,Opn4,2,188,153,0.742360908432605
18,Rasgrp1,2,188,153,-3.036350160863938
18,Prkcq,2,188,153,0.8647802666150913
18,Gldn,2,188,153,2.4977112768985634
18,Ndnf,2,188,153,1.1856175750966362
18,Ctxn3,2,188,153,-1.7678660821588659
18,Gdf6,2,188,153,-0.5473106031816446
18,Eomes,2,188,153,0.8647802666150913
18,Ifitm10,2,188,153,2.5858879048287924
18,Igf1,2,188,153,-0.87590604028754
18,Cd24a,2,188,153,3.2733926616399702
18,Man1a,2,188,153,2.485074325213059
18,Vat1l,2,188,153,-0.8994880974684569
18,Tbx20,2,188,153,0.17285059081052817
18,Ptprt,2,188,153,0.7562434827569025
18,Tmem255b,2,188,153,0.27458989866051126
18,Dmrtb1,2,188,153,-0.30014317473719704
18,Parm1,2,188,153,-1.857652999675742
18,Dgkg,2,188,153,-1.6847226772287616
18,Prph,2,188,153,2.1679597778190964
18,Plekha2,2,188,153,1.9716879129841305
18,Nppb,2,188,153,-1.9154459622318987
18,Vim,2,188,153,4.356451673183345
18,Enpp2,2,188,153,-2.0700567290992566
18,Igfbp2,2,188,153,0.27583360808217927
18,Rgs10,2,188,153,-1.2080866281149292
18,Mgll,2,188,153,-3.152205839586489
18,Phgdh,2,188,153,4.616001623716983
18,Mei4,2,188,153,-0.5233671776538238
18,Lmo1,2,188,153,0.9941311593239295
18,Myo1b,2,188,153,-0.7130660101290469
18,Pdzd2,2,188,153,-0.34547476257597554
18,Lamb1,2,188,153,-1.1943493043764941
18,Rbpms2,2,188,153,-2.375710665748351
18,Nell2,2,188,153,-1.5578812808197986
18,Plch2,2,188,153,-1.2192178245622804
18,Lrrc7,2,188,153,0.8612105288988885
18,Calb2,2,188,153,-2.2965723723410427
18,Hpcal1,2,188,153,-1.3052278675308546
18,Rxrg,2,188,153,-2.255856905368958
18,Kcnj5,2,188,153,-2.8597457272908127
18,Alcam,2,188,153,-2.1018127485831575
18,Nfe2l2,2,188,153,0.6019952556870023
18,Ptn,2,188,153,-1.410559557588341
18,Bcl11b,2,188,153,-0.972320518870979
18,Aldh2,2,188,153,-0.8456538289813498
18,Klc3,2,188,153,-0.340006505651705
18,Crtac1,2,188,153,-3.75656472613413
18,Neurod1,2,188,153,0.0
18,Dpysl4,2,188,153,-1.5717725426210707
18,Gnai1,2,188,153,-1.653742308385624
18,Chrnb2,2,188,153,-1.6740244599191922
18,Dlgap1,2,188,153,-0.48940461310342087
18,Dtx3l,2,188,153,1.8678166030818995
18,Lpar1,2,188,153,-0.23687268399507694
18,Pdlim5,2,188,153,1.2471231150990552
18,Etl4,2,188,153,-0.901254429586795
18,Fgf18,2,188,153,-1.4665374528423296
18,Man1a2,2,188,153,0.8378755854733329
18,Igfbp5,2,188,153,-1.9733627901932937
18,Il1rapl2,2,188,153,-0.04280655886872842
18,Irx1,2,188,153,-1.0186506455801239
18,Slc16a2,2,188,153,-0.5114625826555882
18,Ostf1,2,188,153,0.46252343614040337
18,Ksr1,2,188,153,-0.04018050062537082
18,Slc7a8,2,188,153,-1.605343134902494
18,Kcnc4,2,188,153,-1.630698708648198
18,Tmem200a,2,188,153,-1.0914431225295977
18,Srpx2,2,188,153,1.9885408681099048
18,Tgfbr3,2,188,153,-1.2874252378388955
18,Slc44a5,2,188,153,2.607657105694085
18,Sdk1,2,188,153,0.253372065685304
18,Cav2,2,188,153,0.02194735124499836
18,Tmem144,2,188,153,2.3563771029010585
18,Rbms3,2,188,153,-0.08168093508613605
18,Hfe,2,188,153,-0.70950715778158
18,Brinp1,2,188,153,-0.9332357468325538
18,Vegfc,2,188,153,-0.8548967652334303
18,Itga7,2,188,153,0.43080717654418565
18,Shroom3,2,188,153,-1.5334457390865754
18,Ddx60,2,188,153,0.5222710458833528
18,Kbtbd11,2,188,153,-3.0034834496007257
19,Opn4,2,191,123,0.6712051876936774
19,Rasgrp1,2,191,123,-0.5978458610757694
19,Prkcq,2,191,123,0.06679430867864872
19,Gldn,2,191,123,1.6129774190020425
19,Ndnf,2,191,123,0.2398435238944957
19,Ctxn3,2,191,123,-1.1822905765777636
19,Gdf6,2,191,123,-0.3408595720335789
19,Eomes,2,191,123,-0.17719511746664968
19,Ifitm10,2,191,123,2.685681360446352
19,Igf1,2,191,123,1.3303574828785591
19,Cd24a,2,191,123,6.538703559520835
19,Man1a,2,191,123,0.7204606061098977
19,Vat1l,2,191,123,-0.646352725094851
19,Tbx20,2,191,123,-1.0338275730550164
19,Ptprt,2,191,123,-0.16374889698446593
19,Tmem255b,2,191,123,0.0
19,Dmrtb1,2,191,123,-0.8202295564238398
19,Parm1,2,191,123,-2.0802017597406968
19,Dgkg,2,191,123,-0.30915372305898126
19,Prph,2,191,123,-2.382920531629163
19,Plekha2,2,191,123,-0.01902751303563832
19,Nppb,2,191,123,-0.2853141203092099
19,Vim,2,191,123,5.058226050421009
19,Enpp2,2,191,123,-0.5904302907323319
19,Igfbp2,2,191,123,-1.9377491380617835
19,Rgs10,2,191,123,-2.568023177767491
19,Mgll,2,191,123,-3.887405922550651
19,Phgdh,2,191,123,4.063250745974166
19,Mei4,2,191,123,-1.6689057463979702
19,Lmo1,2,191,123,-0.09232491468057535
19,Myo1b,2,191,123,-4.608032089520245
19,Pdzd2,2,191,123,-0.6076819945464789
19,Lamb1,2,191,123,-3.08947062988681
19,Rbpms2,2,191,123,-2.6353026048946346
19,Nell2,2,191,123,-2.0707954797857466
19,Plch2,2,191,123,-2.8677277769921394
19,Lrrc7,2,191,123,-0.18270436078587515
19,Calb2,2,191,123,-3.4010452640683013
19,Hpcal1,2,191,123,-4.702796362082623
19,Rxrg,2,191,123,-3.2530494468777365
19,Kcnj5,2,191,123,-4.591923768517046
19,Alcam,2,191,123,-2.423783950338993
19,Nfe2l2,2,191,123,-2.6247859994596277
19,Ptn,2,191,123,-1.9517861181552822
19,Bcl11b,2,191,123,-2.195838389783877
19,Aldh2,2,191,123,-0.722930457540016
19,Klc3,2,191,123,-0.05172934864449785
19,Crtac1,2,191,123,-5.24337638591733
19,Neurod1,2,191,123,0.0
19,Dpysl4,2,191,123,-0.5193462322368738
19,Gnai1,2,191,123,-0.7644142458598506
19,Chrnb2,2,191,123,-1.2860519881386991
19,Dlgap1,2,191,123,-1.573296657026297
19,Dtx3l,2,191,123,-0.16374889698446593
19,Lpar1,2,191,123,0.0
19,Pdlim5,2,191,123,-0.3673026554126548
19,Etl4,2,191,123,-1.0331154762457921
19,Fgf18,2,191,123,0.40765388071222763
19,Man1a2,2,191,123,0.6357538031190657
19,Igfbp5,2,191,123,-1.5310530954922525
19,Il1rapl2,2,191,123,0.0
19,Irx1,2,191,123,-0.5904302907323319
19,Slc16a2,2,191,123,0.0
19,Ostf1,2,191,123,-0.3649600955146983
19,Ksr1,2,191,123,-0.3381829208567829
19,Slc7a8,2,191,123,-2.082768633485844
19,Kcnc4,2,191,123,-2.178410176012278
19,Tmem200a,2,191,123,0.0
19,Srpx2,2,191,123,2.393665408932065
19,Tgfbr3,2,191,123,0.5254122515562993
19,Slc44a5,2,191,123,0.0
19,Sdk1,2,191,123,0.6440675347642011
19,Cav2,2,191,123,-0.9550966990144016
19,Tmem144,2,191,123,-0.01902751303563832
19,Rbms3,2,191,123,-0.8834887281372867
19,Hfe,2,191,123,-1.1715103692985567
19,Brinp1,2,191,123,-0.46309762502875884
19,Vegfc,2,191,123,-1.380647471378024
19,Itga7,2,191,123,-1.0549905246279918
19,Shroom3,2,191,123,0.0
19,Ddx60,2,191,123,-0.42668139374786596
19,Kbtbd11,2,191,123,-2.7326254099785943
20,Opn4,1,92,27,-2.103680339210272
20,Rasgrp1,1,92,27,-0.8675099003241393
20,Prkcq,1,92,27,-1.4054598960028999
20,Gldn,1,92,27,0.0
20,Ndnf,1,92,27,-1.796403884510182
20,Ctxn3,1,92,27,-1.4451013789996718
20,Gdf6,1,92,27,-0.8675099003241393
20,Eomes,1,92,27,0.19587074551201145
20,Ifitm10,1,92,27,3.2115019284523587
20,Igf1,1,92,27,0.958414623577859
20,Cd24a,1,92,27,3.611765623798423
20,Man1a,1,92,27,-0.15243493097018623
20,Vat1l,1,92,27,-2.356863660735483
20,Tbx20,1,92,27,-0.05731257601319939
20,Ptprt,1,92,27,0.8940911887193836
20,Tmem255b,1,92,27,0.0
20,Dmrtb1,1,92,27,0.0
20,Parm1,1,92,27,-3.6488283616322192
20,Dgkg,1,92,27,-0.45994086736295037
20,Prph,1,92,27,-4.258461896325069
20,Plekha2,1,92,27,2.2995510847222835
20,Nppb,1,92,27,-3.073922963304754
20,Vim,1,92,27,3.7494519241311193
20,Enpp2,1,92,27,-3.073922963304754
20,Igfbp2,1,92,27,-1.796403884510182
20,Rgs10,1,92,27,-2.3712329914989736
20,Mgll,1,92,27,-2.603495893023127
20,Phgdh,1,92,27,3.603084985764438
20,Mei4,1,92,27,1.0902549220158884
20,Lmo1,1,92,27,0.4070676610609105
20,Myo1b,1,92,27,-0.8953556391268584
20,Pdzd2,1,92,27,0.15758507633250574
20,Lamb1,1,92,27,-2.4757288617051474
20,Rbpms2,1,92,27,-2.136958114367954
20,Nell2,1,92,27,-1.4169753512695147
20,Plch2,1,92,27,-3.4454794510607956
20,Lrrc7,1,92,27,-0.1221878918110404
20,Calb2,1,92,27,-2.342282800305723
20,Hpcal1,1,92,27,-1.6699714210008647
20,Rxrg,1,92,27,-1.4753839117023526
20,Kcnj5,1,92,27,-2.180684663166456
20,Alcam,1,92,27,-1.387325055711858
20,Nfe2l2,1,92,27,0.07707106989405599
20,Ptn,1,92,27,-1.6116177197464783
20,Bcl11b,1,92,27,-1.8289255535480278
20,Aldh2,1,92,27,-0.203045876929564
20,Klc3,1,92,27,-2.290590390264044
20,Crtac1,1,92,27,-2.842535310286485
20,Neurod1,1,92,27,0.0
20,Dpysl4,1,92,27,-1.1429041754972582
20,Gnai1,1,92,27,-1.666573050767438
20,Chrnb2,1,92,27,-2.009958808476261
20,Dlgap1,1,92,27,-0.1537712210518487
20,Dtx3l,1,92,27,2.2995510847222835
20,Lpar1,1,92,27,2.2995510847222835
20,Pdlim5,1,92,27,0.8940911887193836
20,Etl4,1,92,27,-2.103680339210272
20,Fgf18,1,92,27,-0.8675099003241393
20,Man1a2,1,92,27,1.0357974454398287
20,Igfbp5,1,92,27,-0.2726270964999413
20,Il1rapl2,1,92,27,2.2995510847222835
20,Irx1,1,92,27,0.0
20,Slc16a2,1,92,27,0.0
20,Ostf1,1,92,27,-0.11421288982397382
20,Ksr1,1,92,27,0.0
20,Slc7a8,1,92,27,-3.3319375814971393
20,Kcnc4,1,92,27,-4.977596338356006
20,Tmem200a,1,92,27,0.0
20,Srpx2,1,92,27,-0.9834365422836555
20,Tgfbr3,1,92,27,-1.4054598960028999
20,Slc44a5,1,92,27,2.2995510847222835
20,Sdk1,1,92,27,0.8940911887193836
20,Cav2,1,92,27,-0.25821049803236296
20,Tmem144,1,92,27,3.145040095986656
20,Rbms3,1,92,27,-1.3381179972368882
20,Hfe,1,92,27,0.8940911887193836
20,Brinp1,1,92,27,-1.7291131463295661
20,Vegfc,1,92,27,-0.8675099003241393
20,Itga7,1,92,27,-2.103680339210272
20,Shroom3,1,92,27,0.0
20,Ddx60,1,92,27,0.0
20,Kbtbd11,1,92,27,-1.145928366338512
21,Opn4,1,79,35,-1.7700648470356342
21,Rasgrp1,1,79,35,0.0
21,Prkcq,1,79,35,0.8848420441093388
21,Gldn,1,79,35,3.3528898043717157
21,Ndnf,1,79,35,1.8145961941312523
21,Ctxn3,1,79,35,1.7391379077259872
21,Gdf6,1,79,35,0.8848420441093388
21,Eomes,1,79,35,0.8848420441093388
21,Ifitm10,1,79,35,0.7139145264949556
21,Igf1,1,79,35,-1.1562524106126784
21,Cd24a,1,79,35,0.0
21,Man1a,1,79,35,2.211884499932852
21,Vat1l,1,79,35,0.0
21,Tbx20,1,79,35,-1.7700648470356342
21,Ptprt,1,79,35,1.1462342962997307
21,Tmem255b,1,79,35,-1.1410053044388637
21,Dmrtb1,1,79,35,0.0
21,Parm1,1,79,35,-5.168122374609601
21,Dgkg,1,79,35,-2.206655508071985
21,Prph,1,79,35,-2.5413626170878745
21,Plekha2,1,79,35,-2.5413626170878745
21,Nppb,1,79,35,0.0
21,Vim,1,79,35,4.280500524813862
21,Enpp2,1,79,35,0.0
21,Igfbp2,1,79,35,0.0
21,Rgs10,1,79,35,-0.3189129494008407
21,Mgll,1,79,35,-3.029737773807055
21,Phgdh,1,79,35,5.4959309641466145
21,Mei4,1,79,35,0.7139145264949556
21,Lmo1,1,79,35,2.131794993015749
21,Myo1b,1,79,35,-1.1100648037128362
21,Pdzd2,1,79,35,-0.538835277950235
21,Lamb1,1,79,35,-3.238393280653168
21,Rbpms2,1,79,35,-2.3767307739933132
21,Nell2,1,79,35,-0.692116189637618
21,Plch2,1,79,35,-1.7421769864008412
21,Lrrc7,1,79,35,0.7938441911976226
21,Calb2,1,79,35,-2.780726780187454
21,Hpcal1,1,79,35,-2.082679622872053
21,Rxrg,1,79,35,-1.7235912987568307
21,Kcnj5,1,79,35,-1.7151082395515034
21,Alcam,1,79,35,-1.505522777851072
21,Nfe2l2,1,79,35,-0.21369619394719042
21,Ptn,1,79,35,-1.1662472438152216
21,Bcl11b,1,79,35,-2.5413626170878745
21,Aldh2,1,79,35,-0.27086634047216673
21,Klc3,1,79,35,0.31163304582214657
21,Crtac1,1,79,35,-1.1712524774873412
21,Neurod1,1,79,35,0.0
21,Dpysl4,1,79,35,-0.7234452460948084
21,Gnai1,1,79,35,-0.7750869817805173
21,Chrnb2,1,79,35,-2.079639576044799
21,Dlgap1,1,79,35,-0.23100541965149723
21,Dtx3l,1,79,35,2.0258473485482025
21,Lpar1,1,79,35,0.0
21,Pdlim5,1,79,35,-0.18080815952378249
21,Etl4,1,79,35,-0.8118954562189717
21,Fgf18,1,79,35,-2.5413626170878745
21,Man1a2,1,79,35,1.0956660710811503
21,Igfbp5,1,79,35,-1.7700648470356342
21,Il1rapl2,1,79,35,0.0
21,Irx1,1,79,35,0.0
21,Slc16a2,1,79,35,0.0
21,Ostf1,1,79,35,0.22325493702639854
21,Ksr1,1,79,35,0.29549461757930073
21,Slc7a8,1,79,35,-1.5407386497707036
21,Kcnc4,1,79,35,-3.1196612112550284
21,Tmem200a,1,79,35,0.0
21,Srpx2,1,79,35,2.0258473485482025
21,Tgfbr3,1,79,35,-2.5413626170878745
21,Slc44a5,1,79,35,0.0
21,Sdk1,1,79,35,0.5400358936739242
21,Cav2,1,79,35,-0.06187948770438556
21,Tmem144,1,79,35,-1.1410053044388637
21,Rbms3,1,79,35,-0.35896168843466114
21,Hfe,1,79,35,2.0258473485482025
21,Brinp1,1,79,35,-0.028033436673881695
21,Vegfc,1,79,35,0.0
21,Itga7,1,79,35,0.6302017265951902
21,Shroom3,1,79,35,-1.1410053044388637
21,Ddx60,1,79,35,0.0
21,Kbtbd11,1,79,35,-1.7151082395515034
22,Opn4,2,94,333,-1.067426037328766
22,Rasgrp1,2,94,333,-1.0878127806720905
22,Prkcq,2,94,333,-1.237095696206358
22,Gldn,2,94,333,-0.37466170999255244
22,Ndnf,2,94,333,0.5942234734624399
22,Ctxn3,2,94,333,-1.1290933658842555
22,Gdf6,2,94,333,0.3228508093718421
22,Eomes,2,94,333,-0.9087630614389095
22,Ifitm10,2,94,333,0.044936414327050755
22,Igf1,2,94,333,0.29930136685654585
22,Cd24a,2,94,333,1.6656413043903706
22,Man1a,2,94,333,-0.24405095148668332
22,Vat1l,2,94,333,-0.4302246978726951
22,Tbx20,2,94,333,-0.7304690066737167
22,Ptprt,2,94,333,-0.2969822826006687
22,Tmem255b,2,94,333,-2.526146395722379
22,Dmrtb1,2,94,333,-1.3146401175937934
22,Parm1,2,94,333,-2.673021248540516
22,Dgkg,2,94,333,-0.5584558068826468
22,Prph,2,94,333,-5.811234618640693
22,Plekha2,2,94,333,0.09012667834705801
22,Nppb,2,94,333,-0.24621370908471674
22,Vim,2,94,333,2.08779791335735
22,Enpp2,2,94,333,-0.5756802586428147
22,Igfbp2,2,94,333,0.004810202321771095
22,Rgs10,2,94,333,-1.3612637488023496
22,Mgll,2,94,333,-2.0593023342224086
22,Phgdh,2,94,333,3.2360792156625164
22,Mei4,2,94,333,0.09390458182050132
22,Lmo1,2,94,333,1.553263678462974
22,Myo1b,2,94,333,-1.260276175209238
22,Pdzd2,2,94,333,-0.706619058387455
22,Lamb1,2,94,333,-0.529267170920499
22,Rbpms2,2,94,333,-2.352842965410076
22,Nell2,2,94,333,-1.0202144327370246
22,Plch2,2,94,333,-1.1407820000252475
22,Lrrc7,2,94,333,-0.1619322161248502
22,Calb2,2,94,333,-2.8588667079504564
22,Hpcal1,2,94,333,-1.5428732801801388
22,Rxrg,2,94,333,-2.764444750529347
22,Kcnj5,2,94,333,-3.0216094246984433
22,Alcam,2,94,333,-0.6305134178613958
22,Nfe2l2,2,94,333,0.2539416666864318
22,Ptn,2,94,333,-1.012650177030662
22,Bcl11b,2,94,333,-2.1158043952884613
22,Aldh2,2,94,333,-0.043645845806273176
22,Klc3,2,94,333,1.1855335669180733
22,Crtac1,2,94,333,-3.6928220366646904
22,Neurod1,2,94,333,0.0
22,Dpysl4,2,94,333,-0.018152873807111725
22,Gnai1,2,94,333,-1.1120351969275442
22,Chrnb2,2,94,333,-1.1902757540744342
22,Dlgap1,2,94,333,0.4930120623385288
22,Dtx3l,2,94,333,1.2735937122977228
22,Lpar1,2,94,333,-0.03848355837216805
22,Pdlim5,2,94,333,0.6803311401744372
22,Etl4,2,94,333,-0.6232740515631243
22,Fgf18,2,94,333,-1.4689093006508558
22,Man1a2,2,94,333,0.4999381387545152
22,Igfbp5,2,94,333,-3.1099583022253467
22,Il1rapl2,2,94,333,-0.016938348942911352
22,Irx1,2,94,333,-0.8701702598640682
22,Slc16a2,2,94,333,-0.08239580581603811
22,Ostf1,2,94,333,-0.20000053567315046
22,Ksr1,2,94,333,-0.310048057153685
22,Slc7a8,2,94,333,-1.1633258406661822
22,Kcnc4,2,94,333,-1.5211527137665324
22,Tmem200a,2,94,333,-1.724558542621537
22,Srpx2,2,94,333,-1.216719534979439
22,Tgfbr3,2,94,333,-0.24450508441132324
22,Slc44a5,2,94,333,1.6589057417406472
22,Sdk1,2,94,333,0.39147241348858475
22,Cav2,2,94,333,1.0298677020610993
22,Tmem144,2,94,333,0.2928514306983583
22,Rbms3,2,94,333,0.375668361608402
22,Hfe,2,94,333,-1.1592424297212967
22,Brinp1,2,94,333,-0.2457664052615498
22,Vegfc,2,94,333,-1.1148968145155718
22,Itga7,2,94,333,-0.4780097072660896
22,Shroom3,2,94,333,0.41599170641478805
22,Ddx60,2,94,333,1.3613753790318777
22,Kbtbd11,2,94,333,-1.0143185264538708
23,Opn4,1,57,13,1.3168914539816499
23,Rasgrp1,1,57,13,0.0
23,Prkcq,1,57,13,0.0
23,Gldn,1,57,13,4.1840160654602325
23,Ndnf,1,57,13,0.00634751815003165
23,Ctxn3,1,57,13,-1.126993937541084
23,Gdf6,1,57,13,1.9836683284294834
23,Eomes,1,57,13,0.0
23,Ifitm10,1,57,13,3.058860968318704
23,Igf1,1,57,13,2.8352760818726237
23,Cd24a,1,57,13,0.0
23,Man1a,1,57,13,5.1437746674154265
23,Vat1l,1,57,13,-1.2776120353258658
23,Tbx20,1,57,13,0.0
23,Ptprt,1,57,13,-1.9443889097736993
23,Tmem255b,1,57,13,0.0
23,Dmrtb1,1,57,13,-1.9443889097736993
23,Parm1,1,57,13,-4.950087884327213
23,Dgkg,1,57,13,0.0
23,Prph,1,57,13,0.5176588973318053
23,Plekha2,1,57,13,-1.2776120353258658
23,Nppb,1,57,13,0.0
23,Vim,1,57,13,0.0
23,Enpp2,1,57,13,3.261280363755349
23,Igfbp2,1,57,13,-2.3986570440709083
23,Rgs10,1,57,13,-1.611627704208244
23,Mgll,1,57,13,-5.041525618504819
23,Phgdh,1,57,13,3.1327552503795797
23,Mei4,1,57,13,-2.3986570440709083
23,Lmo1,1,57,13,1.1989550797414124
23,Myo1b,1,57,13,-0.6790754876919243
23,Pdzd2,1,57,13,-0.30681662457216063
23,Lamb1,1,57,13,-5.015079097631646
23,Rbpms2,1,57,13,-2.4774458876301937
23,Nell2,1,57,13,-3.015464566014696
23,Plch2,1,57,13,-4.286648815958639
23,Lrrc7,1,57,13,0.8626233196844408
23,Calb2,1,57,13,-3.21914403746821
23,Hpcal1,1,57,13,-2.7048639537994736
23,Rxrg,1,57,13,-2.1203521304302377
23,Kcnj5,1,57,13,-5.708116850755684
23,Alcam,1,57,13,0.1936867830882134
23,Nfe2l2,1,57,13,0.08610287494020596
23,Ptn,1,57,13,-3.1225386893880493
23,Bcl11b,1,57,13,-2.3986570440709083
23,Aldh2,1,57,13,-0.55997304234526
23,Klc3,1,57,13,-1.3128163532266939
23,Crtac1,1,57,13,-5.249206901185082
23,Neurod1,1,57,13,0.0
23,Dpysl4,1,57,13,-5.194139855748852
23,Gnai1,1,57,13,-1.7331912665288467
23,Chrnb2,1,57,13,-0.2078118150499204
23,Dlgap1,1,57,13,0.06309418077481155
23,Dtx3l,1,57,13,3.261280363755349
23,Lpar1,1,57,13,0.0
23,Pdlim5,1,57,13,1.9836683284294834
23,Etl4,1,57,13,0.5176588973318053
23,Fgf18,1,57,13,1.3168914539816499
23,Man1a2,1,57,13,1.031016326448631
23,Igfbp5,1,57,13,-3.2549328456053175
23,Il1rapl2,1,57,13,0.0
23,Irx1,1,57,13,0.0
23,Slc16a2,1,57,13,0.0
23,Ostf1,1,57,13,-0.019137849809489182
23,Ksr1,1,57,13,-2.743621466423544
23,Slc7a8,1,57,13,-3.6316850590765473
23,Kcnc4,1,57,13,-2.764305948488338
23,Tmem200a,1,57,13,0.0
23,Srpx2,1,57,13,0.0
23,Tgfbr3,1,57,13,-1.9443889097736993
23,Slc44a5,1,57,13,0.0
23,Sdk1,1,57,13,1.9836683284294834
23,Cav2,1,57,13,0.45562725331865384
23,Tmem144,1,57,13,1.9836683284294834
23,Rbms3,1,57,13,-1.4842470679917543
23,Hfe,1,57,13,0.0
23,Brinp1,1,57,13,-0.1564027074446699
23,Vegfc,1,57,13,0.0
23,Itga7,1,57,13,0.0
23,Shroom3,1,57,13,4.1840160654602325
23,Ddx60,1,57,13,3.261280363755349
23,Kbtbd11,1,57,13,-1.2219294472961821
24,Opn4,2,123,51,0.23020012082520136
24,Rasgrp1,2,123,51,0.8531018179596574
24,Prkcq,2,123,51,0.0
24,Gldn,2,123,51,1.8123519903012757
24,Ndnf,2,123,51,0.4485913233566753
24,Ctxn3,2,123,51,-3.6782224285152445
24,Gdf6,2,123,51,-0.30293341060655543
24,Eomes,2,123,51,0.24788285146845057
24,Ifitm10,2,123,51,2.775254630652716
24,Igf1,2,123,51,0.16461052772782114
24,Cd24a,2,123,51,1.8432271336315584
24,Man1a,2,123,51,4.730091371970049
24,Vat1l,2,123,51,0.13422319217782508
24,Tbx20,2,123,51,-0.09168069050234384
24,Ptprt,2,123,51,-0.7329648076548052
24,Tmem255b,2,123,51,-0.30293341060655543
24,Dmrtb1,2,123,51,-0.40578388026569634
24,Parm1,2,123,51,-3.9476939958812514
24,Dgkg,2,123,51,-0.6184724597092902
24,Prph,2,123,51,0.7463438649008203
24,Plekha2,2,123,51,1.2665608766738787
24,Nppb,2,123,51,-0.40578388026569634
24,Vim,2,123,51,4.394307826511725
24,Enpp2,2,123,51,0.0
24,Igfbp2,2,123,51,-1.1288362463596613
24,Rgs10,2,123,51,-1.0081732414417983
24,Mgll,2,123,51,-4.277702279940707
24,Phgdh,2,123,51,3.92079803617052
24,Mei4,2,123,51,2.033392476167138
24,Lmo1,2,123,51,0.9280162143990145
24,Myo1b,2,123,51,-4.150503192495713
24,Pdzd2,2,123,51,-0.9960905388384131
24,Lamb1,2,123,51,-3.589866641806173
24,Rbpms2,2,123,51,-1.9557778848112428
24,Nell2,2,123,51,-2.5200174922822
24,Plch2,2,123,51,-2.7107241082615134
24,Lrrc7,2,123,51,1.446517789697892
24,Calb2,2,123,51,-4.227380213517456
24,Hpcal1,2,123,51,-2.132737780382054
24,Rxrg,2,123,51,-1.57268898995657
24,Kcnj5,2,123,51,-3.3976531379494403
24,Alcam,2,123,51,-3.565851929133971
24,Nfe2l2,2,123,51,0.8583134070146927
24,Ptn,2,123,51,-3.2921478428808517
24,Bcl11b,2,123,51,-1.238707877903309
24,Aldh2,2,123,51,-1.1363761196327433
24,Klc3,2,123,51,2.5241394498671994
24,Crtac1,2,123,51,-3.250536787088826
24,Neurod1,2,123,51,0.0
24,Dpysl4,2,123,51,-0.8269635316984092
24,Gnai1,2,123,51,-2.2848922421699998
24,Chrnb2,2,123,51,-1.8269249726492371
24,Dlgap1,2,123,51,-0.36101204833666545
24,Dtx3l,2,123,51,0.22722021337505882
24,Lpar1,2,123,51,0.0
24,Pdlim5,2,123,51,-0.9428247804958673
24,Etl4,2,123,51,-1.7688995294847805
24,Fgf18,2,123,51,0.0
24,Man1a2,2,123,51,1.003298903277543
24,Igfbp5,2,123,51,-0.45726771111023246
24,Il1rapl2,2,123,51,0.0
24,Irx1,2,123,51,0.0
24,Slc16a2,2,123,51,0.0
24,Ostf1,2,123,51,-0.1856586221180141
24,Ksr1,2,123,51,-1.1970073058127095
24,Slc7a8,2,123,51,-0.20992792224559131
24,Kcnc4,2,123,51,-2.7940542155177575
24,Tmem200a,2,123,51,-0.9647879928811336
24,Srpx2,2,123,51,2.961171784974014
24,Tgfbr3,2,123,51,-0.40578388026569634
24,Slc44a5,2,123,51,3.7119205636145916
24,Sdk1,2,123,51,0.9544053543810227
24,Cav2,2,123,51,-1.280613810817509
24,Tmem144,2,123,51,2.9590296449784015
24,Rbms3,2,123,51,-0.5052652307268639
24,Hfe,2,123,51,0.3032436453098708
24,Brinp1,2,123,51,-1.0241159658894161
24,Vegfc,2,123,51,-0.09168069050234384
24,Itga7,2,123,51,0.0
24,Shroom3,2,123,51,2.274939221562478
24,Ddx60,2,123,51,0.21672703470821864
24,Kbtbd11,2,123,51,-1.9269074893683003
25,Opn4,1,104,10,1.0176743069510796
25,Rasgrp1,1,104,10,-0.7768277792394386
25,Prkcq,1,104,10,-1.6508004416130193
25,Gldn,1,104,10,-0.7768277792394386
25,Ndnf,1,104,10,-3.023892918444465
25,Ctxn3,1,104,10,1.7262039333533998
25,Gdf6,1,104,10,-1.2790069033375062
25,Eomes,1,104,10,-3.257057760715696
25,Ifitm10,1,104,10,2.112514564126676
25,Igf1,1,104,10,2.2384530923587924
25,Cd24a,1,104,10,-2.5834024801510833
25,Man1a,1,104,10,1.3627343978330737
25,Vat1l,1,104,10,2.125787895248464
25,Tbx20,1,104,10,-3.257057760715696
25,Ptprt,1,104,10,-3.9982448581959327
25,Tmem255b,1,104,10,-2.5834024801510833
25,Dmrtb1,1,104,10,-1.2790069033375062
25,Parm1,1,104,10,0.9947130311118375
25,Dgkg,1,104,10,3.6248500528306176
25,Prph,1,104,10,-0.35830267115438197
25,Plekha2,1,104,10,0.0
25,Nppb,1,104,10,2.4843081024021894
25,Vim,1,104,10,3.9323625961601087
25,Enpp2,1,104,10,0.0
25,Igfbp2,1,104,10,-3.7908208834681902
25,Rgs10,1,104,10,-1.1571231357549951
25,Mgll,1,104,10,-1.9618591360747661
25,Phgdh,1,104,10,4.9567140777828005
25,Mei4,1,104,10,0.048837661451985426
25,Lmo1,1,104,10,0.2456485571985798
25,Myo1b,1,104,10,-0.14081130940251274
25,Pdzd2,1,104,10,0.13463470680050715
25,Lamb1,1,104,10,-5.565851781830747
25,Rbpms2,1,104,10,-1.8290738681031948
25,Nell2,1,104,10,-0.7121708127425395
25,Plch2,1,104,10,0.30558531140725265
25,Lrrc7,1,104,10,1.7388651940612165
25,Calb2,1,104,10,-1.0463889687147585
25,Hpcal1,1,104,10,-1.158260308197998
25,Rxrg,1,104,10,-2.872491505797237
25,Kcnj5,1,104,10,-0.5423275226531752
25,Alcam,1,104,10,-5.9288958221963295
25,Nfe2l2,1,104,10,0.5062572450239995
25,Ptn,1,104,10,-1.3782139723755007
25,Bcl11b,1,104,10,-0.20956478751959295
25,Aldh2,1,104,10,1.0452568965840507
25,Klc3,1,104,10,0.37960252802187
25,Crtac1,1,104,10,-0.46314416888964427
25,Neurod1,1,104,10,0.0
25,Dpysl4,1,104,10,-1.0495720110120068
25,Gnai1,1,104,10,-0.1513848999228733
25,Chrnb2,1,104,10,-2.4962605438076046
25,Dlgap1,1,104,10,-0.063266065838258
25,Dtx3l,1,104,10,-0.7768277792394386
25,Lpar1,1,104,10,0.0
25,Pdlim5,1,104,10,-1.2790069033375062
25,Etl4,1,104,10,0.8718502647183586
25,Fgf18,1,104,10,0.0
25,Man1a2,1,104,10,0.21435745855856503
25,Igfbp5,1,104,10,-0.8951374841191893
25,Il1rapl2,1,104,10,0.0
25,Irx1,1,104,10,0.0
25,Slc16a2,1,104,10,0.0
25,Ostf1,1,104,10,-0.8537988424327256
25,Ksr1,1,104,10,-2.4005806079066216
25,Slc7a8,1,104,10,-3.3608799809242056
25,Kcnc4,1,104,10,-1.2638706240239683
25,Tmem200a,1,104,10,-1.6508004416130193
25,Srpx2,1,104,10,-0.7768277792394386
25,Tgfbr3,1,104,10,-1.2790069033375062
25,Slc44a5,1,104,10,0.0
25,Sdk1,1,104,10,-2.5834024801510833
25,Cav2,1,104,10,2.5361663879705025
25,Tmem144,1,104,10,0.0
25,Rbms3,1,104,10,-1.1367314440467382
25,Hfe,1,104,10,-2.5834024801510833
25,Brinp1,1,104,10,1.1713924626227135
25,Vegfc,1,104,10,0.0
25,Itga7,1,104,10,-0.7768277792394386
25,Shroom3,1,104,10,0.0
25,Ddx60,1,104,10,0.0
25,Kbtbd11,1,104,10,-3.4577296943324427
26,Opn4,1,85,8,0.0
26,Rasgrp1,1,85,8,0.0
26,Prkcq,1,85,8,-1.295438474283973
26,Gldn,1,85,8,4.8429048959501975
26,Ndnf,1,85,8,0.5631564668119826
26,Ctxn3,1,85,8,-1.8162909045061593
26,Gdf6,1,85,8,0.0
26,Eomes,1,85,8,-2.7693620024832644
26,Ifitm10,1,85,8,0.2169819941754545
26,Igf1,1,85,8,0.5812651725177309
26,Cd24a,1,85,8,-0.788483525103173
26,Man1a,1,85,8,3.103836054455905
26,Vat1l,1,85,8,-1.669831253308311
26,Tbx20,1,85,8,-0.788483525103173
26,Ptprt,1,85,8,0.0
26,Tmem255b,1,85,8,0.0
26,Dmrtb1,1,85,8,-0.788483525103173
26,Parm1,1,85,8,-3.169898887500234
26,Dgkg,1,85,8,-2.212970681645134
26,Prph,1,85,8,-0.9720494112167057
26,Plekha2,1,85,8,0.0
26,Nppb,1,85,8,0.0
26,Vim,1,85,8,0.0
26,Enpp2,1,85,8,-0.788483525103173
26,Igfbp2,1,85,8,1.925508306297294
26,Rgs10,1,85,8,-3.1596749393917936
26,Mgll,1,85,8,-2.0185960938571927
26,Phgdh,1,85,8,4.581406317583962
26,Mei4,1,85,8,0.31835510798071676
26,Lmo1,1,85,8,0.07995372295932057
26,Myo1b,1,85,8,-0.1373067865229407
26,Pdzd2,1,85,8,-0.19511561162022328
26,Lamb1,1,85,8,-2.606763665884454
26,Rbpms2,1,85,8,-1.7672276216239222
26,Nell2,1,85,8,-1.5582520879342567
26,Plch2,1,85,8,-3.6594824007848903
26,Lrrc7,1,85,8,-4.315327538378332
26,Calb2,1,85,8,-3.5218675148447094
26,Hpcal1,1,85,8,-1.3307997917353127
26,Rxrg,1,85,8,-1.6929964129949218
26,Kcnj5,1,85,8,-4.087435191179301
26,Alcam,1,85,8,-1.5270741854037704
26,Nfe2l2,1,85,8,-0.19511561162022328
26,Ptn,1,85,8,-1.2815838482022812
26,Bcl11b,1,85,8,-4.465352836641522
26,Aldh2,1,85,8,-1.3807449174047095
26,Klc3,1,85,8,-1.2752957267737477
26,Crtac1,1,85,8,-6.463866821379117
26,Neurod1,1,85,8,0.0
26,Dpysl4,1,85,8,0.552737494660505
26,Gnai1,1,85,8,-1.0635039469564465
26,Chrnb2,1,85,8,-2.1460717075126574
26,Dlgap1,1,85,8,0.6318411141519373
26,Dtx3l,1,85,8,3.8923195795590777
26,Lpar1,1,85,8,0.0
26,Pdlim5,1,85,8,-1.669831253308311
26,Etl4,1,85,8,1.1229575770758133
26,Fgf18,1,85,8,-1.295438474283973
26,Man1a2,1,85,8,1.7439664803472734
26,Igfbp5,1,85,8,-2.9219102870621443
26,Il1rapl2,1,85,8,0.0
26,Irx1,1,85,8,-0.788483525103173
26,Slc16a2,1,85,8,0.0
26,Ostf1,1,85,8,2.2411135346264555
26,Ksr1,1,85,8,-2.9155823280247235
26,Slc7a8,1,85,8,-3.3860318642053038
26,Kcnc4,1,85,8,-6.427759959862909
26,Tmem200a,1,85,8,0.2169819941754545
26,Srpx2,1,85,8,5.154743654352601
26,Tgfbr3,1,85,8,-1.9668112732617837
26,Slc44a5,1,85,8,2.986343996658719
26,Sdk1,1,85,8,1.6793488979139437
26,Cav2,1,85,8,0.0030504395854134003
26,Tmem144,1,85,8,0.0
26,Rbms3,1,85,8,-2.731615102616126
26,Hfe,1,85,8,2.197860471555546
26,Brinp1,1,85,8,-0.3312519786395942
26,Vegfc,1,85,8,-0.788483525103173
26,Itga7,1,85,8,-1.669831253308311
26,Shroom3,1,85,8,-1.9668112732617837
26,Ddx60,1,85,8,2.986343996658719
26,Kbtbd11,1,85,8,-4.147870974142976
27,Opn4,2,121,146,-0.24802934128534315
27,Rasgrp1,2,121,146,-1.8587571780160328
27,Prkcq,2,121,146,-0.41336874555556175
27,Gldn,2,121,146,2.7624195634029602
27,Ndnf,2,121,146,1.1706996099237421
27,Ctxn3,2,121,146,-0.6658643018323465
27,Gdf6,2,121,146,-1.3713136666710084
27,Eomes,2,121,146,-2.010074414648492
27,Ifitm10,2,121,146,2.7488171842917577
27,Igf1,2,121,146,-0.9612763939511084
27,Cd24a,2,121,146,0.6465862252520007
27,Man1a,2,121,146,1.3937544600502112
27,Vat1l,2,121,146,-0.8112558511187242
27,Tbx20,2,121,146,-1.6209376807827627
27,Ptprt,2,121,146,0.4378611922057478
27,Tmem255b,2,121,146,0.0
27,Dmrtb1,2,121,146,0.3033493378171482
27,Parm1,2,121,146,0.11002426493786344
27,Dgkg,2,121,146,-1.0673849951924637
27,Prph,2,121,146,-1.800586565361788
27,Plekha2,2,121,146,-1.1560052654214834
27,Nppb,2,121,146,-0.08894413956056213
27,Vim,2,121,146,3.9581027610519888
27,Enpp2,2,121,146,-1.9710671658500423
27,Igfbp2,2,121,146,-1.0752882637738135
27,Rgs10,2,121,146,-0.723713766709297
27,Mgll,2,121,146,-1.9945585046385723
27,Phgdh,2,121,146,4.667735445856421
27,Mei4,2,121,146,1.7306247690991314
27,Lmo1,2,121,146,1.0677344077186892
27,Myo1b,2,121,146,-1.5297558791130421
27,Pdzd2,2,121,146,-0.8910192411112405
27,Lamb1,2,121,146,-2.355722520746922
27,Rbpms2,2,121,146,-2.2721029967232065
27,Nell2,2,121,146,-0.9725036388201787
27,Plch2,2,121,146,-0.6153801589671569
27,Lrrc7,2,121,146,-1.12660662794551
27,Calb2,2,121,146,-3.1475951311642665
27,Hpcal1,2,121,146,-0.6975730082572245
27,Rxrg,2,121,146,-1.140544673859225
27,Kcnj5,2,121,146,-1.916518744653578
27,Alcam,2,121,146,-3.673912513110066
27,Nfe2l2,2,121,146,0.8353401918705703
27,Ptn,2,121,146,-1.4825406944981965
27,Bcl11b,2,121,146,-1.6467207688285481
27,Aldh2,2,121,146,0.27945465086301136
27,Klc3,2,121,146,0.4224996439603286
27,Crtac1,2,121,146,-2.2617874839502976
27,Neurod1,2,121,146,0.0
27,Dpysl4,2,121,146,-0.8520713578325356
27,Gnai1,2,121,146,-0.9158133497787082
27,Chrnb2,2,121,146,-2.7103729980066307
27,Dlgap1,2,121,146,0.33572944479620404
27,Dtx3l,2,121,146,0.2827464285896606
27,Lpar1,2,121,146,-0.6744956806855319
27,Pdlim5,2,121,146,-0.6099635236660579
27,Etl4,2,121,146,-1.5154877696941016
27,Fgf18,2,121,146,-1.4908642435888388
27,Man1a2,2,121,146,0.9313074707421078
27,Igfbp5,2,121,146,-3.670090846599469
27,Il1rapl2,2,121,146,-0.15976022022130165
27,Irx1,2,121,146,0.3239860792126763
27,Slc16a2,2,121,146,-0.6744956806855319
27,Ostf1,2,121,146,0.6880990240824718
27,Ksr1,2,121,146,-1.4380606871116781
27,Slc7a8,2,121,146,-1.9146833774022065
27,Kcnc4,2,121,146,-1.8440373999142072
27,Tmem200a,2,121,146,0.5210836176672226
27,Srpx2,2,121,146,0.32732278226302947
27,Tgfbr3,2,121,146,-0.2750147733624827
27,Slc44a5,2,121,146,0.1629907822620955
27,Sdk1,2,121,146,-0.6067823737954225
27,Cav2,2,121,146,0.6582650587814951
27,Tmem144,2,121,146,2.360007616622683
27,Rbms3,2,121,146,-0.5765867461532332
27,Hfe,2,121,146,0.04625459176973745
27,Brinp1,2,121,146,-1.1694141499239001
27,Vegfc,2,121,146,-0.08938266634288544
27,Itga7,2,121,146,0.32482924694278315
27,Shroom3,2,121,146,1.4320066039715884
27,Ddx60,2,121,146,0.8411408798088914
27,Kbtbd11,2,121,146,-1.6354322776786738
28,Opn4,1,44,6,-1.6931206075529603
28,Rasgrp1,1,44,6,0.0
28,Prkcq,1,44,6,0.0
28,Gldn,1,44,6,0.0
28,Ndnf,1,44,6,0.0
28,Ctxn3,1,44,6,-2.944982353989816
28,Gdf6,1,44,6,0.0
28,Eomes,1,44,6,0.0
28,Ifitm10,1,44,6,5.234764789718336
28,Igf1,1,44,6,-0.12672824091741575
28,Cd24a,1,44,6,-2.4507777621195355
28,Man1a,1,44,6,0.0
28,Vat1l,1,44,6,-1.6931206075529603
28,Tbx20,1,44,6,-1.6931206075529603
28,Ptprt,1,44,6,0.0
28,Tmem255b,1,44,6,0.0
28,Dmrtb1,1,44,6,0.0
28,Parm1,1,44,6,-5.199156437560876
28,Dgkg,1,44,6,-1.6931206075529603
28,Prph,1,44,6,1.8218007432643986
28,Plekha2,1,44,6,0.0
28,Nppb,1,44,6,4.272578505383934
28,Vim,1,44,6,4.272578505383934
28,Enpp2,1,44,6,0.0
28,Igfbp2,1,44,6,4.272578505383934
28,Rgs10,1,44,6,-3.7869979601465333
28,Mgll,1,44,6,-1.9225845096855139
28,Phgdh,1,44,6,3.5749928829994593
28,Mei4,1,44,6,-2.944982353989816
28,Lmo1,1,44,6,1.2435210982147398
28,Myo1b,1,44,6,-2.3279709566826092
28,Pdzd2,1,44,6,1.9890627729874826
28,Lamb1,1,44,6,-3.848129419076944
28,Rbpms2,1,44,6,-3.6072234263527845
28,Nell2,1,44,6,-1.6455252074131206
28,Plch2,1,44,6,-2.944982353989816
28,Lrrc7,1,44,6,0.03467600453735731
28,Calb2,1,44,6,-3.3967746320079115
28,Hpcal1,1,44,6,-1.757394952008914
28,Rxrg,1,44,6,-5.513208865147343
28,Kcnj5,1,44,6,-6.087603148247542
28,Alcam,1,44,6,-0.20610510581595332
28,Nfe2l2,1,44,6,2.9030736591107082
28,Ptn,1,44,6,-0.6405357478692268
28,Bcl11b,1,44,6,0.0
28,Aldh2,1,44,6,0.32613442969165085
28,Klc3,1,44,6,0.21643925541400488
28,Crtac1,1,44,6,2.28978243572852
28,Neurod1,1,44,6,0.0
28,Dpysl4,1,44,6,0.33106736671579373
28,Gnai1,1,44,6,-1.08576899115178
28,Chrnb2,1,44,6,-1.498390333725613
28,Dlgap1,1,44,6,-0.06702987444003838
28,Dtx3l,1,44,6,-1.6931206075529603
28,Lpar1,1,44,6,0.0
28,Pdlim5,1,44,6,0.0
28,Etl4,1,44,6,-1.6931206075529603
28,Fgf18,1,44,6,0.0
28,Man1a2,1,44,6,1.5391506465605937
28,Igfbp5,1,44,6,0.0
28,Il1rapl2,1,44,6,0.0
28,Irx1,1,44,6,0.0
28,Slc16a2,1,44,6,0.0
28,Ostf1,1,44,6,-1.375259311404669
28,Ksr1,1,44,6,-3.31240599084407
28,Slc7a8,1,44,6,-2.4507777621195355
28,Kcnc4,1,44,6,-2.851339415292782
28,Tmem200a,1,44,6,0.0
28,Srpx2,1,44,6,0.0
28,Tgfbr3,1,44,6,0.0
28,Slc44a5,1,44,6,0.0
28,Sdk1,1,44,6,0.0
28,Cav2,1,44,6,-4.237902500846577
28,Tmem144,1,44,6,2.5794578978309737
28,Rbms3,1,44,6,2.494493225815355
28,Hfe,1,44,6,4.272578505383934
28,Brinp1,1,44,6,-3.848129419076944
28,Vegfc,1,44,6,0.0
28,Itga7,1,44,6,0.0
28,Shroom3,1,44,6,0.0
28,Ddx60,1,44,6,0.0
28,Kbtbd11,1,44,6,-3.848129419076944
29,Opn4,1,73,9,-1.2543707479451507
29,Rasgrp1,1,73,9,0.0
29,Prkcq,1,73,9,0.0
29,Gldn,1,73,9,0.0
29,Ndnf,1,73,9,1.898414667381223
29,Ctxn3,1,73,9,-0.864945901574866
29,Gdf6,1,73,9,0.0
29,Eomes,1,73,9,0.6638598846251114
29,Ifitm10,1,73,9,3.9288261762645833
29,Igf1,1,73,9,4.517559340080199
29,Cd24a,1,73,9,0.0
29,Man1a,1,73,9,0.0
29,Vat1l,1,73,9,0.0
29,Tbx20,1,73,9,0.0
29,Ptprt,1,73,9,0.0
29,Tmem255b,1,73,9,0.0
29,Dmrtb1,1,73,9,0.0
29,Parm1,1,73,9,-3.8930036595831954
29,Dgkg,1,73,9,2.6744554283194324
29,Prph,1,73,9,-2.3665018866971383
29,Plekha2,1,73,9,0.0
29,Nppb,1,73,9,0.0
29,Vim,1,73,9,3.9288261762645833
29,Enpp2,1,73,9,-1.2543707479451507
29,Igfbp2,1,73,9,-3.2193674852691756
29,Rgs10,1,73,9,0.0374838726071669
29,Mgll,1,73,9,-1.6615209472584436
29,Phgdh,1,73,9,6.90346237254569
29,Mei4,1,73,9,-4.697181831766512
29,Lmo1,1,73,9,0.7496711510780765
29,Myo1b,1,73,9,0.4663035099941455
29,Pdzd2,1,73,9,-3.2193674852691756
29,Lamb1,1,73,9,-0.4833201663615698
29,Rbpms2,1,73,9,-2.1871119957625735
29,Nell2,1,73,9,-0.2630628812074107
29,Plch2,1,73,9,-3.5951510423962247
29,Lrrc7,1,73,9,-5.0982484740349525
29,Calb2,1,73,9,-2.2122365435602447
29,Hpcal1,1,73,9,-2.2960649344812385
29,Rxrg,1,73,9,-2.17064978329641
29,Kcnj5,1,73,9,0.8590151726365516
29,Alcam,1,73,9,-0.6472955338806807
29,Nfe2l2,1,73,9,0.5302525389218404
29,Ptn,1,73,9,0.11687482209760791
29,Bcl11b,1,73,9,-3.2193674852691756
29,Aldh2,1,73,9,0.17707576673214298
29,Klc3,1,73,9,-4.534191849766268
29,Crtac1,1,73,9,-5.818268470792729
29,Neurod1,1,73,9,0.0
29,Dpysl4,1,73,9,-0.6654808383986195
29,Gnai1,1,73,9,-0.6019364028685645
29,Chrnb2,1,73,9,-5.038677905896883
29,Dlgap1,1,73,9,0.3179928620000698
29,Dtx3l,1,73,9,-1.2543707479451507
29,Lpar1,1,73,9,0.0
29,Pdlim5,1,73,9,3.626296310603146
29,Etl4,1,73,9,-1.915047177067292
29,Fgf18,1,73,9,-1.915047177067292
29,Man1a2,1,73,9,1.2990587707828816
29,Igfbp5,1,73,9,-2.2344142514622964
29,Il1rapl2,1,73,9,0.0
29,Irx1,1,73,9,0.0
29,Slc16a2,1,73,9,0.0
29,Ostf1,1,73,9,0.34647520878202887
29,Ksr1,1,73,9,2.6744554283194324
29,Slc7a8,1,73,9,-1.915047177067292
29,Kcnc4,1,73,9,-1.832510537145108
29,Tmem200a,1,73,9,-1.2543707479451507
29,Srpx2,1,73,9,0.0
29,Tgfbr3,1,73,9,-1.915047177067292
29,Slc44a5,1,73,9,0.0
29,Sdk1,1,73,9,-1.2543707479451507
29,Cav2,1,73,9,-1.2266303558525848
29,Tmem144,1,73,9,0.0
29,Rbms3,1,73,9,-0.3828192371292021
29,Hfe,1,73,9,0.0
29,Brinp1,1,73,9,-1.036160359944179
29,Vegfc,1,73,9,0.0
29,Itga7,1,73,9,-2.9869849246432536
29,Shroom3,1,73,9,0.0
29,Ddx60,1,73,9,0.0
29,Kbtbd11,1,73,9,-3.8930036595831954
30,Opn4,2,86,143,0.9821470430432356
30,Rasgrp1,2,86,143,-0.29190383516132834
30,Prkcq,2,86,143,0.0
30,Gldn,2,86,143,1.6743213368447947
30,Ndnf,2,86,143,2.5050402233627445
30,Ctxn3,2,86,143,-0.6570751586485677
30,Gdf6,2,86,143,0.4461981374814287
30,Eomes,2,86,143,1.2004443304651744
30,Ifitm10,2,86,143,1.1139718401053242
30,Igf1,2,86,143,1.2317247810144232
30,Cd24a,2,86,143,3.60014883758687
30,Man1a,2,86,143,1.9103085277259013
30,Vat1l,2,86,143,0.0
30,Tbx20,2,86,143,0.04946073515078997
30,Ptprt,2,86,143,-0.2621243009395381
30,Tmem255b,2,86,143,0.0
30,Dmrtb1,2,86,143,0.0
30,Parm1,2,86,143,-1.291155070051518
30,Dgkg,2,86,143,1.0277693638847807
30,Prph,2,86,143,-1.7027593953757525
30,Plekha2,2,86,143,1.5191917209841503
30,Nppb,2,86,143,0.4461981374814287
30,Vim,2,86,143,4.901817940350989
30,Enpp2,2,86,143,0.0
30,Igfbp2,2,86,143,0.0
30,Rgs10,2,86,143,-1.5673807038435812
30,Mgll,2,86,143,-2.7229157091204517
30,Phgdh,2,86,143,2.414137603317264
30,Mei4,2,86,143,-0.12655202216530048
30,Lmo1,2,86,143,1.44177197264655
30,Myo1b,2,86,143,-0.3454949338384332
30,Pdzd2,2,86,143,0.4867693999653646
30,Lamb1,2,86,143,-0.4335135505120036
30,Rbpms2,2,86,143,-1.7552187751730095
30,Nell2,2,86,143,-0.554330103958053
30,Plch2,2,86,143,-1.2084833629305356
30,Lrrc7,2,86,143,1.25656995696631
30,Calb2,2,86,143,-1.8894832549394884
30,Hpcal1,2,86,143,-1.6557179416911012
30,Rxrg,2,86,143,-1.4776955412274413
30,Kcnj5,2,86,143,-3.8374210424124127
30,Alcam,2,86,143,-1.4376733175976448
30,Nfe2l2,2,86,143,0.9174174086303255
30,Ptn,2,86,143,-1.4209787188474796
30,Bcl11b,2,86,143,-2.2244302498646267
30,Aldh2,2,86,143,-0.6474554149782574
30,Klc3,2,86,143,0.016890389638442915
30,Crtac1,2,86,143,-3.322148716679113
30,Neurod1,2,86,143,0.0
30,Dpysl4,2,86,143,-0.17370722566714747
30,Gnai1,2,86,143,-1.1908816926328014
30,Chrnb2,2,86,143,-1.0990388652195613
30,Dlgap1,2,86,143,-0.039755232837033194
30,Dtx3l,2,86,143,1.3450958190132716
30,Lpar1,2,86,143,1.7180307685871183
30,Pdlim5,2,86,143,1.072843131455911
30,Etl4,2,86,143,-1.3218753974642827
30,Fgf18,2,86,143,-1.1692276001499105
30,Man1a2,2,86,143,0.865103436071132
30,Igfbp5,2,86,143,1.9916477919732856
30,Il1rapl2,2,86,143,0.0
30,Irx1,2,86,143,0.0
30,Slc16a2,2,86,143,0.0
30,Ostf1,2,86,143,-0.2115938404674429
30,Ksr1,2,86,143,-1.6673792950827786
30,Slc7a8,2,86,143,-0.05861645028842899
30,Kcnc4,2,86,143,-2.4421086945236112
30,Tmem200a,2,86,143,-0.2241562882353773
30,Srpx2,2,86,143,0.0
30,Tgfbr3,2,86,143,-0.5357413243257054
30,Slc44a5,2,86,143,-0.8707082611953911
30,Sdk1,2,86,143,1.2148372013596473
30,Cav2,2,86,143,0.5998678605266459
30,Tmem144,2,86,143,0.0
30,Rbms3,2,86,143,-0.35045481515885113
30,Hfe,2,86,143,-0.5655208585474956
30,Brinp1,2,86,143,-0.12158495278029813
30,Vegfc,2,86,143,-0.2300619626017666
30,Itga7,2,86,143,0.0
30,Shroom3,2,86,143,0.4461981374814287
30,Ddx60,2,86,143,0.24735908987846078
30,Kbtbd11,2,86,143,-1.4938871372105846
31,Opn4,2,74,196,-0.605106693240895
31,Rasgrp1,2,74,196,-0.6433972133123391
31,Prkcq,2,74,196,-0.9488461152550411
31,Gldn,2,74,196,1.3258560211798038
31,Ndnf,2,74,196,-0.20497149844767382
31,Ctxn3,2,74,196,-0.8547894202619322
31,Gdf6,2,74,196,0.074387107373173
31,Eomes,2,74,196,-0.32829804659291906
31,Ifitm10,2,74,196,-0.046976769032024634
31,Igf1,2,74,196,0.18219813792966377
31,Cd24a,2,74,196,0.019161542426531675
31,Man1a,2,74,196,-0.2110233047338057
31,Vat1l,2,74,196,-0.6907017277252505
31,Tbx20,2,74,196,-0.6133885860222588
31,Ptprt,2,74,196,-0.9809277902975952
31,Tmem255b,2,74,196,-0.24119986261829318
31,Dmrtb1,2,74,196,-1.291161975400205
31,Parm1,2,74,196,-0.008503072919267218
31,Dgkg,2,74,196,-1.1320132857338985
31,Prph,2,74,196,-1.8204635912264777
31,Plekha2,2,74,196,-0.84949380600871
31,Nppb,2,74,196,0.8220443053611932
31,Vim,2,74,196,0.9181713613504545
31,Enpp2,2,74,196,-0.3924210642781898
31,Igfbp2,2,74,196,-0.7768337209594955
31,Rgs10,2,74,196,-0.4954895087778026
31,Mgll,2,74,196,-3.008586700429167
31,Phgdh,2,74,196,3.775636086596315
31,Mei4,2,74,196,-0.3891208644788855
31,Lmo1,2,74,196,1.6329021246586843
31,Myo1b,2,74,196,-1.3087288928235101
31,Pdzd2,2,74,196,-1.823010515853825
31,Lamb1,2,74,196,-1.087809582245237
31,Rbpms2,2,74,196,-2.5150401288114828
31,Nell2,2,74,196,-1.1841781041428594
31,Plch2,2,74,196,-1.340166658239685
31,Lrrc7,2,74,196,-1.6337428806991923
31,Calb2,2,74,196,-2.826897842904126
31,Hpcal1,2,74,196,-1.3860142465101268
31,Rxrg,2,74,196,-3.2285963139573193
31,Kcnj5,2,74,196,-2.662220897162017
31,Alcam,2,74,196,-1.254862987306601
31,Nfe2l2,2,74,196,0.1005914797249654
31,Ptn,2,74,196,-1.0024613097237092
31,Bcl11b,2,74,196,-0.826518664486009
31,Aldh2,2,74,196,-0.6345708984116152
31,Klc3,2,74,196,0.32685017822773776
31,Crtac1,2,74,196,-2.2455369341247344
31,Neurod1,2,74,196,0.0
31,Dpysl4,2,74,196,-0.33054291220124954
31,Gnai1,2,74,196,-0.7672483494406985
31,Chrnb2,2,74,196,-0.7155828998247618
31,Dlgap1,2,74,196,-0.15978535400404725
31,Dtx3l,2,74,196,0.7912857664580784
31,Lpar1,2,74,196,-0.8182403425206713
31,Pdlim5,2,74,196,-0.14283961132138523
31,Etl4,2,74,196,-0.5139386195479898
31,Fgf18,2,74,196,-0.7740214149431758
31,Man1a2,2,74,196,0.03836686691614277
31,Igfbp5,2,74,196,-0.7031408713602842
31,Il1rapl2,2,74,196,-1.3019828128920956
31,Irx1,2,74,196,-1.0440153351262493
31,Slc16a2,2,74,196,-0.2836478018406463
31,Ostf1,2,74,196,-0.30020098569237463
31,Ksr1,2,74,196,-0.4095167303616898
31,Slc7a8,2,74,196,-1.5897379736324533
31,Kcnc4,2,74,196,-1.052132664772902
31,Tmem200a,2,74,196,-0.9667432422647408
31,Srpx2,2,74,196,0.3645131091995788
31,Tgfbr3,2,74,196,0.09478275461994135
31,Slc44a5,2,74,196,0.7986956024176575
31,Sdk1,2,74,196,-0.7055257453449135
31,Cav2,2,74,196,0.5726816183682124
31,Tmem144,2,74,196,0.7699570496317321
31,Rbms3,2,74,196,0.19468448980488562
31,Hfe,2,74,196,-0.6593381857084836
31,Brinp1,2,74,196,-0.08100768261295022
31,Vegfc,2,74,196,-1.1527401929941181
31,Itga7,2,74,196,0.3006063271907513
31,Shroom3,2,74,196,-0.7574853618112415
31,Ddx60,2,74,196,2.0995921142866028
31,Kbtbd11,2,74,196,-0.6086484856151078
32,Opn4,2,46,76,1.8583206319047032
32,Rasgrp1,2,46,76,-0.42880566530303865
32,Prkcq,2,46,76,-0.1908892327175553
32,Gldn,2,46,76,2.430609868090776
32,Ndnf,2,46,76,2.75256600603826
32,Ctxn3,2,46,76,0.81320963741498
32,Gdf6,2,46,76,0.3574123603799232
32,Eomes,2,46,76,-0.9383816372281846
32,Ifitm10,2,46,76,1.5181169754425727
32,Igf1,2,46,76,1.6843339958212105
32,Cd24a,2,46,76,1.060397713842877
32,Man1a,2,46,76,2.5913645580282028
32,Vat1l,2,46,76,0.17376259882522216
32,Tbx20,2,46,76,-0.5038201993742611
32,Ptprt,2,46,76,0.9555186420829356
32,Tmem255b,2,46,76,1.097092025732401
32,Dmrtb1,2,46,76,-0.7862180256829618
32,Parm1,2,46,76,0.231511651642066
32,Dgkg,2,46,76,-0.08763935501591913
32,Prph,2,46,76,3.613260062819576
32,Plekha2,2,46,76,2.4864873813712594
32,Nppb,2,46,76,0.3574123603799232
32,Vim,2,46,76,5.440081451982385
32,Enpp2,2,46,76,-2.0289309059864484
32,Igfbp2,2,46,76,0.616248609078605
32,Rgs10,2,46,76,-2.121102985845397
32,Mgll,2,46,76,-3.5439824580350043
32,Phgdh,2,46,76,5.390954253359336
32,Mei4,2,46,76,-1.0101235525153445
32,Lmo1,2,46,76,1.015421040318249
32,Myo1b,2,46,76,-1.7626675261821245
32,Pdzd2,2,46,76,-0.7796556202347964
32,Lamb1,2,46,76,-2.865889734220296
32,Rbpms2,2,46,76,-2.492669390967394
32,Nell2,2,46,76,-1.687457034714272
32,Plch2,2,46,76,-1.0678879166393336
32,Lrrc7,2,46,76,-0.11350572768587108
32,Calb2,2,46,76,-2.533180450037892
32,Hpcal1,2,46,76,-2.3806734287914146
32,Rxrg,2,46,76,-2.2595174745681463
32,Kcnj5,2,46,76,-2.4721963577719883
32,Alcam,2,46,76,-3.182862310369898
32,Nfe2l2,2,46,76,0.37935229075853916
32,Ptn,2,46,76,-2.463258418906829
32,Bcl11b,2,46,76,-4.024380942599577
32,Aldh2,2,46,76,-1.1553334232712982
32,Klc3,2,46,76,-1.1690768374530087
32,Crtac1,2,46,76,-2.7145892037105375
32,Neurod1,2,46,76,0.0
32,Dpysl4,2,46,76,-1.7977818786706463
32,Gnai1,2,46,76,-1.9571813549272572
32,Chrnb2,2,46,76,-1.6716921473877369
32,Dlgap1,2,46,76,-0.5275658075253027
32,Dtx3l,2,46,76,1.4263339092861598
32,Lpar1,2,46,76,1.5136314746218766
32,Pdlim5,2,46,76,1.5601266609063076
32,Etl4,2,46,76,1.7910495406803846
32,Fgf18,2,46,76,0.0
32,Man1a2,2,46,76,0.37183468121160956
32,Igfbp5,2,46,76,0.8311882589436232
32,Il1rapl2,2,46,76,1.2278523935183387
32,Irx1,2,46,76,0.3574123603799232
32,Slc16a2,2,46,76,-0.42880566530303865
32,Ostf1,2,46,76,1.6510379552704233
32,Ksr1,2,46,76,2.7419013822428204
32,Slc7a8,2,46,76,1.3463217416456215
32,Kcnc4,2,46,76,-2.807988817577186
32,Tmem200a,2,46,76,2.2357426515450936
32,Srpx2,2,46,76,0.6436310840656809
32,Tgfbr3,2,46,76,1.0097944603966842
32,Slc44a5,2,46,76,2.325361933353345
32,Sdk1,2,46,76,0.6042004357249
32,Cav2,2,46,76,0.7411968427018627
32,Tmem144,2,46,76,2.8283542606709338
32,Rbms3,2,46,76,0.3146696503734785
32,Hfe,2,46,76,-0.5087999596244539
32,Brinp1,2,46,76,-0.5699675654367757
32,Vegfc,2,46,76,1.0097944603966842
32,Itga7,2,46,76,4.108075815773701
32,Shroom3,2,46,76,1.097092025732401
32,Ddx60,2,46,76,2.0140704192013006
32,Kbtbd11,2,46,76,-1.3640557161530424
33,Opn4,2,51,203,-0.6939896461771085
33,Rasgrp1,2,51,203,-1.1539594336392343
33,Prkcq,2,51,203,-0.5706417385259188
33,Gldn,2,51,203,-0.10623753017287485
33,Ndnf,2,51,203,-0.1122778246929288
33,Ctxn3,2,51,203,-4.616302167880258
33,Gdf6,2,51,203,-2.650895555308318
33,Eomes,2,51,203,-1.3106130012967645
33,Ifitm10,2,51,203,-0.6266706553783985
33,Igf1,2,51,203,0.19075603799924767
33,Cd24a,2,51,203,0.16331821661166934
33,Man1a,2,51,203,0.3472790869134621
33,Vat1l,2,51,203,-0.10177926687313921
33,Tbx20,2,51,203,-0.2631991337884516
33,Ptprt,2,51,203,-0.689760314371002
33,Tmem255b,2,51,203,0.0
33,Dmrtb1,2,51,203,-0.8465448094331203
33,Parm1,2,51,203,0.27102190520447067
33,Dgkg,2,51,203,-0.6446835101149064
33,Prph,2,51,203,0.4115357452820749
33,Plekha2,2,51,203,3.060391193585371
33,Nppb,2,51,203,0.6354040924028541
33,Vim,2,51,203,3.905971167246717
33,Enpp2,2,51,203,0.22766309344297564
33,Igfbp2,2,51,203,0.8444506888952473
33,Rgs10,2,51,203,0.2963458471002838
33,Mgll,2,51,203,-2.779486254195227
33,Phgdh,2,51,203,4.219820911638346
33,Mei4,2,51,203,2.584892824647231
33,Lmo1,2,51,203,2.3035571741624703
33,Myo1b,2,51,203,-0.5702793576631495
33,Pdzd2,2,51,203,-0.05334516756056873
33,Lamb1,2,51,203,-1.0744443538938024
33,Rbpms2,2,51,203,-1.9509689727573725
33,Nell2,2,51,203,0.14203656240758944
33,Plch2,2,51,203,-1.3208090630994334
33,Lrrc7,2,51,203,0.8132764899303468
33,Calb2,2,51,203,-1.40964400972784
33,Hpcal1,2,51,203,-0.3676989037659322
33,Rxrg,2,51,203,-0.25420656550359144
33,Kcnj5,2,51,203,-1.5950546963694598
33,Alcam,2,51,203,-0.7542017975017967
33,Nfe2l2,2,51,203,0.3687000882510283
33,Ptn,2,51,203,0.07907618741525324
33,Bcl11b,2,51,203,-0.01632158533832606
33,Aldh2,2,51,203,-0.4916215569759619
33,Klc3,2,51,203,1.7182466358758213
33,Crtac1,2,51,203,-2.2380437328365845
33,Neurod1,2,51,203,0.0
33,Dpysl4,2,51,203,-0.22350066534842528
33,Gnai1,2,51,203,-0.5519838544281308
33,Chrnb2,2,51,203,-1.187923094392208
33,Dlgap1,2,51,203,-0.05876938355572836
33,Dtx3l,2,51,203,0.6134857090700749
33,Lpar1,2,51,203,-1.1268732688880319
33,Pdlim5,2,51,203,0.42501249626365567
33,Etl4,2,51,203,-0.5990829419556345
33,Fgf18,2,51,203,-1.621079311355365
33,Man1a2,2,51,203,-0.2312199696029391
33,Igfbp5,2,51,203,-0.3013471849490146
33,Il1rapl2,2,51,203,0.0
33,Irx1,2,51,203,1.9090107546331394
33,Slc16a2,2,51,203,0.41944644862085356
33,Ostf1,2,51,203,-1.189038149102216
33,Ksr1,2,51,203,-2.1967601315000214
33,Slc7a8,2,51,203,0.9928257322208857
33,Kcnc4,2,51,203,-0.9533727784172261
33,Tmem200a,2,51,203,-0.09993715727248786
33,Srpx2,2,51,203,-0.07508877712466466
33,Tgfbr3,2,51,203,-0.45224417980641585
33,Slc44a5,2,51,203,2.347558721857134
33,Sdk1,2,51,203,0.8388836044157013
33,Cav2,2,51,203,-0.18089778452252725
33,Tmem144,2,51,203,1.292903689975946
33,Rbms3,2,51,203,0.15118104127576126
33,Hfe,2,51,203,-0.351745776208396
33,Brinp1,2,51,203,-0.7326269032639168
33,Vegfc,2,51,203,0.7123551439010022
33,Itga7,2,51,203,0.6028341402784569
33,Shroom3,2,51,203,0.0
33,Ddx60,2,51,203,-0.05177140654722612
33,Kbtbd11,2,51,203,-0.5945029332592364
34,Opn4,2,61,17,-0.6005559750596376
34,Rasgrp1,2,61,17,-0.9326159603246907
34,Prkcq,2,61,17,1.430243408278023
34,Gldn,2,61,17,1.5664355696461092
34,Ndnf,2,61,17,-0.011570588783024194
34,Ctxn3,2,61,17,-3.7737742302820534
34,Gdf6,2,61,17,1.1443113695471825
34,Eomes,2,61,17,-2.4201731187453674
34,Ifitm10,2,61,17,2.0255668764725376
34,Igf1,2,61,17,1.46791122363042
34,Cd24a,2,61,17,2.30832647308039
34,Man1a,2,61,17,1.3118416869114191
34,Vat1l,2,61,17,-2.1669915447057466
34,Tbx20,2,61,17,-2.0921886419446794
34,Ptprt,2,61,17,-0.9326159603246907
34,Tmem255b,2,61,17,0.0
34,Dmrtb1,2,61,17,-0.6075698042300661
34,Parm1,2,61,17,-3.8183681494452557
34,Dgkg,2,61,17,-0.6075698042300661
34,Prph,2,61,17,-0.6818989931720683
34,Plekha2,2,61,17,-0.6075698042300661
34,Nppb,2,61,17,0.0
34,Vim,2,61,17,4.5742993847499624
34,Enpp2,2,61,17,-0.6075698042300661
34,Igfbp2,2,61,17,2.389109173694066
34,Rgs10,2,61,17,-3.221329675907481
34,Mgll,2,61,17,-1.945953192015351
34,Phgdh,2,61,17,4.931795436570976
34,Mei4,2,61,17,0.47388779438333617
34,Lmo1,2,61,17,1.288919125670276
34,Myo1b,2,61,17,-0.11532280530090455
34,Pdzd2,2,61,17,-0.3718699860136232
34,Lamb1,2,61,17,-1.7180809288829408
34,Rbpms2,2,61,17,-1.12884338162496
34,Nell2,2,61,17,-1.4012726511622446
34,Plch2,2,61,17,-1.0843027589481944
34,Lrrc7,2,61,17,1.834016227896675
34,Calb2,2,61,17,-2.351416796135547
34,Hpcal1,2,61,17,-0.7354668507621849
34,Rxrg,2,61,17,-3.353888621602838
34,Kcnj5,2,61,17,-3.4151210859259655
34,Alcam,2,61,17,-1.7876332743837333
34,Nfe2l2,2,61,17,-0.9631339225691893
34,Ptn,2,61,17,-2.894946955852364
34,Bcl11b,2,61,17,-0.033530612714667285
34,Aldh2,2,61,17,-0.218235353342092
34,Klc3,2,61,17,1.2574570770435796
34,Crtac1,2,61,17,-2.464993258030802
34,Neurod1,2,61,17,0.0
34,Dpysl4,2,61,17,-2.7347930954847044
34,Gnai1,2,61,17,-0.6220212028734644
34,Chrnb2,2,61,17,-1.6846505185277025
34,Dlgap1,2,61,17,-0.008122465622189434
34,Dtx3l,2,61,17,0.0
34,Lpar1,2,61,17,0.0
34,Pdlim5,2,61,17,-0.018185996184189035
34,Etl4,2,61,17,-1.1694071399171866
34,Fgf18,2,61,17,-1.2186405584891846
34,Man1a2,2,61,17,0.32159685191001364
34,Igfbp5,2,61,17,-4.873370732305661
34,Il1rapl2,2,61,17,0.0
34,Irx1,2,61,17,0.0
34,Slc16a2,2,61,17,0.0
34,Ostf1,2,61,17,0.31841541802872664
34,Ksr1,2,61,17,-0.6425855019525482
34,Slc7a8,2,61,17,0.22514667602956506
34,Kcnc4,2,61,17,-0.302597056837939
34,Tmem200a,2,61,17,-0.6075698042300661
34,Srpx2,2,61,17,0.5367415653171164
34,Tgfbr3,2,61,17,-0.5848209491677662
34,Slc44a5,2,61,17,2.5745547778252056
34,Sdk1,2,61,17,3.3969441204949127
34,Cav2,2,61,17,0.778253835273691
34,Tmem144,2,61,17,0.8983548023788434
34,Rbms3,2,61,17,-0.29508518541440276
34,Hfe,2,61,17,2.389109173694066
34,Brinp1,2,61,17,-0.6815317269994123
34,Vegfc,2,61,17,-1.4484294044622121
34,Itga7,2,61,17,3.4959285660170245
34,Shroom3,2,61,17,0.0
34,Ddx60,2,61,17,1.1443113695471825
34,Kbtbd11,2,61,17,-2.35873989306702
35,Opn4,1,29,13,0.0
35,Rasgrp1,1,29,13,0.0
35,Prkcq,1,29,13,0.0
35,Gldn,1,29,13,0.0
35,Ndnf,1,29,13,-2.1054894246142495
35,Ctxn3,1,29,13,-2.1054894246142495
35,Gdf6,1,29,13,0.0
35,Eomes,1,29,13,-5.344872754013862
35,Ifitm10,1,29,13,0.0
35,Igf1,1,29,13,1.9245360457273297
35,Cd24a,1,29,13,0.0
35,Man1a,1,29,13,0.0
35,Vat1l,1,29,13,4.030025470341579
35,Tbx20,1,29,13,0.0
35,Ptprt,1,29,13,4.030025470341579
35,Tmem255b,1,29,13,0.0
35,Dmrtb1,1,29,13,0.0
35,Parm1,1,29,13,0.582405059149163
35,Dgkg,1,29,13,0.04356025784746187
35,Prph,1,29,13,0.0
35,Plekha2,1,29,13,4.030025470341579
35,Nppb,1,29,13,0.0
35,Vim,1,29,13,0.0
35,Enpp2,1,29,13,0.0
35,Igfbp2,1,29,13,4.030025470341579
35,Rgs10,1,29,13,-0.8933299732315056
35,Mgll,1,29,13,-1.1834148381068825
35,Phgdh,1,29,13,3.2761547216181883
35,Mei4,1,29,13,2.107258401432731
35,Lmo1,1,29,13,0.4357398542592694
35,Myo1b,1,29,13,-1.068047026552323
35,Pdzd2,1,29,13,-4.777551107170585
35,Lamb1,1,29,13,-0.747525636829006
35,Rbpms2,1,29,13,-1.144484379875177
35,Nell2,1,29,13,-0.6409457811276589
35,Plch2,1,29,13,-0.747525636829006
35,Lrrc7,1,29,13,1.9245360457273297
35,Calb2,1,29,13,-1.8174705720506772
35,Hpcal1,1,29,13,-0.4279227225568274
35,Rxrg,1,29,13,-0.16159165552446986
35,Kcnj5,1,29,13,-1.0588951252137573
35,Alcam,1,29,13,-0.5327169753255436
35,Nfe2l2,1,29,13,0.04356025784746187
35,Ptn,1,29,13,0.5044612801188872
35,Bcl11b,1,29,13,0.582405059149163
35,Aldh2,1,29,13,0.7396580846684033
35,Klc3,1,29,13,-2.516811008089781
35,Crtac1,1,29,13,-1.0369337930303875
35,Neurod1,1,29,13,0.0
35,Dpysl4,1,29,13,-0.512689878512048
35,Gnai1,1,29,13,-0.041118301798636736
35,Chrnb2,1,29,13,-4.777551107170585
35,Dlgap1,1,29,13,0.5094989951906381
35,Dtx3l,1,29,13,0.0
35,Lpar1,1,29,13,0.0
35,Pdlim5,1,29,13,0.0
35,Etl4,1,29,13,-0.10067367122012172
35,Fgf18,1,29,13,0.0
35,Man1a2,1,29,13,-1.0095197906993603
35,Igfbp5,1,29,13,-3.8292152134650137
35,Il1rapl2,1,29,13,0.0
35,Irx1,1,29,13,0.0
35,Slc16a2,1,29,13,0.0
35,Ostf1,1,29,13,-2.927303794385474
35,Ksr1,1,29,13,0.0
35,Slc7a8,1,29,13,-3.8292152134650137
35,Kcnc4,1,29,13,-5.0889205955553365
35,Tmem200a,1,29,13,0.0
35,Srpx2,1,29,13,0.0
35,Tgfbr3,1,29,13,0.0
35,Slc44a5,1,29,13,0.0
35,Sdk1,1,29,13,-2.1054894246142495
35,Cav2,1,29,13,2.8796905920260296
35,Tmem144,1,29,13,0.0
35,Rbms3,1,29,13,-0.03247633678899309
35,Hfe,1,29,13,4.030025470341579
35,Brinp1,1,29,13,-2.1730899006668505
35,Vegfc,1,29,13,0.0
35,Itga7,1,29,13,-2.1054894246142495
35,Shroom3,1,29,13,0.0
35,Ddx60,1,29,13,0.0
35,Kbtbd11,1,29,13,-4.3799413577084065
37,Opn4,1,34,8,-1.5325002390532545
37,Rasgrp1,1,34,8,0.9298736808382944
37,Prkcq,1,34,8,0.0
37,Gldn,1,34,8,0.0
37,Ndnf,1,34,8,0.0
37,Ctxn3,1,34,8,-1.4999344640852659
37,Gdf6,1,34,8,-1.5325002390532545
37,Eomes,1,34,8,-2.7395462407621385
37,Ifitm10,1,34,8,-1.2079813918784579
37,Igf1,1,34,8,0.16268926186188182
37,Cd24a,1,34,8,2.1369196825471786
37,Man1a,1,34,8,2.1369196825471786
37,Vat1l,1,34,8,-1.5325002390532545
37,Tbx20,1,34,8,0.0
37,Ptprt,1,34,8,-3.832897344270188
37,Tmem255b,1,34,8,0.0
37,Dmrtb1,1,34,8,0.0
37,Parm1,1,34,8,1.1639062356326821
37,Dgkg,1,34,8,0.1427647246482806
37,Prph,1,34,8,0.2820108592692461
37,Plekha2,1,34,8,0.0
37,Nppb,1,34,8,2.437191430201597
37,Vim,1,34,8,3.669419921600433
37,Enpp2,1,34,8,2.1369196825471786
37,Igfbp2,1,34,8,1.0296797886909594
37,Rgs10,1,34,8,-1.5585208097986936
37,Mgll,1,34,8,-1.509903890434238
37,Phgdh,1,34,8,7.558998210041803
37,Mei4,1,34,8,2.1943599712021773
37,Lmo1,1,34,8,0.8392073983724755
37,Myo1b,1,34,8,-1.382767588441947
37,Pdzd2,1,34,8,0.6090456107832374
37,Lamb1,1,34,8,-3.832897344270188
37,Rbpms2,1,34,8,-1.9153513915641662
37,Nell2,1,34,8,-0.49956404783619934
37,Plch2,1,34,8,-0.5033721802067488
37,Lrrc7,1,34,8,1.9544884825896878
37,Calb2,1,34,8,-1.232006054330494
37,Hpcal1,1,34,8,-1.3710684460685139
37,Rxrg,1,34,8,-1.3506644729601112
37,Kcnj5,1,34,8,-0.17199817313160626
37,Alcam,1,34,8,-0.38593976448905654
37,Nfe2l2,1,34,8,0.2820108592692461
37,Ptn,1,34,8,-0.5337448037758996
37,Bcl11b,1,34,8,-1.5325002390532545
37,Aldh2,1,34,8,0.5620565906489308
37,Klc3,1,34,8,1.4089769317261824
37,Crtac1,1,34,8,-2.3608608522140377
37,Neurod1,1,34,8,0.0
37,Dpysl4,1,34,8,-1.382767588441947
37,Gnai1,1,34,8,-0.20916492932533082
37,Chrnb2,1,34,8,-2.4020502070518663
37,Dlgap1,1,34,8,0.08518538409209775
37,Dtx3l,1,34,8,-1.5325002390532545
37,Lpar1,1,34,8,0.0
37,Pdlim5,1,34,8,-4.012831435331053
37,Etl4,1,34,8,-2.25874050446239
37,Fgf18,1,34,8,1.4106794171380428
37,Man1a2,1,34,8,-0.12287817419740854
37,Igfbp5,1,34,8,-0.3434115137306204
37,Il1rapl2,1,34,8,-0.66853397919665
37,Irx1,1,34,8,0.0
37,Slc16a2,1,34,8,3.669419921600433
37,Ostf1,1,34,8,-0.9253670789470139
37,Ksr1,1,34,8,-4.172792101807182
37,Slc7a8,1,34,8,0.04213937065675655
37,Kcnc4,1,34,8,-1.3740169136504345
37,Tmem200a,1,34,8,0.9298736808382944
37,Srpx2,1,34,8,0.0
37,Tgfbr3,1,34,8,1.4106794171380428
37,Slc44a5,1,34,8,2.9179971665013453
37,Sdk1,1,34,8,-4.172792101807182
37,Cav2,1,34,8,-0.3434115137306204
37,Tmem144,1,34,8,-1.5325002390532545
37,Rbms3,1,34,8,-0.8655904145630009
37,Hfe,1,34,8,0.0
37,Brinp1,1,34,8,-0.25282044697484984
37,Vegfc,1,34,8,-2.25874050446239
37,Itga7,1,34,8,-2.25874050446239
37,Shroom3,1,34,8,1.4106794171380428
37,Ddx60,1,34,8,0.0
37,Kbtbd11,1,34,8,-5.476898534080797
38,Opn4,1,13,12,0.0
38,Rasgrp1,1,13,12,0.0
38,Prkcq,1,13,12,0.0
38,Gldn,1,13,12,-3.328186181672378
38,Ndnf,1,13,12,0.0
38,Ctxn3,1,13,12,-3.328186181672378
38,Gdf6,1,13,12,0.0
38,Eomes,1,13,12,0.0
38,Ifitm10,1,13,12,6.020664251013705
38,Igf1,1,13,12,3.490277905177881
38,Cd24a,1,13,12,4.085834478814372
38,Man1a,1,13,12,0.0
38,Vat1l,1,13,12,-3.328186181672378
38,Tbx20,1,13,12,0.0
38,Ptprt,1,13,12,0.0
38,Tmem255b,1,13,12,0.0
38,Dmrtb1,1,13,12,0.0
38,Parm1,1,13,12,0.0
38,Dgkg,1,13,12,-4.814058977999059
38,Prph,1,13,12,-4.254514222445892
38,Plekha2,1,13,12,0.0
38,Nppb,1,13,12,-5.530362943575571
38,Vim,1,13,12,4.085834478814372
38,Enpp2,1,13,12,0.0
38,Igfbp2,1,13,12,4.085834478814372
38,Rgs10,1,13,12,-2.8949442881326473
38,Mgll,1,13,12,-5.662576162915728
38,Phgdh,1,13,12,2.6736137079739715
38,Mei4,1,13,12,-5.216217677100457
38,Lmo1,1,13,12,0.8116206938145485
38,Myo1b,1,13,12,-1.166148767408588
38,Pdzd2,1,13,12,0.7576482971419942
38,Lamb1,1,13,12,-4.254514222445892
38,Rbpms2,1,13,12,-1.3430731578029054
38,Nell2,1,13,12,-1.969253669242593
38,Plch2,1,13,12,-4.254514222445892
38,Lrrc7,1,13,12,-0.16867974363151994
38,Calb2,1,13,12,-3.615856847873342
38,Hpcal1,1,13,12,-1.5869681220469278
38,Rxrg,1,13,12,-1.3825668573407581
38,Kcnj5,1,13,12,0.0
38,Alcam,1,13,12,4.085834478814372
38,Nfe2l2,1,13,12,-5.216217677100457
38,Ptn,1,13,12,1.5838924181902074
38,Bcl11b,1,13,12,0.0
38,Aldh2,1,13,12,-1.6080222108817983
38,Klc3,1,13,12,0.7576482971419942
38,Crtac1,1,13,12,-3.328186181672378
38,Neurod1,1,13,12,0.0
38,Dpysl4,1,13,12,-0.9641270091321141
38,Gnai1,1,13,12,-0.9749175851778817
38,Chrnb2,1,13,12,0.22865740590453765
38,Dlgap1,1,13,12,0.8116206938145485
38,Dtx3l,1,13,12,0.0
38,Lpar1,1,13,12,0.0
38,Pdlim5,1,13,12,-3.328186181672378
38,Etl4,1,13,12,0.0
38,Fgf18,1,13,12,0.0
38,Man1a2,1,13,12,2.11297975784172
38,Igfbp5,1,13,12,0.0
38,Il1rapl2,1,13,12,0.0
38,Irx1,1,13,12,0.0
38,Slc16a2,1,13,12,0.0
38,Ostf1,1,13,12,1.3819828166110923
38,Ksr1,1,13,12,-3.328186181672378
38,Slc7a8,1,13,12,-3.328186181672378
38,Kcnc4,1,13,12,-1.2765210548584864
38,Tmem200a,1,13,12,0.0
38,Srpx2,1,13,12,0.0
38,Tgfbr3,1,13,12,0.0
38,Slc44a5,1,13,12,0.0
38,Sdk1,1,13,12,5.0427163839035964
38,Cav2,1,13,12,0.7576482971419942
38,Tmem144,1,13,12,0.0
38,Rbms3,1,13,12,0.7882021614577042
38,Hfe,1,13,12,0.0
38,Brinp1,1,13,12,1.3585007564049363
38,Vegfc,1,13,12,0.0
38,Itga7,1,13,12,0.7576482971419942
38,Shroom3,1,13,12,0.0
38,Ddx60,1,13,12,0.0
38,Kbtbd11,1,13,12,-3.328186181672378
39,Opn4,1,31,40,-2.408895482293506
39,Rasgrp1,1,31,40,-0.6629802111047354
39,Prkcq,1,31,40,0.0
39,Gldn,1,31,40,0.05569770173312483
39,Ndnf,1,31,40,2.2829392360400482
39,Ctxn3,1,31,40,-0.41010409624107913
39,Gdf6,1,31,40,0.0
39,Eomes,1,31,40,-0.6629802111047354
39,Ifitm10,1,31,40,0.43349495016724804
39,Igf1,1,31,40,1.724778191447172
39,Cd24a,1,31,40,3.309872386899872
39,Man1a,1,31,40,0.8100992513758141
39,Vat1l,1,31,40,-0.6629802111047354
39,Tbx20,1,31,40,0.0
39,Ptprt,1,31,40,2.765540406834336
39,Tmem255b,1,31,40,0.0
39,Dmrtb1,1,31,40,0.0
39,Parm1,1,31,40,0.0
39,Dgkg,1,31,40,1.1995179053928653
39,Prph,1,31,40,0.7220001812477976
39,Plekha2,1,31,40,0.0
39,Nppb,1,31,40,0.0
39,Vim,1,31,40,6.218529422168214
39,Enpp2,1,31,40,0.05569770173312483
39,Igfbp2,1,31,40,2.2829392360400482
39,Rgs10,1,31,40,-2.1044670946924278
39,Mgll,1,31,40,-3.8609753796350352
39,Phgdh,1,31,40,4.22926878426177
39,Mei4,1,31,40,0.6041572807545812
39,Lmo1,1,31,40,-0.5555222867872569
39,Myo1b,1,31,40,-1.3266577378858004
39,Pdzd2,1,31,40,-0.00747901396012729
39,Lamb1,1,31,40,-2.0244026372712494
39,Rbpms2,1,31,40,-2.5202383842324103
39,Nell2,1,31,40,-1.6158891839609888
39,Plch2,1,31,40,-0.7682614215320909
39,Lrrc7,1,31,40,1.425619377664026
39,Calb2,1,31,40,-2.708291733732347
39,Hpcal1,1,31,40,-1.248294246728424
39,Rxrg,1,31,40,-0.8496833578831744
39,Kcnj5,1,31,40,-4.581791414270532
39,Alcam,1,31,40,-2.221135732995081
39,Nfe2l2,1,31,40,0.6948544028170542
39,Ptn,1,31,40,-1.9947163020740524
39,Bcl11b,1,31,40,-0.6629802111047354
39,Aldh2,1,31,40,-1.0525362796823803
39,Klc3,1,31,40,-3.1760038363083103
39,Crtac1,1,31,40,-3.371220993514672
39,Neurod1,1,31,40,0.0
39,Dpysl4,1,31,40,-0.22324400204361705
39,Gnai1,1,31,40,-0.6523625640792821
39,Chrnb2,1,31,40,-2.168719253372927
39,Dlgap1,1,31,40,-0.16941687571580033
39,Dtx3l,1,31,40,2.2829392360400482
39,Lpar1,1,31,40,1.5525453970313243
39,Pdlim5,1,31,40,2.2829392360400482
39,Etl4,1,31,40,1.629690587150176
39,Fgf18,1,31,40,0.0
39,Man1a2,1,31,40,0.35044929821971316
39,Igfbp5,1,31,40,0.0
39,Il1rapl2,1,31,40,0.0
39,Irx1,1,31,40,-1.4968476952981995
39,Slc16a2,1,31,40,-1.4968476952981995
39,Ostf1,1,31,40,-0.13336340240619116
39,Ksr1,1,31,40,-2.6930433322811274
39,Slc7a8,1,31,40,-1.4986552605408148
39,Kcnc4,1,31,40,-1.8380996742480566
39,Tmem200a,1,31,40,0.0
39,Srpx2,1,31,40,2.2829392360400482
39,Tgfbr3,1,31,40,0.7860915407418487
39,Slc44a5,1,31,40,0.0
39,Sdk1,1,31,40,-1.4968476952981995
39,Cav2,1,31,40,1.1682565766668258
39,Tmem144,1,31,40,2.7047924416100972
39,Rbms3,1,31,40,0.2731493097842135
39,Hfe,1,31,40,-1.4986552605408148
39,Brinp1,1,31,40,-1.8894501637492107
39,Vegfc,1,31,40,0.0
39,Itga7,1,31,40,0.0
39,Shroom3,1,31,40,1.5525453970313243
39,Ddx60,1,31,40,0.0
39,Kbtbd11,1,31,40,-4.264726871412099
40,Opn4,2,35,75,-0.13381431270926036
40,Rasgrp1,2,35,75,-0.6042860375030519
40,Prkcq,2,35,75,0.01704290133226971
40,Gldn,2,35,75,-0.2048397084692528
40,Ndnf,2,35,75,0.7989890758182248
40,Ctxn3,2,35,75,-2.457125554423457
40,Gdf6,2,35,75,-1.3819733807236034
40,Eomes,2,35,75,-0.3985344560312951
40,Ifitm10,2,35,75,-0.057909396299478555
40,Igf1,2,35,75,0.5369971442774917
40,Cd24a,2,35,75,-0.2029194024888188
40,Man1a,2,35,75,2.7192589621266627
40,Vat1l,2,35,75,-1.7795291439573098
40,Tbx20,2,35,75,-0.7233931768393078
40,Ptprt,2,35,75,-1.7599134184807852
40,Tmem255b,2,35,75,0.0
40,Dmrtb1,2,35,75,0.34225342679500415
40,Parm1,2,35,75,0.10451306091589974
40,Dgkg,2,35,75,-0.5927431295824412
40,Prph,2,35,75,-4.909278125976305
40,Plekha2,2,35,75,-0.1271889348315458
40,Nppb,2,35,75,1.5367210195895384
40,Vim,2,35,75,0.4619797860547088
40,Enpp2,2,35,75,0.39994719261205613
40,Igfbp2,2,35,75,1.5241093389423945
40,Rgs10,2,35,75,-0.9590812554118968
40,Mgll,2,35,75,-5.72513354517516
40,Phgdh,2,35,75,3.085963236853153
40,Mei4,2,35,75,-2.0100403005155707
40,Lmo1,2,35,75,-2.6201572508844104
40,Myo1b,2,35,75,-4.668144893572717
40,Pdzd2,2,35,75,-3.593198580431852
40,Lamb1,2,35,75,-3.63660479586032
40,Rbpms2,2,35,75,-4.4925628475039385
40,Nell2,2,35,75,-1.8069351266825882
40,Plch2,2,35,75,-4.028650952822264
40,Lrrc7,2,35,75,-1.4420069897827765
40,Calb2,2,35,75,-3.3566687132205746
40,Hpcal1,2,35,75,-2.3253255624030817
40,Rxrg,2,35,75,-4.028650952822264
40,Kcnj5,2,35,75,-3.1618758252199557
40,Alcam,2,35,75,-1.0572789433885577
40,Nfe2l2,2,35,75,-1.9106934264629627
40,Ptn,2,35,75,-2.3303635779843948
40,Bcl11b,2,35,75,-3.419528014551716
40,Aldh2,2,35,75,-0.19305102820759346
40,Klc3,2,35,75,-2.7707958149039498
40,Crtac1,2,35,75,-1.6925170550645965
40,Neurod1,2,35,75,0.0
40,Dpysl4,2,35,75,-0.8255937739792627
40,Gnai1,2,35,75,0.1404050398115766
40,Chrnb2,2,35,75,-0.8939122246263271
40,Dlgap1,2,35,75,0.04474117367919783
40,Dtx3l,2,35,75,-0.15365960552402524
40,Lpar1,2,35,75,-0.8999560266863587
40,Pdlim5,2,35,75,1.1170492887455006
40,Etl4,2,35,75,-0.027517328748538183
40,Fgf18,2,35,75,1.8487394159685597
40,Man1a2,2,35,75,0.12908473904420026
40,Igfbp5,2,35,75,0.38551203651577737
40,Il1rapl2,2,35,75,0.0
40,Irx1,2,35,75,1.2860809204727848
40,Slc16a2,2,35,75,0.7043441426878472
40,Ostf1,2,35,75,-2.9811505421874673
40,Ksr1,2,35,75,1.8233291270566208
40,Slc7a8,2,35,75,-1.0851213237336181
40,Kcnc4,2,35,75,-0.47644069624792174
40,Tmem200a,2,35,75,0.7866908686270584
40,Srpx2,2,35,75,1.4036974500832466
40,Tgfbr3,2,35,75,0.07198106874346122
40,Slc44a5,2,35,75,0.7881114964220234
40,Sdk1,2,35,75,-0.12285913085873679
40,Cav2,2,35,75,0.5867748580841252
40,Tmem144,2,35,75,-0.08228624983075106
40,Rbms3,2,35,75,0.12927384958803412
40,Hfe,2,35,75,1.1641631332578117
40,Brinp1,2,35,75,0.08394856426125497
40,Vegfc,2,35,75,2.6546642255315156
40,Itga7,2,35,75,-0.15365960552402524
40,Shroom3,2,35,75,-1.3840170813198283
40,Ddx60,2,35,75,1.5791302598414458
40,Kbtbd11,2,35,75,-2.513101821848956
41,Opn4,1,13,10,0.0
41,Rasgrp1,1,13,10,-3.24358581291005
41,Prkcq,1,13,10,3.9703360687565827
41,Gldn,1,13,10,-2.3883897809290118
41,Ndnf,1,13,10,5.899598669261547
41,Ctxn3,1,13,10,2.2254604925741592
41,Gdf6,1,13,10,0.0
41,Eomes,1,13,10,0.0
41,Ifitm10,1,13,10,3.511208888332535
41,Igf1,1,13,10,1.0440048137286704
41,Cd24a,1,13,10,5.235954435364944
41,Man1a,1,13,10,0.7267502558465329
41,Vat1l,1,13,10,-0.6491120388777398
41,Tbx20,1,13,10,0.0
41,Ptprt,1,13,10,0.0
41,Tmem255b,1,13,10,0.0
41,Dmrtb1,1,13,10,0.0
41,Parm1,1,13,10,-4.165341711785909
41,Dgkg,1,13,10,0.0
41,Prph,1,13,10,-3.4708785426530557
41,Plekha2,1,13,10,0.0
41,Nppb,1,13,10,-2.3883897809290118
41,Vim,1,13,10,3.9703360687565827
41,Enpp2,1,13,10,0.0
41,Igfbp2,1,13,10,1.7342569574756377
41,Rgs10,1,13,10,-1.5488463560639776
41,Mgll,1,13,10,-3.080007968657217
41,Phgdh,1,13,10,5.52691664093749
41,Mei4,1,13,10,-0.5007624921067921
41,Lmo1,1,13,10,0.0067109126163433785
41,Myo1b,1,13,10,-6.348352943514139
41,Pdzd2,1,13,10,-0.7172990528728733
41,Lamb1,1,13,10,-5.438201901725144
41,Rbpms2,1,13,10,-1.149780725885769
41,Nell2,1,13,10,-0.8427318438138638
41,Plch2,1,13,10,-0.7529144788767668
41,Lrrc7,1,13,10,1.146705362121247
41,Calb2,1,13,10,0.06947788393119936
41,Hpcal1,1,13,10,-1.6374177230544298
41,Rxrg,1,13,10,-1.9437541730967784
41,Kcnj5,1,13,10,-4.7232505476333495
41,Alcam,1,13,10,-2.213722877207462
41,Nfe2l2,1,13,10,0.1934761822537805
41,Ptn,1,13,10,-2.626196113066727
41,Bcl11b,1,13,10,-2.3883897809290118
41,Aldh2,1,13,10,-0.36632600646161073
41,Klc3,1,13,10,1.4590945488621414
41,Crtac1,1,13,10,-4.471098560863375
41,Neurod1,1,13,10,0.0
41,Dpysl4,1,13,10,0.769343801407766
41,Gnai1,1,13,10,-0.8352417853327756
41,Chrnb2,1,13,10,-1.1283103748693852
41,Dlgap1,1,13,10,0.7871196343652187
41,Dtx3l,1,13,10,0.0
41,Lpar1,1,13,10,0.0
41,Pdlim5,1,13,10,-1.411537727233446
41,Etl4,1,13,10,-1.6636897140034206
41,Fgf18,1,13,10,0.0
41,Man1a2,1,13,10,0.20514922588766282
41,Igfbp5,1,13,10,3.9703360687565827
41,Il1rapl2,1,13,10,0.0
41,Irx1,1,13,10,-0.18402497928012096
41,Slc16a2,1,13,10,0.0
41,Ostf1,1,13,10,-0.2473810312896667
41,Ksr1,1,13,10,3.059560833629929
41,Slc7a8,1,13,10,-4.165341711785909
41,Kcnc4,1,13,10,-3.431494710614489
41,Tmem200a,1,13,10,-4.7232505476333495
41,Srpx2,1,13,10,0.0
41,Tgfbr3,1,13,10,0.6711710527009171
41,Slc44a5,1,13,10,3.059560833629929
41,Sdk1,1,13,10,0.7267502558465329
41,Cav2,1,13,10,-5.809014266766645
41,Tmem144,1,13,10,3.059560833629929
41,Rbms3,1,13,10,-1.2551011088794741
41,Hfe,1,13,10,-0.7172990528728733
41,Brinp1,1,13,10,-0.5540687504360866
41,Vegfc,1,13,10,0.0
41,Itga7,1,13,10,0.0
41,Shroom3,1,13,10,3.059560833629929
41,Ddx60,1,13,10,0.0
41,Kbtbd11,1,13,10,-0.573059831401701
42,Opn4,1,19,58,0.41723949598206334
42,Rasgrp1,1,19,58,-1.0806312469912536
42,Prkcq,1,19,58,-1.0806312469912536
42,Gldn,1,19,58,0.0
42,Ndnf,1,19,58,0.5777240960669863
42,Ctxn3,1,19,58,-4.370174379587772
42,Gdf6,1,19,58,0.0
42,Eomes,1,19,58,-1.9591222705127542
42,Ifitm10,1,19,58,1.9057798261641894
42,Igf1,1,19,58,-1.881283245729894
42,Cd24a,1,19,58,2.1222769656650087
42,Man1a,1,19,58,0.08529918824068883
42,Vat1l,1,19,58,1.4205647335448381
42,Tbx20,1,19,58,0.0
42,Ptprt,1,19,58,1.1361375843717538
42,Tmem255b,1,19,58,-3.94871926375394
42,Dmrtb1,1,19,58,0.0
42,Parm1,1,19,58,-3.9522323855208095
42,Dgkg,1,19,58,1.711980767386477
42,Prph,1,19,58,0.8210113473852787
42,Plekha2,1,19,58,3.572873658527579
42,Nppb,1,19,58,0.0
42,Vim,1,19,58,5.144719684725616
42,Enpp2,1,19,58,0.8784910235215008
42,Igfbp2,1,19,58,-2.7188113753095218
42,Rgs10,1,19,58,-1.5974546873050763
42,Mgll,1,19,58,-2.600205469794566
42,Phgdh,1,19,58,6.019210610777146
42,Mei4,1,19,58,-0.017634447391251307
42,Lmo1,1,19,58,3.256949577746571
42,Myo1b,1,19,58,-1.3524822085390324
42,Pdzd2,1,19,58,-0.3841800393268575
42,Lamb1,1,19,58,-1.2301275842687134
42,Rbpms2,1,19,58,-2.388150375725326
42,Nell2,1,19,58,-1.6427135418986571
42,Plch2,1,19,58,0.01959181207635785
42,Lrrc7,1,19,58,1.5083419783401442
42,Calb2,1,19,58,-1.490089286959103
42,Hpcal1,1,19,58,-1.7931651843177292
42,Rxrg,1,19,58,-2.0150219323344283
42,Kcnj5,1,19,58,-1.0806312469912536
42,Alcam,1,19,58,-3.1290312836203924
42,Nfe2l2,1,19,58,0.5622259434380803
42,Ptn,1,19,58,-2.260682271543696
42,Bcl11b,1,19,58,0.0
42,Aldh2,1,19,58,3.2193915254325427
42,Klc3,1,19,58,1.8903988879285527
42,Crtac1,1,19,58,0.16315469515225445
42,Neurod1,1,19,58,0.0
42,Dpysl4,1,19,58,-1.8148739735461268
42,Gnai1,1,19,58,-1.0684820993679116
42,Chrnb2,1,19,58,-2.023144904563493
42,Dlgap1,1,19,58,-0.5802890525364282
42,Dtx3l,1,19,58,-0.1454522351020937
42,Lpar1,1,19,58,0.0
42,Pdlim5,1,19,58,1.1361375843717538
42,Etl4,1,19,58,-0.042451966564291066
42,Fgf18,1,19,58,-3.2727339697811075
42,Man1a2,1,19,58,0.5308592914881078
42,Igfbp5,1,19,58,-4.196097167039226
42,Il1rapl2,1,19,58,-0.1454522351020937
42,Irx1,1,19,58,-0.1454522351020937
42,Slc16a2,1,19,58,0.0
42,Ostf1,1,19,58,0.5165827214460004
42,Ksr1,1,19,58,1.4205647335448381
42,Slc7a8,1,19,58,0.334718049062833
42,Kcnc4,1,19,58,-2.9611741665839513
42,Tmem200a,1,19,58,-0.4926003518830746
42,Srpx2,1,19,58,4.841414421672078
42,Tgfbr3,1,19,58,-1.1504570041160989
42,Slc44a5,1,19,58,1.4205647335448381
42,Sdk1,1,19,58,-0.5249941291399947
42,Cav2,1,19,58,-0.6920410421326437
42,Tmem144,1,19,58,0.8210113473852787
42,Rbms3,1,19,58,-0.5603618273026836
42,Hfe,1,19,58,0.18574196335314497
42,Brinp1,1,19,58,-0.9991314208786637
42,Vegfc,1,19,58,0.8784910235215008
42,Itga7,1,19,58,1.8136700354106605
42,Shroom3,1,19,58,-1.8820507823001744
42,Ddx60,1,19,58,1.8136700354106605
42,Kbtbd11,1,19,58,-2.826580654690095
43,Opn4,1,7,103,-1.7308728327445113
43,Rasgrp1,1,7,103,0.7224042039229102
43,Prkcq,1,7,103,-1.0753585954238067
43,Gldn,1,7,103,-0.18341475023429243
43,Ndnf,1,7,103,1.153743673146736
43,Ctxn3,1,7,103,-1.6154449504740214
43,Gdf6,1,7,103,-1.5266894826528394
43,Eomes,1,7,103,-0.7772797656018708
43,Ifitm10,1,7,103,-0.5466569319777426
43,Igf1,1,7,103,-0.13930989403556726
43,Cd24a,1,7,103,2.7190716783369515
43,Man1a,1,7,103,0.34674917665359395
43,Vat1l,1,7,103,-1.7523446418320994
43,Tbx20,1,7,103,0.5155874665968476
43,Ptprt,1,7,103,-0.5717783091747424
43,Tmem255b,1,7,103,-1.0912757179796477
43,Dmrtb1,1,7,103,0.0
43,Parm1,1,7,103,-1.8929647337896727
43,Dgkg,1,7,103,-0.540371592836637
43,Prph,1,7,103,-1.4459974014779204
43,Plekha2,1,7,103,4.596762955023282
43,Nppb,1,7,103,0.7682913647689911
43,Vim,1,7,103,1.3665950285043875
43,Enpp2,1,7,103,-0.7114694012189537
43,Igfbp2,1,7,103,-1.6303648456469295
43,Rgs10,1,7,103,-1.060888369612167
43,Mgll,1,7,103,-3.1750362734773665
43,Phgdh,1,7,103,5.355123788545518
43,Mei4,1,7,103,3.126373363363094
43,Lmo1,1,7,103,1.7910399623099602
43,Myo1b,1,7,103,-1.3688089760889701
43,Pdzd2,1,7,103,-0.6305246222278194
43,Lamb1,1,7,103,-1.2785286591584466
43,Rbpms2,1,7,103,-1.9556257746591879
43,Nell2,1,7,103,-2.1242356395730937
43,Plch2,1,7,103,0.603733062562632
43,Lrrc7,1,7,103,2.4048381389523157
43,Calb2,1,7,103,-2.1801730099993097
43,Hpcal1,1,7,103,-1.2073012587602037
43,Rxrg,1,7,103,-2.1647709908563604
43,Kcnj5,1,7,103,-4.340993509185092
43,Alcam,1,7,103,-1.0901173419251036
43,Nfe2l2,1,7,103,1.8233707510285782
43,Ptn,1,7,103,-0.17391211992856004
43,Bcl11b,1,7,103,-1.8265908240090387
43,Aldh2,1,7,103,1.4287933263704047
43,Klc3,1,7,103,-0.0021640984800455065
43,Crtac1,1,7,103,-1.433365114432151
43,Neurod1,1,7,103,0.0
43,Dpysl4,1,7,103,0.4744184042052799
43,Gnai1,1,7,103,-1.084870087250243
43,Chrnb2,1,7,103,-2.085486531100936
43,Dlgap1,1,7,103,0.09855280398858035
43,Dtx3l,1,7,103,-0.31639763786468134
43,Lpar1,1,7,103,1.1945462941641576
43,Pdlim5,1,7,103,3.053596987314141
43,Etl4,1,7,103,-0.41555334416464174
43,Fgf18,1,7,103,-3.65240362427798
43,Man1a2,1,7,103,0.9291033325529057
43,Igfbp5,1,7,103,0.2557177094700944
43,Il1rapl2,1,7,103,-0.5957966435690194
43,Irx1,1,7,103,-2.384845513732108
43,Slc16a2,1,7,103,0.0
43,Ostf1,1,7,103,-0.1944052052472971
43,Ksr1,1,7,103,-1.2564280854731456
43,Slc7a8,1,7,103,-1.5921364272989043
43,Kcnc4,1,7,103,-2.7908374182737425
43,Tmem200a,1,7,103,0.9339506976550962
43,Srpx2,1,7,103,4.434271595967172
43,Tgfbr3,1,7,103,-0.7972270940870119
43,Slc44a5,1,7,103,-0.718701378217502
43,Sdk1,1,7,103,0.06042955404726591
43,Cav2,1,7,103,0.7469205872982076
43,Tmem144,1,7,103,0.23216515155092132
43,Rbms3,1,7,103,0.5647131967359984
43,Hfe,1,7,103,2.4048381389523157
43,Brinp1,1,7,103,-0.643174287648371
43,Vegfc,1,7,103,1.1945462941641576
43,Itga7,1,7,103,3.053596987314141
43,Shroom3,1,7,103,1.4427071176585504
43,Ddx60,1,7,103,2.621738640016012
43,Kbtbd11,1,7,103,-1.9863596936046228
